alert_id,cse_id,asset_id,category,severity,raised_at,acknowledged_at,disposition,source_user_id,observable
ALRT-000001,CSE-POWER-001,CSE-POWER-001-A001,identity,critical,2026-06-18T22:15:00Z,2026-06-18T23:09:00Z,closed,CSE-POWER-001-USR-01,TEST-000
ALRT-000002,CSE-TELECOM-001,CSE-TELECOM-001-A008,execution,medium,2026-07-04T23:02:00Z,2026-07-04T23:32:00Z,closed,CSE-TELECOM-001-USR-02,TEST-001
ALRT-000003,CSE-FINANCE-001,CSE-FINANCE-001-A008,defence-evasion,medium,2026-06-15T16:42:00Z,2026-06-15T17:13:00Z,closed,CSE-FINANCE-001-USR-03,TEST-002
ALRT-000004,CSE-POWER-002,CSE-POWER-002-A008,identity,medium,2026-07-22T21:19:00Z,2026-07-22T22:05:00Z,closed,CSE-POWER-002-USR-04,TEST-003
ALRT-000005,CSE-TELECOM-002,CSE-TELECOM-002-A003,execution,medium,2026-08-22T23:02:00Z,2026-08-23T00:17:00Z,closed,CSE-TELECOM-002-USR-05,TEST-004
ALRT-000006,CSE-FINANCE-002,CSE-FINANCE-002-A009,defence-evasion,high,2026-06-18T08:30:00Z,2026-06-18T09:13:00Z,closed,CSE-FINANCE-002-USR-01,TEST-005
ALRT-000007,CSE-POWER-001,CSE-POWER-001-A004,identity,medium,2026-07-19T01:55:00Z,2026-07-19T02:27:00Z,closed,CSE-POWER-001-USR-02,TEST-006
ALRT-000008,CSE-TELECOM-001,CSE-TELECOM-001-A002,execution,medium,2026-07-03T20:27:00Z,2026-07-03T21:13:00Z,closed,CSE-TELECOM-001-USR-03,TEST-007
ALRT-000009,CSE-FINANCE-001,CSE-FINANCE-001-A001,defence-evasion,medium,2026-06-24T08:37:00Z,2026-06-24T08:57:00Z,closed,CSE-FINANCE-001-USR-04,TEST-008
ALRT-000010,CSE-POWER-002,CSE-POWER-002-A007,identity,medium,2026-07-04T00:02:00Z,2026-07-04T01:21:00Z,closed,CSE-POWER-002-USR-05,TEST-009
ALRT-000011,CSE-TELECOM-002,CSE-TELECOM-002-A008,execution,high,2026-08-30T19:09:00Z,2026-08-30T20:01:00Z,closed,CSE-TELECOM-002-USR-01,TEST-010
ALRT-000012,CSE-FINANCE-002,CSE-FINANCE-002-A002,defence-evasion,medium,2026-07-04T05:31:00Z,2026-07-04T05:47:00Z,closed,CSE-FINANCE-002-USR-02,TEST-011
ALRT-000013,CSE-POWER-001,CSE-POWER-001-A010,identity,medium,2026-07-16T20:03:00Z,2026-07-16T20:15:00Z,closed,CSE-POWER-001-USR-03,TEST-012
ALRT-000014,CSE-TELECOM-001,CSE-TELECOM-001-A006,execution,medium,2026-08-24T04:44:00Z,2026-08-24T05:57:00Z,closed,CSE-TELECOM-001-USR-04,TEST-013
ALRT-000015,CSE-FINANCE-001,CSE-FINANCE-001-A002,defence-evasion,medium,2026-06-19T15:14:00Z,2026-06-19T15:59:00Z,closed,CSE-FINANCE-001-USR-05,TEST-014
ALRT-000016,CSE-POWER-002,CSE-POWER-002-A009,identity,high,2026-08-24T11:51:00Z,2026-08-24T12:52:00Z,closed,CSE-POWER-002-USR-01,TEST-015
ALRT-000017,CSE-TELECOM-002,CSE-TELECOM-002-A004,execution,medium,2026-06-05T22:24:00Z,2026-06-05T23:14:00Z,closed,CSE-TELECOM-002-USR-02,TEST-016
ALRT-000018,CSE-FINANCE-002,CSE-FINANCE-002-A003,defence-evasion,critical,2026-07-05T01:31:00Z,2026-07-05T02:32:00Z,closed,CSE-FINANCE-002-USR-03,TEST-017
ALRT-000019,CSE-POWER-001,CSE-POWER-001-A009,identity,medium,2026-07-10T17:44:00Z,2026-07-10T18:51:00Z,closed,CSE-POWER-001-USR-04,TEST-018
ALRT-000020,CSE-TELECOM-001,CSE-TELECOM-001-A004,execution,medium,2026-08-14T05:34:00Z,2026-08-14T06:23:00Z,closed,CSE-TELECOM-001-USR-05,TEST-019
ALRT-000021,CSE-FINANCE-001,CSE-FINANCE-001-A006,defence-evasion,high,2026-08-01T08:55:00Z,2026-08-01T10:10:00Z,closed,CSE-FINANCE-001-USR-01,TEST-020
ALRT-000022,CSE-POWER-002,CSE-POWER-002-A003,identity,medium,2026-06-11T16:09:00Z,2026-06-11T17:11:00Z,closed,CSE-POWER-002-USR-02,TEST-021
ALRT-000023,CSE-TELECOM-002,CSE-TELECOM-002-A005,execution,medium,2026-07-06T17:23:00Z,2026-07-06T18:26:00Z,closed,CSE-TELECOM-002-USR-03,TEST-022
ALRT-000024,CSE-FINANCE-002,CSE-FINANCE-002-A001,defence-evasion,medium,2026-08-23T16:24:00Z,2026-08-23T16:52:00Z,closed,CSE-FINANCE-002-USR-04,TEST-000
ALRT-000025,CSE-POWER-001,CSE-POWER-001-A001,identity,medium,2026-08-21T11:49:00Z,2026-08-21T12:24:00Z,closed,CSE-POWER-001-USR-05,TEST-001
ALRT-000026,CSE-TELECOM-001,CSE-TELECOM-001-A006,execution,high,2026-06-11T21:34:00Z,2026-06-11T22:28:00Z,closed,CSE-TELECOM-001-USR-01,TEST-002
ALRT-000027,CSE-FINANCE-001,CSE-FINANCE-001-A004,defence-evasion,medium,2026-08-09T21:31:00Z,2026-08-09T22:46:00Z,closed,CSE-FINANCE-001-USR-02,TEST-003
ALRT-000028,CSE-POWER-002,CSE-POWER-002-A003,identity,medium,2026-08-20T09:20:00Z,2026-08-20T10:17:00Z,closed,CSE-POWER-002-USR-03,TEST-004
ALRT-000029,CSE-TELECOM-002,CSE-TELECOM-002-A006,execution,medium,2026-06-17T03:33:00Z,2026-06-17T03:46:00Z,closed,CSE-TELECOM-002-USR-04,TEST-005
ALRT-000030,CSE-FINANCE-002,CSE-FINANCE-002-A001,defence-evasion,medium,2026-06-19T05:55:00Z,2026-06-19T06:04:00Z,closed,CSE-FINANCE-002-USR-05,TEST-006
ALRT-000031,CSE-POWER-001,CSE-POWER-001-A004,identity,high,2026-06-16T15:12:00Z,2026-06-16T15:29:00Z,closed,CSE-POWER-001-USR-01,TEST-007
ALRT-000032,CSE-TELECOM-001,CSE-TELECOM-001-A001,execution,medium,2026-08-15T20:53:00Z,2026-08-15T21:47:00Z,closed,CSE-TELECOM-001-USR-02,TEST-008
ALRT-000033,CSE-FINANCE-001,CSE-FINANCE-001-A008,defence-evasion,medium,2026-08-09T19:44:00Z,2026-08-09T20:21:00Z,closed,CSE-FINANCE-001-USR-03,TEST-009
ALRT-000034,CSE-POWER-002,CSE-POWER-002-A001,identity,medium,2026-07-19T07:38:00Z,2026-07-19T07:52:00Z,closed,CSE-POWER-002-USR-04,TEST-010
ALRT-000035,CSE-TELECOM-002,CSE-TELECOM-002-A001,execution,critical,2026-06-29T20:31:00Z,2026-06-29T20:46:00Z,closed,CSE-TELECOM-002-USR-05,TEST-011
ALRT-000036,CSE-FINANCE-002,CSE-FINANCE-002-A008,defence-evasion,high,2026-08-23T01:23:00Z,2026-08-23T02:39:00Z,closed,CSE-FINANCE-002-USR-01,TEST-012
ALRT-000037,CSE-POWER-001,CSE-POWER-001-A007,identity,medium,2026-07-20T22:03:00Z,2026-07-20T22:42:00Z,closed,CSE-POWER-001-USR-02,TEST-013
ALRT-000038,CSE-TELECOM-001,CSE-TELECOM-001-A009,execution,medium,2026-06-08T23:04:00Z,2026-06-08T23:47:00Z,closed,CSE-TELECOM-001-USR-03,TEST-014
ALRT-000039,CSE-FINANCE-001,CSE-FINANCE-001-A002,defence-evasion,medium,2026-06-30T16:06:00Z,2026-06-30T16:23:00Z,closed,CSE-FINANCE-001-USR-04,TEST-015
ALRT-000040,CSE-POWER-002,CSE-POWER-002-A004,identity,medium,2026-08-10T12:12:00Z,2026-08-10T12:41:00Z,closed,CSE-POWER-002-USR-05,TEST-016
ALRT-000041,CSE-TELECOM-002,CSE-TELECOM-002-A009,execution,high,2026-08-26T07:36:00Z,2026-08-26T08:03:00Z,closed,CSE-TELECOM-002-USR-01,TEST-017
ALRT-000042,CSE-FINANCE-002,CSE-FINANCE-002-A009,defence-evasion,medium,2026-08-13T13:47:00Z,2026-08-13T14:05:00Z,closed,CSE-FINANCE-002-USR-02,TEST-018
ALRT-000043,CSE-POWER-001,CSE-POWER-001-A010,identity,medium,2026-07-18T21:29:00Z,2026-07-18T22:28:00Z,closed,CSE-POWER-001-USR-03,TEST-019
ALRT-000044,CSE-TELECOM-001,CSE-TELECOM-001-A002,execution,medium,2026-06-24T05:35:00Z,2026-06-24T06:31:00Z,closed,CSE-TELECOM-001-USR-04,TEST-020
ALRT-000045,CSE-FINANCE-001,CSE-FINANCE-001-A009,defence-evasion,medium,2026-07-16T21:10:00Z,2026-07-16T22:23:00Z,closed,CSE-FINANCE-001-USR-05,TEST-021
ALRT-000046,CSE-POWER-002,CSE-POWER-002-A010,identity,high,2026-07-29T11:57:00Z,2026-07-29T12:42:00Z,closed,CSE-POWER-002-USR-01,TEST-022
ALRT-000047,CSE-TELECOM-002,CSE-TELECOM-002-A009,execution,medium,2026-07-14T11:26:00Z,2026-07-14T12:26:00Z,closed,CSE-TELECOM-002-USR-02,TEST-000
ALRT-000048,CSE-FINANCE-002,CSE-FINANCE-002-A006,defence-evasion,medium,2026-08-19T07:36:00Z,2026-08-19T08:50:00Z,closed,CSE-FINANCE-002-USR-03,TEST-001
ALRT-000049,CSE-POWER-001,CSE-POWER-001-A004,identity,medium,2026-07-21T17:59:00Z,2026-07-21T18:36:00Z,closed,CSE-POWER-001-USR-04,TEST-002
ALRT-000050,CSE-TELECOM-001,CSE-TELECOM-001-A006,execution,medium,2026-07-30T14:25:00Z,2026-07-30T14:30:00Z,closed,CSE-TELECOM-001-USR-05,TEST-003
ALRT-000051,CSE-FINANCE-001,CSE-FINANCE-001-A001,defence-evasion,high,2026-07-09T19:01:00Z,2026-07-09T20:12:00Z,closed,CSE-FINANCE-001-USR-01,TEST-004
ALRT-000052,CSE-POWER-002,CSE-POWER-002-A003,identity,critical,2026-07-11T00:19:00Z,2026-07-11T00:52:00Z,closed,CSE-POWER-002-USR-02,TEST-005
ALRT-000053,CSE-TELECOM-002,CSE-TELECOM-002-A004,execution,medium,2026-07-13T00:49:00Z,2026-07-13T01:29:00Z,closed,CSE-TELECOM-002-USR-03,TEST-006
ALRT-000054,CSE-FINANCE-002,CSE-FINANCE-002-A009,defence-evasion,medium,2026-08-07T17:36:00Z,2026-08-07T18:54:00Z,closed,CSE-FINANCE-002-USR-04,TEST-007
ALRT-000055,CSE-POWER-001,CSE-POWER-001-A003,identity,medium,2026-06-15T01:29:00Z,2026-06-15T02:19:00Z,closed,CSE-POWER-001-USR-05,TEST-008
ALRT-000056,CSE-TELECOM-001,CSE-TELECOM-001-A003,execution,high,2026-06-20T08:23:00Z,2026-06-20T09:42:00Z,closed,CSE-TELECOM-001-USR-01,TEST-009
ALRT-000057,CSE-FINANCE-001,CSE-FINANCE-001-A004,defence-evasion,medium,2026-07-02T08:51:00Z,2026-07-02T09:34:00Z,closed,CSE-FINANCE-001-USR-02,TEST-010
ALRT-000058,CSE-POWER-002,CSE-POWER-002-A002,identity,medium,2026-08-15T12:36:00Z,2026-08-15T13:08:00Z,closed,CSE-POWER-002-USR-03,TEST-011
ALRT-000059,CSE-TELECOM-002,CSE-TELECOM-002-A002,execution,medium,2026-07-14T15:11:00Z,2026-07-14T16:18:00Z,closed,CSE-TELECOM-002-USR-04,TEST-012
ALRT-000060,CSE-FINANCE-002,CSE-FINANCE-002-A010,defence-evasion,medium,2026-06-15T19:41:00Z,2026-06-15T20:24:00Z,closed,CSE-FINANCE-002-USR-05,TEST-013
ALRT-000061,CSE-POWER-001,CSE-POWER-001-A001,identity,high,2026-08-15T12:05:00Z,2026-08-15T12:17:00Z,closed,CSE-POWER-001-USR-01,TEST-014
ALRT-000062,CSE-TELECOM-001,CSE-TELECOM-001-A006,execution,medium,2026-07-17T13:26:00Z,2026-07-17T13:46:00Z,closed,CSE-TELECOM-001-USR-02,TEST-015
ALRT-000063,CSE-FINANCE-001,CSE-FINANCE-001-A004,defence-evasion,medium,2026-08-25T19:59:00Z,2026-08-25T20:05:00Z,closed,CSE-FINANCE-001-USR-03,TEST-016
ALRT-000064,CSE-POWER-002,CSE-POWER-002-A007,identity,medium,2026-06-09T09:33:00Z,2026-06-09T09:43:00Z,closed,CSE-POWER-002-USR-04,TEST-017
ALRT-000065,CSE-TELECOM-002,CSE-TELECOM-002-A006,execution,medium,2026-08-11T18:09:00Z,2026-08-11T18:55:00Z,closed,CSE-TELECOM-002-USR-05,TEST-018
ALRT-000066,CSE-FINANCE-002,CSE-FINANCE-002-A009,defence-evasion,high,2026-08-31T07:09:00Z,2026-08-31T07:20:00Z,closed,CSE-FINANCE-002-USR-01,TEST-019
ALRT-000067,CSE-POWER-001,CSE-POWER-001-A007,identity,medium,2026-07-30T19:36:00Z,2026-07-30T20:45:00Z,closed,CSE-POWER-001-USR-02,TEST-020
ALRT-000068,CSE-TELECOM-001,CSE-TELECOM-001-A002,execution,medium,2026-07-01T13:18:00Z,2026-07-01T14:13:00Z,closed,CSE-TELECOM-001-USR-03,TEST-021
ALRT-000069,CSE-FINANCE-001,CSE-FINANCE-001-A003,defence-evasion,critical,2026-06-19T10:05:00Z,2026-06-19T11:10:00Z,closed,CSE-FINANCE-001-USR-04,TEST-022
ALRT-000070,CSE-POWER-002,CSE-POWER-002-A010,identity,medium,2026-06-09T17:25:00Z,2026-06-09T18:03:00Z,closed,CSE-POWER-002-USR-05,TEST-000
ALRT-000071,CSE-TELECOM-002,CSE-TELECOM-002-A002,execution,high,2026-07-24T16:27:00Z,2026-07-24T16:48:00Z,closed,CSE-TELECOM-002-USR-01,TEST-001
ALRT-000072,CSE-FINANCE-002,CSE-FINANCE-002-A003,defence-evasion,medium,2026-08-03T17:12:00Z,2026-08-03T18:19:00Z,closed,CSE-FINANCE-002-USR-02,TEST-002
ALRT-000073,CSE-POWER-001,CSE-POWER-001-A007,identity,medium,2026-08-25T18:12:00Z,2026-08-25T19:28:00Z,closed,CSE-POWER-001-USR-03,TEST-003
ALRT-000074,CSE-TELECOM-001,CSE-TELECOM-001-A010,execution,medium,2026-08-09T07:15:00Z,2026-08-09T07:29:00Z,closed,CSE-TELECOM-001-USR-04,TEST-004
ALRT-000075,CSE-FINANCE-001,CSE-FINANCE-001-A005,defence-evasion,medium,2026-07-28T10:43:00Z,2026-07-28T12:01:00Z,closed,CSE-FINANCE-001-USR-05,TEST-005
ALRT-000076,CSE-POWER-002,CSE-POWER-002-A002,identity,high,2026-06-17T21:26:00Z,2026-06-17T22:25:00Z,closed,CSE-POWER-002-USR-01,TEST-006
ALRT-000077,CSE-TELECOM-002,CSE-TELECOM-002-A006,execution,medium,2026-07-17T06:20:00Z,2026-07-17T07:09:00Z,closed,CSE-TELECOM-002-USR-02,TEST-007
ALRT-000078,CSE-FINANCE-002,CSE-FINANCE-002-A010,defence-evasion,medium,2026-08-25T00:49:00Z,2026-08-25T01:33:00Z,closed,CSE-FINANCE-002-USR-03,TEST-008
ALRT-000079,CSE-POWER-001,CSE-POWER-001-A003,identity,medium,2026-07-17T19:52:00Z,2026-07-17T20:53:00Z,closed,CSE-POWER-001-USR-04,TEST-009
ALRT-000080,CSE-TELECOM-001,CSE-TELECOM-001-A010,execution,medium,2026-06-21T14:02:00Z,2026-06-21T14:36:00Z,closed,CSE-TELECOM-001-USR-05,TEST-010
ALRT-000081,CSE-FINANCE-001,CSE-FINANCE-001-A004,defence-evasion,high,2026-08-29T11:09:00Z,2026-08-29T11:24:00Z,closed,CSE-FINANCE-001-USR-01,TEST-011
ALRT-000082,CSE-POWER-002,CSE-POWER-002-A002,identity,medium,2026-06-09T07:39:00Z,2026-06-09T08:02:00Z,closed,CSE-POWER-002-USR-02,TEST-012
ALRT-000083,CSE-TELECOM-002,CSE-TELECOM-002-A005,execution,medium,2026-06-04T10:44:00Z,2026-06-04T11:03:00Z,closed,CSE-TELECOM-002-USR-03,TEST-013
ALRT-000084,CSE-FINANCE-002,CSE-FINANCE-002-A005,defence-evasion,medium,2026-07-30T15:01:00Z,2026-07-30T15:48:00Z,closed,CSE-FINANCE-002-USR-04,TEST-014
ALRT-000085,CSE-POWER-001,CSE-POWER-001-A004,identity,medium,2026-08-10T06:13:00Z,2026-08-10T07:27:00Z,closed,CSE-POWER-001-USR-05,TEST-015
ALRT-000086,CSE-TELECOM-001,CSE-TELECOM-001-A009,execution,critical,2026-07-06T17:30:00Z,2026-07-06T17:53:00Z,closed,CSE-TELECOM-001-USR-01,TEST-016
ALRT-000087,CSE-FINANCE-001,CSE-FINANCE-001-A001,defence-evasion,medium,2026-07-21T18:57:00Z,2026-07-21T20:09:00Z,closed,CSE-FINANCE-001-USR-02,TEST-017
ALRT-000088,CSE-POWER-002,CSE-POWER-002-A001,identity,medium,2026-07-05T05:03:00Z,2026-07-05T05:44:00Z,closed,CSE-POWER-002-USR-03,TEST-018
ALRT-000089,CSE-TELECOM-002,CSE-TELECOM-002-A004,execution,medium,2026-08-31T19:17:00Z,2026-08-31T19:28:00Z,closed,CSE-TELECOM-002-USR-04,TEST-019
ALRT-000090,CSE-FINANCE-002,CSE-FINANCE-002-A008,defence-evasion,medium,2026-08-25T00:04:00Z,2026-08-25T00:58:00Z,closed,CSE-FINANCE-002-USR-05,TEST-020
ALRT-000091,CSE-POWER-001,CSE-POWER-001-A005,identity,high,2026-08-26T21:23:00Z,2026-08-26T21:41:00Z,closed,CSE-POWER-001-USR-01,TEST-021
ALRT-000092,CSE-TELECOM-001,CSE-TELECOM-001-A001,execution,medium,2026-07-10T20:24:00Z,2026-07-10T20:58:00Z,closed,CSE-TELECOM-001-USR-02,TEST-022
ALRT-000093,CSE-FINANCE-001,CSE-FINANCE-001-A007,defence-evasion,medium,2026-08-07T22:06:00Z,2026-08-07T22:51:00Z,closed,CSE-FINANCE-001-USR-03,TEST-000
ALRT-000094,CSE-POWER-002,CSE-POWER-002-A008,identity,medium,2026-08-18T17:05:00Z,2026-08-18T17:33:00Z,closed,CSE-POWER-002-USR-04,TEST-001
ALRT-000095,CSE-TELECOM-002,CSE-TELECOM-002-A004,execution,medium,2026-08-06T14:35:00Z,2026-08-06T14:42:00Z,closed,CSE-TELECOM-002-USR-05,TEST-002
ALRT-000096,CSE-FINANCE-002,CSE-FINANCE-002-A001,defence-evasion,high,2026-07-04T16:19:00Z,2026-07-04T17:06:00Z,closed,CSE-FINANCE-002-USR-01,TEST-003
ALRT-000097,CSE-POWER-001,CSE-POWER-001-A008,identity,medium,2026-07-23T23:10:00Z,2026-07-23T23:17:00Z,closed,CSE-POWER-001-USR-02,TEST-004
ALRT-000098,CSE-TELECOM-001,CSE-TELECOM-001-A006,execution,medium,2026-08-29T11:22:00Z,2026-08-29T12:05:00Z,closed,CSE-TELECOM-001-USR-03,TEST-005
ALRT-000099,CSE-FINANCE-001,CSE-FINANCE-001-A004,defence-evasion,medium,2026-08-06T08:51:00Z,2026-08-06T09:03:00Z,closed,CSE-FINANCE-001-USR-04,TEST-006
ALRT-000100,CSE-POWER-002,CSE-POWER-002-A005,identity,medium,2026-07-22T00:35:00Z,2026-07-22T01:15:00Z,closed,CSE-POWER-002-USR-05,TEST-007
ALRT-000101,CSE-TELECOM-002,CSE-TELECOM-002-A004,execution,high,2026-06-22T10:57:00Z,2026-06-22T11:52:00Z,closed,CSE-TELECOM-002-USR-01,TEST-008
ALRT-000102,CSE-FINANCE-002,CSE-FINANCE-002-A003,defence-evasion,medium,2026-06-14T23:24:00Z,2026-06-15T00:35:00Z,closed,CSE-FINANCE-002-USR-02,TEST-009
ALRT-000103,CSE-POWER-001,CSE-POWER-001-A010,identity,critical,2026-08-22T21:14:00Z,2026-08-22T22:12:00Z,closed,CSE-POWER-001-USR-03,TEST-010
ALRT-000104,CSE-TELECOM-001,CSE-TELECOM-001-A004,execution,medium,2026-08-15T04:27:00Z,2026-08-15T05:11:00Z,closed,CSE-TELECOM-001-USR-04,TEST-011
ALRT-000105,CSE-FINANCE-001,CSE-FINANCE-001-A010,defence-evasion,medium,2026-07-15T14:34:00Z,2026-07-15T14:55:00Z,closed,CSE-FINANCE-001-USR-05,TEST-012
ALRT-000106,CSE-POWER-002,CSE-POWER-002-A004,identity,high,2026-08-25T04:37:00Z,2026-08-25T05:51:00Z,closed,CSE-POWER-002-USR-01,TEST-013
ALRT-000107,CSE-TELECOM-002,CSE-TELECOM-002-A004,execution,medium,2026-06-20T09:44:00Z,2026-06-20T10:56:00Z,closed,CSE-TELECOM-002-USR-02,TEST-014
ALRT-000108,CSE-FINANCE-002,CSE-FINANCE-002-A003,defence-evasion,medium,2026-07-28T04:41:00Z,2026-07-28T05:58:00Z,closed,CSE-FINANCE-002-USR-03,TEST-015
ALRT-000109,CSE-POWER-001,CSE-POWER-001-A003,identity,medium,2026-07-13T02:35:00Z,2026-07-13T03:48:00Z,closed,CSE-POWER-001-USR-04,TEST-016
ALRT-000110,CSE-TELECOM-001,CSE-TELECOM-001-A002,execution,medium,2026-06-26T10:53:00Z,2026-06-26T11:16:00Z,closed,CSE-TELECOM-001-USR-05,TEST-017
ALRT-000111,CSE-FINANCE-001,CSE-FINANCE-001-A001,defence-evasion,high,2026-07-13T13:26:00Z,2026-07-13T14:09:00Z,closed,CSE-FINANCE-001-USR-01,TEST-018
ALRT-000112,CSE-POWER-002,CSE-POWER-002-A008,identity,medium,2026-08-23T23:17:00Z,2026-08-23T23:41:00Z,closed,CSE-POWER-002-USR-02,TEST-019
ALRT-000113,CSE-TELECOM-002,CSE-TELECOM-002-A004,execution,medium,2026-06-16T04:11:00Z,2026-06-16T04:19:00Z,closed,CSE-TELECOM-002-USR-03,TEST-020
ALRT-000114,CSE-FINANCE-002,CSE-FINANCE-002-A010,defence-evasion,medium,2026-08-20T08:38:00Z,2026-08-20T09:55:00Z,closed,CSE-FINANCE-002-USR-04,TEST-021
ALRT-000115,CSE-POWER-001,CSE-POWER-001-A010,identity,medium,2026-07-02T19:14:00Z,2026-07-02T19:48:00Z,closed,CSE-POWER-001-USR-05,TEST-022
ALRT-000116,CSE-TELECOM-001,CSE-TELECOM-001-A001,execution,high,2026-07-18T02:44:00Z,2026-07-18T03:50:00Z,closed,CSE-TELECOM-001-USR-01,TEST-000
ALRT-000117,CSE-FINANCE-001,CSE-FINANCE-001-A003,defence-evasion,medium,2026-08-06T19:30:00Z,2026-08-06T20:22:00Z,closed,CSE-FINANCE-001-USR-02,TEST-001
ALRT-000118,CSE-POWER-002,CSE-POWER-002-A003,identity,medium,2026-07-22T15:30:00Z,2026-07-22T15:52:00Z,closed,CSE-POWER-002-USR-03,TEST-002
ALRT-000119,CSE-TELECOM-002,CSE-TELECOM-002-A003,execution,medium,2026-06-27T07:02:00Z,2026-06-27T07:59:00Z,closed,CSE-TELECOM-002-USR-04,TEST-003
ALRT-000120,CSE-FINANCE-002,CSE-FINANCE-002-A001,defence-evasion,critical,2026-07-07T13:14:00Z,2026-07-07T13:44:00Z,closed,CSE-FINANCE-002-USR-05,TEST-004
ALRT-000121,CSE-POWER-001,CSE-POWER-001-A004,identity,high,2026-06-11T05:59:00Z,2026-06-11T07:00:00Z,closed,CSE-POWER-001-USR-01,TEST-005
ALRT-000122,CSE-TELECOM-001,CSE-TELECOM-001-A010,execution,medium,2026-08-04T22:20:00Z,2026-08-04T23:23:00Z,closed,CSE-TELECOM-001-USR-02,TEST-006
ALRT-000123,CSE-FINANCE-001,CSE-FINANCE-001-A004,defence-evasion,medium,2026-07-27T12:49:00Z,2026-07-27T12:59:00Z,closed,CSE-FINANCE-001-USR-03,TEST-007
ALRT-000124,CSE-POWER-002,CSE-POWER-002-A010,identity,medium,2026-07-21T23:20:00Z,2026-07-22T00:15:00Z,closed,CSE-POWER-002-USR-04,TEST-008
ALRT-000125,CSE-TELECOM-002,CSE-TELECOM-002-A010,execution,medium,2026-08-15T19:34:00Z,2026-08-15T20:46:00Z,closed,CSE-TELECOM-002-USR-05,TEST-009
ALRT-000126,CSE-FINANCE-002,CSE-FINANCE-002-A001,defence-evasion,high,2026-08-08T03:28:00Z,2026-08-08T04:31:00Z,closed,CSE-FINANCE-002-USR-01,TEST-010
ALRT-000127,CSE-POWER-001,CSE-POWER-001-A001,identity,medium,2026-07-04T16:34:00Z,2026-07-04T17:29:00Z,closed,CSE-POWER-001-USR-02,TEST-011
ALRT-000128,CSE-TELECOM-001,CSE-TELECOM-001-A001,execution,medium,2026-08-13T12:33:00Z,2026-08-13T12:44:00Z,closed,CSE-TELECOM-001-USR-03,TEST-012
ALRT-000129,CSE-FINANCE-001,CSE-FINANCE-001-A004,defence-evasion,medium,2026-07-10T14:25:00Z,2026-07-10T15:08:00Z,closed,CSE-FINANCE-001-USR-04,TEST-013
ALRT-000130,CSE-POWER-002,CSE-POWER-002-A005,identity,medium,2026-08-01T05:27:00Z,2026-08-01T06:09:00Z,closed,CSE-POWER-002-USR-05,TEST-014
ALRT-000131,CSE-TELECOM-002,CSE-TELECOM-002-A010,execution,high,2026-06-09T22:33:00Z,2026-06-09T22:56:00Z,closed,CSE-TELECOM-002-USR-01,TEST-015
ALRT-000132,CSE-FINANCE-002,CSE-FINANCE-002-A008,defence-evasion,medium,2026-08-24T14:05:00Z,2026-08-24T15:14:00Z,closed,CSE-FINANCE-002-USR-02,TEST-016
ALRT-000133,CSE-POWER-001,CSE-POWER-001-A002,identity,medium,2026-06-26T18:57:00Z,2026-06-26T20:11:00Z,closed,CSE-POWER-001-USR-03,TEST-017
ALRT-000134,CSE-TELECOM-001,CSE-TELECOM-001-A003,execution,medium,2026-07-23T13:20:00Z,2026-07-23T14:22:00Z,closed,CSE-TELECOM-001-USR-04,TEST-018
ALRT-000135,CSE-FINANCE-001,CSE-FINANCE-001-A001,defence-evasion,medium,2026-06-25T14:37:00Z,2026-06-25T15:07:00Z,closed,CSE-FINANCE-001-USR-05,TEST-019
ALRT-000136,CSE-POWER-002,CSE-POWER-002-A008,identity,high,2026-06-14T08:20:00Z,2026-06-14T08:45:00Z,closed,CSE-POWER-002-USR-01,TEST-020
ALRT-000137,CSE-TELECOM-002,CSE-TELECOM-002-A002,execution,critical,2026-06-14T03:45:00Z,2026-06-14T04:47:00Z,closed,CSE-TELECOM-002-USR-02,TEST-021
ALRT-000138,CSE-FINANCE-002,CSE-FINANCE-002-A006,defence-evasion,medium,2026-06-13T16:45:00Z,2026-06-13T17:39:00Z,closed,CSE-FINANCE-002-USR-03,TEST-022
ALRT-000139,CSE-POWER-001,CSE-POWER-001-A009,identity,medium,2026-08-20T05:24:00Z,2026-08-20T06:39:00Z,closed,CSE-POWER-001-USR-04,TEST-000
ALRT-000140,CSE-TELECOM-001,CSE-TELECOM-001-A007,execution,medium,2026-06-08T05:58:00Z,2026-06-08T06:45:00Z,closed,CSE-TELECOM-001-USR-05,TEST-001
ALRT-000141,CSE-FINANCE-001,CSE-FINANCE-001-A010,defence-evasion,high,2026-08-26T04:10:00Z,2026-08-26T04:33:00Z,closed,CSE-FINANCE-001-USR-01,TEST-002
ALRT-000142,CSE-POWER-002,CSE-POWER-002-A003,identity,medium,2026-06-09T13:19:00Z,2026-06-09T14:03:00Z,closed,CSE-POWER-002-USR-02,TEST-003
ALRT-000143,CSE-TELECOM-002,CSE-TELECOM-002-A008,execution,medium,2026-07-09T20:11:00Z,2026-07-09T20:31:00Z,closed,CSE-TELECOM-002-USR-03,TEST-004
ALRT-000144,CSE-FINANCE-002,CSE-FINANCE-002-A003,defence-evasion,medium,2026-06-28T00:39:00Z,2026-06-28T01:16:00Z,closed,CSE-FINANCE-002-USR-04,TEST-005
ALRT-000145,CSE-POWER-001,CSE-POWER-001-A001,identity,medium,2026-07-31T15:54:00Z,2026-07-31T17:02:00Z,closed,CSE-POWER-001-USR-05,TEST-006
ALRT-000146,CSE-TELECOM-001,CSE-TELECOM-001-A009,execution,high,2026-06-03T19:56:00Z,2026-06-03T21:04:00Z,closed,CSE-TELECOM-001-USR-01,TEST-007
ALRT-000147,CSE-FINANCE-001,CSE-FINANCE-001-A004,defence-evasion,medium,2026-06-30T18:42:00Z,2026-06-30T19:47:00Z,closed,CSE-FINANCE-001-USR-02,TEST-008
ALRT-000148,CSE-POWER-002,CSE-POWER-002-A008,identity,medium,2026-07-25T14:05:00Z,2026-07-25T14:10:00Z,closed,CSE-POWER-002-USR-03,TEST-009
ALRT-000149,CSE-TELECOM-002,CSE-TELECOM-002-A004,execution,medium,2026-08-12T08:39:00Z,2026-08-12T09:55:00Z,closed,CSE-TELECOM-002-USR-04,TEST-010
ALRT-000150,CSE-FINANCE-002,CSE-FINANCE-002-A004,defence-evasion,medium,2026-06-09T05:09:00Z,2026-06-09T05:21:00Z,closed,CSE-FINANCE-002-USR-05,TEST-011
ALRT-000151,CSE-POWER-001,CSE-POWER-001-A006,identity,high,2026-06-07T04:54:00Z,2026-06-07T05:03:00Z,closed,CSE-POWER-001-USR-01,TEST-012
ALRT-000152,CSE-TELECOM-001,CSE-TELECOM-001-A010,execution,medium,2026-08-19T09:21:00Z,2026-08-19T09:37:00Z,closed,CSE-TELECOM-001-USR-02,TEST-013
ALRT-000153,CSE-FINANCE-001,CSE-FINANCE-001-A001,defence-evasion,medium,2026-06-16T13:11:00Z,2026-06-16T13:36:00Z,closed,CSE-FINANCE-001-USR-03,TEST-014
ALRT-000154,CSE-POWER-002,CSE-POWER-002-A005,identity,critical,2026-08-20T21:44:00Z,2026-08-20T23:02:00Z,closed,CSE-POWER-002-USR-04,TEST-015
ALRT-000155,CSE-TELECOM-002,CSE-TELECOM-002-A009,execution,medium,2026-06-25T14:47:00Z,2026-06-25T16:06:00Z,closed,CSE-TELECOM-002-USR-05,TEST-016
ALRT-000156,CSE-FINANCE-002,CSE-FINANCE-002-A006,defence-evasion,high,2026-06-07T02:49:00Z,2026-06-07T03:32:00Z,closed,CSE-FINANCE-002-USR-01,TEST-017
ALRT-000157,CSE-POWER-001,CSE-POWER-001-A006,identity,medium,2026-07-20T12:52:00Z,2026-07-20T13:05:00Z,closed,CSE-POWER-001-USR-02,TEST-018
ALRT-000158,CSE-TELECOM-001,CSE-TELECOM-001-A007,execution,medium,2026-08-12T02:18:00Z,2026-08-12T03:23:00Z,closed,CSE-TELECOM-001-USR-03,TEST-019
ALRT-000159,CSE-FINANCE-001,CSE-FINANCE-001-A003,defence-evasion,medium,2026-06-18T22:55:00Z,2026-06-18T23:35:00Z,closed,CSE-FINANCE-001-USR-04,TEST-020
ALRT-000160,CSE-POWER-002,CSE-POWER-002-A006,identity,medium,2026-08-09T13:33:00Z,2026-08-09T14:04:00Z,closed,CSE-POWER-002-USR-05,TEST-021
ALRT-000161,CSE-TELECOM-002,CSE-TELECOM-002-A004,execution,high,2026-08-20T01:06:00Z,2026-08-20T02:24:00Z,closed,CSE-TELECOM-002-USR-01,TEST-022
ALRT-000162,CSE-FINANCE-002,CSE-FINANCE-002-A009,defence-evasion,medium,2026-06-14T15:46:00Z,2026-06-14T16:27:00Z,closed,CSE-FINANCE-002-USR-02,TEST-000
ALRT-000163,CSE-POWER-001,CSE-POWER-001-A007,identity,medium,2026-08-19T10:16:00Z,2026-08-19T11:28:00Z,closed,CSE-POWER-001-USR-03,TEST-001
ALRT-000164,CSE-TELECOM-001,CSE-TELECOM-001-A010,execution,medium,2026-08-21T11:59:00Z,2026-08-21T12:20:00Z,closed,CSE-TELECOM-001-USR-04,TEST-002
ALRT-000165,CSE-FINANCE-001,CSE-FINANCE-001-A010,defence-evasion,medium,2026-08-14T15:33:00Z,2026-08-14T16:41:00Z,closed,CSE-FINANCE-001-USR-05,TEST-003
ALRT-000166,CSE-POWER-002,CSE-POWER-002-A008,identity,high,2026-06-26T19:14:00Z,2026-06-26T19:56:00Z,closed,CSE-POWER-002-USR-01,TEST-004
ALRT-000167,CSE-TELECOM-002,CSE-TELECOM-002-A004,execution,medium,2026-06-03T03:01:00Z,2026-06-03T04:05:00Z,closed,CSE-TELECOM-002-USR-02,TEST-005
ALRT-000168,CSE-FINANCE-002,CSE-FINANCE-002-A002,defence-evasion,medium,2026-06-29T19:26:00Z,2026-06-29T20:23:00Z,closed,CSE-FINANCE-002-USR-03,TEST-006
ALRT-000169,CSE-POWER-001,CSE-POWER-001-A001,identity,medium,2026-07-15T11:35:00Z,2026-07-15T12:07:00Z,closed,CSE-POWER-001-USR-04,TEST-007
ALRT-000170,CSE-TELECOM-001,CSE-TELECOM-001-A001,execution,medium,2026-08-23T06:44:00Z,2026-08-23T07:25:00Z,closed,CSE-TELECOM-001-USR-05,TEST-008
ALRT-000171,CSE-FINANCE-001,CSE-FINANCE-001-A005,defence-evasion,critical,2026-06-11T09:19:00Z,2026-06-11T10:28:00Z,closed,CSE-FINANCE-001-USR-01,TEST-009
ALRT-000172,CSE-POWER-002,CSE-POWER-002-A009,identity,medium,2026-07-14T00:07:00Z,2026-07-14T00:54:00Z,closed,CSE-POWER-002-USR-02,TEST-010
ALRT-000173,CSE-TELECOM-002,CSE-TELECOM-002-A006,execution,medium,2026-07-23T23:36:00Z,2026-07-23T23:44:00Z,closed,CSE-TELECOM-002-USR-03,TEST-011
ALRT-000174,CSE-FINANCE-002,CSE-FINANCE-002-A003,defence-evasion,medium,2026-06-27T10:53:00Z,2026-06-27T11:41:00Z,closed,CSE-FINANCE-002-USR-04,TEST-012
ALRT-000175,CSE-POWER-001,CSE-POWER-001-A008,identity,medium,2026-08-02T01:41:00Z,2026-08-02T02:03:00Z,closed,CSE-POWER-001-USR-05,TEST-013
ALRT-000176,CSE-TELECOM-001,CSE-TELECOM-001-A008,execution,high,2026-06-22T20:29:00Z,2026-06-22T21:42:00Z,closed,CSE-TELECOM-001-USR-01,TEST-014
ALRT-000177,CSE-FINANCE-001,CSE-FINANCE-001-A006,defence-evasion,medium,2026-08-01T13:59:00Z,2026-08-01T14:11:00Z,closed,CSE-FINANCE-001-USR-02,TEST-015
ALRT-000178,CSE-POWER-002,CSE-POWER-002-A009,identity,medium,2026-07-11T18:46:00Z,2026-07-11T19:31:00Z,closed,CSE-POWER-002-USR-03,TEST-016
ALRT-000179,CSE-TELECOM-002,CSE-TELECOM-002-A009,execution,medium,2026-08-10T00:13:00Z,2026-08-10T01:31:00Z,closed,CSE-TELECOM-002-USR-04,TEST-017
ALRT-000180,CSE-FINANCE-002,CSE-FINANCE-002-A006,defence-evasion,medium,2026-07-18T02:09:00Z,2026-07-18T02:49:00Z,closed,CSE-FINANCE-002-USR-05,TEST-018
ALRT-000181,CSE-POWER-001,CSE-POWER-001-A001,identity,high,2026-07-16T12:40:00Z,2026-07-16T13:53:00Z,closed,CSE-POWER-001-USR-01,TEST-019
ALRT-000182,CSE-TELECOM-001,CSE-TELECOM-001-A003,execution,medium,2026-08-15T19:24:00Z,2026-08-15T19:52:00Z,closed,CSE-TELECOM-001-USR-02,TEST-020
ALRT-000183,CSE-FINANCE-001,CSE-FINANCE-001-A010,defence-evasion,medium,2026-06-17T09:45:00Z,2026-06-17T10:30:00Z,closed,CSE-FINANCE-001-USR-03,TEST-021
ALRT-000184,CSE-POWER-002,CSE-POWER-002-A001,identity,medium,2026-07-07T13:05:00Z,2026-07-07T14:13:00Z,closed,CSE-POWER-002-USR-04,TEST-022
ALRT-000185,CSE-TELECOM-002,CSE-TELECOM-002-A004,execution,medium,2026-07-20T14:53:00Z,2026-07-20T15:36:00Z,closed,CSE-TELECOM-002-USR-05,TEST-000
ALRT-000186,CSE-FINANCE-002,CSE-FINANCE-002-A004,defence-evasion,high,2026-08-09T09:11:00Z,2026-08-09T09:30:00Z,closed,CSE-FINANCE-002-USR-01,TEST-001
ALRT-000187,CSE-POWER-001,CSE-POWER-001-A006,identity,medium,2026-06-07T06:58:00Z,2026-06-07T07:14:00Z,closed,CSE-POWER-001-USR-02,TEST-002
ALRT-000188,CSE-TELECOM-001,CSE-TELECOM-001-A008,execution,critical,2026-08-06T00:51:00Z,2026-08-06T01:57:00Z,closed,CSE-TELECOM-001-USR-03,TEST-003
ALRT-000189,CSE-FINANCE-001,CSE-FINANCE-001-A009,defence-evasion,medium,2026-06-22T06:21:00Z,2026-06-22T07:27:00Z,closed,CSE-FINANCE-001-USR-04,TEST-004
ALRT-000190,CSE-POWER-002,CSE-POWER-002-A009,identity,medium,2026-07-12T10:09:00Z,2026-07-12T10:26:00Z,closed,CSE-POWER-002-USR-05,TEST-005
ALRT-000191,CSE-TELECOM-002,CSE-TELECOM-002-A009,execution,high,2026-08-28T04:13:00Z,2026-08-28T04:22:00Z,closed,CSE-TELECOM-002-USR-01,TEST-006
ALRT-000192,CSE-FINANCE-002,CSE-FINANCE-002-A008,defence-evasion,medium,2026-07-22T22:55:00Z,2026-07-23T00:06:00Z,closed,CSE-FINANCE-002-USR-02,TEST-007
ALRT-000193,CSE-POWER-001,CSE-POWER-001-A002,identity,medium,2026-06-03T09:59:00Z,2026-06-03T10:09:00Z,closed,CSE-POWER-001-USR-03,TEST-008
ALRT-000194,CSE-TELECOM-001,CSE-TELECOM-001-A010,execution,medium,2026-06-14T10:29:00Z,2026-06-14T10:39:00Z,closed,CSE-TELECOM-001-USR-04,TEST-009
ALRT-000195,CSE-FINANCE-001,CSE-FINANCE-001-A002,defence-evasion,medium,2026-08-08T21:47:00Z,2026-08-08T22:31:00Z,closed,CSE-FINANCE-001-USR-05,TEST-010
ALRT-000196,CSE-POWER-002,CSE-POWER-002-A001,identity,high,2026-08-15T09:40:00Z,2026-08-15T10:11:00Z,closed,CSE-POWER-002-USR-01,TEST-011
ALRT-000197,CSE-TELECOM-002,CSE-TELECOM-002-A006,execution,medium,2026-06-28T06:18:00Z,2026-06-28T06:58:00Z,closed,CSE-TELECOM-002-USR-02,TEST-012
ALRT-000198,CSE-FINANCE-002,CSE-FINANCE-002-A009,defence-evasion,medium,2026-07-13T14:42:00Z,2026-07-13T15:02:00Z,closed,CSE-FINANCE-002-USR-03,TEST-013
ALRT-000199,CSE-POWER-001,CSE-POWER-001-A005,identity,medium,2026-06-22T05:17:00Z,2026-06-22T05:36:00Z,closed,CSE-POWER-001-USR-04,TEST-014
ALRT-000200,CSE-TELECOM-001,CSE-TELECOM-001-A001,execution,medium,2026-08-21T17:32:00Z,2026-08-21T17:50:00Z,closed,CSE-TELECOM-001-USR-05,TEST-015
ALRT-000201,CSE-FINANCE-001,CSE-FINANCE-001-A004,defence-evasion,high,2026-08-11T11:35:00Z,2026-08-11T12:20:00Z,closed,CSE-FINANCE-001-USR-01,TEST-016
ALRT-000202,CSE-POWER-002,CSE-POWER-002-A005,identity,medium,2026-06-21T22:51:00Z,2026-06-21T23:32:00Z,closed,CSE-POWER-002-USR-02,TEST-017
ALRT-000203,CSE-TELECOM-002,CSE-TELECOM-002-A010,execution,medium,2026-07-04T05:04:00Z,2026-07-04T05:48:00Z,closed,CSE-TELECOM-002-USR-03,TEST-018
ALRT-000204,CSE-FINANCE-002,CSE-FINANCE-002-A010,defence-evasion,medium,2026-07-16T17:28:00Z,2026-07-16T17:39:00Z,closed,CSE-FINANCE-002-USR-04,TEST-019
ALRT-000205,CSE-POWER-001,CSE-POWER-001-A003,identity,critical,2026-06-06T15:57:00Z,2026-06-06T16:08:00Z,closed,CSE-POWER-001-USR-05,TEST-020
ALRT-000206,CSE-TELECOM-001,CSE-TELECOM-001-A002,execution,high,2026-07-22T01:05:00Z,2026-07-22T02:04:00Z,closed,CSE-TELECOM-001-USR-01,TEST-021
ALRT-000207,CSE-FINANCE-001,CSE-FINANCE-001-A007,defence-evasion,medium,2026-06-25T22:38:00Z,2026-06-25T23:40:00Z,closed,CSE-FINANCE-001-USR-02,TEST-022
ALRT-000208,CSE-POWER-002,CSE-POWER-002-A010,identity,medium,2026-07-18T09:21:00Z,2026-07-18T09:51:00Z,closed,CSE-POWER-002-USR-03,TEST-000
ALRT-000209,CSE-TELECOM-002,CSE-TELECOM-002-A009,execution,medium,2026-06-13T14:36:00Z,2026-06-13T14:57:00Z,closed,CSE-TELECOM-002-USR-04,TEST-001
ALRT-000210,CSE-FINANCE-002,CSE-FINANCE-002-A002,defence-evasion,medium,2026-08-31T14:06:00Z,2026-08-31T15:09:00Z,closed,CSE-FINANCE-002-USR-05,TEST-002
ALRT-000211,CSE-POWER-001,CSE-POWER-001-A005,identity,high,2026-08-29T20:45:00Z,2026-08-29T21:49:00Z,closed,CSE-POWER-001-USR-01,TEST-003
ALRT-000212,CSE-TELECOM-001,CSE-TELECOM-001-A008,execution,medium,2026-07-02T07:09:00Z,2026-07-02T07:47:00Z,closed,CSE-TELECOM-001-USR-02,TEST-004
ALRT-000213,CSE-FINANCE-001,CSE-FINANCE-001-A006,defence-evasion,medium,2026-07-23T05:44:00Z,2026-07-23T06:31:00Z,closed,CSE-FINANCE-001-USR-03,TEST-005
ALRT-000214,CSE-POWER-002,CSE-POWER-002-A006,identity,medium,2026-07-31T15:01:00Z,2026-07-31T15:14:00Z,closed,CSE-POWER-002-USR-04,TEST-006
ALRT-000215,CSE-TELECOM-002,CSE-TELECOM-002-A008,execution,medium,2026-06-17T11:30:00Z,2026-06-17T12:34:00Z,closed,CSE-TELECOM-002-USR-05,TEST-007
ALRT-000216,CSE-FINANCE-002,CSE-FINANCE-002-A003,defence-evasion,high,2026-07-09T11:38:00Z,2026-07-09T12:56:00Z,closed,CSE-FINANCE-002-USR-01,TEST-008
ALRT-000217,CSE-POWER-001,CSE-POWER-001-A003,identity,medium,2026-08-07T03:25:00Z,2026-08-07T03:43:00Z,closed,CSE-POWER-001-USR-02,TEST-009
ALRT-000218,CSE-TELECOM-001,CSE-TELECOM-001-A006,execution,medium,2026-08-13T20:04:00Z,2026-08-13T20:47:00Z,closed,CSE-TELECOM-001-USR-03,TEST-010
ALRT-000219,CSE-FINANCE-001,CSE-FINANCE-001-A009,defence-evasion,medium,2026-08-01T12:37:00Z,2026-08-01T13:34:00Z,closed,CSE-FINANCE-001-USR-04,TEST-011
ALRT-000220,CSE-POWER-002,CSE-POWER-002-A004,identity,medium,2026-08-21T07:35:00Z,2026-08-21T08:00:00Z,closed,CSE-POWER-002-USR-05,TEST-012
ALRT-000221,CSE-TELECOM-002,CSE-TELECOM-002-A008,execution,high,2026-07-22T02:21:00Z,2026-07-22T02:52:00Z,closed,CSE-TELECOM-002-USR-01,TEST-013
ALRT-000222,CSE-FINANCE-002,CSE-FINANCE-002-A010,defence-evasion,critical,2026-07-28T13:36:00Z,2026-07-28T14:24:00Z,closed,CSE-FINANCE-002-USR-02,TEST-014
ALRT-000223,CSE-POWER-001,CSE-POWER-001-A009,identity,medium,2026-08-30T07:11:00Z,2026-08-30T07:25:00Z,closed,CSE-POWER-001-USR-03,TEST-015
ALRT-000224,CSE-TELECOM-001,CSE-TELECOM-001-A010,execution,medium,2026-08-04T03:37:00Z,2026-08-04T04:41:00Z,closed,CSE-TELECOM-001-USR-04,TEST-016
ALRT-000225,CSE-FINANCE-001,CSE-FINANCE-001-A006,defence-evasion,medium,2026-08-13T03:52:00Z,2026-08-13T04:53:00Z,closed,CSE-FINANCE-001-USR-05,TEST-017
ALRT-000226,CSE-POWER-002,CSE-POWER-002-A003,identity,high,2026-07-12T12:04:00Z,2026-07-12T12:22:00Z,closed,CSE-POWER-002-USR-01,TEST-018
ALRT-000227,CSE-TELECOM-002,CSE-TELECOM-002-A010,execution,medium,2026-07-21T10:31:00Z,2026-07-21T10:43:00Z,closed,CSE-TELECOM-002-USR-02,TEST-019
ALRT-000228,CSE-FINANCE-002,CSE-FINANCE-002-A002,defence-evasion,medium,2026-06-30T04:56:00Z,2026-06-30T06:15:00Z,closed,CSE-FINANCE-002-USR-03,TEST-020
ALRT-000229,CSE-POWER-001,CSE-POWER-001-A001,identity,medium,2026-06-21T21:09:00Z,2026-06-21T22:11:00Z,closed,CSE-POWER-001-USR-04,TEST-021
ALRT-000230,CSE-TELECOM-001,CSE-TELECOM-001-A009,execution,medium,2026-07-10T12:39:00Z,2026-07-10T13:57:00Z,closed,CSE-TELECOM-001-USR-05,TEST-022
ALRT-000231,CSE-FINANCE-001,CSE-FINANCE-001-A008,defence-evasion,high,2026-06-28T06:43:00Z,2026-06-28T07:28:00Z,closed,CSE-FINANCE-001-USR-01,TEST-000
ALRT-000232,CSE-POWER-002,CSE-POWER-002-A005,identity,medium,2026-08-14T21:19:00Z,2026-08-14T22:19:00Z,closed,CSE-POWER-002-USR-02,TEST-001
ALRT-000233,CSE-TELECOM-002,CSE-TELECOM-002-A006,execution,medium,2026-06-14T18:00:00Z,2026-06-14T19:10:00Z,closed,CSE-TELECOM-002-USR-03,TEST-002
ALRT-000234,CSE-FINANCE-002,CSE-FINANCE-002-A007,defence-evasion,medium,2026-06-19T09:03:00Z,2026-06-19T09:55:00Z,closed,CSE-FINANCE-002-USR-04,TEST-003
ALRT-000235,CSE-POWER-001,CSE-POWER-001-A009,identity,medium,2026-06-09T00:45:00Z,2026-06-09T02:01:00Z,closed,CSE-POWER-001-USR-05,TEST-004
ALRT-000236,CSE-TELECOM-001,CSE-TELECOM-001-A006,execution,high,2026-06-17T09:55:00Z,2026-06-17T10:03:00Z,closed,CSE-TELECOM-001-USR-01,TEST-005
ALRT-000237,CSE-FINANCE-001,CSE-FINANCE-001-A004,defence-evasion,medium,2026-07-28T22:37:00Z,2026-07-28T23:32:00Z,closed,CSE-FINANCE-001-USR-02,TEST-006
ALRT-000238,CSE-POWER-002,CSE-POWER-002-A006,identity,medium,2026-07-21T12:24:00Z,2026-07-21T13:24:00Z,closed,CSE-POWER-002-USR-03,TEST-007
ALRT-000239,CSE-TELECOM-002,CSE-TELECOM-002-A009,execution,critical,2026-06-30T21:11:00Z,2026-06-30T22:16:00Z,closed,CSE-TELECOM-002-USR-04,TEST-008
ALRT-000240,CSE-FINANCE-002,CSE-FINANCE-002-A003,defence-evasion,medium,2026-06-27T17:24:00Z,2026-06-27T18:15:00Z,closed,CSE-FINANCE-002-USR-05,TEST-009
ALRT-000241,CSE-POWER-001,CSE-POWER-001-A007,identity,high,2026-06-22T09:55:00Z,2026-06-22T10:16:00Z,closed,CSE-POWER-001-USR-01,TEST-010
ALRT-000242,CSE-TELECOM-001,CSE-TELECOM-001-A003,execution,medium,2026-06-04T02:41:00Z,2026-06-04T02:48:00Z,closed,CSE-TELECOM-001-USR-02,TEST-011
ALRT-000243,CSE-FINANCE-001,CSE-FINANCE-001-A003,defence-evasion,medium,2026-08-04T21:27:00Z,2026-08-04T21:49:00Z,closed,CSE-FINANCE-001-USR-03,TEST-012
ALRT-000244,CSE-POWER-002,CSE-POWER-002-A002,identity,medium,2026-06-20T20:51:00Z,2026-06-20T21:49:00Z,closed,CSE-POWER-002-USR-04,TEST-013
ALRT-000245,CSE-TELECOM-002,CSE-TELECOM-002-A008,execution,medium,2026-08-31T19:59:00Z,2026-08-31T20:58:00Z,closed,CSE-TELECOM-002-USR-05,TEST-014
ALRT-000246,CSE-FINANCE-002,CSE-FINANCE-002-A010,defence-evasion,high,2026-06-26T14:32:00Z,2026-06-26T15:31:00Z,closed,CSE-FINANCE-002-USR-01,TEST-015
ALRT-000247,CSE-POWER-001,CSE-POWER-001-A009,identity,medium,2026-07-30T12:22:00Z,2026-07-30T12:55:00Z,closed,CSE-POWER-001-USR-02,TEST-016
ALRT-000248,CSE-TELECOM-001,CSE-TELECOM-001-A003,execution,medium,2026-07-27T19:00:00Z,2026-07-27T20:18:00Z,closed,CSE-TELECOM-001-USR-03,TEST-017
ALRT-000249,CSE-FINANCE-001,CSE-FINANCE-001-A008,defence-evasion,medium,2026-07-03T22:32:00Z,2026-07-03T23:11:00Z,closed,CSE-FINANCE-001-USR-04,TEST-018
ALRT-000250,CSE-POWER-002,CSE-POWER-002-A007,identity,medium,2026-08-11T18:23:00Z,2026-08-11T18:32:00Z,closed,CSE-POWER-002-USR-05,TEST-019
ALRT-000251,CSE-TELECOM-002,CSE-TELECOM-002-A001,execution,high,2026-08-14T15:45:00Z,2026-08-14T16:37:00Z,closed,CSE-TELECOM-002-USR-01,TEST-020
ALRT-000252,CSE-FINANCE-002,CSE-FINANCE-002-A002,defence-evasion,medium,2026-08-16T15:44:00Z,2026-08-16T15:59:00Z,closed,CSE-FINANCE-002-USR-02,TEST-021
ALRT-000253,CSE-POWER-001,CSE-POWER-001-A003,identity,medium,2026-08-09T08:29:00Z,2026-08-09T09:40:00Z,closed,CSE-POWER-001-USR-03,TEST-022
ALRT-000254,CSE-TELECOM-001,CSE-TELECOM-001-A002,execution,medium,2026-08-08T19:05:00Z,2026-08-08T19:41:00Z,closed,CSE-TELECOM-001-USR-04,TEST-000
ALRT-000255,CSE-FINANCE-001,CSE-FINANCE-001-A008,defence-evasion,medium,2026-08-22T23:42:00Z,2026-08-22T23:56:00Z,closed,CSE-FINANCE-001-USR-05,TEST-001
ALRT-000256,CSE-POWER-002,CSE-POWER-002-A009,identity,critical,2026-08-16T09:39:00Z,2026-08-16T09:50:00Z,closed,CSE-POWER-002-USR-01,TEST-002
ALRT-000257,CSE-TELECOM-002,CSE-TELECOM-002-A006,execution,medium,2026-08-10T00:30:00Z,2026-08-10T01:33:00Z,closed,CSE-TELECOM-002-USR-02,TEST-003
ALRT-000258,CSE-FINANCE-002,CSE-FINANCE-002-A009,defence-evasion,medium,2026-08-02T18:46:00Z,2026-08-02T19:33:00Z,closed,CSE-FINANCE-002-USR-03,TEST-004
ALRT-000259,CSE-POWER-001,CSE-POWER-001-A007,identity,medium,2026-07-18T09:18:00Z,2026-07-18T09:44:00Z,closed,CSE-POWER-001-USR-04,TEST-005
ALRT-000260,CSE-TELECOM-001,CSE-TELECOM-001-A001,execution,medium,2026-08-30T19:47:00Z,2026-08-30T20:30:00Z,closed,CSE-TELECOM-001-USR-05,TEST-006
ALRT-000261,CSE-FINANCE-001,CSE-FINANCE-001-A010,defence-evasion,high,2026-07-06T01:40:00Z,2026-07-06T02:45:00Z,closed,CSE-FINANCE-001-USR-01,TEST-007
ALRT-000262,CSE-POWER-002,CSE-POWER-002-A010,identity,medium,2026-06-24T18:03:00Z,2026-06-24T18:45:00Z,closed,CSE-POWER-002-USR-02,TEST-008
ALRT-000263,CSE-TELECOM-002,CSE-TELECOM-002-A010,execution,medium,2026-06-06T09:31:00Z,2026-06-06T09:46:00Z,closed,CSE-TELECOM-002-USR-03,TEST-009
ALRT-000264,CSE-FINANCE-002,CSE-FINANCE-002-A003,defence-evasion,medium,2026-08-06T02:54:00Z,2026-08-06T03:34:00Z,closed,CSE-FINANCE-002-USR-04,TEST-010
ALRT-000265,CSE-POWER-001,CSE-POWER-001-A005,identity,medium,2026-06-19T19:17:00Z,2026-06-19T19:57:00Z,closed,CSE-POWER-001-USR-05,TEST-011
ALRT-000266,CSE-TELECOM-001,CSE-TELECOM-001-A005,execution,high,2026-06-04T23:07:00Z,2026-06-04T23:34:00Z,closed,CSE-TELECOM-001-USR-01,TEST-012
ALRT-000267,CSE-FINANCE-001,CSE-FINANCE-001-A010,defence-evasion,medium,2026-06-22T21:28:00Z,2026-06-22T22:20:00Z,closed,CSE-FINANCE-001-USR-02,TEST-013
ALRT-000268,CSE-POWER-002,CSE-POWER-002-A003,identity,medium,2026-07-06T22:15:00Z,2026-07-06T23:22:00Z,closed,CSE-POWER-002-USR-03,TEST-014
ALRT-000269,CSE-TELECOM-002,CSE-TELECOM-002-A003,execution,medium,2026-08-09T01:21:00Z,2026-08-09T01:36:00Z,closed,CSE-TELECOM-002-USR-04,TEST-015
ALRT-000270,CSE-FINANCE-002,CSE-FINANCE-002-A003,defence-evasion,medium,2026-08-18T04:53:00Z,2026-08-18T06:01:00Z,closed,CSE-FINANCE-002-USR-05,TEST-016
ALRT-000271,CSE-POWER-001,CSE-POWER-001-A007,identity,high,2026-07-22T07:42:00Z,2026-07-22T08:43:00Z,closed,CSE-POWER-001-USR-01,TEST-017
ALRT-000272,CSE-TELECOM-001,CSE-TELECOM-001-A003,execution,medium,2026-06-29T18:46:00Z,2026-06-29T19:35:00Z,closed,CSE-TELECOM-001-USR-02,TEST-018
ALRT-000273,CSE-FINANCE-001,CSE-FINANCE-001-A001,defence-evasion,critical,2026-08-24T08:48:00Z,2026-08-24T09:07:00Z,closed,CSE-FINANCE-001-USR-03,TEST-019
ALRT-000274,CSE-POWER-002,CSE-POWER-002-A001,identity,medium,2026-06-24T14:25:00Z,2026-06-24T15:30:00Z,closed,CSE-POWER-002-USR-04,TEST-020
ALRT-000275,CSE-TELECOM-002,CSE-TELECOM-002-A005,execution,medium,2026-08-02T23:48:00Z,2026-08-03T01:01:00Z,closed,CSE-TELECOM-002-USR-05,TEST-021
ALRT-000276,CSE-FINANCE-002,CSE-FINANCE-002-A004,defence-evasion,high,2026-07-21T21:45:00Z,2026-07-21T22:39:00Z,closed,CSE-FINANCE-002-USR-01,TEST-022
ALRT-000277,CSE-POWER-001,CSE-POWER-001-A008,identity,medium,2026-07-06T04:33:00Z,2026-07-06T05:33:00Z,closed,CSE-POWER-001-USR-02,TEST-000
ALRT-000278,CSE-TELECOM-001,CSE-TELECOM-001-A001,execution,medium,2026-07-09T14:24:00Z,2026-07-09T15:09:00Z,closed,CSE-TELECOM-001-USR-03,TEST-001
ALRT-000279,CSE-FINANCE-001,CSE-FINANCE-001-A009,defence-evasion,medium,2026-08-29T01:06:00Z,2026-08-29T02:19:00Z,closed,CSE-FINANCE-001-USR-04,TEST-002
ALRT-000280,CSE-POWER-002,CSE-POWER-002-A006,identity,medium,2026-07-28T19:58:00Z,2026-07-28T20:37:00Z,closed,CSE-POWER-002-USR-05,TEST-003
ALRT-000281,CSE-TELECOM-002,CSE-TELECOM-002-A006,execution,high,2026-07-07T08:51:00Z,2026-07-07T09:08:00Z,closed,CSE-TELECOM-002-USR-01,TEST-004
ALRT-000282,CSE-FINANCE-002,CSE-FINANCE-002-A005,defence-evasion,medium,2026-08-25T18:25:00Z,2026-08-25T19:29:00Z,closed,CSE-FINANCE-002-USR-02,TEST-005
ALRT-000283,CSE-POWER-001,CSE-POWER-001-A004,identity,medium,2026-08-28T18:49:00Z,2026-08-28T19:18:00Z,closed,CSE-POWER-001-USR-03,TEST-006
ALRT-000284,CSE-TELECOM-001,CSE-TELECOM-001-A009,execution,medium,2026-07-16T21:44:00Z,2026-07-16T22:12:00Z,closed,CSE-TELECOM-001-USR-04,TEST-007
ALRT-000285,CSE-FINANCE-001,CSE-FINANCE-001-A006,defence-evasion,medium,2026-08-12T00:43:00Z,2026-08-12T00:49:00Z,closed,CSE-FINANCE-001-USR-05,TEST-008
ALRT-000286,CSE-POWER-002,CSE-POWER-002-A002,identity,high,2026-06-04T13:06:00Z,2026-06-04T14:18:00Z,closed,CSE-POWER-002-USR-01,TEST-009
ALRT-000287,CSE-TELECOM-002,CSE-TELECOM-002-A002,execution,medium,2026-08-29T14:22:00Z,2026-08-29T14:55:00Z,closed,CSE-TELECOM-002-USR-02,TEST-010
ALRT-000288,CSE-FINANCE-002,CSE-FINANCE-002-A005,defence-evasion,medium,2026-07-05T06:02:00Z,2026-07-05T06:10:00Z,closed,CSE-FINANCE-002-USR-03,TEST-011
ALRT-000289,CSE-POWER-001,CSE-POWER-001-A010,identity,medium,2026-06-14T01:38:00Z,2026-06-14T02:10:00Z,closed,CSE-POWER-001-USR-04,TEST-012
ALRT-000290,CSE-TELECOM-001,CSE-TELECOM-001-A010,execution,critical,2026-08-23T03:45:00Z,2026-08-23T04:05:00Z,closed,CSE-TELECOM-001-USR-05,TEST-013
ALRT-000291,CSE-FINANCE-001,CSE-FINANCE-001-A002,defence-evasion,high,2026-08-19T04:24:00Z,2026-08-19T05:41:00Z,closed,CSE-FINANCE-001-USR-01,TEST-014
ALRT-000292,CSE-POWER-002,CSE-POWER-002-A003,identity,medium,2026-06-17T22:11:00Z,2026-06-17T22:48:00Z,closed,CSE-POWER-002-USR-02,TEST-015
ALRT-000293,CSE-TELECOM-002,CSE-TELECOM-002-A005,execution,medium,2026-08-01T21:59:00Z,2026-08-01T22:13:00Z,closed,CSE-TELECOM-002-USR-03,TEST-016
ALRT-000294,CSE-FINANCE-002,CSE-FINANCE-002-A008,defence-evasion,medium,2026-07-08T13:44:00Z,2026-07-08T14:30:00Z,closed,CSE-FINANCE-002-USR-04,TEST-017
ALRT-000295,CSE-POWER-001,CSE-POWER-001-A005,identity,medium,2026-06-23T02:17:00Z,2026-06-23T02:29:00Z,closed,CSE-POWER-001-USR-05,TEST-018
ALRT-000296,CSE-TELECOM-001,CSE-TELECOM-001-A007,execution,high,2026-07-22T10:03:00Z,2026-07-22T10:41:00Z,closed,CSE-TELECOM-001-USR-01,TEST-019
ALRT-000297,CSE-FINANCE-001,CSE-FINANCE-001-A005,defence-evasion,medium,2026-06-25T14:04:00Z,2026-06-25T15:11:00Z,closed,CSE-FINANCE-001-USR-02,TEST-020
ALRT-000298,CSE-POWER-002,CSE-POWER-002-A004,identity,medium,2026-08-20T12:11:00Z,2026-08-20T13:18:00Z,closed,CSE-POWER-002-USR-03,TEST-021
ALRT-000299,CSE-TELECOM-002,CSE-TELECOM-002-A002,execution,medium,2026-06-21T17:49:00Z,2026-06-21T18:49:00Z,closed,CSE-TELECOM-002-USR-04,TEST-022
ALRT-000300,CSE-FINANCE-002,CSE-FINANCE-002-A004,defence-evasion,medium,2026-08-20T20:06:00Z,2026-08-20T21:07:00Z,closed,CSE-FINANCE-002-USR-05,TEST-000
ALRT-000301,CSE-POWER-001,CSE-POWER-001-A005,identity,high,2026-06-16T01:04:00Z,2026-06-16T01:18:00Z,closed,CSE-POWER-001-USR-01,TEST-001
ALRT-000302,CSE-TELECOM-001,CSE-TELECOM-001-A010,execution,medium,2026-07-05T14:01:00Z,2026-07-05T15:09:00Z,closed,CSE-TELECOM-001-USR-02,TEST-002
ALRT-000303,CSE-FINANCE-001,CSE-FINANCE-001-A003,defence-evasion,medium,2026-08-25T20:00:00Z,2026-08-25T20:09:00Z,closed,CSE-FINANCE-001-USR-03,TEST-003
ALRT-000304,CSE-POWER-002,CSE-POWER-002-A007,identity,medium,2026-07-07T04:44:00Z,2026-07-07T05:31:00Z,closed,CSE-POWER-002-USR-04,TEST-004
ALRT-000305,CSE-TELECOM-002,CSE-TELECOM-002-A007,execution,medium,2026-08-15T00:32:00Z,2026-08-15T01:39:00Z,closed,CSE-TELECOM-002-USR-05,TEST-005
ALRT-000306,CSE-FINANCE-002,CSE-FINANCE-002-A008,defence-evasion,high,2026-07-28T12:54:00Z,2026-07-28T13:07:00Z,closed,CSE-FINANCE-002-USR-01,TEST-006
ALRT-000307,CSE-POWER-001,CSE-POWER-001-A009,identity,critical,2026-07-01T00:24:00Z,2026-07-01T01:30:00Z,closed,CSE-POWER-001-USR-02,TEST-007
ALRT-000308,CSE-TELECOM-001,CSE-TELECOM-001-A002,execution,medium,2026-08-14T17:59:00Z,2026-08-14T18:49:00Z,closed,CSE-TELECOM-001-USR-03,TEST-008
ALRT-000309,CSE-FINANCE-001,CSE-FINANCE-001-A006,defence-evasion,medium,2026-08-29T09:25:00Z,2026-08-29T09:37:00Z,closed,CSE-FINANCE-001-USR-04,TEST-009
ALRT-000310,CSE-POWER-002,CSE-POWER-002-A002,identity,medium,2026-07-19T17:54:00Z,2026-07-19T18:42:00Z,closed,CSE-POWER-002-USR-05,TEST-010
ALRT-000311,CSE-TELECOM-002,CSE-TELECOM-002-A002,execution,high,2026-07-31T09:41:00Z,2026-07-31T10:11:00Z,closed,CSE-TELECOM-002-USR-01,TEST-011
ALRT-000312,CSE-FINANCE-002,CSE-FINANCE-002-A003,defence-evasion,medium,2026-08-12T01:24:00Z,2026-08-12T01:53:00Z,closed,CSE-FINANCE-002-USR-02,TEST-012
ALRT-000313,CSE-POWER-001,CSE-POWER-001-A005,identity,medium,2026-08-31T12:57:00Z,2026-08-31T13:15:00Z,closed,CSE-POWER-001-USR-03,TEST-013
ALRT-000314,CSE-TELECOM-001,CSE-TELECOM-001-A006,execution,medium,2026-08-04T02:56:00Z,2026-08-04T03:57:00Z,closed,CSE-TELECOM-001-USR-04,TEST-014
ALRT-000315,CSE-FINANCE-001,CSE-FINANCE-001-A004,defence-evasion,medium,2026-06-20T01:12:00Z,2026-06-20T01:20:00Z,closed,CSE-FINANCE-001-USR-05,TEST-015
ALRT-000316,CSE-POWER-002,CSE-POWER-002-A010,identity,high,2026-07-03T15:24:00Z,2026-07-03T15:37:00Z,closed,CSE-POWER-002-USR-01,TEST-016
ALRT-000317,CSE-TELECOM-002,CSE-TELECOM-002-A009,execution,medium,2026-08-24T09:31:00Z,2026-08-24T10:44:00Z,closed,CSE-TELECOM-002-USR-02,TEST-017
ALRT-000318,CSE-FINANCE-002,CSE-FINANCE-002-A008,defence-evasion,medium,2026-06-05T01:21:00Z,2026-06-05T01:33:00Z,closed,CSE-FINANCE-002-USR-03,TEST-018
ALRT-000319,CSE-POWER-001,CSE-POWER-001-A006,identity,medium,2026-06-08T12:07:00Z,2026-06-08T12:39:00Z,closed,CSE-POWER-001-USR-04,TEST-019
ALRT-000320,CSE-TELECOM-001,CSE-TELECOM-001-A009,execution,medium,2026-07-31T21:55:00Z,2026-07-31T23:08:00Z,closed,CSE-TELECOM-001-USR-05,TEST-020
ALRT-000321,CSE-FINANCE-001,CSE-FINANCE-001-A003,defence-evasion,high,2026-08-16T07:59:00Z,2026-08-16T08:13:00Z,closed,CSE-FINANCE-001-USR-01,TEST-021
ALRT-000322,CSE-POWER-002,CSE-POWER-002-A001,identity,medium,2026-06-21T15:41:00Z,2026-06-21T15:48:00Z,closed,CSE-POWER-002-USR-02,TEST-022
ALRT-000323,CSE-TELECOM-002,CSE-TELECOM-002-A008,execution,medium,2026-08-21T01:15:00Z,2026-08-21T01:36:00Z,closed,CSE-TELECOM-002-USR-03,TEST-000
ALRT-000324,CSE-FINANCE-002,CSE-FINANCE-002-A001,defence-evasion,critical,2026-06-25T20:03:00Z,2026-06-25T20:47:00Z,closed,CSE-FINANCE-002-USR-04,TEST-001
ALRT-000325,CSE-POWER-001,CSE-POWER-001-A002,identity,medium,2026-07-31T19:10:00Z,2026-07-31T19:23:00Z,closed,CSE-POWER-001-USR-05,TEST-002
ALRT-000326,CSE-TELECOM-001,CSE-TELECOM-001-A002,execution,high,2026-06-17T15:38:00Z,2026-06-17T16:11:00Z,closed,CSE-TELECOM-001-USR-01,TEST-003
ALRT-000327,CSE-FINANCE-001,CSE-FINANCE-001-A002,defence-evasion,medium,2026-06-28T13:21:00Z,2026-06-28T14:17:00Z,closed,CSE-FINANCE-001-USR-02,TEST-004
ALRT-000328,CSE-POWER-002,CSE-POWER-002-A006,identity,medium,2026-06-18T21:36:00Z,2026-06-18T22:50:00Z,closed,CSE-POWER-002-USR-03,TEST-005
ALRT-000329,CSE-TELECOM-002,CSE-TELECOM-002-A003,execution,medium,2026-07-14T06:48:00Z,2026-07-14T06:58:00Z,closed,CSE-TELECOM-002-USR-04,TEST-006
ALRT-000330,CSE-FINANCE-002,CSE-FINANCE-002-A010,defence-evasion,medium,2026-06-25T10:04:00Z,2026-06-25T10:24:00Z,closed,CSE-FINANCE-002-USR-05,TEST-007
ALRT-000331,CSE-POWER-001,CSE-POWER-001-A005,identity,high,2026-06-21T13:10:00Z,2026-06-21T14:02:00Z,closed,CSE-POWER-001-USR-01,TEST-008
ALRT-000332,CSE-TELECOM-001,CSE-TELECOM-001-A009,execution,medium,2026-06-24T14:15:00Z,2026-06-24T15:34:00Z,closed,CSE-TELECOM-001-USR-02,TEST-009
ALRT-000333,CSE-FINANCE-001,CSE-FINANCE-001-A001,defence-evasion,medium,2026-06-20T03:50:00Z,2026-06-20T04:43:00Z,closed,CSE-FINANCE-001-USR-03,TEST-010
ALRT-000334,CSE-POWER-002,CSE-POWER-002-A003,identity,medium,2026-06-05T15:05:00Z,2026-06-05T15:10:00Z,closed,CSE-POWER-002-USR-04,TEST-011
ALRT-000335,CSE-TELECOM-002,CSE-TELECOM-002-A001,execution,medium,2026-06-25T02:45:00Z,2026-06-25T03:26:00Z,closed,CSE-TELECOM-002-USR-05,TEST-012
ALRT-000336,CSE-FINANCE-002,CSE-FINANCE-002-A007,defence-evasion,high,2026-08-30T15:44:00Z,2026-08-30T16:05:00Z,closed,CSE-FINANCE-002-USR-01,TEST-013
ALRT-000337,CSE-POWER-001,CSE-POWER-001-A004,identity,medium,2026-06-21T20:17:00Z,2026-06-21T21:28:00Z,closed,CSE-POWER-001-USR-02,TEST-014
ALRT-000338,CSE-TELECOM-001,CSE-TELECOM-001-A008,execution,medium,2026-07-25T07:11:00Z,2026-07-25T07:20:00Z,closed,CSE-TELECOM-001-USR-03,TEST-015
ALRT-000339,CSE-FINANCE-001,CSE-FINANCE-001-A010,defence-evasion,medium,2026-06-26T22:31:00Z,2026-06-26T22:47:00Z,closed,CSE-FINANCE-001-USR-04,TEST-016
ALRT-000340,CSE-POWER-002,CSE-POWER-002-A005,identity,medium,2026-07-17T13:00:00Z,2026-07-17T14:16:00Z,closed,CSE-POWER-002-USR-05,TEST-017
ALRT-000341,CSE-TELECOM-002,CSE-TELECOM-002-A004,execution,critical,2026-06-27T03:33:00Z,2026-06-27T03:50:00Z,closed,CSE-TELECOM-002-USR-01,TEST-018
ALRT-000342,CSE-FINANCE-002,CSE-FINANCE-002-A010,defence-evasion,medium,2026-07-19T17:32:00Z,2026-07-19T18:05:00Z,closed,CSE-FINANCE-002-USR-02,TEST-019
ALRT-000343,CSE-POWER-001,CSE-POWER-001-A008,identity,medium,2026-08-22T21:13:00Z,2026-08-22T21:53:00Z,closed,CSE-POWER-001-USR-03,TEST-020
ALRT-000344,CSE-TELECOM-001,CSE-TELECOM-001-A001,execution,medium,2026-06-27T03:50:00Z,2026-06-27T04:14:00Z,closed,CSE-TELECOM-001-USR-04,TEST-021
ALRT-000345,CSE-FINANCE-001,CSE-FINANCE-001-A008,defence-evasion,medium,2026-08-05T05:10:00Z,2026-08-05T05:20:00Z,closed,CSE-FINANCE-001-USR-05,TEST-022
ALRT-000346,CSE-POWER-002,CSE-POWER-002-A001,identity,high,2026-08-24T11:18:00Z,2026-08-24T11:49:00Z,closed,CSE-POWER-002-USR-01,TEST-000
ALRT-000347,CSE-TELECOM-002,CSE-TELECOM-002-A007,execution,medium,2026-07-05T10:39:00Z,2026-07-05T11:42:00Z,closed,CSE-TELECOM-002-USR-02,TEST-001
ALRT-000348,CSE-FINANCE-002,CSE-FINANCE-002-A001,defence-evasion,medium,2026-06-16T23:03:00Z,2026-06-17T00:16:00Z,closed,CSE-FINANCE-002-USR-03,TEST-002
ALRT-000349,CSE-POWER-001,CSE-POWER-001-A003,identity,medium,2026-06-23T00:31:00Z,2026-06-23T01:41:00Z,closed,CSE-POWER-001-USR-04,TEST-003
ALRT-000350,CSE-TELECOM-001,CSE-TELECOM-001-A002,execution,medium,2026-06-12T07:46:00Z,2026-06-12T08:47:00Z,closed,CSE-TELECOM-001-USR-05,TEST-004
ALRT-000351,CSE-FINANCE-001,CSE-FINANCE-001-A010,defence-evasion,high,2026-08-16T10:26:00Z,2026-08-16T10:56:00Z,closed,CSE-FINANCE-001-USR-01,TEST-005
ALRT-000352,CSE-POWER-002,CSE-POWER-002-A006,identity,medium,2026-07-02T03:20:00Z,2026-07-02T03:54:00Z,closed,CSE-POWER-002-USR-02,TEST-006
ALRT-000353,CSE-TELECOM-002,CSE-TELECOM-002-A002,execution,medium,2026-07-03T23:26:00Z,2026-07-03T23:56:00Z,closed,CSE-TELECOM-002-USR-03,TEST-007
ALRT-000354,CSE-FINANCE-002,CSE-FINANCE-002-A007,defence-evasion,medium,2026-07-01T02:30:00Z,2026-07-01T03:49:00Z,closed,CSE-FINANCE-002-USR-04,TEST-008
ALRT-000355,CSE-POWER-001,CSE-POWER-001-A008,identity,medium,2026-06-09T13:09:00Z,2026-06-09T13:41:00Z,closed,CSE-POWER-001-USR-05,TEST-009
ALRT-000356,CSE-TELECOM-001,CSE-TELECOM-001-A010,execution,high,2026-07-31T05:24:00Z,2026-07-31T06:16:00Z,closed,CSE-TELECOM-001-USR-01,TEST-010
ALRT-000357,CSE-FINANCE-001,CSE-FINANCE-001-A003,defence-evasion,medium,2026-07-31T23:12:00Z,2026-08-01T00:02:00Z,closed,CSE-FINANCE-001-USR-02,TEST-011
ALRT-000358,CSE-POWER-002,CSE-POWER-002-A005,identity,critical,2026-06-28T10:08:00Z,2026-06-28T10:17:00Z,closed,CSE-POWER-002-USR-03,TEST-012
ALRT-000359,CSE-TELECOM-002,CSE-TELECOM-002-A010,execution,medium,2026-06-10T08:08:00Z,2026-06-10T08:27:00Z,closed,CSE-TELECOM-002-USR-04,TEST-013
ALRT-000360,CSE-FINANCE-002,CSE-FINANCE-002-A008,defence-evasion,medium,2026-07-31T13:10:00Z,2026-07-31T13:58:00Z,closed,CSE-FINANCE-002-USR-05,TEST-014
ALRT-000361,CSE-POWER-001,CSE-POWER-001-A004,identity,high,2026-07-10T19:10:00Z,2026-07-10T19:36:00Z,closed,CSE-POWER-001-USR-01,TEST-015
ALRT-000362,CSE-TELECOM-001,CSE-TELECOM-001-A010,execution,medium,2026-08-12T07:05:00Z,2026-08-12T08:02:00Z,closed,CSE-TELECOM-001-USR-02,TEST-016
ALRT-000363,CSE-FINANCE-001,CSE-FINANCE-001-A009,defence-evasion,medium,2026-08-04T06:37:00Z,2026-08-04T07:42:00Z,closed,CSE-FINANCE-001-USR-03,TEST-017
ALRT-000364,CSE-POWER-002,CSE-POWER-002-A008,identity,medium,2026-07-08T00:46:00Z,2026-07-08T01:45:00Z,closed,CSE-POWER-002-USR-04,TEST-018
ALRT-000365,CSE-TELECOM-002,CSE-TELECOM-002-A004,execution,medium,2026-07-04T10:27:00Z,2026-07-04T11:46:00Z,closed,CSE-TELECOM-002-USR-05,TEST-019
ALRT-000366,CSE-FINANCE-002,CSE-FINANCE-002-A004,defence-evasion,high,2026-08-17T04:58:00Z,2026-08-17T06:16:00Z,closed,CSE-FINANCE-002-USR-01,TEST-020
ALRT-000367,CSE-POWER-001,CSE-POWER-001-A001,identity,medium,2026-07-26T01:02:00Z,2026-07-26T02:07:00Z,closed,CSE-POWER-001-USR-02,TEST-021
ALRT-000368,CSE-TELECOM-001,CSE-TELECOM-001-A009,execution,medium,2026-06-07T13:33:00Z,2026-06-07T14:28:00Z,closed,CSE-TELECOM-001-USR-03,TEST-022
ALRT-000369,CSE-FINANCE-001,CSE-FINANCE-001-A008,defence-evasion,medium,2026-08-31T03:28:00Z,2026-08-31T04:36:00Z,closed,CSE-FINANCE-001-USR-04,TEST-000
ALRT-000370,CSE-POWER-002,CSE-POWER-002-A004,identity,medium,2026-06-13T17:48:00Z,2026-06-13T17:54:00Z,closed,CSE-POWER-002-USR-05,TEST-001
ALRT-000371,CSE-TELECOM-002,CSE-TELECOM-002-A007,execution,high,2026-06-30T04:22:00Z,2026-06-30T05:04:00Z,closed,CSE-TELECOM-002-USR-01,TEST-002
ALRT-000372,CSE-FINANCE-002,CSE-FINANCE-002-A004,defence-evasion,medium,2026-08-24T02:01:00Z,2026-08-24T03:07:00Z,closed,CSE-FINANCE-002-USR-02,TEST-003
ALRT-000373,CSE-POWER-001,CSE-POWER-001-A005,identity,medium,2026-06-23T22:29:00Z,2026-06-23T23:47:00Z,closed,CSE-POWER-001-USR-03,TEST-004
ALRT-000374,CSE-TELECOM-001,CSE-TELECOM-001-A010,execution,medium,2026-06-06T14:29:00Z,2026-06-06T14:51:00Z,closed,CSE-TELECOM-001-USR-04,TEST-005
ALRT-000375,CSE-FINANCE-001,CSE-FINANCE-001-A007,defence-evasion,critical,2026-06-26T11:40:00Z,2026-06-26T12:44:00Z,closed,CSE-FINANCE-001-USR-05,TEST-006
ALRT-000376,CSE-POWER-002,CSE-POWER-002-A001,identity,high,2026-08-22T02:24:00Z,2026-08-22T03:11:00Z,closed,CSE-POWER-002-USR-01,TEST-007
ALRT-000377,CSE-TELECOM-002,CSE-TELECOM-002-A009,execution,medium,2026-06-07T09:27:00Z,2026-06-07T10:06:00Z,closed,CSE-TELECOM-002-USR-02,TEST-008
ALRT-000378,CSE-FINANCE-002,CSE-FINANCE-002-A010,defence-evasion,medium,2026-08-11T18:50:00Z,2026-08-11T19:21:00Z,closed,CSE-FINANCE-002-USR-03,TEST-009
ALRT-000379,CSE-POWER-001,CSE-POWER-001-A002,identity,medium,2026-08-21T10:47:00Z,2026-08-21T10:59:00Z,closed,CSE-POWER-001-USR-04,TEST-010
ALRT-000380,CSE-TELECOM-001,CSE-TELECOM-001-A009,execution,medium,2026-08-28T11:56:00Z,2026-08-28T12:07:00Z,closed,CSE-TELECOM-001-USR-05,TEST-011
ALRT-000381,CSE-FINANCE-001,CSE-FINANCE-001-A002,defence-evasion,high,2026-07-22T11:29:00Z,2026-07-22T11:39:00Z,closed,CSE-FINANCE-001-USR-01,TEST-012
ALRT-000382,CSE-POWER-002,CSE-POWER-002-A006,identity,medium,2026-07-19T05:41:00Z,2026-07-19T06:57:00Z,closed,CSE-POWER-002-USR-02,TEST-013
ALRT-000383,CSE-TELECOM-002,CSE-TELECOM-002-A002,execution,medium,2026-08-13T22:49:00Z,2026-08-13T23:20:00Z,closed,CSE-TELECOM-002-USR-03,TEST-014
ALRT-000384,CSE-FINANCE-002,CSE-FINANCE-002-A003,defence-evasion,medium,2026-07-15T07:34:00Z,2026-07-15T07:53:00Z,closed,CSE-FINANCE-002-USR-04,TEST-015
ALRT-000385,CSE-POWER-001,CSE-POWER-001-A008,identity,medium,2026-08-16T22:13:00Z,2026-08-16T22:46:00Z,closed,CSE-POWER-001-USR-05,TEST-016
ALRT-000386,CSE-TELECOM-001,CSE-TELECOM-001-A006,execution,high,2026-07-18T08:32:00Z,2026-07-18T09:31:00Z,closed,CSE-TELECOM-001-USR-01,TEST-017
ALRT-000387,CSE-FINANCE-001,CSE-FINANCE-001-A005,defence-evasion,medium,2026-06-09T02:23:00Z,2026-06-09T03:12:00Z,closed,CSE-FINANCE-001-USR-02,TEST-018
ALRT-000388,CSE-POWER-002,CSE-POWER-002-A008,identity,medium,2026-08-04T16:33:00Z,2026-08-04T16:53:00Z,closed,CSE-POWER-002-USR-03,TEST-019
ALRT-000389,CSE-TELECOM-002,CSE-TELECOM-002-A008,execution,medium,2026-08-10T21:52:00Z,2026-08-10T23:05:00Z,closed,CSE-TELECOM-002-USR-04,TEST-020
ALRT-000390,CSE-FINANCE-002,CSE-FINANCE-002-A005,defence-evasion,medium,2026-07-30T19:23:00Z,2026-07-30T19:36:00Z,closed,CSE-FINANCE-002-USR-05,TEST-021
ALRT-000391,CSE-POWER-001,CSE-POWER-001-A004,identity,high,2026-07-31T02:05:00Z,2026-07-31T03:00:00Z,closed,CSE-POWER-001-USR-01,TEST-022
ALRT-000392,CSE-TELECOM-001,CSE-TELECOM-001-A003,execution,critical,2026-07-09T02:06:00Z,2026-07-09T02:32:00Z,closed,CSE-TELECOM-001-USR-02,TEST-000
ALRT-000393,CSE-FINANCE-001,CSE-FINANCE-001-A005,defence-evasion,medium,2026-06-17T22:09:00Z,2026-06-17T23:17:00Z,closed,CSE-FINANCE-001-USR-03,TEST-001
ALRT-000394,CSE-POWER-002,CSE-POWER-002-A003,identity,medium,2026-06-29T16:40:00Z,2026-06-29T16:47:00Z,closed,CSE-POWER-002-USR-04,TEST-002
ALRT-000395,CSE-TELECOM-002,CSE-TELECOM-002-A005,execution,medium,2026-07-26T21:34:00Z,2026-07-26T21:55:00Z,closed,CSE-TELECOM-002-USR-05,TEST-003
ALRT-000396,CSE-FINANCE-002,CSE-FINANCE-002-A008,defence-evasion,high,2026-07-17T13:28:00Z,2026-07-17T13:35:00Z,closed,CSE-FINANCE-002-USR-01,TEST-004
ALRT-000397,CSE-POWER-001,CSE-POWER-001-A005,identity,medium,2026-06-27T02:01:00Z,2026-06-27T02:35:00Z,closed,CSE-POWER-001-USR-02,TEST-005
ALRT-000398,CSE-TELECOM-001,CSE-TELECOM-001-A009,execution,medium,2026-08-24T10:26:00Z,2026-08-24T11:45:00Z,closed,CSE-TELECOM-001-USR-03,TEST-006
ALRT-000399,CSE-FINANCE-001,CSE-FINANCE-001-A006,defence-evasion,medium,2026-08-25T20:50:00Z,2026-08-25T21:36:00Z,closed,CSE-FINANCE-001-USR-04,TEST-007
ALRT-000400,CSE-POWER-002,CSE-POWER-002-A008,identity,medium,2026-08-17T21:44:00Z,2026-08-17T22:56:00Z,closed,CSE-POWER-002-USR-05,TEST-008
ALRT-000401,CSE-TELECOM-002,CSE-TELECOM-002-A009,execution,high,2026-07-29T14:19:00Z,2026-07-29T15:36:00Z,closed,CSE-TELECOM-002-USR-01,TEST-009
ALRT-000402,CSE-FINANCE-002,CSE-FINANCE-002-A003,defence-evasion,medium,2026-07-12T05:50:00Z,2026-07-12T06:28:00Z,closed,CSE-FINANCE-002-USR-02,TEST-010
ALRT-000403,CSE-POWER-001,CSE-POWER-001-A004,identity,medium,2026-08-03T11:18:00Z,2026-08-03T11:29:00Z,closed,CSE-POWER-001-USR-03,TEST-011
ALRT-000404,CSE-TELECOM-001,CSE-TELECOM-001-A003,execution,medium,2026-07-18T09:29:00Z,2026-07-18T09:55:00Z,closed,CSE-TELECOM-001-USR-04,TEST-012
ALRT-000405,CSE-FINANCE-001,CSE-FINANCE-001-A010,defence-evasion,medium,2026-06-23T22:34:00Z,2026-06-23T23:15:00Z,closed,CSE-FINANCE-001-USR-05,TEST-013
ALRT-000406,CSE-POWER-002,CSE-POWER-002-A003,identity,high,2026-06-25T22:44:00Z,2026-06-25T23:08:00Z,closed,CSE-POWER-002-USR-01,TEST-014
ALRT-000407,CSE-TELECOM-002,CSE-TELECOM-002-A003,execution,medium,2026-07-03T03:02:00Z,2026-07-03T03:47:00Z,closed,CSE-TELECOM-002-USR-02,TEST-015
ALRT-000408,CSE-FINANCE-002,CSE-FINANCE-002-A010,defence-evasion,medium,2026-06-19T14:16:00Z,2026-06-19T15:08:00Z,closed,CSE-FINANCE-002-USR-03,TEST-016
ALRT-000409,CSE-POWER-001,CSE-POWER-001-A003,identity,critical,2026-06-29T17:45:00Z,2026-06-29T17:54:00Z,closed,CSE-POWER-001-USR-04,TEST-017
ALRT-000410,CSE-TELECOM-001,CSE-TELECOM-001-A006,execution,medium,2026-07-17T04:23:00Z,2026-07-17T05:25:00Z,closed,CSE-TELECOM-001-USR-05,TEST-018
ALRT-000411,CSE-FINANCE-001,CSE-FINANCE-001-A009,defence-evasion,high,2026-06-23T17:19:00Z,2026-06-23T17:39:00Z,closed,CSE-FINANCE-001-USR-01,TEST-019
ALRT-000412,CSE-POWER-002,CSE-POWER-002-A001,identity,medium,2026-07-24T15:49:00Z,2026-07-24T16:12:00Z,closed,CSE-POWER-002-USR-02,TEST-020
ALRT-000413,CSE-TELECOM-002,CSE-TELECOM-002-A008,execution,medium,2026-07-13T04:00:00Z,2026-07-13T05:14:00Z,closed,CSE-TELECOM-002-USR-03,TEST-021
ALRT-000414,CSE-FINANCE-002,CSE-FINANCE-002-A009,defence-evasion,medium,2026-07-15T20:45:00Z,2026-07-15T21:27:00Z,closed,CSE-FINANCE-002-USR-04,TEST-022
ALRT-000415,CSE-POWER-001,CSE-POWER-001-A008,identity,medium,2026-07-10T18:42:00Z,2026-07-10T19:05:00Z,closed,CSE-POWER-001-USR-05,TEST-000
ALRT-000416,CSE-TELECOM-001,CSE-TELECOM-001-A010,execution,high,2026-07-29T10:44:00Z,2026-07-29T11:03:00Z,closed,CSE-TELECOM-001-USR-01,TEST-001
ALRT-000417,CSE-FINANCE-001,CSE-FINANCE-001-A008,defence-evasion,medium,2026-06-08T04:43:00Z,2026-06-08T05:58:00Z,closed,CSE-FINANCE-001-USR-02,TEST-002
ALRT-000418,CSE-POWER-002,CSE-POWER-002-A002,identity,medium,2026-07-12T00:25:00Z,2026-07-12T00:58:00Z,closed,CSE-POWER-002-USR-03,TEST-003
ALRT-000419,CSE-TELECOM-002,CSE-TELECOM-002-A008,execution,medium,2026-07-18T02:20:00Z,2026-07-18T02:32:00Z,closed,CSE-TELECOM-002-USR-04,TEST-004
ALRT-000420,CSE-FINANCE-002,CSE-FINANCE-002-A010,defence-evasion,medium,2026-08-24T06:37:00Z,2026-08-24T07:49:00Z,closed,CSE-FINANCE-002-USR-05,TEST-005
ALRT-000421,CSE-POWER-001,CSE-POWER-001-A004,identity,high,2026-07-08T06:01:00Z,2026-07-08T06:16:00Z,closed,CSE-POWER-001-USR-01,TEST-006
ALRT-000422,CSE-TELECOM-001,CSE-TELECOM-001-A009,execution,medium,2026-07-30T21:42:00Z,2026-07-30T21:58:00Z,closed,CSE-TELECOM-001-USR-02,TEST-007
ALRT-000423,CSE-FINANCE-001,CSE-FINANCE-001-A009,defence-evasion,medium,2026-07-23T06:31:00Z,2026-07-23T07:16:00Z,closed,CSE-FINANCE-001-USR-03,TEST-008
ALRT-000424,CSE-POWER-002,CSE-POWER-002-A010,identity,medium,2026-08-19T16:03:00Z,2026-08-19T16:54:00Z,closed,CSE-POWER-002-USR-04,TEST-009
ALRT-000425,CSE-TELECOM-002,CSE-TELECOM-002-A007,execution,medium,2026-06-21T22:54:00Z,2026-06-21T23:53:00Z,closed,CSE-TELECOM-002-USR-05,TEST-010
ALRT-000426,CSE-FINANCE-002,CSE-FINANCE-002-A006,defence-evasion,critical,2026-07-22T11:00:00Z,2026-07-22T11:41:00Z,closed,CSE-FINANCE-002-USR-01,TEST-011
ALRT-000427,CSE-POWER-001,CSE-POWER-001-A006,identity,medium,2026-07-17T09:28:00Z,2026-07-17T10:44:00Z,closed,CSE-POWER-001-USR-02,TEST-012
ALRT-000428,CSE-TELECOM-001,CSE-TELECOM-001-A002,execution,medium,2026-06-30T23:56:00Z,2026-07-01T00:57:00Z,closed,CSE-TELECOM-001-USR-03,TEST-013
ALRT-000429,CSE-FINANCE-001,CSE-FINANCE-001-A007,defence-evasion,medium,2026-07-29T09:10:00Z,2026-07-29T10:09:00Z,closed,CSE-FINANCE-001-USR-04,TEST-014
ALRT-000430,CSE-POWER-002,CSE-POWER-002-A007,identity,medium,2026-06-20T18:38:00Z,2026-06-20T18:54:00Z,closed,CSE-POWER-002-USR-05,TEST-015
ALRT-000431,CSE-TELECOM-002,CSE-TELECOM-002-A003,execution,high,2026-06-29T09:30:00Z,2026-06-29T10:42:00Z,closed,CSE-TELECOM-002-USR-01,TEST-016
ALRT-000432,CSE-FINANCE-002,CSE-FINANCE-002-A006,defence-evasion,medium,2026-06-11T18:48:00Z,2026-06-11T19:41:00Z,closed,CSE-FINANCE-002-USR-02,TEST-017
ALRT-000433,CSE-POWER-001,CSE-POWER-001-A002,identity,medium,2026-06-03T13:40:00Z,2026-06-03T14:19:00Z,closed,CSE-POWER-001-USR-03,TEST-018
ALRT-000434,CSE-TELECOM-001,CSE-TELECOM-001-A007,execution,medium,2026-06-25T17:29:00Z,2026-06-25T18:46:00Z,closed,CSE-TELECOM-001-USR-04,TEST-019
ALRT-000435,CSE-FINANCE-001,CSE-FINANCE-001-A003,defence-evasion,medium,2026-06-28T05:53:00Z,2026-06-28T06:46:00Z,closed,CSE-FINANCE-001-USR-05,TEST-020
ALRT-000436,CSE-POWER-002,CSE-POWER-002-A005,identity,high,2026-08-12T15:02:00Z,2026-08-12T15:45:00Z,closed,CSE-POWER-002-USR-01,TEST-021
ALRT-000437,CSE-TELECOM-002,CSE-TELECOM-002-A010,execution,medium,2026-07-11T15:35:00Z,2026-07-11T16:39:00Z,closed,CSE-TELECOM-002-USR-02,TEST-022
ALRT-000438,CSE-FINANCE-002,CSE-FINANCE-002-A004,defence-evasion,medium,2026-06-06T00:09:00Z,2026-06-06T00:47:00Z,closed,CSE-FINANCE-002-USR-03,TEST-000
ALRT-000439,CSE-POWER-001,CSE-POWER-001-A005,identity,medium,2026-08-23T20:30:00Z,2026-08-23T20:50:00Z,closed,CSE-POWER-001-USR-04,TEST-001
ALRT-000440,CSE-TELECOM-001,CSE-TELECOM-001-A005,execution,medium,2026-07-26T05:31:00Z,2026-07-26T06:07:00Z,closed,CSE-TELECOM-001-USR-05,TEST-002
ALRT-000441,CSE-FINANCE-001,CSE-FINANCE-001-A001,defence-evasion,high,2026-06-18T08:31:00Z,2026-06-18T08:44:00Z,closed,CSE-FINANCE-001-USR-01,TEST-003
ALRT-000442,CSE-POWER-002,CSE-POWER-002-A010,identity,medium,2026-07-19T18:30:00Z,2026-07-19T19:47:00Z,closed,CSE-POWER-002-USR-02,TEST-004
ALRT-000443,CSE-TELECOM-002,CSE-TELECOM-002-A007,execution,critical,2026-07-06T20:43:00Z,2026-07-06T21:48:00Z,closed,CSE-TELECOM-002-USR-03,TEST-005
ALRT-000444,CSE-FINANCE-002,CSE-FINANCE-002-A002,defence-evasion,medium,2026-07-20T16:46:00Z,2026-07-20T18:04:00Z,closed,CSE-FINANCE-002-USR-04,TEST-006
ALRT-000445,CSE-POWER-001,CSE-POWER-001-A001,identity,medium,2026-07-06T05:37:00Z,2026-07-06T05:49:00Z,closed,CSE-POWER-001-USR-05,TEST-007
ALRT-000446,CSE-TELECOM-001,CSE-TELECOM-001-A003,execution,high,2026-07-13T14:56:00Z,2026-07-13T15:18:00Z,closed,CSE-TELECOM-001-USR-01,TEST-008
ALRT-000447,CSE-FINANCE-001,CSE-FINANCE-001-A006,defence-evasion,medium,2026-06-23T01:17:00Z,2026-06-23T02:08:00Z,closed,CSE-FINANCE-001-USR-02,TEST-009
ALRT-000448,CSE-POWER-002,CSE-POWER-002-A007,identity,medium,2026-08-23T11:03:00Z,2026-08-23T11:45:00Z,closed,CSE-POWER-002-USR-03,TEST-010
ALRT-000449,CSE-TELECOM-002,CSE-TELECOM-002-A005,execution,medium,2026-08-09T20:59:00Z,2026-08-09T21:13:00Z,closed,CSE-TELECOM-002-USR-04,TEST-011
ALRT-000450,CSE-FINANCE-002,CSE-FINANCE-002-A009,defence-evasion,medium,2026-06-27T20:11:00Z,2026-06-27T20:28:00Z,closed,CSE-FINANCE-002-USR-05,TEST-012
ALRT-000451,CSE-POWER-001,CSE-POWER-001-A010,identity,high,2026-06-24T17:20:00Z,2026-06-24T18:05:00Z,closed,CSE-POWER-001-USR-01,TEST-013
ALRT-000452,CSE-TELECOM-001,CSE-TELECOM-001-A005,execution,medium,2026-07-07T21:44:00Z,2026-07-07T22:35:00Z,closed,CSE-TELECOM-001-USR-02,TEST-014
ALRT-000453,CSE-FINANCE-001,CSE-FINANCE-001-A002,defence-evasion,medium,2026-08-10T18:22:00Z,2026-08-10T18:45:00Z,closed,CSE-FINANCE-001-USR-03,TEST-015
ALRT-000454,CSE-POWER-002,CSE-POWER-002-A001,identity,medium,2026-06-20T16:18:00Z,2026-06-20T17:10:00Z,closed,CSE-POWER-002-USR-04,TEST-016
ALRT-000455,CSE-TELECOM-002,CSE-TELECOM-002-A008,execution,medium,2026-07-25T10:58:00Z,2026-07-25T11:23:00Z,closed,CSE-TELECOM-002-USR-05,TEST-017
ALRT-000456,CSE-FINANCE-002,CSE-FINANCE-002-A002,defence-evasion,high,2026-06-30T04:32:00Z,2026-06-30T05:05:00Z,closed,CSE-FINANCE-002-USR-01,TEST-018
ALRT-000457,CSE-POWER-001,CSE-POWER-001-A004,identity,medium,2026-08-13T19:44:00Z,2026-08-13T20:56:00Z,closed,CSE-POWER-001-USR-02,TEST-019
ALRT-000458,CSE-TELECOM-001,CSE-TELECOM-001-A009,execution,medium,2026-08-12T22:48:00Z,2026-08-12T23:07:00Z,closed,CSE-TELECOM-001-USR-03,TEST-020
ALRT-000459,CSE-FINANCE-001,CSE-FINANCE-001-A007,defence-evasion,medium,2026-07-31T02:07:00Z,2026-07-31T02:28:00Z,closed,CSE-FINANCE-001-USR-04,TEST-021
ALRT-000460,CSE-POWER-002,CSE-POWER-002-A001,identity,critical,2026-08-03T11:19:00Z,2026-08-03T12:10:00Z,closed,CSE-POWER-002-USR-05,TEST-022
ALRT-000461,CSE-TELECOM-002,CSE-TELECOM-002-A003,execution,high,2026-07-29T19:33:00Z,2026-07-29T20:21:00Z,closed,CSE-TELECOM-002-USR-01,TEST-000
ALRT-000462,CSE-FINANCE-002,CSE-FINANCE-002-A003,defence-evasion,medium,2026-07-11T00:47:00Z,2026-07-11T01:07:00Z,closed,CSE-FINANCE-002-USR-02,TEST-001
ALRT-000463,CSE-POWER-001,CSE-POWER-001-A004,identity,medium,2026-06-19T22:09:00Z,2026-06-19T22:43:00Z,closed,CSE-POWER-001-USR-03,TEST-002
ALRT-000464,CSE-TELECOM-001,CSE-TELECOM-001-A005,execution,medium,2026-06-19T06:08:00Z,2026-06-19T06:23:00Z,closed,CSE-TELECOM-001-USR-04,TEST-003
ALRT-000465,CSE-FINANCE-001,CSE-FINANCE-001-A007,defence-evasion,medium,2026-08-30T03:04:00Z,2026-08-30T03:11:00Z,closed,CSE-FINANCE-001-USR-05,TEST-004
ALRT-000466,CSE-POWER-002,CSE-POWER-002-A008,identity,high,2026-07-28T01:12:00Z,2026-07-28T01:30:00Z,closed,CSE-POWER-002-USR-01,TEST-005
ALRT-000467,CSE-TELECOM-002,CSE-TELECOM-002-A001,execution,medium,2026-08-26T16:37:00Z,2026-08-26T16:49:00Z,closed,CSE-TELECOM-002-USR-02,TEST-006
ALRT-000468,CSE-FINANCE-002,CSE-FINANCE-002-A008,defence-evasion,medium,2026-06-18T08:02:00Z,2026-06-18T08:15:00Z,closed,CSE-FINANCE-002-USR-03,TEST-007
ALRT-000469,CSE-POWER-001,CSE-POWER-001-A005,identity,medium,2026-08-27T00:48:00Z,2026-08-27T01:05:00Z,closed,CSE-POWER-001-USR-04,TEST-008
ALRT-000470,CSE-TELECOM-001,CSE-TELECOM-001-A002,execution,medium,2026-08-19T06:37:00Z,2026-08-19T07:07:00Z,closed,CSE-TELECOM-001-USR-05,TEST-009
ALRT-000471,CSE-FINANCE-001,CSE-FINANCE-001-A003,defence-evasion,high,2026-08-27T11:01:00Z,2026-08-27T11:17:00Z,closed,CSE-FINANCE-001-USR-01,TEST-010
ALRT-000472,CSE-POWER-002,CSE-POWER-002-A003,identity,medium,2026-07-08T18:22:00Z,2026-07-08T19:12:00Z,closed,CSE-POWER-002-USR-02,TEST-011
ALRT-000473,CSE-TELECOM-002,CSE-TELECOM-002-A003,execution,medium,2026-08-06T23:39:00Z,2026-08-07T00:14:00Z,closed,CSE-TELECOM-002-USR-03,TEST-012
ALRT-000474,CSE-FINANCE-002,CSE-FINANCE-002-A009,defence-evasion,medium,2026-08-14T02:06:00Z,2026-08-14T03:25:00Z,closed,CSE-FINANCE-002-USR-04,TEST-013
ALRT-000475,CSE-POWER-001,CSE-POWER-001-A001,identity,medium,2026-08-09T06:45:00Z,2026-08-09T07:14:00Z,closed,CSE-POWER-001-USR-05,TEST-014
ALRT-000476,CSE-TELECOM-001,CSE-TELECOM-001-A005,execution,high,2026-06-24T17:00:00Z,2026-06-24T17:17:00Z,closed,CSE-TELECOM-001-USR-01,TEST-015
ALRT-000477,CSE-FINANCE-001,CSE-FINANCE-001-A004,defence-evasion,critical,2026-08-06T22:30:00Z,2026-08-06T23:21:00Z,closed,CSE-FINANCE-001-USR-02,TEST-016
ALRT-000478,CSE-POWER-002,CSE-POWER-002-A010,identity,medium,2026-06-26T14:43:00Z,2026-06-26T15:01:00Z,closed,CSE-POWER-002-USR-03,TEST-017
ALRT-000479,CSE-TELECOM-002,CSE-TELECOM-002-A003,execution,medium,2026-07-18T12:27:00Z,2026-07-18T12:59:00Z,closed,CSE-TELECOM-002-USR-04,TEST-018
ALRT-000480,CSE-FINANCE-002,CSE-FINANCE-002-A009,defence-evasion,medium,2026-07-02T13:07:00Z,2026-07-02T13:52:00Z,closed,CSE-FINANCE-002-USR-05,TEST-019
ALRT-000481,CSE-POWER-001,CSE-POWER-001-A002,identity,high,2026-08-01T03:33:00Z,2026-08-01T03:55:00Z,closed,CSE-POWER-001-USR-01,TEST-020
ALRT-000482,CSE-TELECOM-001,CSE-TELECOM-001-A008,execution,medium,2026-07-19T22:18:00Z,2026-07-19T23:34:00Z,closed,CSE-TELECOM-001-USR-02,TEST-021
ALRT-000483,CSE-FINANCE-001,CSE-FINANCE-001-A001,defence-evasion,medium,2026-06-13T10:31:00Z,2026-06-13T10:50:00Z,closed,CSE-FINANCE-001-USR-03,TEST-022
ALRT-000484,CSE-POWER-002,CSE-POWER-002-A007,identity,medium,2026-07-09T14:38:00Z,2026-07-09T15:22:00Z,closed,CSE-POWER-002-USR-04,TEST-000
ALRT-000485,CSE-TELECOM-002,CSE-TELECOM-002-A008,execution,medium,2026-07-01T17:26:00Z,2026-07-01T18:08:00Z,closed,CSE-TELECOM-002-USR-05,TEST-001
ALRT-000486,CSE-FINANCE-002,CSE-FINANCE-002-A007,defence-evasion,high,2026-06-27T02:57:00Z,2026-06-27T04:02:00Z,closed,CSE-FINANCE-002-USR-01,TEST-002
ALRT-000487,CSE-POWER-001,CSE-POWER-001-A006,identity,medium,2026-06-25T00:43:00Z,2026-06-25T01:50:00Z,closed,CSE-POWER-001-USR-02,TEST-003
ALRT-000488,CSE-TELECOM-001,CSE-TELECOM-001-A002,execution,medium,2026-07-23T14:33:00Z,2026-07-23T14:48:00Z,closed,CSE-TELECOM-001-USR-03,TEST-004
ALRT-000489,CSE-FINANCE-001,CSE-FINANCE-001-A002,defence-evasion,medium,2026-06-21T12:25:00Z,2026-06-21T12:43:00Z,closed,CSE-FINANCE-001-USR-04,TEST-005
ALRT-000490,CSE-POWER-002,CSE-POWER-002-A003,identity,medium,2026-06-11T11:12:00Z,2026-06-11T12:00:00Z,closed,CSE-POWER-002-USR-05,TEST-006
ALRT-000491,CSE-TELECOM-002,CSE-TELECOM-002-A004,execution,high,2026-08-18T12:07:00Z,2026-08-18T12:41:00Z,closed,CSE-TELECOM-002-USR-01,TEST-007
ALRT-000492,CSE-FINANCE-002,CSE-FINANCE-002-A007,defence-evasion,medium,2026-08-05T08:48:00Z,2026-08-05T10:07:00Z,closed,CSE-FINANCE-002-USR-02,TEST-008
ALRT-000493,CSE-POWER-001,CSE-POWER-001-A010,identity,medium,2026-07-07T20:25:00Z,2026-07-07T21:15:00Z,closed,CSE-POWER-001-USR-03,TEST-009
ALRT-000494,CSE-TELECOM-001,CSE-TELECOM-001-A008,execution,critical,2026-08-27T19:25:00Z,2026-08-27T20:32:00Z,closed,CSE-TELECOM-001-USR-04,TEST-010
ALRT-000495,CSE-FINANCE-001,CSE-FINANCE-001-A009,defence-evasion,medium,2026-07-08T04:49:00Z,2026-07-08T05:52:00Z,closed,CSE-FINANCE-001-USR-05,TEST-011
ALRT-000496,CSE-POWER-002,CSE-POWER-002-A002,identity,high,2026-06-18T08:31:00Z,2026-06-18T09:39:00Z,closed,CSE-POWER-002-USR-01,TEST-012
ALRT-000497,CSE-TELECOM-002,CSE-TELECOM-002-A004,execution,medium,2026-08-22T04:01:00Z,2026-08-22T04:18:00Z,closed,CSE-TELECOM-002-USR-02,TEST-013
ALRT-000498,CSE-FINANCE-002,CSE-FINANCE-002-A001,defence-evasion,medium,2026-06-11T15:43:00Z,2026-06-11T15:51:00Z,closed,CSE-FINANCE-002-USR-03,TEST-014
ALRT-000499,CSE-POWER-001,CSE-POWER-001-A003,identity,medium,2026-07-21T19:43:00Z,2026-07-21T20:29:00Z,closed,CSE-POWER-001-USR-04,TEST-015
ALRT-000500,CSE-TELECOM-001,CSE-TELECOM-001-A003,execution,medium,2026-07-11T19:39:00Z,2026-07-11T19:56:00Z,closed,CSE-TELECOM-001-USR-05,TEST-016
ALRT-000501,CSE-FINANCE-001,CSE-FINANCE-001-A002,defence-evasion,high,2026-08-26T16:49:00Z,2026-08-26T17:57:00Z,closed,CSE-FINANCE-001-USR-01,TEST-017
ALRT-000502,CSE-POWER-002,CSE-POWER-002-A008,identity,medium,2026-06-28T09:42:00Z,2026-06-28T10:50:00Z,closed,CSE-POWER-002-USR-02,TEST-018
ALRT-000503,CSE-TELECOM-002,CSE-TELECOM-002-A008,execution,medium,2026-08-06T08:34:00Z,2026-08-06T09:22:00Z,closed,CSE-TELECOM-002-USR-03,TEST-019
ALRT-000504,CSE-FINANCE-002,CSE-FINANCE-002-A009,defence-evasion,medium,2026-08-11T00:48:00Z,2026-08-11T00:57:00Z,closed,CSE-FINANCE-002-USR-04,TEST-020
ALRT-000505,CSE-POWER-001,CSE-POWER-001-A007,identity,medium,2026-06-18T12:28:00Z,2026-06-18T13:13:00Z,closed,CSE-POWER-001-USR-05,TEST-021
ALRT-000506,CSE-TELECOM-001,CSE-TELECOM-001-A007,execution,high,2026-07-29T14:02:00Z,2026-07-29T14:11:00Z,closed,CSE-TELECOM-001-USR-01,TEST-022
ALRT-000507,CSE-FINANCE-001,CSE-FINANCE-001-A003,defence-evasion,medium,2026-08-13T21:55:00Z,2026-08-13T22:38:00Z,closed,CSE-FINANCE-001-USR-02,TEST-000
ALRT-000508,CSE-POWER-002,CSE-POWER-002-A003,identity,medium,2026-08-04T13:08:00Z,2026-08-04T13:52:00Z,closed,CSE-POWER-002-USR-03,TEST-001
ALRT-000509,CSE-TELECOM-002,CSE-TELECOM-002-A007,execution,medium,2026-08-04T03:36:00Z,2026-08-04T04:43:00Z,closed,CSE-TELECOM-002-USR-04,TEST-002
ALRT-000510,CSE-FINANCE-002,CSE-FINANCE-002-A009,defence-evasion,medium,2026-08-29T17:36:00Z,2026-08-29T18:41:00Z,closed,CSE-FINANCE-002-USR-05,TEST-003
ALRT-000511,CSE-POWER-001,CSE-POWER-001-A008,identity,critical,2026-08-13T05:32:00Z,2026-08-13T05:44:00Z,closed,CSE-POWER-001-USR-01,TEST-004
ALRT-000512,CSE-TELECOM-001,CSE-TELECOM-001-A007,execution,medium,2026-07-06T15:37:00Z,2026-07-06T16:30:00Z,closed,CSE-TELECOM-001-USR-02,TEST-005
ALRT-000513,CSE-FINANCE-001,CSE-FINANCE-001-A010,defence-evasion,medium,2026-08-28T11:49:00Z,2026-08-28T12:30:00Z,closed,CSE-FINANCE-001-USR-03,TEST-006
ALRT-000514,CSE-POWER-002,CSE-POWER-002-A006,identity,medium,2026-06-10T00:37:00Z,2026-06-10T00:47:00Z,closed,CSE-POWER-002-USR-04,TEST-007
ALRT-000515,CSE-TELECOM-002,CSE-TELECOM-002-A003,execution,medium,2026-07-19T11:51:00Z,2026-07-19T13:10:00Z,closed,CSE-TELECOM-002-USR-05,TEST-008
ALRT-000516,CSE-FINANCE-002,CSE-FINANCE-002-A001,defence-evasion,high,2026-08-22T10:24:00Z,2026-08-22T10:41:00Z,closed,CSE-FINANCE-002-USR-01,TEST-009
ALRT-000517,CSE-POWER-001,CSE-POWER-001-A007,identity,medium,2026-07-17T11:26:00Z,2026-07-17T12:15:00Z,closed,CSE-POWER-001-USR-02,TEST-010
ALRT-000518,CSE-TELECOM-001,CSE-TELECOM-001-A001,execution,medium,2026-08-26T07:15:00Z,2026-08-26T07:50:00Z,closed,CSE-TELECOM-001-USR-03,TEST-011
ALRT-000519,CSE-FINANCE-001,CSE-FINANCE-001-A005,defence-evasion,medium,2026-08-17T02:58:00Z,2026-08-17T03:11:00Z,closed,CSE-FINANCE-001-USR-04,TEST-012
ALRT-000520,CSE-POWER-002,CSE-POWER-002-A005,identity,medium,2026-06-17T10:10:00Z,2026-06-17T10:17:00Z,closed,CSE-POWER-002-USR-05,TEST-013
ALRT-000521,CSE-TELECOM-002,CSE-TELECOM-002-A009,execution,high,2026-07-14T01:29:00Z,2026-07-14T02:28:00Z,closed,CSE-TELECOM-002-USR-01,TEST-014
ALRT-000522,CSE-FINANCE-002,CSE-FINANCE-002-A010,defence-evasion,medium,2026-08-07T13:17:00Z,2026-08-07T13:24:00Z,closed,CSE-FINANCE-002-USR-02,TEST-015
ALRT-000523,CSE-POWER-001,CSE-POWER-001-A008,identity,medium,2026-08-17T00:20:00Z,2026-08-17T01:13:00Z,closed,CSE-POWER-001-USR-03,TEST-016
ALRT-000524,CSE-TELECOM-001,CSE-TELECOM-001-A010,execution,medium,2026-07-22T10:36:00Z,2026-07-22T10:53:00Z,closed,CSE-TELECOM-001-USR-04,TEST-017
ALRT-000525,CSE-FINANCE-001,CSE-FINANCE-001-A008,defence-evasion,medium,2026-06-15T22:43:00Z,2026-06-15T23:14:00Z,closed,CSE-FINANCE-001-USR-05,TEST-018
ALRT-000526,CSE-POWER-002,CSE-POWER-002-A006,identity,high,2026-08-05T16:51:00Z,2026-08-05T17:39:00Z,closed,CSE-POWER-002-USR-01,TEST-019
ALRT-000527,CSE-TELECOM-002,CSE-TELECOM-002-A003,execution,medium,2026-08-20T09:23:00Z,2026-08-20T10:23:00Z,closed,CSE-TELECOM-002-USR-02,TEST-020
ALRT-000528,CSE-FINANCE-002,CSE-FINANCE-002-A004,defence-evasion,critical,2026-08-05T20:54:00Z,2026-08-05T21:08:00Z,closed,CSE-FINANCE-002-USR-03,TEST-021
ALRT-000529,CSE-POWER-001,CSE-POWER-001-A009,identity,medium,2026-06-30T09:16:00Z,2026-06-30T09:27:00Z,closed,CSE-POWER-001-USR-04,TEST-022
ALRT-000530,CSE-TELECOM-001,CSE-TELECOM-001-A005,execution,medium,2026-08-15T12:51:00Z,2026-08-15T13:24:00Z,closed,CSE-TELECOM-001-USR-05,TEST-000
ALRT-000531,CSE-FINANCE-001,CSE-FINANCE-001-A010,defence-evasion,high,2026-06-14T22:54:00Z,2026-06-15T00:13:00Z,closed,CSE-FINANCE-001-USR-01,TEST-001
ALRT-000532,CSE-POWER-002,CSE-POWER-002-A002,identity,medium,2026-08-17T10:17:00Z,2026-08-17T10:30:00Z,closed,CSE-POWER-002-USR-02,TEST-002
ALRT-000533,CSE-TELECOM-002,CSE-TELECOM-002-A010,execution,medium,2026-08-09T15:27:00Z,2026-08-09T15:58:00Z,closed,CSE-TELECOM-002-USR-03,TEST-003
ALRT-000534,CSE-FINANCE-002,CSE-FINANCE-002-A006,defence-evasion,medium,2026-06-12T20:52:00Z,2026-06-12T21:35:00Z,closed,CSE-FINANCE-002-USR-04,TEST-004
ALRT-000535,CSE-POWER-001,CSE-POWER-001-A009,identity,medium,2026-07-11T13:42:00Z,2026-07-11T14:56:00Z,closed,CSE-POWER-001-USR-05,TEST-005
ALRT-000536,CSE-TELECOM-001,CSE-TELECOM-001-A006,execution,high,2026-06-28T13:25:00Z,2026-06-28T14:02:00Z,closed,CSE-TELECOM-001-USR-01,TEST-006
ALRT-000537,CSE-FINANCE-001,CSE-FINANCE-001-A010,defence-evasion,medium,2026-08-07T14:42:00Z,2026-08-07T15:57:00Z,closed,CSE-FINANCE-001-USR-02,TEST-007
ALRT-000538,CSE-POWER-002,CSE-POWER-002-A003,identity,medium,2026-06-05T20:45:00Z,2026-06-05T21:56:00Z,closed,CSE-POWER-002-USR-03,TEST-008
ALRT-000539,CSE-TELECOM-002,CSE-TELECOM-002-A003,execution,medium,2026-08-15T15:13:00Z,2026-08-15T16:17:00Z,closed,CSE-TELECOM-002-USR-04,TEST-009
ALRT-000540,CSE-FINANCE-002,CSE-FINANCE-002-A005,defence-evasion,medium,2026-08-23T17:51:00Z,2026-08-23T18:51:00Z,closed,CSE-FINANCE-002-USR-05,TEST-010
ALRT-000541,CSE-POWER-001,CSE-POWER-001-A010,identity,high,2026-08-22T01:33:00Z,2026-08-22T02:03:00Z,closed,CSE-POWER-001-USR-01,TEST-011
ALRT-000542,CSE-TELECOM-001,CSE-TELECOM-001-A006,execution,medium,2026-08-01T04:15:00Z,2026-08-01T04:39:00Z,closed,CSE-TELECOM-001-USR-02,TEST-012
ALRT-000543,CSE-FINANCE-001,CSE-FINANCE-001-A005,defence-evasion,medium,2026-07-28T13:20:00Z,2026-07-28T13:33:00Z,closed,CSE-FINANCE-001-USR-03,TEST-013
ALRT-000544,CSE-POWER-002,CSE-POWER-002-A004,identity,medium,2026-07-25T08:52:00Z,2026-07-25T09:33:00Z,closed,CSE-POWER-002-USR-04,TEST-014
ALRT-000545,CSE-TELECOM-002,CSE-TELECOM-002-A003,execution,critical,2026-07-05T21:38:00Z,2026-07-05T22:13:00Z,closed,CSE-TELECOM-002-USR-05,TEST-015
ALRT-000546,CSE-FINANCE-002,CSE-FINANCE-002-A007,defence-evasion,high,2026-07-03T03:09:00Z,2026-07-03T03:38:00Z,closed,CSE-FINANCE-002-USR-01,TEST-016
ALRT-000547,CSE-POWER-001,CSE-POWER-001-A001,identity,medium,2026-07-04T09:29:00Z,2026-07-04T10:36:00Z,closed,CSE-POWER-001-USR-02,TEST-017
ALRT-000548,CSE-TELECOM-001,CSE-TELECOM-001-A009,execution,medium,2026-07-28T13:41:00Z,2026-07-28T13:50:00Z,closed,CSE-TELECOM-001-USR-03,TEST-018
ALRT-000549,CSE-FINANCE-001,CSE-FINANCE-001-A004,defence-evasion,medium,2026-06-23T08:08:00Z,2026-06-23T08:16:00Z,closed,CSE-FINANCE-001-USR-04,TEST-019
ALRT-000550,CSE-POWER-002,CSE-POWER-002-A005,identity,medium,2026-07-08T21:35:00Z,2026-07-08T22:02:00Z,closed,CSE-POWER-002-USR-05,TEST-020
ALRT-000551,CSE-TELECOM-002,CSE-TELECOM-002-A001,execution,high,2026-08-04T00:03:00Z,2026-08-04T00:18:00Z,closed,CSE-TELECOM-002-USR-01,TEST-021
ALRT-000552,CSE-FINANCE-002,CSE-FINANCE-002-A006,defence-evasion,medium,2026-08-19T09:55:00Z,2026-08-19T10:08:00Z,closed,CSE-FINANCE-002-USR-02,TEST-022
ALRT-000553,CSE-POWER-001,CSE-POWER-001-A007,identity,medium,2026-07-19T21:42:00Z,2026-07-19T21:58:00Z,closed,CSE-POWER-001-USR-03,TEST-000
ALRT-000554,CSE-TELECOM-001,CSE-TELECOM-001-A007,execution,medium,2026-06-20T07:07:00Z,2026-06-20T08:25:00Z,closed,CSE-TELECOM-001-USR-04,TEST-001
ALRT-000555,CSE-FINANCE-001,CSE-FINANCE-001-A009,defence-evasion,medium,2026-06-18T16:42:00Z,2026-06-18T18:01:00Z,closed,CSE-FINANCE-001-USR-05,TEST-002
ALRT-000556,CSE-POWER-002,CSE-POWER-002-A009,identity,high,2026-07-05T15:56:00Z,2026-07-05T16:12:00Z,closed,CSE-POWER-002-USR-01,TEST-003
ALRT-000557,CSE-TELECOM-002,CSE-TELECOM-002-A004,execution,medium,2026-08-18T03:49:00Z,2026-08-18T04:34:00Z,closed,CSE-TELECOM-002-USR-02,TEST-004
ALRT-000558,CSE-FINANCE-002,CSE-FINANCE-002-A006,defence-evasion,medium,2026-08-16T23:24:00Z,2026-08-16T23:59:00Z,closed,CSE-FINANCE-002-USR-03,TEST-005
ALRT-000559,CSE-POWER-001,CSE-POWER-001-A007,identity,medium,2026-06-30T04:06:00Z,2026-06-30T04:33:00Z,closed,CSE-POWER-001-USR-04,TEST-006
ALRT-000560,CSE-TELECOM-001,CSE-TELECOM-001-A004,execution,medium,2026-07-08T14:26:00Z,2026-07-08T15:03:00Z,closed,CSE-TELECOM-001-USR-05,TEST-007
ALRT-000561,CSE-FINANCE-001,CSE-FINANCE-001-A010,defence-evasion,high,2026-06-10T15:34:00Z,2026-06-10T16:26:00Z,closed,CSE-FINANCE-001-USR-01,TEST-008
ALRT-000562,CSE-POWER-002,CSE-POWER-002-A002,identity,critical,2026-07-13T17:27:00Z,2026-07-13T18:32:00Z,closed,CSE-POWER-002-USR-02,TEST-009
ALRT-000563,CSE-TELECOM-002,CSE-TELECOM-002-A004,execution,medium,2026-07-08T04:23:00Z,2026-07-08T05:28:00Z,closed,CSE-TELECOM-002-USR-03,TEST-010
ALRT-000564,CSE-FINANCE-002,CSE-FINANCE-002-A006,defence-evasion,medium,2026-07-12T00:41:00Z,2026-07-12T00:50:00Z,closed,CSE-FINANCE-002-USR-04,TEST-011
ALRT-000565,CSE-POWER-001,CSE-POWER-001-A001,identity,medium,2026-08-30T21:15:00Z,2026-08-30T21:52:00Z,closed,CSE-POWER-001-USR-05,TEST-012
ALRT-000566,CSE-TELECOM-001,CSE-TELECOM-001-A009,execution,high,2026-07-22T09:40:00Z,2026-07-22T10:31:00Z,closed,CSE-TELECOM-001-USR-01,TEST-013
ALRT-000567,CSE-FINANCE-001,CSE-FINANCE-001-A002,defence-evasion,medium,2026-08-10T07:54:00Z,2026-08-10T08:55:00Z,closed,CSE-FINANCE-001-USR-02,TEST-014
ALRT-000568,CSE-POWER-002,CSE-POWER-002-A007,identity,medium,2026-06-04T12:59:00Z,2026-06-04T13:36:00Z,closed,CSE-POWER-002-USR-03,TEST-015
ALRT-000569,CSE-TELECOM-002,CSE-TELECOM-002-A005,execution,medium,2026-06-14T07:19:00Z,2026-06-14T07:50:00Z,closed,CSE-TELECOM-002-USR-04,TEST-016
ALRT-000570,CSE-FINANCE-002,CSE-FINANCE-002-A003,defence-evasion,medium,2026-07-29T20:20:00Z,2026-07-29T21:17:00Z,closed,CSE-FINANCE-002-USR-05,TEST-017
ALRT-000571,CSE-POWER-001,CSE-POWER-001-A001,identity,high,2026-07-08T02:52:00Z,2026-07-08T03:59:00Z,closed,CSE-POWER-001-USR-01,TEST-018
ALRT-000572,CSE-TELECOM-001,CSE-TELECOM-001-A008,execution,medium,2026-07-25T10:45:00Z,2026-07-25T11:44:00Z,closed,CSE-TELECOM-001-USR-02,TEST-019
ALRT-000573,CSE-FINANCE-001,CSE-FINANCE-001-A002,defence-evasion,medium,2026-06-23T22:16:00Z,2026-06-23T23:25:00Z,closed,CSE-FINANCE-001-USR-03,TEST-020
ALRT-000574,CSE-POWER-002,CSE-POWER-002-A002,identity,medium,2026-07-18T13:38:00Z,2026-07-18T14:53:00Z,closed,CSE-POWER-002-USR-04,TEST-021
ALRT-000575,CSE-TELECOM-002,CSE-TELECOM-002-A006,execution,medium,2026-07-31T22:01:00Z,2026-07-31T22:12:00Z,closed,CSE-TELECOM-002-USR-05,TEST-022
ALRT-000576,CSE-FINANCE-002,CSE-FINANCE-002-A003,defence-evasion,high,2026-08-22T14:50:00Z,2026-08-22T15:12:00Z,closed,CSE-FINANCE-002-USR-01,TEST-000
ALRT-000577,CSE-POWER-001,CSE-POWER-001-A001,identity,medium,2026-07-24T06:40:00Z,2026-07-24T07:24:00Z,closed,CSE-POWER-001-USR-02,TEST-001
ALRT-000578,CSE-TELECOM-001,CSE-TELECOM-001-A006,execution,medium,2026-08-15T02:07:00Z,2026-08-15T02:32:00Z,closed,CSE-TELECOM-001-USR-03,TEST-002
ALRT-000579,CSE-FINANCE-001,CSE-FINANCE-001-A004,defence-evasion,critical,2026-08-08T22:49:00Z,2026-08-08T23:10:00Z,closed,CSE-FINANCE-001-USR-04,TEST-003
ALRT-000580,CSE-POWER-002,CSE-POWER-002-A010,identity,medium,2026-08-29T13:50:00Z,2026-08-29T14:35:00Z,closed,CSE-POWER-002-USR-05,TEST-004
ALRT-000581,CSE-TELECOM-002,CSE-TELECOM-002-A008,execution,high,2026-08-03T23:08:00Z,2026-08-03T23:46:00Z,closed,CSE-TELECOM-002-USR-01,TEST-005
ALRT-000582,CSE-FINANCE-002,CSE-FINANCE-002-A003,defence-evasion,medium,2026-08-29T18:52:00Z,2026-08-29T19:38:00Z,closed,CSE-FINANCE-002-USR-02,TEST-006
ALRT-000583,CSE-POWER-001,CSE-POWER-001-A005,identity,medium,2026-06-28T02:26:00Z,2026-06-28T03:18:00Z,closed,CSE-POWER-001-USR-03,TEST-007
ALRT-000584,CSE-TELECOM-001,CSE-TELECOM-001-A003,execution,medium,2026-07-23T12:53:00Z,2026-07-23T14:11:00Z,closed,CSE-TELECOM-001-USR-04,TEST-008
ALRT-000585,CSE-FINANCE-001,CSE-FINANCE-001-A004,defence-evasion,medium,2026-06-05T00:59:00Z,2026-06-05T02:15:00Z,closed,CSE-FINANCE-001-USR-05,TEST-009
ALRT-000586,CSE-POWER-002,CSE-POWER-002-A010,identity,high,2026-08-22T07:58:00Z,2026-08-22T08:14:00Z,closed,CSE-POWER-002-USR-01,TEST-010
ALRT-000587,CSE-TELECOM-002,CSE-TELECOM-002-A008,execution,medium,2026-06-28T08:44:00Z,2026-06-28T09:10:00Z,closed,CSE-TELECOM-002-USR-02,TEST-011
ALRT-000588,CSE-FINANCE-002,CSE-FINANCE-002-A001,defence-evasion,medium,2026-07-24T19:27:00Z,2026-07-24T20:05:00Z,closed,CSE-FINANCE-002-USR-03,TEST-012
ALRT-000589,CSE-POWER-001,CSE-POWER-001-A003,identity,medium,2026-06-14T11:10:00Z,2026-06-14T12:27:00Z,closed,CSE-POWER-001-USR-04,TEST-013
ALRT-000590,CSE-TELECOM-001,CSE-TELECOM-001-A002,execution,medium,2026-06-04T22:33:00Z,2026-06-04T23:33:00Z,closed,CSE-TELECOM-001-USR-05,TEST-014
ALRT-000591,CSE-FINANCE-001,CSE-FINANCE-001-A008,defence-evasion,high,2026-08-28T15:07:00Z,2026-08-28T15:40:00Z,closed,CSE-FINANCE-001-USR-01,TEST-015
ALRT-000592,CSE-POWER-002,CSE-POWER-002-A004,identity,medium,2026-06-27T08:18:00Z,2026-06-27T09:26:00Z,closed,CSE-POWER-002-USR-02,TEST-016
ALRT-000593,CSE-TELECOM-002,CSE-TELECOM-002-A007,execution,medium,2026-06-19T13:54:00Z,2026-06-19T14:25:00Z,closed,CSE-TELECOM-002-USR-03,TEST-017
ALRT-000594,CSE-FINANCE-002,CSE-FINANCE-002-A010,defence-evasion,medium,2026-06-30T09:46:00Z,2026-06-30T10:15:00Z,closed,CSE-FINANCE-002-USR-04,TEST-018
ALRT-000595,CSE-POWER-001,CSE-POWER-001-A007,identity,medium,2026-06-26T13:50:00Z,2026-06-26T14:13:00Z,closed,CSE-POWER-001-USR-05,TEST-019
ALRT-000596,CSE-TELECOM-001,CSE-TELECOM-001-A001,execution,critical,2026-07-10T08:15:00Z,2026-07-10T09:17:00Z,closed,CSE-TELECOM-001-USR-01,TEST-020
ALRT-000597,CSE-FINANCE-001,CSE-FINANCE-001-A004,defence-evasion,medium,2026-07-20T18:43:00Z,2026-07-20T19:46:00Z,closed,CSE-FINANCE-001-USR-02,TEST-021
ALRT-000598,CSE-POWER-002,CSE-POWER-002-A002,identity,medium,2026-06-04T15:08:00Z,2026-06-04T15:54:00Z,closed,CSE-POWER-002-USR-03,TEST-022
ALRT-000599,CSE-TELECOM-002,CSE-TELECOM-002-A007,execution,medium,2026-08-29T06:45:00Z,2026-08-29T07:39:00Z,closed,CSE-TELECOM-002-USR-04,TEST-000
ALRT-000600,CSE-FINANCE-002,CSE-FINANCE-002-A007,defence-evasion,medium,2026-08-18T08:04:00Z,2026-08-18T08:21:00Z,closed,CSE-FINANCE-002-USR-05,TEST-001
ALRT-000601,CSE-POWER-001,CSE-POWER-001-A009,identity,high,2026-06-10T01:21:00Z,2026-06-10T01:56:00Z,closed,CSE-POWER-001-USR-01,TEST-002
ALRT-000602,CSE-TELECOM-001,CSE-TELECOM-001-A008,execution,medium,2026-07-18T19:42:00Z,2026-07-18T19:52:00Z,closed,CSE-TELECOM-001-USR-02,TEST-003
ALRT-000603,CSE-FINANCE-001,CSE-FINANCE-001-A001,defence-evasion,medium,2026-07-05T16:39:00Z,2026-07-05T17:32:00Z,closed,CSE-FINANCE-001-USR-03,TEST-004
ALRT-000604,CSE-POWER-002,CSE-POWER-002-A005,identity,medium,2026-07-23T21:23:00Z,2026-07-23T21:44:00Z,closed,CSE-POWER-002-USR-04,TEST-005
ALRT-000605,CSE-TELECOM-002,CSE-TELECOM-002-A009,execution,medium,2026-06-08T18:11:00Z,2026-06-08T18:49:00Z,closed,CSE-TELECOM-002-USR-05,TEST-006
ALRT-000606,CSE-FINANCE-002,CSE-FINANCE-002-A003,defence-evasion,high,2026-08-06T15:59:00Z,2026-08-06T16:47:00Z,closed,CSE-FINANCE-002-USR-01,TEST-007
ALRT-000607,CSE-POWER-001,CSE-POWER-001-A008,identity,medium,2026-06-19T02:20:00Z,2026-06-19T03:32:00Z,closed,CSE-POWER-001-USR-02,TEST-008
ALRT-000608,CSE-TELECOM-001,CSE-TELECOM-001-A007,execution,medium,2026-06-21T08:07:00Z,2026-06-21T08:52:00Z,closed,CSE-TELECOM-001-USR-03,TEST-009
ALRT-000609,CSE-FINANCE-001,CSE-FINANCE-001-A001,defence-evasion,medium,2026-06-19T15:55:00Z,2026-06-19T16:35:00Z,closed,CSE-FINANCE-001-USR-04,TEST-010
ALRT-000610,CSE-POWER-002,CSE-POWER-002-A006,identity,medium,2026-07-28T09:57:00Z,2026-07-28T10:35:00Z,closed,CSE-POWER-002-USR-05,TEST-011
ALRT-000611,CSE-TELECOM-002,CSE-TELECOM-002-A010,execution,high,2026-07-06T16:20:00Z,2026-07-06T17:20:00Z,closed,CSE-TELECOM-002-USR-01,TEST-012
ALRT-000612,CSE-FINANCE-002,CSE-FINANCE-002-A003,defence-evasion,medium,2026-07-13T23:31:00Z,2026-07-13T23:55:00Z,closed,CSE-FINANCE-002-USR-02,TEST-013
ALRT-000613,CSE-POWER-001,CSE-POWER-001-A009,identity,critical,2026-08-26T20:51:00Z,2026-08-26T21:52:00Z,closed,CSE-POWER-001-USR-03,TEST-014
ALRT-000614,CSE-TELECOM-001,CSE-TELECOM-001-A001,execution,medium,2026-06-27T04:03:00Z,2026-06-27T04:37:00Z,closed,CSE-TELECOM-001-USR-04,TEST-015
ALRT-000615,CSE-FINANCE-001,CSE-FINANCE-001-A003,defence-evasion,medium,2026-06-07T15:16:00Z,2026-06-07T15:41:00Z,closed,CSE-FINANCE-001-USR-05,TEST-016
ALRT-000616,CSE-POWER-002,CSE-POWER-002-A008,identity,high,2026-07-28T03:57:00Z,2026-07-28T05:05:00Z,closed,CSE-POWER-002-USR-01,TEST-017
ALRT-000617,CSE-TELECOM-002,CSE-TELECOM-002-A001,execution,medium,2026-07-29T11:45:00Z,2026-07-29T13:01:00Z,closed,CSE-TELECOM-002-USR-02,TEST-018
ALRT-000618,CSE-FINANCE-002,CSE-FINANCE-002-A008,defence-evasion,medium,2026-07-31T15:07:00Z,2026-07-31T15:30:00Z,closed,CSE-FINANCE-002-USR-03,TEST-019
ALRT-000619,CSE-POWER-001,CSE-POWER-001-A002,identity,medium,2026-07-17T02:13:00Z,2026-07-17T02:54:00Z,closed,CSE-POWER-001-USR-04,TEST-020
ALRT-000620,CSE-TELECOM-001,CSE-TELECOM-001-A003,execution,medium,2026-06-24T23:32:00Z,2026-06-25T00:11:00Z,closed,CSE-TELECOM-001-USR-05,TEST-021
ALRT-000621,CSE-FINANCE-001,CSE-FINANCE-001-A010,defence-evasion,high,2026-08-26T18:13:00Z,2026-08-26T19:32:00Z,closed,CSE-FINANCE-001-USR-01,TEST-022
ALRT-000622,CSE-POWER-002,CSE-POWER-002-A001,identity,medium,2026-08-09T18:11:00Z,2026-08-09T19:09:00Z,closed,CSE-POWER-002-USR-02,TEST-000
ALRT-000623,CSE-TELECOM-002,CSE-TELECOM-002-A002,execution,medium,2026-07-04T15:43:00Z,2026-07-04T16:00:00Z,closed,CSE-TELECOM-002-USR-03,TEST-001
ALRT-000624,CSE-FINANCE-002,CSE-FINANCE-002-A006,defence-evasion,medium,2026-06-06T09:43:00Z,2026-06-06T10:03:00Z,closed,CSE-FINANCE-002-USR-04,TEST-002
ALRT-000625,CSE-POWER-001,CSE-POWER-001-A007,identity,medium,2026-07-20T18:59:00Z,2026-07-20T19:17:00Z,closed,CSE-POWER-001-USR-05,TEST-003
ALRT-000626,CSE-TELECOM-001,CSE-TELECOM-001-A006,execution,high,2026-06-22T00:05:00Z,2026-06-22T01:08:00Z,closed,CSE-TELECOM-001-USR-01,TEST-004
ALRT-000627,CSE-FINANCE-001,CSE-FINANCE-001-A008,defence-evasion,medium,2026-07-31T20:17:00Z,2026-07-31T20:22:00Z,closed,CSE-FINANCE-001-USR-02,TEST-005
ALRT-000628,CSE-POWER-002,CSE-POWER-002-A006,identity,medium,2026-06-08T20:39:00Z,2026-06-08T21:41:00Z,closed,CSE-POWER-002-USR-03,TEST-006
ALRT-000629,CSE-TELECOM-002,CSE-TELECOM-002-A006,execution,medium,2026-08-14T04:13:00Z,2026-08-14T04:24:00Z,closed,CSE-TELECOM-002-USR-04,TEST-007
ALRT-000630,CSE-FINANCE-002,CSE-FINANCE-002-A005,defence-evasion,critical,2026-07-14T01:47:00Z,2026-07-14T02:01:00Z,closed,CSE-FINANCE-002-USR-05,TEST-008
ALRT-000631,CSE-POWER-001,CSE-POWER-001-A009,identity,high,2026-08-19T12:05:00Z,2026-08-19T13:01:00Z,closed,CSE-POWER-001-USR-01,TEST-009
ALRT-000632,CSE-TELECOM-001,CSE-TELECOM-001-A005,execution,medium,2026-06-25T07:49:00Z,2026-06-25T08:45:00Z,closed,CSE-TELECOM-001-USR-02,TEST-010
ALRT-000633,CSE-FINANCE-001,CSE-FINANCE-001-A002,defence-evasion,medium,2026-06-05T06:10:00Z,2026-06-05T07:04:00Z,closed,CSE-FINANCE-001-USR-03,TEST-011
ALRT-000634,CSE-POWER-002,CSE-POWER-002-A007,identity,medium,2026-07-09T20:48:00Z,2026-07-09T21:12:00Z,closed,CSE-POWER-002-USR-04,TEST-012
ALRT-000635,CSE-TELECOM-002,CSE-TELECOM-002-A002,execution,medium,2026-07-11T15:51:00Z,2026-07-11T16:51:00Z,closed,CSE-TELECOM-002-USR-05,TEST-013
ALRT-000636,CSE-FINANCE-002,CSE-FINANCE-002-A005,defence-evasion,high,2026-08-29T19:08:00Z,2026-08-29T19:58:00Z,closed,CSE-FINANCE-002-USR-01,TEST-014
ALRT-000637,CSE-POWER-001,CSE-POWER-001-A002,identity,medium,2026-07-20T16:12:00Z,2026-07-20T17:19:00Z,closed,CSE-POWER-001-USR-02,TEST-015
ALRT-000638,CSE-TELECOM-001,CSE-TELECOM-001-A008,execution,medium,2026-07-22T15:17:00Z,2026-07-22T16:34:00Z,closed,CSE-TELECOM-001-USR-03,TEST-016
ALRT-000639,CSE-FINANCE-001,CSE-FINANCE-001-A010,defence-evasion,medium,2026-07-27T02:48:00Z,2026-07-27T03:47:00Z,closed,CSE-FINANCE-001-USR-04,TEST-017
ALRT-000640,CSE-POWER-002,CSE-POWER-002-A006,identity,medium,2026-08-20T05:27:00Z,2026-08-20T06:26:00Z,closed,CSE-POWER-002-USR-05,TEST-018
ALRT-000641,CSE-TELECOM-002,CSE-TELECOM-002-A002,execution,high,2026-06-08T16:21:00Z,2026-06-08T17:25:00Z,closed,CSE-TELECOM-002-USR-01,TEST-019
ALRT-000642,CSE-FINANCE-002,CSE-FINANCE-002-A004,defence-evasion,medium,2026-08-24T21:45:00Z,2026-08-24T22:09:00Z,closed,CSE-FINANCE-002-USR-02,TEST-020
ALRT-000643,CSE-POWER-001,CSE-POWER-001-A008,identity,medium,2026-08-09T20:41:00Z,2026-08-09T21:53:00Z,closed,CSE-POWER-001-USR-03,TEST-021
ALRT-000644,CSE-TELECOM-001,CSE-TELECOM-001-A002,execution,medium,2026-07-10T14:27:00Z,2026-07-10T14:42:00Z,closed,CSE-TELECOM-001-USR-04,TEST-022
ALRT-000645,CSE-FINANCE-001,CSE-FINANCE-001-A008,defence-evasion,medium,2026-07-11T04:08:00Z,2026-07-11T04:51:00Z,closed,CSE-FINANCE-001-USR-05,TEST-000
ALRT-000646,CSE-POWER-002,CSE-POWER-002-A004,identity,high,2026-08-08T13:18:00Z,2026-08-08T14:35:00Z,closed,CSE-POWER-002-USR-01,TEST-001
ALRT-000647,CSE-TELECOM-002,CSE-TELECOM-002-A001,execution,critical,2026-08-12T02:58:00Z,2026-08-12T03:08:00Z,closed,CSE-TELECOM-002-USR-02,TEST-002
ALRT-000648,CSE-FINANCE-002,CSE-FINANCE-002-A009,defence-evasion,medium,2026-06-16T16:27:00Z,2026-06-16T17:24:00Z,closed,CSE-FINANCE-002-USR-03,TEST-003
ALRT-000649,CSE-POWER-001,CSE-POWER-001-A002,identity,medium,2026-08-01T21:46:00Z,2026-08-01T23:03:00Z,closed,CSE-POWER-001-USR-04,TEST-004
ALRT-000650,CSE-TELECOM-001,CSE-TELECOM-001-A005,execution,medium,2026-07-18T08:37:00Z,2026-07-18T08:52:00Z,closed,CSE-TELECOM-001-USR-05,TEST-005
ALRT-000651,CSE-FINANCE-001,CSE-FINANCE-001-A009,defence-evasion,high,2026-06-05T03:47:00Z,2026-06-05T04:51:00Z,closed,CSE-FINANCE-001-USR-01,TEST-006
ALRT-000652,CSE-POWER-002,CSE-POWER-002-A003,identity,medium,2026-06-26T12:02:00Z,2026-06-26T12:17:00Z,closed,CSE-POWER-002-USR-02,TEST-007
ALRT-000653,CSE-TELECOM-002,CSE-TELECOM-002-A007,execution,medium,2026-07-11T10:37:00Z,2026-07-11T11:40:00Z,closed,CSE-TELECOM-002-USR-03,TEST-008
ALRT-000654,CSE-FINANCE-002,CSE-FINANCE-002-A008,defence-evasion,medium,2026-08-21T08:21:00Z,2026-08-21T08:49:00Z,closed,CSE-FINANCE-002-USR-04,TEST-009
ALRT-000655,CSE-POWER-001,CSE-POWER-001-A004,identity,medium,2026-06-26T02:47:00Z,2026-06-26T03:25:00Z,closed,CSE-POWER-001-USR-05,TEST-010
ALRT-000656,CSE-TELECOM-001,CSE-TELECOM-001-A002,execution,high,2026-07-28T17:01:00Z,2026-07-28T17:06:00Z,closed,CSE-TELECOM-001-USR-01,TEST-011
ALRT-000657,CSE-FINANCE-001,CSE-FINANCE-001-A007,defence-evasion,medium,2026-06-17T00:10:00Z,2026-06-17T01:16:00Z,closed,CSE-FINANCE-001-USR-02,TEST-012
ALRT-000658,CSE-POWER-002,CSE-POWER-002-A008,identity,medium,2026-08-30T12:55:00Z,2026-08-30T14:02:00Z,closed,CSE-POWER-002-USR-03,TEST-013
ALRT-000659,CSE-TELECOM-002,CSE-TELECOM-002-A005,execution,medium,2026-08-21T19:23:00Z,2026-08-21T20:18:00Z,closed,CSE-TELECOM-002-USR-04,TEST-014
ALRT-000660,CSE-FINANCE-002,CSE-FINANCE-002-A005,defence-evasion,medium,2026-06-14T04:08:00Z,2026-06-14T04:14:00Z,closed,CSE-FINANCE-002-USR-05,TEST-015
ALRT-000661,CSE-POWER-001,CSE-POWER-001-A004,identity,high,2026-06-17T00:44:00Z,2026-06-17T01:13:00Z,closed,CSE-POWER-001-USR-01,TEST-016
ALRT-000662,CSE-TELECOM-001,CSE-TELECOM-001-A001,execution,medium,2026-06-29T15:41:00Z,2026-06-29T16:04:00Z,closed,CSE-TELECOM-001-USR-02,TEST-017
ALRT-000663,CSE-FINANCE-001,CSE-FINANCE-001-A004,defence-evasion,medium,2026-07-28T20:54:00Z,2026-07-28T22:07:00Z,closed,CSE-FINANCE-001-USR-03,TEST-018
ALRT-000664,CSE-POWER-002,CSE-POWER-002-A004,identity,critical,2026-06-14T09:49:00Z,2026-06-14T10:53:00Z,closed,CSE-POWER-002-USR-04,TEST-019
ALRT-000665,CSE-TELECOM-002,CSE-TELECOM-002-A003,execution,medium,2026-08-02T13:01:00Z,2026-08-02T13:20:00Z,closed,CSE-TELECOM-002-USR-05,TEST-020
ALRT-000666,CSE-FINANCE-002,CSE-FINANCE-002-A003,defence-evasion,high,2026-06-22T23:44:00Z,2026-06-23T00:45:00Z,closed,CSE-FINANCE-002-USR-01,TEST-021
ALRT-000667,CSE-POWER-001,CSE-POWER-001-A008,identity,medium,2026-08-02T00:55:00Z,2026-08-02T01:57:00Z,closed,CSE-POWER-001-USR-02,TEST-022
ALRT-000668,CSE-TELECOM-001,CSE-TELECOM-001-A010,execution,medium,2026-07-04T06:18:00Z,2026-07-04T07:35:00Z,closed,CSE-TELECOM-001-USR-03,TEST-000
ALRT-000669,CSE-FINANCE-001,CSE-FINANCE-001-A007,defence-evasion,medium,2026-06-09T10:00:00Z,2026-06-09T10:18:00Z,closed,CSE-FINANCE-001-USR-04,TEST-001
ALRT-000670,CSE-POWER-002,CSE-POWER-002-A007,identity,medium,2026-07-26T15:47:00Z,2026-07-26T17:06:00Z,closed,CSE-POWER-002-USR-05,TEST-002
ALRT-000671,CSE-TELECOM-002,CSE-TELECOM-002-A010,execution,high,2026-08-12T09:02:00Z,2026-08-12T10:09:00Z,closed,CSE-TELECOM-002-USR-01,TEST-003
ALRT-000672,CSE-FINANCE-002,CSE-FINANCE-002-A007,defence-evasion,medium,2026-08-04T16:37:00Z,2026-08-04T17:44:00Z,closed,CSE-FINANCE-002-USR-02,TEST-004
ALRT-000673,CSE-POWER-001,CSE-POWER-001-A004,identity,medium,2026-06-10T16:01:00Z,2026-06-10T17:00:00Z,closed,CSE-POWER-001-USR-03,TEST-005
ALRT-000674,CSE-TELECOM-001,CSE-TELECOM-001-A010,execution,medium,2026-07-13T17:04:00Z,2026-07-13T17:43:00Z,closed,CSE-TELECOM-001-USR-04,TEST-006
ALRT-000675,CSE-FINANCE-001,CSE-FINANCE-001-A007,defence-evasion,medium,2026-08-02T03:31:00Z,2026-08-02T04:20:00Z,closed,CSE-FINANCE-001-USR-05,TEST-007
ALRT-000676,CSE-POWER-002,CSE-POWER-002-A008,identity,high,2026-08-31T13:01:00Z,2026-08-31T13:26:00Z,closed,CSE-POWER-002-USR-01,TEST-008
ALRT-000677,CSE-TELECOM-002,CSE-TELECOM-002-A005,execution,medium,2026-06-27T15:22:00Z,2026-06-27T16:23:00Z,closed,CSE-TELECOM-002-USR-02,TEST-009
ALRT-000678,CSE-FINANCE-002,CSE-FINANCE-002-A004,defence-evasion,medium,2026-08-06T07:37:00Z,2026-08-06T08:25:00Z,closed,CSE-FINANCE-002-USR-03,TEST-010
ALRT-000679,CSE-POWER-001,CSE-POWER-001-A010,identity,medium,2026-08-26T14:08:00Z,2026-08-26T14:50:00Z,closed,CSE-POWER-001-USR-04,TEST-011
ALRT-000680,CSE-TELECOM-001,CSE-TELECOM-001-A007,execution,medium,2026-07-26T21:41:00Z,2026-07-26T22:32:00Z,closed,CSE-TELECOM-001-USR-05,TEST-012
ALRT-000681,CSE-FINANCE-001,CSE-FINANCE-001-A008,defence-evasion,critical,2026-06-23T19:13:00Z,2026-06-23T19:54:00Z,closed,CSE-FINANCE-001-USR-01,TEST-013
ALRT-000682,CSE-POWER-002,CSE-POWER-002-A002,identity,medium,2026-08-27T15:08:00Z,2026-08-27T15:35:00Z,closed,CSE-POWER-002-USR-02,TEST-014
ALRT-000683,CSE-TELECOM-002,CSE-TELECOM-002-A004,execution,medium,2026-06-23T19:31:00Z,2026-06-23T19:48:00Z,closed,CSE-TELECOM-002-USR-03,TEST-015
ALRT-000684,CSE-FINANCE-002,CSE-FINANCE-002-A007,defence-evasion,medium,2026-08-05T09:15:00Z,2026-08-05T09:46:00Z,closed,CSE-FINANCE-002-USR-04,TEST-016
ALRT-000685,CSE-POWER-001,CSE-POWER-001-A009,identity,medium,2026-06-09T00:22:00Z,2026-06-09T01:00:00Z,closed,CSE-POWER-001-USR-05,TEST-017
ALRT-000686,CSE-TELECOM-001,CSE-TELECOM-001-A006,execution,high,2026-08-28T05:11:00Z,2026-08-28T06:20:00Z,closed,CSE-TELECOM-001-USR-01,TEST-018
ALRT-000687,CSE-FINANCE-001,CSE-FINANCE-001-A001,defence-evasion,medium,2026-06-11T10:27:00Z,2026-06-11T10:46:00Z,closed,CSE-FINANCE-001-USR-02,TEST-019
ALRT-000688,CSE-POWER-002,CSE-POWER-002-A010,identity,medium,2026-07-02T03:35:00Z,2026-07-02T04:08:00Z,closed,CSE-POWER-002-USR-03,TEST-020
ALRT-000689,CSE-TELECOM-002,CSE-TELECOM-002-A008,execution,medium,2026-07-06T10:50:00Z,2026-07-06T11:40:00Z,closed,CSE-TELECOM-002-USR-04,TEST-021
ALRT-000690,CSE-FINANCE-002,CSE-FINANCE-002-A001,defence-evasion,medium,2026-08-13T08:57:00Z,2026-08-13T09:21:00Z,closed,CSE-FINANCE-002-USR-05,TEST-022
ALRT-000691,CSE-POWER-001,CSE-POWER-001-A009,identity,high,2026-08-19T21:06:00Z,2026-08-19T21:17:00Z,closed,CSE-POWER-001-USR-01,TEST-000
ALRT-000692,CSE-TELECOM-001,CSE-TELECOM-001-A008,execution,medium,2026-07-31T03:06:00Z,2026-07-31T03:24:00Z,closed,CSE-TELECOM-001-USR-02,TEST-001
ALRT-000693,CSE-FINANCE-001,CSE-FINANCE-001-A009,defence-evasion,medium,2026-06-08T16:06:00Z,2026-06-08T16:32:00Z,closed,CSE-FINANCE-001-USR-03,TEST-002
ALRT-000694,CSE-POWER-002,CSE-POWER-002-A002,identity,medium,2026-06-29T11:10:00Z,2026-06-29T11:52:00Z,closed,CSE-POWER-002-USR-04,TEST-003
ALRT-000695,CSE-TELECOM-002,CSE-TELECOM-002-A008,execution,medium,2026-08-06T15:46:00Z,2026-08-06T16:03:00Z,closed,CSE-TELECOM-002-USR-05,TEST-004
ALRT-000696,CSE-FINANCE-002,CSE-FINANCE-002-A003,defence-evasion,high,2026-08-24T11:21:00Z,2026-08-24T11:43:00Z,closed,CSE-FINANCE-002-USR-01,TEST-005
ALRT-000697,CSE-POWER-001,CSE-POWER-001-A002,identity,medium,2026-06-28T14:26:00Z,2026-06-28T14:31:00Z,closed,CSE-POWER-001-USR-02,TEST-006
ALRT-000698,CSE-TELECOM-001,CSE-TELECOM-001-A004,execution,critical,2026-08-02T10:18:00Z,2026-08-02T11:27:00Z,closed,CSE-TELECOM-001-USR-03,TEST-007
ALRT-000699,CSE-FINANCE-001,CSE-FINANCE-001-A003,defence-evasion,medium,2026-06-13T08:23:00Z,2026-06-13T09:21:00Z,closed,CSE-FINANCE-001-USR-04,TEST-008
ALRT-000700,CSE-POWER-002,CSE-POWER-002-A006,identity,medium,2026-08-22T21:15:00Z,2026-08-22T21:39:00Z,closed,CSE-POWER-002-USR-05,TEST-009
ALRT-000701,CSE-TELECOM-002,CSE-TELECOM-002-A009,execution,high,2026-07-26T07:08:00Z,2026-07-26T08:07:00Z,closed,CSE-TELECOM-002-USR-01,TEST-010
ALRT-000702,CSE-FINANCE-002,CSE-FINANCE-002-A007,defence-evasion,medium,2026-07-25T14:54:00Z,2026-07-25T16:05:00Z,closed,CSE-FINANCE-002-USR-02,TEST-011
ALRT-000703,CSE-POWER-001,CSE-POWER-001-A006,identity,medium,2026-06-06T14:09:00Z,2026-06-06T14:15:00Z,closed,CSE-POWER-001-USR-03,TEST-012
ALRT-000704,CSE-TELECOM-001,CSE-TELECOM-001-A009,execution,medium,2026-06-11T02:21:00Z,2026-06-11T03:06:00Z,closed,CSE-TELECOM-001-USR-04,TEST-013
ALRT-000705,CSE-FINANCE-001,CSE-FINANCE-001-A007,defence-evasion,medium,2026-06-24T13:03:00Z,2026-06-24T13:58:00Z,closed,CSE-FINANCE-001-USR-05,TEST-014
ALRT-000706,CSE-POWER-002,CSE-POWER-002-A001,identity,high,2026-08-26T20:09:00Z,2026-08-26T21:27:00Z,closed,CSE-POWER-002-USR-01,TEST-015
ALRT-000707,CSE-TELECOM-002,CSE-TELECOM-002-A001,execution,medium,2026-08-22T22:51:00Z,2026-08-23T00:02:00Z,closed,CSE-TELECOM-002-USR-02,TEST-016
ALRT-000708,CSE-FINANCE-002,CSE-FINANCE-002-A005,defence-evasion,medium,2026-07-26T12:56:00Z,2026-07-26T14:11:00Z,closed,CSE-FINANCE-002-USR-03,TEST-017
ALRT-000709,CSE-POWER-001,CSE-POWER-001-A005,identity,medium,2026-07-13T11:00:00Z,2026-07-13T11:40:00Z,closed,CSE-POWER-001-USR-04,TEST-018
ALRT-000710,CSE-TELECOM-001,CSE-TELECOM-001-A009,execution,medium,2026-08-20T04:44:00Z,2026-08-20T05:40:00Z,closed,CSE-TELECOM-001-USR-05,TEST-019
ALRT-000711,CSE-FINANCE-001,CSE-FINANCE-001-A008,defence-evasion,high,2026-08-24T06:56:00Z,2026-08-24T08:10:00Z,closed,CSE-FINANCE-001-USR-01,TEST-020
ALRT-000712,CSE-POWER-002,CSE-POWER-002-A010,identity,medium,2026-08-21T20:28:00Z,2026-08-21T21:17:00Z,closed,CSE-POWER-002-USR-02,TEST-021
ALRT-000713,CSE-TELECOM-002,CSE-TELECOM-002-A007,execution,medium,2026-06-28T09:05:00Z,2026-06-28T09:14:00Z,closed,CSE-TELECOM-002-USR-03,TEST-022
ALRT-000714,CSE-FINANCE-002,CSE-FINANCE-002-A009,defence-evasion,medium,2026-07-15T12:46:00Z,2026-07-15T13:07:00Z,closed,CSE-FINANCE-002-USR-04,TEST-000
ALRT-000715,CSE-POWER-001,CSE-POWER-001-A009,identity,critical,2026-08-11T09:13:00Z,2026-08-11T09:29:00Z,closed,CSE-POWER-001-USR-05,TEST-001
ALRT-000716,CSE-TELECOM-001,CSE-TELECOM-001-A009,execution,high,2026-08-12T09:33:00Z,2026-08-12T10:21:00Z,closed,CSE-TELECOM-001-USR-01,TEST-002
ALRT-000717,CSE-FINANCE-001,CSE-FINANCE-001-A003,defence-evasion,medium,2026-06-05T00:56:00Z,2026-06-05T02:10:00Z,closed,CSE-FINANCE-001-USR-02,TEST-003
ALRT-000718,CSE-POWER-002,CSE-POWER-002-A010,identity,medium,2026-07-06T07:53:00Z,2026-07-06T08:36:00Z,closed,CSE-POWER-002-USR-03,TEST-004
ALRT-000719,CSE-TELECOM-002,CSE-TELECOM-002-A007,execution,medium,2026-08-06T03:46:00Z,2026-08-06T03:58:00Z,closed,CSE-TELECOM-002-USR-04,TEST-005
ALRT-000720,CSE-FINANCE-002,CSE-FINANCE-002-A006,defence-evasion,medium,2026-07-06T20:32:00Z,2026-07-06T21:22:00Z,closed,CSE-FINANCE-002-USR-05,TEST-006
ALRT-000721,CSE-POWER-001,CSE-POWER-001-A002,identity,high,2026-06-09T20:07:00Z,2026-06-09T21:09:00Z,closed,CSE-POWER-001-USR-01,TEST-007
ALRT-000722,CSE-TELECOM-001,CSE-TELECOM-001-A005,execution,medium,2026-08-15T23:00:00Z,2026-08-16T00:03:00Z,closed,CSE-TELECOM-001-USR-02,TEST-008
ALRT-000723,CSE-FINANCE-001,CSE-FINANCE-001-A006,defence-evasion,medium,2026-07-03T23:37:00Z,2026-07-04T00:54:00Z,closed,CSE-FINANCE-001-USR-03,TEST-009
ALRT-000724,CSE-POWER-002,CSE-POWER-002-A009,identity,medium,2026-08-18T07:22:00Z,2026-08-18T08:05:00Z,closed,CSE-POWER-002-USR-04,TEST-010
ALRT-000725,CSE-TELECOM-002,CSE-TELECOM-002-A005,execution,medium,2026-08-27T22:36:00Z,2026-08-27T22:58:00Z,closed,CSE-TELECOM-002-USR-05,TEST-011
ALRT-000726,CSE-FINANCE-002,CSE-FINANCE-002-A007,defence-evasion,high,2026-08-08T23:15:00Z,2026-08-08T23:33:00Z,closed,CSE-FINANCE-002-USR-01,TEST-012
ALRT-000727,CSE-POWER-001,CSE-POWER-001-A006,identity,medium,2026-08-08T18:12:00Z,2026-08-08T19:03:00Z,closed,CSE-POWER-001-USR-02,TEST-013
ALRT-000728,CSE-TELECOM-001,CSE-TELECOM-001-A008,execution,medium,2026-06-15T04:45:00Z,2026-06-15T05:44:00Z,closed,CSE-TELECOM-001-USR-03,TEST-014
ALRT-000729,CSE-FINANCE-001,CSE-FINANCE-001-A007,defence-evasion,medium,2026-06-13T02:03:00Z,2026-06-13T03:02:00Z,closed,CSE-FINANCE-001-USR-04,TEST-015
ALRT-000730,CSE-POWER-002,CSE-POWER-002-A003,identity,medium,2026-08-02T06:28:00Z,2026-08-02T06:42:00Z,closed,CSE-POWER-002-USR-05,TEST-016
ALRT-000731,CSE-TELECOM-002,CSE-TELECOM-002-A006,execution,high,2026-08-28T16:25:00Z,2026-08-28T17:41:00Z,closed,CSE-TELECOM-002-USR-01,TEST-017
ALRT-000732,CSE-FINANCE-002,CSE-FINANCE-002-A009,defence-evasion,critical,2026-07-23T08:37:00Z,2026-07-23T09:45:00Z,closed,CSE-FINANCE-002-USR-02,TEST-018
ALRT-000733,CSE-POWER-001,CSE-POWER-001-A007,identity,medium,2026-07-29T22:59:00Z,2026-07-30T00:06:00Z,closed,CSE-POWER-001-USR-03,TEST-019
ALRT-000734,CSE-TELECOM-001,CSE-TELECOM-001-A007,execution,medium,2026-06-23T04:32:00Z,2026-06-23T04:53:00Z,closed,CSE-TELECOM-001-USR-04,TEST-020
ALRT-000735,CSE-FINANCE-001,CSE-FINANCE-001-A008,defence-evasion,medium,2026-07-31T04:45:00Z,2026-07-31T05:55:00Z,closed,CSE-FINANCE-001-USR-05,TEST-021
ALRT-000736,CSE-POWER-002,CSE-POWER-002-A009,identity,high,2026-06-18T22:13:00Z,2026-06-18T23:16:00Z,closed,CSE-POWER-002-USR-01,TEST-022
ALRT-000737,CSE-TELECOM-002,CSE-TELECOM-002-A008,execution,medium,2026-06-07T23:10:00Z,2026-06-08T00:26:00Z,closed,CSE-TELECOM-002-USR-02,TEST-000
ALRT-000738,CSE-FINANCE-002,CSE-FINANCE-002-A006,defence-evasion,medium,2026-06-18T19:54:00Z,2026-06-18T20:51:00Z,closed,CSE-FINANCE-002-USR-03,TEST-001
ALRT-000739,CSE-POWER-001,CSE-POWER-001-A002,identity,medium,2026-06-18T11:36:00Z,2026-06-18T12:18:00Z,closed,CSE-POWER-001-USR-04,TEST-002
ALRT-000740,CSE-TELECOM-001,CSE-TELECOM-001-A001,execution,medium,2026-08-08T04:07:00Z,2026-08-08T04:59:00Z,closed,CSE-TELECOM-001-USR-05,TEST-003
ALRT-000741,CSE-FINANCE-001,CSE-FINANCE-001-A005,defence-evasion,high,2026-07-20T09:18:00Z,2026-07-20T10:25:00Z,closed,CSE-FINANCE-001-USR-01,TEST-004
ALRT-000742,CSE-POWER-002,CSE-POWER-002-A001,identity,medium,2026-06-21T04:50:00Z,2026-06-21T05:48:00Z,closed,CSE-POWER-002-USR-02,TEST-005
ALRT-000743,CSE-TELECOM-002,CSE-TELECOM-002-A001,execution,medium,2026-07-12T09:13:00Z,2026-07-12T09:41:00Z,closed,CSE-TELECOM-002-USR-03,TEST-006
ALRT-000744,CSE-FINANCE-002,CSE-FINANCE-002-A008,defence-evasion,medium,2026-06-03T03:35:00Z,2026-06-03T04:24:00Z,closed,CSE-FINANCE-002-USR-04,TEST-007
ALRT-000745,CSE-POWER-001,CSE-POWER-001-A002,identity,medium,2026-06-08T13:30:00Z,2026-06-08T14:48:00Z,closed,CSE-POWER-001-USR-05,TEST-008
ALRT-000746,CSE-TELECOM-001,CSE-TELECOM-001-A005,execution,high,2026-08-14T14:57:00Z,2026-08-14T15:45:00Z,closed,CSE-TELECOM-001-USR-01,TEST-009
ALRT-000747,CSE-FINANCE-001,CSE-FINANCE-001-A007,defence-evasion,medium,2026-08-02T23:53:00Z,2026-08-03T00:14:00Z,closed,CSE-FINANCE-001-USR-02,TEST-010
ALRT-000748,CSE-POWER-002,CSE-POWER-002-A003,identity,medium,2026-08-06T20:29:00Z,2026-08-06T21:31:00Z,closed,CSE-POWER-002-USR-03,TEST-011
ALRT-000749,CSE-TELECOM-002,CSE-TELECOM-002-A008,execution,critical,2026-06-22T23:20:00Z,2026-06-22T23:36:00Z,closed,CSE-TELECOM-002-USR-04,TEST-012
ALRT-000750,CSE-FINANCE-002,CSE-FINANCE-002-A010,defence-evasion,medium,2026-08-27T19:26:00Z,2026-08-27T20:20:00Z,closed,CSE-FINANCE-002-USR-05,TEST-013
ALRT-000751,CSE-POWER-001,CSE-POWER-001-A004,identity,high,2026-07-23T10:34:00Z,2026-07-23T10:44:00Z,closed,CSE-POWER-001-USR-01,TEST-014
ALRT-000752,CSE-TELECOM-001,CSE-TELECOM-001-A008,execution,medium,2026-07-08T20:05:00Z,2026-07-08T20:31:00Z,closed,CSE-TELECOM-001-USR-02,TEST-015
ALRT-000753,CSE-FINANCE-001,CSE-FINANCE-001-A001,defence-evasion,medium,2026-08-15T20:50:00Z,2026-08-15T21:34:00Z,closed,CSE-FINANCE-001-USR-03,TEST-016
ALRT-000754,CSE-POWER-002,CSE-POWER-002-A009,identity,medium,2026-08-24T03:41:00Z,2026-08-24T04:57:00Z,closed,CSE-POWER-002-USR-04,TEST-017
ALRT-000755,CSE-TELECOM-002,CSE-TELECOM-002-A002,execution,medium,2026-06-27T19:34:00Z,2026-06-27T20:52:00Z,closed,CSE-TELECOM-002-USR-05,TEST-018
ALRT-000756,CSE-FINANCE-002,CSE-FINANCE-002-A001,defence-evasion,high,2026-08-14T16:12:00Z,2026-08-14T17:17:00Z,closed,CSE-FINANCE-002-USR-01,TEST-019
ALRT-000757,CSE-POWER-001,CSE-POWER-001-A009,identity,medium,2026-06-05T03:42:00Z,2026-06-05T04:55:00Z,closed,CSE-POWER-001-USR-02,TEST-020
ALRT-000758,CSE-TELECOM-001,CSE-TELECOM-001-A003,execution,medium,2026-06-05T08:50:00Z,2026-06-05T09:21:00Z,closed,CSE-TELECOM-001-USR-03,TEST-021
ALRT-000759,CSE-FINANCE-001,CSE-FINANCE-001-A004,defence-evasion,medium,2026-08-16T14:05:00Z,2026-08-16T15:18:00Z,closed,CSE-FINANCE-001-USR-04,TEST-022
ALRT-000760,CSE-POWER-002,CSE-POWER-002-A010,identity,medium,2026-07-14T12:37:00Z,2026-07-14T12:47:00Z,closed,CSE-POWER-002-USR-05,TEST-000
ALRT-000761,CSE-TELECOM-002,CSE-TELECOM-002-A008,execution,high,2026-06-05T10:27:00Z,2026-06-05T10:55:00Z,closed,CSE-TELECOM-002-USR-01,TEST-001
ALRT-000762,CSE-FINANCE-002,CSE-FINANCE-002-A007,defence-evasion,medium,2026-06-06T16:20:00Z,2026-06-06T17:13:00Z,closed,CSE-FINANCE-002-USR-02,TEST-002
ALRT-000763,CSE-POWER-001,CSE-POWER-001-A005,identity,medium,2026-06-14T03:06:00Z,2026-06-14T04:20:00Z,closed,CSE-POWER-001-USR-03,TEST-003
ALRT-000764,CSE-TELECOM-001,CSE-TELECOM-001-A003,execution,medium,2026-07-09T04:11:00Z,2026-07-09T04:48:00Z,closed,CSE-TELECOM-001-USR-04,TEST-004
ALRT-000765,CSE-FINANCE-001,CSE-FINANCE-001-A002,defence-evasion,medium,2026-06-22T09:26:00Z,2026-06-22T09:52:00Z,closed,CSE-FINANCE-001-USR-05,TEST-005
ALRT-000766,CSE-POWER-002,CSE-POWER-002-A001,identity,critical,2026-08-20T10:11:00Z,2026-08-20T10:19:00Z,closed,CSE-POWER-002-USR-01,TEST-006
ALRT-000767,CSE-TELECOM-002,CSE-TELECOM-002-A001,execution,medium,2026-07-11T12:06:00Z,2026-07-11T12:51:00Z,closed,CSE-TELECOM-002-USR-02,TEST-007
ALRT-000768,CSE-FINANCE-002,CSE-FINANCE-002-A003,defence-evasion,medium,2026-07-25T10:16:00Z,2026-07-25T11:09:00Z,closed,CSE-FINANCE-002-USR-03,TEST-008
ALRT-000769,CSE-POWER-001,CSE-POWER-001-A002,identity,medium,2026-06-09T06:15:00Z,2026-06-09T06:50:00Z,closed,CSE-POWER-001-USR-04,TEST-009
ALRT-000770,CSE-TELECOM-001,CSE-TELECOM-001-A008,execution,medium,2026-08-07T16:24:00Z,2026-08-07T16:43:00Z,closed,CSE-TELECOM-001-USR-05,TEST-010
ALRT-000771,CSE-FINANCE-001,CSE-FINANCE-001-A005,defence-evasion,high,2026-06-10T10:29:00Z,2026-06-10T11:44:00Z,closed,CSE-FINANCE-001-USR-01,TEST-011
ALRT-000772,CSE-POWER-002,CSE-POWER-002-A007,identity,medium,2026-06-11T15:01:00Z,2026-06-11T15:58:00Z,closed,CSE-POWER-002-USR-02,TEST-012
ALRT-000773,CSE-TELECOM-002,CSE-TELECOM-002-A004,execution,medium,2026-06-05T08:35:00Z,2026-06-05T08:52:00Z,closed,CSE-TELECOM-002-USR-03,TEST-013
ALRT-000774,CSE-FINANCE-002,CSE-FINANCE-002-A004,defence-evasion,medium,2026-08-13T20:50:00Z,2026-08-13T21:11:00Z,closed,CSE-FINANCE-002-USR-04,TEST-014
ALRT-000775,CSE-POWER-001,CSE-POWER-001-A005,identity,medium,2026-08-14T13:28:00Z,2026-08-14T13:43:00Z,closed,CSE-POWER-001-USR-05,TEST-015
ALRT-000776,CSE-TELECOM-001,CSE-TELECOM-001-A009,execution,high,2026-06-29T04:23:00Z,2026-06-29T05:37:00Z,closed,CSE-TELECOM-001-USR-01,TEST-016
ALRT-000777,CSE-FINANCE-001,CSE-FINANCE-001-A003,defence-evasion,medium,2026-07-04T17:27:00Z,2026-07-04T18:43:00Z,closed,CSE-FINANCE-001-USR-02,TEST-017
ALRT-000778,CSE-POWER-002,CSE-POWER-002-A008,identity,medium,2026-06-08T00:52:00Z,2026-06-08T01:56:00Z,closed,CSE-POWER-002-USR-03,TEST-018
ALRT-000779,CSE-TELECOM-002,CSE-TELECOM-002-A010,execution,medium,2026-07-10T20:10:00Z,2026-07-10T20:15:00Z,closed,CSE-TELECOM-002-USR-04,TEST-019
ALRT-000780,CSE-FINANCE-002,CSE-FINANCE-002-A001,defence-evasion,medium,2026-08-03T08:38:00Z,2026-08-03T09:15:00Z,closed,CSE-FINANCE-002-USR-05,TEST-020
ALRT-000781,CSE-POWER-001,CSE-POWER-001-A007,identity,high,2026-07-17T20:13:00Z,2026-07-17T21:32:00Z,closed,CSE-POWER-001-USR-01,TEST-021
ALRT-000782,CSE-TELECOM-001,CSE-TELECOM-001-A009,execution,medium,2026-07-09T01:10:00Z,2026-07-09T02:23:00Z,closed,CSE-TELECOM-001-USR-02,TEST-022
ALRT-000783,CSE-FINANCE-001,CSE-FINANCE-001-A010,defence-evasion,critical,2026-06-11T09:05:00Z,2026-06-11T10:00:00Z,closed,CSE-FINANCE-001-USR-03,TEST-000
ALRT-000784,CSE-POWER-002,CSE-POWER-002-A002,identity,medium,2026-06-20T23:35:00Z,2026-06-21T00:15:00Z,closed,CSE-POWER-002-USR-04,TEST-001
ALRT-000785,CSE-TELECOM-002,CSE-TELECOM-002-A007,execution,medium,2026-06-29T19:32:00Z,2026-06-29T20:17:00Z,closed,CSE-TELECOM-002-USR-05,TEST-002
ALRT-000786,CSE-FINANCE-002,CSE-FINANCE-002-A006,defence-evasion,high,2026-08-23T08:48:00Z,2026-08-23T09:50:00Z,closed,CSE-FINANCE-002-USR-01,TEST-003
ALRT-000787,CSE-POWER-001,CSE-POWER-001-A005,identity,medium,2026-07-04T21:20:00Z,2026-07-04T22:08:00Z,closed,CSE-POWER-001-USR-02,TEST-004
ALRT-000788,CSE-TELECOM-001,CSE-TELECOM-001-A004,execution,medium,2026-07-31T19:21:00Z,2026-07-31T19:28:00Z,closed,CSE-TELECOM-001-USR-03,TEST-005
ALRT-000789,CSE-FINANCE-001,CSE-FINANCE-001-A003,defence-evasion,medium,2026-08-24T00:38:00Z,2026-08-24T01:43:00Z,closed,CSE-FINANCE-001-USR-04,TEST-006
ALRT-000790,CSE-POWER-002,CSE-POWER-002-A001,identity,medium,2026-06-04T21:11:00Z,2026-06-04T22:08:00Z,closed,CSE-POWER-002-USR-05,TEST-007
ALRT-000791,CSE-TELECOM-002,CSE-TELECOM-002-A009,execution,high,2026-08-31T22:31:00Z,2026-08-31T23:26:00Z,closed,CSE-TELECOM-002-USR-01,TEST-008
ALRT-000792,CSE-FINANCE-002,CSE-FINANCE-002-A009,defence-evasion,medium,2026-06-13T20:41:00Z,2026-06-13T20:55:00Z,closed,CSE-FINANCE-002-USR-02,TEST-009
ALRT-000793,CSE-POWER-001,CSE-POWER-001-A009,identity,medium,2026-06-06T21:28:00Z,2026-06-06T21:48:00Z,closed,CSE-POWER-001-USR-03,TEST-010
ALRT-000794,CSE-TELECOM-001,CSE-TELECOM-001-A006,execution,medium,2026-07-21T19:22:00Z,2026-07-21T20:16:00Z,closed,CSE-TELECOM-001-USR-04,TEST-011
ALRT-000795,CSE-FINANCE-001,CSE-FINANCE-001-A003,defence-evasion,medium,2026-08-31T00:07:00Z,2026-08-31T01:11:00Z,closed,CSE-FINANCE-001-USR-05,TEST-012
ALRT-000796,CSE-POWER-002,CSE-POWER-002-A006,identity,high,2026-06-27T14:00:00Z,2026-06-27T14:33:00Z,closed,CSE-POWER-002-USR-01,TEST-013
ALRT-000797,CSE-TELECOM-002,CSE-TELECOM-002-A001,execution,medium,2026-07-08T21:58:00Z,2026-07-08T22:48:00Z,closed,CSE-TELECOM-002-USR-02,TEST-014
ALRT-000798,CSE-FINANCE-002,CSE-FINANCE-002-A004,defence-evasion,medium,2026-06-14T19:40:00Z,2026-06-14T20:23:00Z,closed,CSE-FINANCE-002-USR-03,TEST-015
ALRT-000799,CSE-POWER-001,CSE-POWER-001-A004,identity,medium,2026-07-02T15:23:00Z,2026-07-02T15:32:00Z,closed,CSE-POWER-001-USR-04,TEST-016
ALRT-000800,CSE-TELECOM-001,CSE-TELECOM-001-A005,execution,critical,2026-08-05T22:45:00Z,2026-08-05T23:16:00Z,closed,CSE-TELECOM-001-USR-05,TEST-017
ALRT-000801,CSE-FINANCE-001,CSE-FINANCE-001-A001,defence-evasion,high,2026-06-28T20:25:00Z,2026-06-28T20:44:00Z,closed,CSE-FINANCE-001-USR-01,TEST-018
ALRT-000802,CSE-POWER-002,CSE-POWER-002-A005,identity,medium,2026-08-14T16:31:00Z,2026-08-14T16:57:00Z,closed,CSE-POWER-002-USR-02,TEST-019
ALRT-000803,CSE-TELECOM-002,CSE-TELECOM-002-A009,execution,medium,2026-06-27T21:47:00Z,2026-06-27T23:04:00Z,closed,CSE-TELECOM-002-USR-03,TEST-020
ALRT-000804,CSE-FINANCE-002,CSE-FINANCE-002-A010,defence-evasion,medium,2026-08-14T05:04:00Z,2026-08-14T05:25:00Z,closed,CSE-FINANCE-002-USR-04,TEST-021
ALRT-000805,CSE-POWER-001,CSE-POWER-001-A002,identity,medium,2026-06-19T08:59:00Z,2026-06-19T10:16:00Z,closed,CSE-POWER-001-USR-05,TEST-022
ALRT-000806,CSE-TELECOM-001,CSE-TELECOM-001-A004,execution,high,2026-08-08T23:50:00Z,2026-08-09T00:30:00Z,closed,CSE-TELECOM-001-USR-01,TEST-000
ALRT-000807,CSE-FINANCE-001,CSE-FINANCE-001-A004,defence-evasion,medium,2026-08-28T00:44:00Z,2026-08-28T01:57:00Z,closed,CSE-FINANCE-001-USR-02,TEST-001
ALRT-000808,CSE-POWER-002,CSE-POWER-002-A010,identity,medium,2026-07-05T21:35:00Z,2026-07-05T22:38:00Z,closed,CSE-POWER-002-USR-03,TEST-002
ALRT-000809,CSE-TELECOM-002,CSE-TELECOM-002-A001,execution,medium,2026-07-27T20:43:00Z,2026-07-27T20:54:00Z,closed,CSE-TELECOM-002-USR-04,TEST-003
ALRT-000810,CSE-FINANCE-002,CSE-FINANCE-002-A006,defence-evasion,medium,2026-07-28T13:17:00Z,2026-07-28T13:37:00Z,closed,CSE-FINANCE-002-USR-05,TEST-004
ALRT-000811,CSE-POWER-001,CSE-POWER-001-A009,identity,high,2026-08-01T15:23:00Z,2026-08-01T16:34:00Z,closed,CSE-POWER-001-USR-01,TEST-005
ALRT-000812,CSE-TELECOM-001,CSE-TELECOM-001-A001,execution,medium,2026-07-01T01:17:00Z,2026-07-01T02:15:00Z,closed,CSE-TELECOM-001-USR-02,TEST-006
ALRT-000813,CSE-FINANCE-001,CSE-FINANCE-001-A009,defence-evasion,medium,2026-07-30T10:00:00Z,2026-07-30T10:55:00Z,closed,CSE-FINANCE-001-USR-03,TEST-007
ALRT-000814,CSE-POWER-002,CSE-POWER-002-A004,identity,medium,2026-07-15T02:56:00Z,2026-07-15T04:14:00Z,closed,CSE-POWER-002-USR-04,TEST-008
ALRT-000815,CSE-TELECOM-002,CSE-TELECOM-002-A001,execution,medium,2026-07-01T22:27:00Z,2026-07-01T22:41:00Z,closed,CSE-TELECOM-002-USR-05,TEST-009
ALRT-000816,CSE-FINANCE-002,CSE-FINANCE-002-A004,defence-evasion,high,2026-06-28T05:21:00Z,2026-06-28T06:05:00Z,closed,CSE-FINANCE-002-USR-01,TEST-010
ALRT-000817,CSE-POWER-001,CSE-POWER-001-A002,identity,critical,2026-08-22T20:06:00Z,2026-08-22T20:14:00Z,closed,CSE-POWER-001-USR-02,TEST-011
ALRT-000818,CSE-TELECOM-001,CSE-TELECOM-001-A008,execution,medium,2026-07-28T00:37:00Z,2026-07-28T01:24:00Z,closed,CSE-TELECOM-001-USR-03,TEST-012
ALRT-000819,CSE-FINANCE-001,CSE-FINANCE-001-A005,defence-evasion,medium,2026-07-04T03:30:00Z,2026-07-04T04:05:00Z,closed,CSE-FINANCE-001-USR-04,TEST-013
ALRT-000820,CSE-POWER-002,CSE-POWER-002-A006,identity,medium,2026-06-09T10:33:00Z,2026-06-09T11:08:00Z,closed,CSE-POWER-002-USR-05,TEST-014
ALRT-000821,CSE-TELECOM-002,CSE-TELECOM-002-A002,execution,high,2026-08-18T19:28:00Z,2026-08-18T19:45:00Z,closed,CSE-TELECOM-002-USR-01,TEST-015
ALRT-000822,CSE-FINANCE-002,CSE-FINANCE-002-A008,defence-evasion,medium,2026-08-16T03:05:00Z,2026-08-16T03:17:00Z,closed,CSE-FINANCE-002-USR-02,TEST-016
ALRT-000823,CSE-POWER-001,CSE-POWER-001-A001,identity,medium,2026-07-21T10:56:00Z,2026-07-21T11:09:00Z,closed,CSE-POWER-001-USR-03,TEST-017
ALRT-000824,CSE-TELECOM-001,CSE-TELECOM-001-A003,execution,medium,2026-06-10T14:03:00Z,2026-06-10T14:46:00Z,closed,CSE-TELECOM-001-USR-04,TEST-018
ALRT-000825,CSE-FINANCE-001,CSE-FINANCE-001-A010,defence-evasion,medium,2026-08-22T13:04:00Z,2026-08-22T13:22:00Z,closed,CSE-FINANCE-001-USR-05,TEST-019
ALRT-000826,CSE-POWER-002,CSE-POWER-002-A001,identity,high,2026-08-13T01:18:00Z,2026-08-13T02:11:00Z,closed,CSE-POWER-002-USR-01,TEST-020
ALRT-000827,CSE-TELECOM-002,CSE-TELECOM-002-A007,execution,medium,2026-06-15T19:48:00Z,2026-06-15T20:45:00Z,closed,CSE-TELECOM-002-USR-02,TEST-021
ALRT-000828,CSE-FINANCE-002,CSE-FINANCE-002-A004,defence-evasion,medium,2026-08-18T21:39:00Z,2026-08-18T21:45:00Z,closed,CSE-FINANCE-002-USR-03,TEST-022
ALRT-000829,CSE-POWER-001,CSE-POWER-001-A008,identity,medium,2026-07-22T14:50:00Z,2026-07-22T15:49:00Z,closed,CSE-POWER-001-USR-04,TEST-000
ALRT-000830,CSE-TELECOM-001,CSE-TELECOM-001-A010,execution,medium,2026-08-21T03:21:00Z,2026-08-21T03:29:00Z,closed,CSE-TELECOM-001-USR-05,TEST-001
ALRT-000831,CSE-FINANCE-001,CSE-FINANCE-001-A008,defence-evasion,high,2026-08-08T10:37:00Z,2026-08-08T11:06:00Z,closed,CSE-FINANCE-001-USR-01,TEST-002
ALRT-000832,CSE-POWER-002,CSE-POWER-002-A002,identity,medium,2026-06-16T00:38:00Z,2026-06-16T00:51:00Z,closed,CSE-POWER-002-USR-02,TEST-003
ALRT-000833,CSE-TELECOM-002,CSE-TELECOM-002-A010,execution,medium,2026-06-27T18:08:00Z,2026-06-27T19:18:00Z,closed,CSE-TELECOM-002-USR-03,TEST-004
ALRT-000834,CSE-FINANCE-002,CSE-FINANCE-002-A005,defence-evasion,critical,2026-07-18T13:30:00Z,2026-07-18T14:31:00Z,closed,CSE-FINANCE-002-USR-04,TEST-005
ALRT-000835,CSE-POWER-001,CSE-POWER-001-A003,identity,medium,2026-07-04T04:51:00Z,2026-07-04T05:01:00Z,closed,CSE-POWER-001-USR-05,TEST-006
ALRT-000836,CSE-TELECOM-001,CSE-TELECOM-001-A001,execution,high,2026-06-19T09:37:00Z,2026-06-19T10:37:00Z,closed,CSE-TELECOM-001-USR-01,TEST-007
ALRT-000837,CSE-FINANCE-001,CSE-FINANCE-001-A009,defence-evasion,medium,2026-08-25T11:19:00Z,2026-08-25T12:38:00Z,closed,CSE-FINANCE-001-USR-02,TEST-008
ALRT-000838,CSE-POWER-002,CSE-POWER-002-A009,identity,medium,2026-06-21T04:30:00Z,2026-06-21T05:14:00Z,closed,CSE-POWER-002-USR-03,TEST-009
ALRT-000839,CSE-TELECOM-002,CSE-TELECOM-002-A010,execution,medium,2026-07-16T09:23:00Z,2026-07-16T09:29:00Z,closed,CSE-TELECOM-002-USR-04,TEST-010
ALRT-000840,CSE-FINANCE-002,CSE-FINANCE-002-A009,defence-evasion,medium,2026-08-17T21:43:00Z,2026-08-17T22:06:00Z,closed,CSE-FINANCE-002-USR-05,TEST-011
ALRT-000841,CSE-POWER-001,CSE-POWER-001-A001,identity,high,2026-07-03T16:52:00Z,2026-07-03T18:08:00Z,closed,CSE-POWER-001-USR-01,TEST-012
ALRT-000842,CSE-TELECOM-001,CSE-TELECOM-001-A001,execution,medium,2026-07-27T11:12:00Z,2026-07-27T11:42:00Z,closed,CSE-TELECOM-001-USR-02,TEST-013
ALRT-000843,CSE-FINANCE-001,CSE-FINANCE-001-A004,defence-evasion,medium,2026-06-11T10:12:00Z,2026-06-11T11:17:00Z,closed,CSE-FINANCE-001-USR-03,TEST-014
ALRT-000844,CSE-POWER-002,CSE-POWER-002-A008,identity,medium,2026-08-18T22:21:00Z,2026-08-18T23:40:00Z,closed,CSE-POWER-002-USR-04,TEST-015
ALRT-000845,CSE-TELECOM-002,CSE-TELECOM-002-A010,execution,medium,2026-07-15T19:19:00Z,2026-07-15T20:17:00Z,closed,CSE-TELECOM-002-USR-05,TEST-016
ALRT-000846,CSE-FINANCE-002,CSE-FINANCE-002-A006,defence-evasion,high,2026-06-23T03:29:00Z,2026-06-23T03:39:00Z,closed,CSE-FINANCE-002-USR-01,TEST-017
ALRT-000847,CSE-POWER-001,CSE-POWER-001-A008,identity,medium,2026-07-01T00:40:00Z,2026-07-01T01:13:00Z,closed,CSE-POWER-001-USR-02,TEST-018
ALRT-000848,CSE-TELECOM-001,CSE-TELECOM-001-A004,execution,medium,2026-08-01T19:13:00Z,2026-08-01T19:48:00Z,closed,CSE-TELECOM-001-USR-03,TEST-019
ALRT-000849,CSE-FINANCE-001,CSE-FINANCE-001-A008,defence-evasion,medium,2026-07-15T23:24:00Z,2026-07-15T23:55:00Z,closed,CSE-FINANCE-001-USR-04,TEST-020
ALRT-000850,CSE-POWER-002,CSE-POWER-002-A007,identity,medium,2026-06-26T00:23:00Z,2026-06-26T00:29:00Z,closed,CSE-POWER-002-USR-05,TEST-021
ALRT-000851,CSE-TELECOM-002,CSE-TELECOM-002-A002,execution,critical,2026-07-18T00:35:00Z,2026-07-18T00:54:00Z,closed,CSE-TELECOM-002-USR-01,TEST-022
ALRT-000852,CSE-FINANCE-002,CSE-FINANCE-002-A003,defence-evasion,medium,2026-07-10T14:12:00Z,2026-07-10T15:31:00Z,closed,CSE-FINANCE-002-USR-02,TEST-000
ALRT-000853,CSE-POWER-001,CSE-POWER-001-A006,identity,medium,2026-06-08T00:12:00Z,2026-06-08T00:42:00Z,closed,CSE-POWER-001-USR-03,TEST-001
ALRT-000854,CSE-TELECOM-001,CSE-TELECOM-001-A005,execution,medium,2026-06-25T07:56:00Z,2026-06-25T08:34:00Z,closed,CSE-TELECOM-001-USR-04,TEST-002
ALRT-000855,CSE-FINANCE-001,CSE-FINANCE-001-A003,defence-evasion,medium,2026-07-16T17:15:00Z,2026-07-16T17:42:00Z,closed,CSE-FINANCE-001-USR-05,TEST-003
ALRT-000856,CSE-POWER-002,CSE-POWER-002-A004,identity,high,2026-06-05T05:53:00Z,2026-06-05T06:31:00Z,closed,CSE-POWER-002-USR-01,TEST-004
ALRT-000857,CSE-TELECOM-002,CSE-TELECOM-002-A002,execution,medium,2026-06-05T21:08:00Z,2026-06-05T22:01:00Z,closed,CSE-TELECOM-002-USR-02,TEST-005
ALRT-000858,CSE-FINANCE-002,CSE-FINANCE-002-A002,defence-evasion,medium,2026-07-16T06:19:00Z,2026-07-16T07:22:00Z,closed,CSE-FINANCE-002-USR-03,TEST-006
ALRT-000859,CSE-POWER-001,CSE-POWER-001-A004,identity,medium,2026-07-20T11:42:00Z,2026-07-20T12:08:00Z,closed,CSE-POWER-001-USR-04,TEST-007
ALRT-000860,CSE-TELECOM-001,CSE-TELECOM-001-A009,execution,medium,2026-08-21T13:56:00Z,2026-08-21T14:09:00Z,closed,CSE-TELECOM-001-USR-05,TEST-008
ALRT-000861,CSE-FINANCE-001,CSE-FINANCE-001-A002,defence-evasion,high,2026-06-21T04:50:00Z,2026-06-21T05:19:00Z,closed,CSE-FINANCE-001-USR-01,TEST-009
ALRT-000862,CSE-POWER-002,CSE-POWER-002-A004,identity,medium,2026-08-10T12:44:00Z,2026-08-10T13:36:00Z,closed,CSE-POWER-002-USR-02,TEST-010
ALRT-000863,CSE-TELECOM-002,CSE-TELECOM-002-A006,execution,medium,2026-08-18T13:40:00Z,2026-08-18T14:16:00Z,closed,CSE-TELECOM-002-USR-03,TEST-011
ALRT-000864,CSE-FINANCE-002,CSE-FINANCE-002-A001,defence-evasion,medium,2026-08-20T18:12:00Z,2026-08-20T19:25:00Z,closed,CSE-FINANCE-002-USR-04,TEST-012
ALRT-000865,CSE-POWER-001,CSE-POWER-001-A005,identity,medium,2026-06-22T10:15:00Z,2026-06-22T10:26:00Z,closed,CSE-POWER-001-USR-05,TEST-013
ALRT-000866,CSE-TELECOM-001,CSE-TELECOM-001-A005,execution,high,2026-06-19T16:37:00Z,2026-06-19T17:44:00Z,closed,CSE-TELECOM-001-USR-01,TEST-014
ALRT-000867,CSE-FINANCE-001,CSE-FINANCE-001-A004,defence-evasion,medium,2026-06-13T15:50:00Z,2026-06-13T16:03:00Z,closed,CSE-FINANCE-001-USR-02,TEST-015
ALRT-000868,CSE-POWER-002,CSE-POWER-002-A003,identity,critical,2026-08-07T12:48:00Z,2026-08-07T13:58:00Z,closed,CSE-POWER-002-USR-03,TEST-016
ALRT-000869,CSE-TELECOM-002,CSE-TELECOM-002-A006,execution,medium,2026-08-05T16:29:00Z,2026-08-05T16:56:00Z,closed,CSE-TELECOM-002-USR-04,TEST-017
ALRT-000870,CSE-FINANCE-002,CSE-FINANCE-002-A006,defence-evasion,medium,2026-07-20T16:44:00Z,2026-07-20T17:50:00Z,closed,CSE-FINANCE-002-USR-05,TEST-018
ALRT-000871,CSE-POWER-001,CSE-POWER-001-A008,identity,high,2026-08-02T08:37:00Z,2026-08-02T09:33:00Z,closed,CSE-POWER-001-USR-01,TEST-019
ALRT-000872,CSE-TELECOM-001,CSE-TELECOM-001-A010,execution,medium,2026-08-25T01:13:00Z,2026-08-25T01:46:00Z,closed,CSE-TELECOM-001-USR-02,TEST-020
ALRT-000873,CSE-FINANCE-001,CSE-FINANCE-001-A004,defence-evasion,medium,2026-07-30T07:25:00Z,2026-07-30T07:57:00Z,closed,CSE-FINANCE-001-USR-03,TEST-021
ALRT-000874,CSE-POWER-002,CSE-POWER-002-A005,identity,medium,2026-07-27T12:36:00Z,2026-07-27T13:01:00Z,closed,CSE-POWER-002-USR-04,TEST-022
ALRT-000875,CSE-TELECOM-002,CSE-TELECOM-002-A006,execution,medium,2026-07-05T17:05:00Z,2026-07-05T17:27:00Z,closed,CSE-TELECOM-002-USR-05,TEST-000
ALRT-000876,CSE-FINANCE-002,CSE-FINANCE-002-A002,defence-evasion,high,2026-07-10T14:33:00Z,2026-07-10T15:23:00Z,closed,CSE-FINANCE-002-USR-01,TEST-001
ALRT-000877,CSE-POWER-001,CSE-POWER-001-A004,identity,medium,2026-08-16T01:29:00Z,2026-08-16T02:39:00Z,closed,CSE-POWER-001-USR-02,TEST-002
ALRT-000878,CSE-TELECOM-001,CSE-TELECOM-001-A010,execution,medium,2026-07-16T13:28:00Z,2026-07-16T14:32:00Z,closed,CSE-TELECOM-001-USR-03,TEST-003
ALRT-000879,CSE-FINANCE-001,CSE-FINANCE-001-A007,defence-evasion,medium,2026-07-25T11:51:00Z,2026-07-25T12:59:00Z,closed,CSE-FINANCE-001-USR-04,TEST-004
ALRT-000880,CSE-POWER-002,CSE-POWER-002-A006,identity,medium,2026-07-07T12:01:00Z,2026-07-07T12:28:00Z,closed,CSE-POWER-002-USR-05,TEST-005
ALRT-000881,CSE-TELECOM-002,CSE-TELECOM-002-A008,execution,high,2026-07-02T08:41:00Z,2026-07-02T08:55:00Z,closed,CSE-TELECOM-002-USR-01,TEST-006
ALRT-000882,CSE-FINANCE-002,CSE-FINANCE-002-A006,defence-evasion,medium,2026-06-13T09:53:00Z,2026-06-13T11:02:00Z,closed,CSE-FINANCE-002-USR-02,TEST-007
ALRT-000883,CSE-POWER-001,CSE-POWER-001-A009,identity,medium,2026-08-11T20:05:00Z,2026-08-11T20:45:00Z,closed,CSE-POWER-001-USR-03,TEST-008
ALRT-000884,CSE-TELECOM-001,CSE-TELECOM-001-A004,execution,medium,2026-06-15T03:04:00Z,2026-06-15T03:55:00Z,closed,CSE-TELECOM-001-USR-04,TEST-009
ALRT-000885,CSE-FINANCE-001,CSE-FINANCE-001-A001,defence-evasion,critical,2026-08-11T06:21:00Z,2026-08-11T06:51:00Z,closed,CSE-FINANCE-001-USR-05,TEST-010
ALRT-000886,CSE-POWER-002,CSE-POWER-002-A006,identity,high,2026-07-05T09:47:00Z,2026-07-05T10:27:00Z,closed,CSE-POWER-002-USR-01,TEST-011
ALRT-000887,CSE-TELECOM-002,CSE-TELECOM-002-A004,execution,medium,2026-08-19T04:54:00Z,2026-08-19T06:08:00Z,closed,CSE-TELECOM-002-USR-02,TEST-012
ALRT-000888,CSE-FINANCE-002,CSE-FINANCE-002-A005,defence-evasion,medium,2026-06-04T09:18:00Z,2026-06-04T10:07:00Z,closed,CSE-FINANCE-002-USR-03,TEST-013
ALRT-000889,CSE-POWER-001,CSE-POWER-001-A007,identity,medium,2026-07-24T18:48:00Z,2026-07-24T18:54:00Z,closed,CSE-POWER-001-USR-04,TEST-014
ALRT-000890,CSE-TELECOM-001,CSE-TELECOM-001-A008,execution,medium,2026-08-25T16:48:00Z,2026-08-25T17:12:00Z,closed,CSE-TELECOM-001-USR-05,TEST-015
ALRT-000891,CSE-FINANCE-001,CSE-FINANCE-001-A007,defence-evasion,high,2026-07-02T07:46:00Z,2026-07-02T08:17:00Z,closed,CSE-FINANCE-001-USR-01,TEST-016
ALRT-000892,CSE-POWER-002,CSE-POWER-002-A008,identity,medium,2026-07-02T16:37:00Z,2026-07-02T17:52:00Z,closed,CSE-POWER-002-USR-02,TEST-017
ALRT-000893,CSE-TELECOM-002,CSE-TELECOM-002-A008,execution,medium,2026-08-01T10:50:00Z,2026-08-01T11:05:00Z,closed,CSE-TELECOM-002-USR-03,TEST-018
ALRT-000894,CSE-FINANCE-002,CSE-FINANCE-002-A006,defence-evasion,medium,2026-06-27T13:49:00Z,2026-06-27T14:47:00Z,closed,CSE-FINANCE-002-USR-04,TEST-019
ALRT-000895,CSE-POWER-001,CSE-POWER-001-A004,identity,medium,2026-07-29T14:54:00Z,2026-07-29T16:10:00Z,closed,CSE-POWER-001-USR-05,TEST-020
ALRT-000896,CSE-TELECOM-001,CSE-TELECOM-001-A001,execution,high,2026-07-20T04:36:00Z,2026-07-20T04:57:00Z,closed,CSE-TELECOM-001-USR-01,TEST-021
ALRT-000897,CSE-FINANCE-001,CSE-FINANCE-001-A005,defence-evasion,medium,2026-06-04T15:51:00Z,2026-06-04T16:41:00Z,closed,CSE-FINANCE-001-USR-02,TEST-022
ALRT-000898,CSE-POWER-002,CSE-POWER-002-A006,identity,medium,2026-07-01T13:27:00Z,2026-07-01T14:23:00Z,closed,CSE-POWER-002-USR-03,TEST-000
ALRT-000899,CSE-TELECOM-002,CSE-TELECOM-002-A009,execution,medium,2026-07-11T10:37:00Z,2026-07-11T10:44:00Z,closed,CSE-TELECOM-002-USR-04,TEST-001
ALRT-000900,CSE-FINANCE-002,CSE-FINANCE-002-A010,defence-evasion,medium,2026-06-07T04:09:00Z,2026-06-07T04:56:00Z,closed,CSE-FINANCE-002-USR-05,TEST-002
ALRT-000901,CSE-POWER-001,CSE-POWER-001-A010,identity,high,2026-08-22T19:58:00Z,2026-08-22T21:16:00Z,closed,CSE-POWER-001-USR-01,TEST-003
ALRT-000902,CSE-TELECOM-001,CSE-TELECOM-001-A007,execution,critical,2026-07-21T06:25:00Z,2026-07-21T06:38:00Z,closed,CSE-TELECOM-001-USR-02,TEST-004
ALRT-000903,CSE-FINANCE-001,CSE-FINANCE-001-A009,defence-evasion,medium,2026-07-22T06:30:00Z,2026-07-22T06:48:00Z,closed,CSE-FINANCE-001-USR-03,TEST-005
ALRT-000904,CSE-POWER-002,CSE-POWER-002-A006,identity,medium,2026-08-14T14:40:00Z,2026-08-14T15:23:00Z,closed,CSE-POWER-002-USR-04,TEST-006
ALRT-000905,CSE-TELECOM-002,CSE-TELECOM-002-A002,execution,medium,2026-06-24T03:43:00Z,2026-06-24T04:58:00Z,closed,CSE-TELECOM-002-USR-05,TEST-007
ALRT-000906,CSE-FINANCE-002,CSE-FINANCE-002-A003,defence-evasion,high,2026-06-07T22:38:00Z,2026-06-07T23:45:00Z,closed,CSE-FINANCE-002-USR-01,TEST-008
ALRT-000907,CSE-POWER-001,CSE-POWER-001-A001,identity,medium,2026-06-26T06:04:00Z,2026-06-26T06:58:00Z,closed,CSE-POWER-001-USR-02,TEST-009
ALRT-000908,CSE-TELECOM-001,CSE-TELECOM-001-A005,execution,medium,2026-06-29T07:18:00Z,2026-06-29T08:30:00Z,closed,CSE-TELECOM-001-USR-03,TEST-010
ALRT-000909,CSE-FINANCE-001,CSE-FINANCE-001-A002,defence-evasion,medium,2026-07-31T01:23:00Z,2026-07-31T02:34:00Z,closed,CSE-FINANCE-001-USR-04,TEST-011
ALRT-000910,CSE-POWER-002,CSE-POWER-002-A001,identity,medium,2026-06-24T10:55:00Z,2026-06-24T11:52:00Z,closed,CSE-POWER-002-USR-05,TEST-012
ALRT-000911,CSE-TELECOM-002,CSE-TELECOM-002-A007,execution,high,2026-06-23T03:08:00Z,2026-06-23T04:21:00Z,closed,CSE-TELECOM-002-USR-01,TEST-013
ALRT-000912,CSE-FINANCE-002,CSE-FINANCE-002-A007,defence-evasion,medium,2026-08-03T23:04:00Z,2026-08-03T23:58:00Z,closed,CSE-FINANCE-002-USR-02,TEST-014
ALRT-000913,CSE-POWER-001,CSE-POWER-001-A004,identity,medium,2026-06-19T06:19:00Z,2026-06-19T07:19:00Z,closed,CSE-POWER-001-USR-03,TEST-015
ALRT-000914,CSE-TELECOM-001,CSE-TELECOM-001-A008,execution,medium,2026-06-23T19:36:00Z,2026-06-23T20:20:00Z,closed,CSE-TELECOM-001-USR-04,TEST-016
ALRT-000915,CSE-FINANCE-001,CSE-FINANCE-001-A010,defence-evasion,medium,2026-06-28T16:45:00Z,2026-06-28T17:48:00Z,closed,CSE-FINANCE-001-USR-05,TEST-017
ALRT-000916,CSE-POWER-002,CSE-POWER-002-A005,identity,high,2026-06-28T00:09:00Z,2026-06-28T01:11:00Z,closed,CSE-POWER-002-USR-01,TEST-018
ALRT-000917,CSE-TELECOM-002,CSE-TELECOM-002-A002,execution,medium,2026-07-24T19:51:00Z,2026-07-24T20:27:00Z,closed,CSE-TELECOM-002-USR-02,TEST-019
ALRT-000918,CSE-FINANCE-002,CSE-FINANCE-002-A009,defence-evasion,medium,2026-07-15T18:56:00Z,2026-07-15T20:03:00Z,closed,CSE-FINANCE-002-USR-03,TEST-020
ALRT-000919,CSE-POWER-001,CSE-POWER-001-A008,identity,critical,2026-08-01T18:02:00Z,2026-08-01T18:18:00Z,closed,CSE-POWER-001-USR-04,TEST-021
ALRT-000920,CSE-TELECOM-001,CSE-TELECOM-001-A005,execution,medium,2026-08-24T14:22:00Z,2026-08-24T15:05:00Z,closed,CSE-TELECOM-001-USR-05,TEST-022
ALRT-000921,CSE-FINANCE-001,CSE-FINANCE-001-A007,defence-evasion,high,2026-08-20T05:26:00Z,2026-08-20T06:02:00Z,closed,CSE-FINANCE-001-USR-01,TEST-000
ALRT-000922,CSE-POWER-002,CSE-POWER-002-A003,identity,medium,2026-08-21T23:27:00Z,2026-08-22T00:30:00Z,closed,CSE-POWER-002-USR-02,TEST-001
ALRT-000923,CSE-TELECOM-002,CSE-TELECOM-002-A007,execution,medium,2026-08-26T05:44:00Z,2026-08-26T07:01:00Z,closed,CSE-TELECOM-002-USR-03,TEST-002
ALRT-000924,CSE-FINANCE-002,CSE-FINANCE-002-A002,defence-evasion,medium,2026-07-23T22:02:00Z,2026-07-23T22:37:00Z,closed,CSE-FINANCE-002-USR-04,TEST-003
ALRT-000925,CSE-POWER-001,CSE-POWER-001-A003,identity,medium,2026-07-08T20:34:00Z,2026-07-08T21:16:00Z,closed,CSE-POWER-001-USR-05,TEST-004
ALRT-000926,CSE-TELECOM-001,CSE-TELECOM-001-A002,execution,high,2026-08-31T23:46:00Z,2026-09-01T00:18:00Z,closed,CSE-TELECOM-001-USR-01,TEST-005
ALRT-000927,CSE-FINANCE-001,CSE-FINANCE-001-A008,defence-evasion,medium,2026-07-25T17:07:00Z,2026-07-25T17:59:00Z,closed,CSE-FINANCE-001-USR-02,TEST-006
ALRT-000928,CSE-POWER-002,CSE-POWER-002-A002,identity,medium,2026-06-16T16:49:00Z,2026-06-16T17:35:00Z,closed,CSE-POWER-002-USR-03,TEST-007
ALRT-000929,CSE-TELECOM-002,CSE-TELECOM-002-A007,execution,medium,2026-07-30T05:16:00Z,2026-07-30T05:47:00Z,closed,CSE-TELECOM-002-USR-04,TEST-008
ALRT-000930,CSE-FINANCE-002,CSE-FINANCE-002-A009,defence-evasion,medium,2026-06-08T14:01:00Z,2026-06-08T14:15:00Z,closed,CSE-FINANCE-002-USR-05,TEST-009
ALRT-000931,CSE-POWER-001,CSE-POWER-001-A008,identity,high,2026-07-21T10:47:00Z,2026-07-21T11:43:00Z,closed,CSE-POWER-001-USR-01,TEST-010
ALRT-000932,CSE-TELECOM-001,CSE-TELECOM-001-A004,execution,medium,2026-07-23T01:00:00Z,2026-07-23T01:37:00Z,closed,CSE-TELECOM-001-USR-02,TEST-011
ALRT-000933,CSE-FINANCE-001,CSE-FINANCE-001-A002,defence-evasion,medium,2026-06-20T10:42:00Z,2026-06-20T11:46:00Z,closed,CSE-FINANCE-001-USR-03,TEST-012
ALRT-000934,CSE-POWER-002,CSE-POWER-002-A008,identity,medium,2026-08-01T02:05:00Z,2026-08-01T03:20:00Z,closed,CSE-POWER-002-USR-04,TEST-013
ALRT-000935,CSE-TELECOM-002,CSE-TELECOM-002-A004,execution,medium,2026-07-29T04:30:00Z,2026-07-29T05:10:00Z,closed,CSE-TELECOM-002-USR-05,TEST-014
ALRT-000936,CSE-FINANCE-002,CSE-FINANCE-002-A003,defence-evasion,critical,2026-06-24T00:38:00Z,2026-06-24T00:55:00Z,closed,CSE-FINANCE-002-USR-01,TEST-015
ALRT-000937,CSE-POWER-001,CSE-POWER-001-A003,identity,medium,2026-07-10T03:34:00Z,2026-07-10T04:29:00Z,closed,CSE-POWER-001-USR-02,TEST-016
ALRT-000938,CSE-TELECOM-001,CSE-TELECOM-001-A003,execution,medium,2026-06-12T21:48:00Z,2026-06-12T21:54:00Z,closed,CSE-TELECOM-001-USR-03,TEST-017
ALRT-000939,CSE-FINANCE-001,CSE-FINANCE-001-A005,defence-evasion,medium,2026-06-22T14:22:00Z,2026-06-22T14:49:00Z,closed,CSE-FINANCE-001-USR-04,TEST-018
ALRT-000940,CSE-POWER-002,CSE-POWER-002-A004,identity,medium,2026-06-07T21:34:00Z,2026-06-07T22:06:00Z,closed,CSE-POWER-002-USR-05,TEST-019
ALRT-000941,CSE-TELECOM-002,CSE-TELECOM-002-A008,execution,high,2026-08-31T01:53:00Z,2026-08-31T03:04:00Z,closed,CSE-TELECOM-002-USR-01,TEST-020
ALRT-000942,CSE-FINANCE-002,CSE-FINANCE-002-A002,defence-evasion,medium,2026-07-22T22:19:00Z,2026-07-22T23:20:00Z,closed,CSE-FINANCE-002-USR-02,TEST-021
ALRT-000943,CSE-POWER-001,CSE-POWER-001-A001,identity,medium,2026-08-18T00:03:00Z,2026-08-18T00:56:00Z,closed,CSE-POWER-001-USR-03,TEST-022
ALRT-000944,CSE-TELECOM-001,CSE-TELECOM-001-A004,execution,medium,2026-07-04T11:58:00Z,2026-07-04T12:33:00Z,closed,CSE-TELECOM-001-USR-04,TEST-000
ALRT-000945,CSE-FINANCE-001,CSE-FINANCE-001-A004,defence-evasion,medium,2026-06-14T00:26:00Z,2026-06-14T00:34:00Z,closed,CSE-FINANCE-001-USR-05,TEST-001
ALRT-000946,CSE-POWER-002,CSE-POWER-002-A001,identity,high,2026-07-16T06:43:00Z,2026-07-16T06:56:00Z,closed,CSE-POWER-002-USR-01,TEST-002
ALRT-000947,CSE-TELECOM-002,CSE-TELECOM-002-A004,execution,medium,2026-06-15T21:10:00Z,2026-06-15T21:36:00Z,closed,CSE-TELECOM-002-USR-02,TEST-003
ALRT-000948,CSE-FINANCE-002,CSE-FINANCE-002-A001,defence-evasion,medium,2026-07-26T16:06:00Z,2026-07-26T16:52:00Z,closed,CSE-FINANCE-002-USR-03,TEST-004
ALRT-000949,CSE-POWER-001,CSE-POWER-001-A006,identity,medium,2026-08-13T20:12:00Z,2026-08-13T20:43:00Z,closed,CSE-POWER-001-USR-04,TEST-005
ALRT-000950,CSE-TELECOM-001,CSE-TELECOM-001-A009,execution,medium,2026-07-23T13:07:00Z,2026-07-23T13:41:00Z,closed,CSE-TELECOM-001-USR-05,TEST-006
ALRT-000951,CSE-FINANCE-001,CSE-FINANCE-001-A004,defence-evasion,high,2026-06-16T11:20:00Z,2026-06-16T11:47:00Z,closed,CSE-FINANCE-001-USR-01,TEST-007
ALRT-000952,CSE-POWER-002,CSE-POWER-002-A001,identity,medium,2026-07-24T20:20:00Z,2026-07-24T20:26:00Z,closed,CSE-POWER-002-USR-02,TEST-008
ALRT-000953,CSE-TELECOM-002,CSE-TELECOM-002-A007,execution,critical,2026-06-30T14:14:00Z,2026-06-30T14:27:00Z,closed,CSE-TELECOM-002-USR-03,TEST-009
ALRT-000954,CSE-FINANCE-002,CSE-FINANCE-002-A005,defence-evasion,medium,2026-08-25T19:23:00Z,2026-08-25T19:33:00Z,closed,CSE-FINANCE-002-USR-04,TEST-010
ALRT-000955,CSE-POWER-001,CSE-POWER-001-A002,identity,medium,2026-06-30T13:19:00Z,2026-06-30T14:27:00Z,closed,CSE-POWER-001-USR-05,TEST-011
ALRT-000956,CSE-TELECOM-001,CSE-TELECOM-001-A002,execution,high,2026-08-10T18:10:00Z,2026-08-10T18:47:00Z,closed,CSE-TELECOM-001-USR-01,TEST-012
ALRT-000957,CSE-FINANCE-001,CSE-FINANCE-001-A002,defence-evasion,medium,2026-08-18T10:40:00Z,2026-08-18T11:34:00Z,closed,CSE-FINANCE-001-USR-02,TEST-013
ALRT-000958,CSE-POWER-002,CSE-POWER-002-A003,identity,medium,2026-07-15T05:40:00Z,2026-07-15T06:25:00Z,closed,CSE-POWER-002-USR-03,TEST-014
ALRT-000959,CSE-TELECOM-002,CSE-TELECOM-002-A008,execution,medium,2026-06-11T10:01:00Z,2026-06-11T11:20:00Z,closed,CSE-TELECOM-002-USR-04,TEST-015
ALRT-000960,CSE-FINANCE-002,CSE-FINANCE-002-A008,defence-evasion,medium,2026-07-21T16:40:00Z,2026-07-21T17:14:00Z,closed,CSE-FINANCE-002-USR-05,TEST-016
ALRT-000961,CSE-POWER-001,CSE-POWER-001-A009,identity,high,2026-08-17T22:00:00Z,2026-08-17T22:34:00Z,closed,CSE-POWER-001-USR-01,TEST-017
ALRT-000962,CSE-TELECOM-001,CSE-TELECOM-001-A001,execution,medium,2026-08-20T03:19:00Z,2026-08-20T03:54:00Z,closed,CSE-TELECOM-001-USR-02,TEST-018
ALRT-000963,CSE-FINANCE-001,CSE-FINANCE-001-A007,defence-evasion,medium,2026-07-04T19:05:00Z,2026-07-04T19:17:00Z,closed,CSE-FINANCE-001-USR-03,TEST-019
ALRT-000964,CSE-POWER-002,CSE-POWER-002-A003,identity,medium,2026-07-20T15:18:00Z,2026-07-20T15:48:00Z,closed,CSE-POWER-002-USR-04,TEST-020
ALRT-000965,CSE-TELECOM-002,CSE-TELECOM-002-A003,execution,medium,2026-07-21T06:41:00Z,2026-07-21T06:50:00Z,closed,CSE-TELECOM-002-USR-05,TEST-021
ALRT-000966,CSE-FINANCE-002,CSE-FINANCE-002-A004,defence-evasion,high,2026-08-18T14:47:00Z,2026-08-18T15:34:00Z,closed,CSE-FINANCE-002-USR-01,TEST-022
ALRT-000967,CSE-POWER-001,CSE-POWER-001-A003,identity,medium,2026-07-08T10:41:00Z,2026-07-08T10:51:00Z,closed,CSE-POWER-001-USR-02,TEST-000
ALRT-000968,CSE-TELECOM-001,CSE-TELECOM-001-A009,execution,medium,2026-07-26T20:52:00Z,2026-07-26T21:33:00Z,closed,CSE-TELECOM-001-USR-03,TEST-001
ALRT-000969,CSE-FINANCE-001,CSE-FINANCE-001-A001,defence-evasion,medium,2026-07-02T23:21:00Z,2026-07-03T00:09:00Z,closed,CSE-FINANCE-001-USR-04,TEST-002
ALRT-000970,CSE-POWER-002,CSE-POWER-002-A004,identity,critical,2026-06-29T17:03:00Z,2026-06-29T17:39:00Z,closed,CSE-POWER-002-USR-05,TEST-003
ALRT-000971,CSE-TELECOM-002,CSE-TELECOM-002-A004,execution,high,2026-08-19T12:33:00Z,2026-08-19T13:19:00Z,closed,CSE-TELECOM-002-USR-01,TEST-004
ALRT-000972,CSE-FINANCE-002,CSE-FINANCE-002-A003,defence-evasion,medium,2026-07-29T20:00:00Z,2026-07-29T20:13:00Z,closed,CSE-FINANCE-002-USR-02,TEST-005
ALRT-000973,CSE-POWER-001,CSE-POWER-001-A008,identity,medium,2026-06-11T06:03:00Z,2026-06-11T06:26:00Z,closed,CSE-POWER-001-USR-03,TEST-006
ALRT-000974,CSE-TELECOM-001,CSE-TELECOM-001-A004,execution,medium,2026-06-19T02:11:00Z,2026-06-19T03:26:00Z,closed,CSE-TELECOM-001-USR-04,TEST-007
ALRT-000975,CSE-FINANCE-001,CSE-FINANCE-001-A004,defence-evasion,medium,2026-07-03T16:05:00Z,2026-07-03T17:04:00Z,closed,CSE-FINANCE-001-USR-05,TEST-008
ALRT-000976,CSE-POWER-002,CSE-POWER-002-A008,identity,high,2026-07-12T05:46:00Z,2026-07-12T06:16:00Z,closed,CSE-POWER-002-USR-01,TEST-009
ALRT-000977,CSE-TELECOM-002,CSE-TELECOM-002-A004,execution,medium,2026-07-27T05:38:00Z,2026-07-27T06:14:00Z,closed,CSE-TELECOM-002-USR-02,TEST-010
ALRT-000978,CSE-FINANCE-002,CSE-FINANCE-002-A005,defence-evasion,medium,2026-07-09T18:28:00Z,2026-07-09T18:58:00Z,closed,CSE-FINANCE-002-USR-03,TEST-011
ALRT-000979,CSE-POWER-001,CSE-POWER-001-A005,identity,medium,2026-08-03T02:23:00Z,2026-08-03T03:18:00Z,closed,CSE-POWER-001-USR-04,TEST-012
ALRT-000980,CSE-TELECOM-001,CSE-TELECOM-001-A007,execution,medium,2026-06-24T15:28:00Z,2026-06-24T16:27:00Z,closed,CSE-TELECOM-001-USR-05,TEST-013
ALRT-000981,CSE-FINANCE-001,CSE-FINANCE-001-A009,defence-evasion,high,2026-08-20T23:27:00Z,2026-08-20T23:51:00Z,closed,CSE-FINANCE-001-USR-01,TEST-014
ALRT-000982,CSE-POWER-002,CSE-POWER-002-A008,identity,medium,2026-06-05T12:27:00Z,2026-06-05T12:42:00Z,closed,CSE-POWER-002-USR-02,TEST-015
ALRT-000983,CSE-TELECOM-002,CSE-TELECOM-002-A005,execution,medium,2026-08-18T17:09:00Z,2026-08-18T18:24:00Z,closed,CSE-TELECOM-002-USR-03,TEST-016
ALRT-000984,CSE-FINANCE-002,CSE-FINANCE-002-A003,defence-evasion,medium,2026-07-05T12:29:00Z,2026-07-05T13:13:00Z,closed,CSE-FINANCE-002-USR-04,TEST-017
ALRT-000985,CSE-POWER-001,CSE-POWER-001-A008,identity,medium,2026-07-09T12:35:00Z,2026-07-09T13:41:00Z,closed,CSE-POWER-001-USR-05,TEST-018
ALRT-000986,CSE-TELECOM-001,CSE-TELECOM-001-A002,execution,high,2026-07-15T04:45:00Z,2026-07-15T05:50:00Z,closed,CSE-TELECOM-001-USR-01,TEST-019
ALRT-000987,CSE-FINANCE-001,CSE-FINANCE-001-A004,defence-evasion,critical,2026-06-22T06:00:00Z,2026-06-22T06:06:00Z,closed,CSE-FINANCE-001-USR-02,TEST-020
ALRT-000988,CSE-POWER-002,CSE-POWER-002-A009,identity,medium,2026-07-20T15:25:00Z,2026-07-20T16:23:00Z,closed,CSE-POWER-002-USR-03,TEST-021
ALRT-000989,CSE-TELECOM-002,CSE-TELECOM-002-A007,execution,medium,2026-07-20T12:31:00Z,2026-07-20T13:15:00Z,closed,CSE-TELECOM-002-USR-04,TEST-022
ALRT-000990,CSE-FINANCE-002,CSE-FINANCE-002-A010,defence-evasion,medium,2026-06-12T13:56:00Z,2026-06-12T14:05:00Z,closed,CSE-FINANCE-002-USR-05,TEST-000
ALRT-000991,CSE-POWER-001,CSE-POWER-001-A002,identity,high,2026-07-22T18:10:00Z,2026-07-22T18:39:00Z,closed,CSE-POWER-001-USR-01,TEST-001
ALRT-000992,CSE-TELECOM-001,CSE-TELECOM-001-A007,execution,medium,2026-07-05T23:22:00Z,2026-07-06T00:32:00Z,closed,CSE-TELECOM-001-USR-02,TEST-002
ALRT-000993,CSE-FINANCE-001,CSE-FINANCE-001-A008,defence-evasion,medium,2026-08-23T22:23:00Z,2026-08-23T22:35:00Z,closed,CSE-FINANCE-001-USR-03,TEST-003
ALRT-000994,CSE-POWER-002,CSE-POWER-002-A007,identity,medium,2026-07-27T23:15:00Z,2026-07-27T23:51:00Z,closed,CSE-POWER-002-USR-04,TEST-004
ALRT-000995,CSE-TELECOM-002,CSE-TELECOM-002-A008,execution,medium,2026-06-07T11:40:00Z,2026-06-07T11:48:00Z,closed,CSE-TELECOM-002-USR-05,TEST-005
ALRT-000996,CSE-FINANCE-002,CSE-FINANCE-002-A003,defence-evasion,high,2026-07-06T19:29:00Z,2026-07-06T19:52:00Z,closed,CSE-FINANCE-002-USR-01,TEST-006
ALRT-000997,CSE-POWER-001,CSE-POWER-001-A005,identity,medium,2026-07-04T19:37:00Z,2026-07-04T20:02:00Z,closed,CSE-POWER-001-USR-02,TEST-007
ALRT-000998,CSE-TELECOM-001,CSE-TELECOM-001-A001,execution,medium,2026-06-17T02:41:00Z,2026-06-17T03:35:00Z,closed,CSE-TELECOM-001-USR-03,TEST-008
ALRT-000999,CSE-FINANCE-001,CSE-FINANCE-001-A007,defence-evasion,medium,2026-08-17T02:33:00Z,2026-08-17T03:02:00Z,closed,CSE-FINANCE-001-USR-04,TEST-009
ALRT-001000,CSE-POWER-002,CSE-POWER-002-A007,identity,medium,2026-06-24T13:16:00Z,2026-06-24T13:59:00Z,closed,CSE-POWER-002-USR-05,TEST-010
ALRT-001001,CSE-TELECOM-002,CSE-TELECOM-002-A009,execution,high,2026-08-10T21:56:00Z,2026-08-10T22:49:00Z,closed,CSE-TELECOM-002-USR-01,TEST-011
ALRT-001002,CSE-FINANCE-002,CSE-FINANCE-002-A010,defence-evasion,medium,2026-07-12T23:26:00Z,2026-07-12T23:42:00Z,closed,CSE-FINANCE-002-USR-02,TEST-012
ALRT-001003,CSE-POWER-001,CSE-POWER-001-A002,identity,medium,2026-08-23T18:49:00Z,2026-08-23T19:38:00Z,closed,CSE-POWER-001-USR-03,TEST-013
ALRT-001004,CSE-TELECOM-001,CSE-TELECOM-001-A003,execution,critical,2026-07-07T23:13:00Z,2026-07-08T00:08:00Z,closed,CSE-TELECOM-001-USR-04,TEST-014
ALRT-001005,CSE-FINANCE-001,CSE-FINANCE-001-A005,defence-evasion,medium,2026-06-03T05:52:00Z,2026-06-03T06:59:00Z,closed,CSE-FINANCE-001-USR-05,TEST-015
ALRT-001006,CSE-POWER-002,CSE-POWER-002-A001,identity,high,2026-06-15T02:49:00Z,2026-06-15T03:47:00Z,closed,CSE-POWER-002-USR-01,TEST-016
ALRT-001007,CSE-TELECOM-002,CSE-TELECOM-002-A009,execution,medium,2026-07-26T20:18:00Z,2026-07-26T21:18:00Z,closed,CSE-TELECOM-002-USR-02,TEST-017
ALRT-001008,CSE-FINANCE-002,CSE-FINANCE-002-A003,defence-evasion,medium,2026-06-25T11:11:00Z,2026-06-25T11:33:00Z,closed,CSE-FINANCE-002-USR-03,TEST-018
ALRT-001009,CSE-POWER-001,CSE-POWER-001-A004,identity,medium,2026-08-04T05:32:00Z,2026-08-04T05:51:00Z,closed,CSE-POWER-001-USR-04,TEST-019
ALRT-001010,CSE-TELECOM-001,CSE-TELECOM-001-A008,execution,medium,2026-08-14T06:11:00Z,2026-08-14T06:41:00Z,closed,CSE-TELECOM-001-USR-05,TEST-020
ALRT-001011,CSE-FINANCE-001,CSE-FINANCE-001-A001,defence-evasion,high,2026-06-26T06:16:00Z,2026-06-26T07:13:00Z,closed,CSE-FINANCE-001-USR-01,TEST-021
ALRT-001012,CSE-POWER-002,CSE-POWER-002-A008,identity,medium,2026-08-22T19:06:00Z,2026-08-22T19:32:00Z,closed,CSE-POWER-002-USR-02,TEST-022
ALRT-001013,CSE-TELECOM-002,CSE-TELECOM-002-A002,execution,medium,2026-07-10T02:24:00Z,2026-07-10T02:44:00Z,closed,CSE-TELECOM-002-USR-03,TEST-000
ALRT-001014,CSE-FINANCE-002,CSE-FINANCE-002-A005,defence-evasion,medium,2026-06-11T10:01:00Z,2026-06-11T11:20:00Z,closed,CSE-FINANCE-002-USR-04,TEST-001
ALRT-001015,CSE-POWER-001,CSE-POWER-001-A004,identity,medium,2026-08-03T15:43:00Z,2026-08-03T16:00:00Z,closed,CSE-POWER-001-USR-05,TEST-002
ALRT-001016,CSE-TELECOM-001,CSE-TELECOM-001-A001,execution,high,2026-06-10T08:48:00Z,2026-06-10T08:53:00Z,closed,CSE-TELECOM-001-USR-01,TEST-003
ALRT-001017,CSE-FINANCE-001,CSE-FINANCE-001-A010,defence-evasion,medium,2026-06-08T03:13:00Z,2026-06-08T04:24:00Z,closed,CSE-FINANCE-001-USR-02,TEST-004
ALRT-001018,CSE-POWER-002,CSE-POWER-002-A001,identity,medium,2026-07-21T19:33:00Z,2026-07-21T20:12:00Z,closed,CSE-POWER-002-USR-03,TEST-005
ALRT-001019,CSE-TELECOM-002,CSE-TELECOM-002-A008,execution,medium,2026-08-02T10:38:00Z,2026-08-02T11:37:00Z,closed,CSE-TELECOM-002-USR-04,TEST-006
ALRT-001020,CSE-FINANCE-002,CSE-FINANCE-002-A006,defence-evasion,medium,2026-07-20T21:56:00Z,2026-07-20T22:44:00Z,closed,CSE-FINANCE-002-USR-05,TEST-007
ALRT-001021,CSE-POWER-001,CSE-POWER-001-A006,identity,critical,2026-07-03T11:42:00Z,2026-07-03T12:38:00Z,closed,CSE-POWER-001-USR-01,TEST-008
ALRT-001022,CSE-TELECOM-001,CSE-TELECOM-001-A007,execution,medium,2026-08-20T01:22:00Z,2026-08-20T02:09:00Z,closed,CSE-TELECOM-001-USR-02,TEST-009
ALRT-001023,CSE-FINANCE-001,CSE-FINANCE-001-A002,defence-evasion,medium,2026-06-03T14:55:00Z,2026-06-03T15:51:00Z,closed,CSE-FINANCE-001-USR-03,TEST-010
ALRT-001024,CSE-POWER-002,CSE-POWER-002-A003,identity,medium,2026-06-06T19:07:00Z,2026-06-06T20:19:00Z,closed,CSE-POWER-002-USR-04,TEST-011
ALRT-001025,CSE-TELECOM-002,CSE-TELECOM-002-A005,execution,medium,2026-08-31T07:23:00Z,2026-08-31T08:25:00Z,closed,CSE-TELECOM-002-USR-05,TEST-012
ALRT-001026,CSE-FINANCE-002,CSE-FINANCE-002-A010,defence-evasion,high,2026-08-29T21:55:00Z,2026-08-29T23:00:00Z,closed,CSE-FINANCE-002-USR-01,TEST-013
ALRT-001027,CSE-POWER-001,CSE-POWER-001-A009,identity,medium,2026-07-25T21:12:00Z,2026-07-25T21:17:00Z,closed,CSE-POWER-001-USR-02,TEST-014
ALRT-001028,CSE-TELECOM-001,CSE-TELECOM-001-A006,execution,medium,2026-06-05T20:23:00Z,2026-06-05T20:33:00Z,closed,CSE-TELECOM-001-USR-03,TEST-015
ALRT-001029,CSE-FINANCE-001,CSE-FINANCE-001-A006,defence-evasion,medium,2026-08-28T14:14:00Z,2026-08-28T15:21:00Z,closed,CSE-FINANCE-001-USR-04,TEST-016
ALRT-001030,CSE-POWER-002,CSE-POWER-002-A007,identity,medium,2026-08-20T02:22:00Z,2026-08-20T03:21:00Z,closed,CSE-POWER-002-USR-05,TEST-017
ALRT-001031,CSE-TELECOM-002,CSE-TELECOM-002-A008,execution,high,2026-08-26T22:57:00Z,2026-08-26T23:14:00Z,closed,CSE-TELECOM-002-USR-01,TEST-018
ALRT-001032,CSE-FINANCE-002,CSE-FINANCE-002-A007,defence-evasion,medium,2026-07-10T19:12:00Z,2026-07-10T19:35:00Z,closed,CSE-FINANCE-002-USR-02,TEST-019
ALRT-001033,CSE-POWER-001,CSE-POWER-001-A009,identity,medium,2026-08-15T22:32:00Z,2026-08-15T22:41:00Z,closed,CSE-POWER-001-USR-03,TEST-020
ALRT-001034,CSE-TELECOM-001,CSE-TELECOM-001-A003,execution,medium,2026-08-05T02:19:00Z,2026-08-05T03:34:00Z,closed,CSE-TELECOM-001-USR-04,TEST-021
ALRT-001035,CSE-FINANCE-001,CSE-FINANCE-001-A008,defence-evasion,medium,2026-06-24T14:07:00Z,2026-06-24T15:13:00Z,closed,CSE-FINANCE-001-USR-05,TEST-022
ALRT-001036,CSE-POWER-002,CSE-POWER-002-A009,identity,high,2026-07-03T07:13:00Z,2026-07-03T07:39:00Z,closed,CSE-POWER-002-USR-01,TEST-000
ALRT-001037,CSE-TELECOM-002,CSE-TELECOM-002-A002,execution,medium,2026-06-16T13:45:00Z,2026-06-16T13:53:00Z,closed,CSE-TELECOM-002-USR-02,TEST-001
ALRT-001038,CSE-FINANCE-002,CSE-FINANCE-002-A003,defence-evasion,critical,2026-07-14T12:49:00Z,2026-07-14T13:29:00Z,closed,CSE-FINANCE-002-USR-03,TEST-002
ALRT-001039,CSE-POWER-001,CSE-POWER-001-A004,identity,medium,2026-07-05T21:30:00Z,2026-07-05T21:50:00Z,closed,CSE-POWER-001-USR-04,TEST-003
ALRT-001040,CSE-TELECOM-001,CSE-TELECOM-001-A003,execution,medium,2026-08-10T20:46:00Z,2026-08-10T21:53:00Z,closed,CSE-TELECOM-001-USR-05,TEST-004
ALRT-001041,CSE-FINANCE-001,CSE-FINANCE-001-A002,defence-evasion,high,2026-08-30T10:55:00Z,2026-08-30T11:28:00Z,closed,CSE-FINANCE-001-USR-01,TEST-005
ALRT-001042,CSE-POWER-002,CSE-POWER-002-A010,identity,medium,2026-08-18T02:41:00Z,2026-08-18T03:29:00Z,closed,CSE-POWER-002-USR-02,TEST-006
ALRT-001043,CSE-TELECOM-002,CSE-TELECOM-002-A007,execution,medium,2026-07-21T20:41:00Z,2026-07-21T21:57:00Z,closed,CSE-TELECOM-002-USR-03,TEST-007
ALRT-001044,CSE-FINANCE-002,CSE-FINANCE-002-A007,defence-evasion,medium,2026-07-02T07:16:00Z,2026-07-02T07:35:00Z,closed,CSE-FINANCE-002-USR-04,TEST-008
ALRT-001045,CSE-POWER-001,CSE-POWER-001-A005,identity,medium,2026-06-14T03:05:00Z,2026-06-14T03:53:00Z,closed,CSE-POWER-001-USR-05,TEST-009
ALRT-001046,CSE-TELECOM-001,CSE-TELECOM-001-A010,execution,high,2026-06-27T23:07:00Z,2026-06-28T00:25:00Z,closed,CSE-TELECOM-001-USR-01,TEST-010
ALRT-001047,CSE-FINANCE-001,CSE-FINANCE-001-A006,defence-evasion,medium,2026-06-19T10:24:00Z,2026-06-19T11:42:00Z,closed,CSE-FINANCE-001-USR-02,TEST-011
ALRT-001048,CSE-POWER-002,CSE-POWER-002-A001,identity,medium,2026-07-12T01:37:00Z,2026-07-12T02:50:00Z,closed,CSE-POWER-002-USR-03,TEST-012
ALRT-001049,CSE-TELECOM-002,CSE-TELECOM-002-A004,execution,medium,2026-07-22T13:20:00Z,2026-07-22T14:11:00Z,closed,CSE-TELECOM-002-USR-04,TEST-013
ALRT-001050,CSE-FINANCE-002,CSE-FINANCE-002-A003,defence-evasion,medium,2026-08-08T21:38:00Z,2026-08-08T22:11:00Z,closed,CSE-FINANCE-002-USR-05,TEST-014
ALRT-001051,CSE-POWER-001,CSE-POWER-001-A002,identity,high,2026-07-23T00:34:00Z,2026-07-23T01:37:00Z,closed,CSE-POWER-001-USR-01,TEST-015
ALRT-001052,CSE-TELECOM-001,CSE-TELECOM-001-A006,execution,medium,2026-06-21T09:53:00Z,2026-06-21T10:26:00Z,closed,CSE-TELECOM-001-USR-02,TEST-016
ALRT-001053,CSE-FINANCE-001,CSE-FINANCE-001-A008,defence-evasion,medium,2026-08-29T14:09:00Z,2026-08-29T14:50:00Z,closed,CSE-FINANCE-001-USR-03,TEST-017
ALRT-001054,CSE-POWER-002,CSE-POWER-002-A003,identity,medium,2026-08-27T22:02:00Z,2026-08-27T22:47:00Z,closed,CSE-POWER-002-USR-04,TEST-018
ALRT-001055,CSE-TELECOM-002,CSE-TELECOM-002-A005,execution,critical,2026-08-06T22:07:00Z,2026-08-06T22:47:00Z,closed,CSE-TELECOM-002-USR-05,TEST-019
ALRT-001056,CSE-FINANCE-002,CSE-FINANCE-002-A010,defence-evasion,high,2026-08-03T20:53:00Z,2026-08-03T21:25:00Z,closed,CSE-FINANCE-002-USR-01,TEST-020
ALRT-001057,CSE-POWER-001,CSE-POWER-001-A008,identity,medium,2026-07-10T22:24:00Z,2026-07-10T22:36:00Z,closed,CSE-POWER-001-USR-02,TEST-021
ALRT-001058,CSE-TELECOM-001,CSE-TELECOM-001-A006,execution,medium,2026-06-22T22:13:00Z,2026-06-22T22:46:00Z,closed,CSE-TELECOM-001-USR-03,TEST-022
ALRT-001059,CSE-FINANCE-001,CSE-FINANCE-001-A001,defence-evasion,medium,2026-06-25T15:46:00Z,2026-06-25T16:41:00Z,closed,CSE-FINANCE-001-USR-04,TEST-000
ALRT-001060,CSE-POWER-002,CSE-POWER-002-A005,identity,medium,2026-08-26T05:01:00Z,2026-08-26T06:16:00Z,closed,CSE-POWER-002-USR-05,TEST-001
ALRT-001061,CSE-TELECOM-002,CSE-TELECOM-002-A007,execution,high,2026-07-16T13:43:00Z,2026-07-16T14:48:00Z,closed,CSE-TELECOM-002-USR-01,TEST-002
ALRT-001062,CSE-FINANCE-002,CSE-FINANCE-002-A006,defence-evasion,medium,2026-07-23T12:04:00Z,2026-07-23T13:16:00Z,closed,CSE-FINANCE-002-USR-02,TEST-003
ALRT-001063,CSE-POWER-001,CSE-POWER-001-A005,identity,medium,2026-07-09T22:59:00Z,2026-07-09T23:28:00Z,closed,CSE-POWER-001-USR-03,TEST-004
ALRT-001064,CSE-TELECOM-001,CSE-TELECOM-001-A009,execution,medium,2026-07-23T03:08:00Z,2026-07-23T03:54:00Z,closed,CSE-TELECOM-001-USR-04,TEST-005
ALRT-001065,CSE-FINANCE-001,CSE-FINANCE-001-A010,defence-evasion,medium,2026-06-09T22:19:00Z,2026-06-09T23:22:00Z,closed,CSE-FINANCE-001-USR-05,TEST-006
ALRT-001066,CSE-POWER-002,CSE-POWER-002-A003,identity,high,2026-08-15T04:28:00Z,2026-08-15T05:34:00Z,closed,CSE-POWER-002-USR-01,TEST-007
ALRT-001067,CSE-TELECOM-002,CSE-TELECOM-002-A005,execution,medium,2026-06-21T06:13:00Z,2026-06-21T06:43:00Z,closed,CSE-TELECOM-002-USR-02,TEST-008
ALRT-001068,CSE-FINANCE-002,CSE-FINANCE-002-A001,defence-evasion,medium,2026-07-19T23:54:00Z,2026-07-20T01:12:00Z,closed,CSE-FINANCE-002-USR-03,TEST-009
ALRT-001069,CSE-POWER-001,CSE-POWER-001-A002,identity,medium,2026-08-28T04:24:00Z,2026-08-28T05:23:00Z,closed,CSE-POWER-001-USR-04,TEST-010
ALRT-001070,CSE-TELECOM-001,CSE-TELECOM-001-A003,execution,medium,2026-06-10T03:22:00Z,2026-06-10T04:27:00Z,closed,CSE-TELECOM-001-USR-05,TEST-011
ALRT-001071,CSE-FINANCE-001,CSE-FINANCE-001-A003,defence-evasion,high,2026-06-09T03:32:00Z,2026-06-09T04:20:00Z,closed,CSE-FINANCE-001-USR-01,TEST-012
ALRT-001072,CSE-POWER-002,CSE-POWER-002-A010,identity,critical,2026-07-28T04:40:00Z,2026-07-28T05:36:00Z,closed,CSE-POWER-002-USR-02,TEST-013
ALRT-001073,CSE-TELECOM-002,CSE-TELECOM-002-A004,execution,medium,2026-06-07T03:15:00Z,2026-06-07T04:10:00Z,closed,CSE-TELECOM-002-USR-03,TEST-014
ALRT-001074,CSE-FINANCE-002,CSE-FINANCE-002-A008,defence-evasion,medium,2026-07-11T22:38:00Z,2026-07-11T23:05:00Z,closed,CSE-FINANCE-002-USR-04,TEST-015
ALRT-001075,CSE-POWER-001,CSE-POWER-001-A007,identity,medium,2026-08-30T21:42:00Z,2026-08-30T21:58:00Z,closed,CSE-POWER-001-USR-05,TEST-016
ALRT-001076,CSE-TELECOM-001,CSE-TELECOM-001-A008,execution,high,2026-08-25T12:17:00Z,2026-08-25T13:18:00Z,closed,CSE-TELECOM-001-USR-01,TEST-017
ALRT-001077,CSE-FINANCE-001,CSE-FINANCE-001-A006,defence-evasion,medium,2026-06-04T03:07:00Z,2026-06-04T03:22:00Z,closed,CSE-FINANCE-001-USR-02,TEST-018
ALRT-001078,CSE-POWER-002,CSE-POWER-002-A002,identity,medium,2026-08-04T20:42:00Z,2026-08-04T21:52:00Z,closed,CSE-POWER-002-USR-03,TEST-019
ALRT-001079,CSE-TELECOM-002,CSE-TELECOM-002-A004,execution,medium,2026-06-05T18:36:00Z,2026-06-05T19:54:00Z,closed,CSE-TELECOM-002-USR-04,TEST-020
ALRT-001080,CSE-FINANCE-002,CSE-FINANCE-002-A008,defence-evasion,medium,2026-07-08T22:47:00Z,2026-07-08T23:04:00Z,closed,CSE-FINANCE-002-USR-05,TEST-021
ALRT-001081,CSE-POWER-001,CSE-POWER-001-A010,identity,high,2026-06-26T12:30:00Z,2026-06-26T13:30:00Z,closed,CSE-POWER-001-USR-01,TEST-022
ALRT-001082,CSE-TELECOM-001,CSE-TELECOM-001-A005,execution,medium,2026-08-15T04:06:00Z,2026-08-15T04:52:00Z,closed,CSE-TELECOM-001-USR-02,TEST-000
ALRT-001083,CSE-FINANCE-001,CSE-FINANCE-001-A002,defence-evasion,medium,2026-08-10T05:25:00Z,2026-08-10T05:32:00Z,closed,CSE-FINANCE-001-USR-03,TEST-001
ALRT-001084,CSE-POWER-002,CSE-POWER-002-A007,identity,medium,2026-08-13T17:50:00Z,2026-08-13T19:02:00Z,closed,CSE-POWER-002-USR-04,TEST-002
ALRT-001085,CSE-TELECOM-002,CSE-TELECOM-002-A008,execution,medium,2026-06-11T16:53:00Z,2026-06-11T18:12:00Z,closed,CSE-TELECOM-002-USR-05,TEST-003
ALRT-001086,CSE-FINANCE-002,CSE-FINANCE-002-A009,defence-evasion,high,2026-08-25T03:48:00Z,2026-08-25T04:19:00Z,closed,CSE-FINANCE-002-USR-01,TEST-004
ALRT-001087,CSE-POWER-001,CSE-POWER-001-A002,identity,medium,2026-06-26T19:44:00Z,2026-06-26T20:12:00Z,closed,CSE-POWER-001-USR-02,TEST-005
ALRT-001088,CSE-TELECOM-001,CSE-TELECOM-001-A001,execution,medium,2026-08-13T14:51:00Z,2026-08-13T15:36:00Z,closed,CSE-TELECOM-001-USR-03,TEST-006
ALRT-001089,CSE-FINANCE-001,CSE-FINANCE-001-A002,defence-evasion,critical,2026-06-08T04:36:00Z,2026-06-08T05:07:00Z,closed,CSE-FINANCE-001-USR-04,TEST-007
ALRT-001090,CSE-POWER-002,CSE-POWER-002-A003,identity,medium,2026-06-14T17:16:00Z,2026-06-14T17:25:00Z,closed,CSE-POWER-002-USR-05,TEST-008
ALRT-001091,CSE-TELECOM-002,CSE-TELECOM-002-A002,execution,high,2026-06-18T16:19:00Z,2026-06-18T17:10:00Z,closed,CSE-TELECOM-002-USR-01,TEST-009
ALRT-001092,CSE-FINANCE-002,CSE-FINANCE-002-A009,defence-evasion,medium,2026-06-24T13:42:00Z,2026-06-24T13:47:00Z,closed,CSE-FINANCE-002-USR-02,TEST-010
ALRT-001093,CSE-POWER-001,CSE-POWER-001-A004,identity,medium,2026-07-11T01:33:00Z,2026-07-11T02:15:00Z,closed,CSE-POWER-001-USR-03,TEST-011
ALRT-001094,CSE-TELECOM-001,CSE-TELECOM-001-A009,execution,medium,2026-07-29T04:36:00Z,2026-07-29T05:43:00Z,closed,CSE-TELECOM-001-USR-04,TEST-012
ALRT-001095,CSE-FINANCE-001,CSE-FINANCE-001-A006,defence-evasion,medium,2026-08-08T11:38:00Z,2026-08-08T12:51:00Z,closed,CSE-FINANCE-001-USR-05,TEST-013
ALRT-001096,CSE-POWER-002,CSE-POWER-002-A009,identity,high,2026-06-29T22:06:00Z,2026-06-29T22:16:00Z,closed,CSE-POWER-002-USR-01,TEST-014
ALRT-001097,CSE-TELECOM-002,CSE-TELECOM-002-A004,execution,medium,2026-06-07T06:09:00Z,2026-06-07T06:52:00Z,closed,CSE-TELECOM-002-USR-02,TEST-015
ALRT-001098,CSE-FINANCE-002,CSE-FINANCE-002-A004,defence-evasion,medium,2026-06-20T19:35:00Z,2026-06-20T20:07:00Z,closed,CSE-FINANCE-002-USR-03,TEST-016
ALRT-001099,CSE-POWER-001,CSE-POWER-001-A010,identity,medium,2026-07-18T08:08:00Z,2026-07-18T09:07:00Z,closed,CSE-POWER-001-USR-04,TEST-017
ALRT-001100,CSE-TELECOM-001,CSE-TELECOM-001-A002,execution,medium,2026-08-12T08:16:00Z,2026-08-12T09:09:00Z,closed,CSE-TELECOM-001-USR-05,TEST-018
ALRT-001101,CSE-FINANCE-001,CSE-FINANCE-001-A003,defence-evasion,high,2026-07-24T14:05:00Z,2026-07-24T14:42:00Z,closed,CSE-FINANCE-001-USR-01,TEST-019
ALRT-001102,CSE-POWER-002,CSE-POWER-002-A007,identity,medium,2026-08-30T04:34:00Z,2026-08-30T05:05:00Z,closed,CSE-POWER-002-USR-02,TEST-020
ALRT-001103,CSE-TELECOM-002,CSE-TELECOM-002-A002,execution,medium,2026-08-22T23:17:00Z,2026-08-22T23:46:00Z,closed,CSE-TELECOM-002-USR-03,TEST-021
ALRT-001104,CSE-FINANCE-002,CSE-FINANCE-002-A006,defence-evasion,medium,2026-08-14T21:41:00Z,2026-08-14T22:51:00Z,closed,CSE-FINANCE-002-USR-04,TEST-022
ALRT-001105,CSE-POWER-001,CSE-POWER-001-A010,identity,medium,2026-06-23T13:52:00Z,2026-06-23T14:16:00Z,closed,CSE-POWER-001-USR-05,TEST-000
ALRT-001106,CSE-TELECOM-001,CSE-TELECOM-001-A006,execution,critical,2026-07-28T12:01:00Z,2026-07-28T12:37:00Z,closed,CSE-TELECOM-001-USR-01,TEST-001
ALRT-001107,CSE-FINANCE-001,CSE-FINANCE-001-A002,defence-evasion,medium,2026-07-07T03:34:00Z,2026-07-07T03:53:00Z,closed,CSE-FINANCE-001-USR-02,TEST-002
ALRT-001108,CSE-POWER-002,CSE-POWER-002-A009,identity,medium,2026-07-25T02:21:00Z,2026-07-25T02:37:00Z,closed,CSE-POWER-002-USR-03,TEST-003
ALRT-001109,CSE-TELECOM-002,CSE-TELECOM-002-A006,execution,medium,2026-07-15T08:09:00Z,2026-07-15T08:42:00Z,closed,CSE-TELECOM-002-USR-04,TEST-004
ALRT-001110,CSE-FINANCE-002,CSE-FINANCE-002-A005,defence-evasion,medium,2026-06-04T03:24:00Z,2026-06-04T03:57:00Z,closed,CSE-FINANCE-002-USR-05,TEST-005
ALRT-001111,CSE-POWER-001,CSE-POWER-001-A007,identity,high,2026-06-16T03:11:00Z,2026-06-16T04:23:00Z,closed,CSE-POWER-001-USR-01,TEST-006
ALRT-001112,CSE-TELECOM-001,CSE-TELECOM-001-A005,execution,medium,2026-08-17T15:06:00Z,2026-08-17T16:18:00Z,closed,CSE-TELECOM-001-USR-02,TEST-007
ALRT-001113,CSE-FINANCE-001,CSE-FINANCE-001-A006,defence-evasion,medium,2026-08-31T18:55:00Z,2026-08-31T19:36:00Z,closed,CSE-FINANCE-001-USR-03,TEST-008
ALRT-001114,CSE-POWER-002,CSE-POWER-002-A009,identity,medium,2026-07-07T19:06:00Z,2026-07-07T19:17:00Z,closed,CSE-POWER-002-USR-04,TEST-009
ALRT-001115,CSE-TELECOM-002,CSE-TELECOM-002-A003,execution,medium,2026-07-13T12:11:00Z,2026-07-13T13:00:00Z,closed,CSE-TELECOM-002-USR-05,TEST-010
ALRT-001116,CSE-FINANCE-002,CSE-FINANCE-002-A009,defence-evasion,high,2026-08-12T19:56:00Z,2026-08-12T20:52:00Z,closed,CSE-FINANCE-002-USR-01,TEST-011
ALRT-001117,CSE-POWER-001,CSE-POWER-001-A008,identity,medium,2026-08-17T04:16:00Z,2026-08-17T04:22:00Z,closed,CSE-POWER-001-USR-02,TEST-012
ALRT-001118,CSE-TELECOM-001,CSE-TELECOM-001-A009,execution,medium,2026-06-22T21:08:00Z,2026-06-22T21:31:00Z,closed,CSE-TELECOM-001-USR-03,TEST-013
ALRT-001119,CSE-FINANCE-001,CSE-FINANCE-001-A007,defence-evasion,medium,2026-08-14T23:17:00Z,2026-08-14T23:28:00Z,closed,CSE-FINANCE-001-USR-04,TEST-014
ALRT-001120,CSE-POWER-002,CSE-POWER-002-A006,identity,medium,2026-07-04T21:38:00Z,2026-07-04T22:36:00Z,closed,CSE-POWER-002-USR-05,TEST-015
ALRT-001121,CSE-TELECOM-002,CSE-TELECOM-002-A008,execution,high,2026-06-26T14:22:00Z,2026-06-26T15:26:00Z,closed,CSE-TELECOM-002-USR-01,TEST-016
ALRT-001122,CSE-FINANCE-002,CSE-FINANCE-002-A009,defence-evasion,medium,2026-07-09T08:27:00Z,2026-07-09T09:38:00Z,closed,CSE-FINANCE-002-USR-02,TEST-017
ALRT-001123,CSE-POWER-001,CSE-POWER-001-A004,identity,critical,2026-07-12T20:54:00Z,2026-07-12T21:10:00Z,closed,CSE-POWER-001-USR-03,TEST-018
ALRT-001124,CSE-TELECOM-001,CSE-TELECOM-001-A005,execution,medium,2026-07-25T10:54:00Z,2026-07-25T11:10:00Z,closed,CSE-TELECOM-001-USR-04,TEST-019
ALRT-001125,CSE-FINANCE-001,CSE-FINANCE-001-A002,defence-evasion,medium,2026-06-12T23:15:00Z,2026-06-12T23:31:00Z,closed,CSE-FINANCE-001-USR-05,TEST-020
ALRT-001126,CSE-POWER-002,CSE-POWER-002-A003,identity,high,2026-08-15T01:05:00Z,2026-08-15T01:46:00Z,closed,CSE-POWER-002-USR-01,TEST-021
ALRT-001127,CSE-TELECOM-002,CSE-TELECOM-002-A009,execution,medium,2026-08-05T00:27:00Z,2026-08-05T01:37:00Z,closed,CSE-TELECOM-002-USR-02,TEST-022
ALRT-001128,CSE-FINANCE-002,CSE-FINANCE-002-A003,defence-evasion,medium,2026-08-03T15:32:00Z,2026-08-03T16:45:00Z,closed,CSE-FINANCE-002-USR-03,TEST-000
ALRT-001129,CSE-POWER-001,CSE-POWER-001-A002,identity,medium,2026-07-24T00:39:00Z,2026-07-24T01:08:00Z,closed,CSE-POWER-001-USR-04,TEST-001
ALRT-001130,CSE-TELECOM-001,CSE-TELECOM-001-A001,execution,medium,2026-07-27T22:34:00Z,2026-07-27T23:23:00Z,closed,CSE-TELECOM-001-USR-05,TEST-002
ALRT-001131,CSE-FINANCE-001,CSE-FINANCE-001-A004,defence-evasion,high,2026-08-26T16:43:00Z,2026-08-26T16:53:00Z,closed,CSE-FINANCE-001-USR-01,TEST-003
ALRT-001132,CSE-POWER-002,CSE-POWER-002-A010,identity,medium,2026-07-30T05:43:00Z,2026-07-30T06:55:00Z,closed,CSE-POWER-002-USR-02,TEST-004
ALRT-001133,CSE-TELECOM-002,CSE-TELECOM-002-A004,execution,medium,2026-06-25T02:23:00Z,2026-06-25T02:45:00Z,closed,CSE-TELECOM-002-USR-03,TEST-005
ALRT-001134,CSE-FINANCE-002,CSE-FINANCE-002-A009,defence-evasion,medium,2026-07-18T01:27:00Z,2026-07-18T02:35:00Z,closed,CSE-FINANCE-002-USR-04,TEST-006
ALRT-001135,CSE-POWER-001,CSE-POWER-001-A007,identity,medium,2026-06-24T11:07:00Z,2026-06-24T11:55:00Z,closed,CSE-POWER-001-USR-05,TEST-007
ALRT-001136,CSE-TELECOM-001,CSE-TELECOM-001-A004,execution,high,2026-08-11T03:18:00Z,2026-08-11T04:01:00Z,closed,CSE-TELECOM-001-USR-01,TEST-008
ALRT-001137,CSE-FINANCE-001,CSE-FINANCE-001-A008,defence-evasion,medium,2026-07-10T08:13:00Z,2026-07-10T08:18:00Z,closed,CSE-FINANCE-001-USR-02,TEST-009
ALRT-001138,CSE-POWER-002,CSE-POWER-002-A010,identity,medium,2026-07-23T06:59:00Z,2026-07-23T07:43:00Z,closed,CSE-POWER-002-USR-03,TEST-010
ALRT-001139,CSE-TELECOM-002,CSE-TELECOM-002-A009,execution,medium,2026-06-07T14:57:00Z,2026-06-07T16:04:00Z,closed,CSE-TELECOM-002-USR-04,TEST-011
ALRT-001140,CSE-FINANCE-002,CSE-FINANCE-002-A001,defence-evasion,critical,2026-07-18T00:39:00Z,2026-07-18T01:42:00Z,closed,CSE-FINANCE-002-USR-05,TEST-012
ALRT-001141,CSE-POWER-001,CSE-POWER-001-A006,identity,high,2026-07-11T11:06:00Z,2026-07-11T11:11:00Z,closed,CSE-POWER-001-USR-01,TEST-013
ALRT-001142,CSE-TELECOM-001,CSE-TELECOM-001-A006,execution,medium,2026-06-26T12:22:00Z,2026-06-26T12:28:00Z,closed,CSE-TELECOM-001-USR-02,TEST-014
ALRT-001143,CSE-FINANCE-001,CSE-FINANCE-001-A002,defence-evasion,medium,2026-07-28T15:12:00Z,2026-07-28T15:27:00Z,closed,CSE-FINANCE-001-USR-03,TEST-015
ALRT-001144,CSE-POWER-002,CSE-POWER-002-A009,identity,medium,2026-08-07T04:26:00Z,2026-08-07T04:46:00Z,closed,CSE-POWER-002-USR-04,TEST-016
ALRT-001145,CSE-TELECOM-002,CSE-TELECOM-002-A008,execution,medium,2026-06-03T04:49:00Z,2026-06-03T05:26:00Z,closed,CSE-TELECOM-002-USR-05,TEST-017
ALRT-001146,CSE-FINANCE-002,CSE-FINANCE-002-A004,defence-evasion,high,2026-08-02T12:23:00Z,2026-08-02T13:06:00Z,closed,CSE-FINANCE-002-USR-01,TEST-018
ALRT-001147,CSE-POWER-001,CSE-POWER-001-A006,identity,medium,2026-07-27T05:34:00Z,2026-07-27T06:13:00Z,closed,CSE-POWER-001-USR-02,TEST-019
ALRT-001148,CSE-TELECOM-001,CSE-TELECOM-001-A002,execution,medium,2026-07-29T21:53:00Z,2026-07-29T22:54:00Z,closed,CSE-TELECOM-001-USR-03,TEST-020
ALRT-001149,CSE-FINANCE-001,CSE-FINANCE-001-A003,defence-evasion,medium,2026-06-20T11:47:00Z,2026-06-20T12:47:00Z,closed,CSE-FINANCE-001-USR-04,TEST-021
ALRT-001150,CSE-POWER-002,CSE-POWER-002-A001,identity,medium,2026-07-18T22:12:00Z,2026-07-18T22:31:00Z,closed,CSE-POWER-002-USR-05,TEST-022
ALRT-001151,CSE-TELECOM-002,CSE-TELECOM-002-A004,execution,high,2026-07-09T01:08:00Z,2026-07-09T02:03:00Z,closed,CSE-TELECOM-002-USR-01,TEST-000
ALRT-001152,CSE-FINANCE-002,CSE-FINANCE-002-A007,defence-evasion,medium,2026-07-15T01:10:00Z,2026-07-15T01:40:00Z,closed,CSE-FINANCE-002-USR-02,TEST-001
ALRT-001153,CSE-POWER-001,CSE-POWER-001-A008,identity,medium,2026-08-27T08:07:00Z,2026-08-27T09:05:00Z,closed,CSE-POWER-001-USR-03,TEST-002
ALRT-001154,CSE-TELECOM-001,CSE-TELECOM-001-A008,execution,medium,2026-08-12T15:51:00Z,2026-08-12T16:12:00Z,closed,CSE-TELECOM-001-USR-04,TEST-003
ALRT-001155,CSE-FINANCE-001,CSE-FINANCE-001-A006,defence-evasion,medium,2026-07-24T16:46:00Z,2026-07-24T17:40:00Z,closed,CSE-FINANCE-001-USR-05,TEST-004
ALRT-001156,CSE-POWER-002,CSE-POWER-002-A003,identity,high,2026-06-17T03:50:00Z,2026-06-17T03:57:00Z,closed,CSE-POWER-002-USR-01,TEST-005
ALRT-001157,CSE-TELECOM-002,CSE-TELECOM-002-A003,execution,critical,2026-06-22T11:32:00Z,2026-06-22T11:38:00Z,closed,CSE-TELECOM-002-USR-02,TEST-006
ALRT-001158,CSE-FINANCE-002,CSE-FINANCE-002-A004,defence-evasion,medium,2026-06-09T21:53:00Z,2026-06-09T22:41:00Z,closed,CSE-FINANCE-002-USR-03,TEST-007
ALRT-001159,CSE-POWER-001,CSE-POWER-001-A007,identity,medium,2026-08-18T23:00:00Z,2026-08-19T00:00:00Z,closed,CSE-POWER-001-USR-04,TEST-008
ALRT-001160,CSE-TELECOM-001,CSE-TELECOM-001-A008,execution,medium,2026-07-10T09:31:00Z,2026-07-10T09:46:00Z,closed,CSE-TELECOM-001-USR-05,TEST-009
ALRT-001161,CSE-FINANCE-001,CSE-FINANCE-001-A007,defence-evasion,high,2026-07-04T19:09:00Z,2026-07-04T20:19:00Z,closed,CSE-FINANCE-001-USR-01,TEST-010
ALRT-001162,CSE-POWER-002,CSE-POWER-002-A003,identity,medium,2026-07-04T08:49:00Z,2026-07-04T09:08:00Z,closed,CSE-POWER-002-USR-02,TEST-011
ALRT-001163,CSE-TELECOM-002,CSE-TELECOM-002-A005,execution,medium,2026-08-31T07:42:00Z,2026-08-31T08:41:00Z,closed,CSE-TELECOM-002-USR-03,TEST-012
ALRT-001164,CSE-FINANCE-002,CSE-FINANCE-002-A004,defence-evasion,medium,2026-08-02T22:50:00Z,2026-08-02T23:08:00Z,closed,CSE-FINANCE-002-USR-04,TEST-013
ALRT-001165,CSE-POWER-001,CSE-POWER-001-A009,identity,medium,2026-08-20T05:12:00Z,2026-08-20T05:36:00Z,closed,CSE-POWER-001-USR-05,TEST-014
ALRT-001166,CSE-TELECOM-001,CSE-TELECOM-001-A004,execution,high,2026-06-18T04:25:00Z,2026-06-18T04:34:00Z,closed,CSE-TELECOM-001-USR-01,TEST-015
ALRT-001167,CSE-FINANCE-001,CSE-FINANCE-001-A005,defence-evasion,medium,2026-06-27T04:27:00Z,2026-06-27T04:34:00Z,closed,CSE-FINANCE-001-USR-02,TEST-016
ALRT-001168,CSE-POWER-002,CSE-POWER-002-A010,identity,medium,2026-06-28T02:55:00Z,2026-06-28T03:06:00Z,closed,CSE-POWER-002-USR-03,TEST-017
ALRT-001169,CSE-TELECOM-002,CSE-TELECOM-002-A007,execution,medium,2026-07-25T16:19:00Z,2026-07-25T16:53:00Z,closed,CSE-TELECOM-002-USR-04,TEST-018
ALRT-001170,CSE-FINANCE-002,CSE-FINANCE-002-A004,defence-evasion,medium,2026-07-16T13:30:00Z,2026-07-16T13:42:00Z,closed,CSE-FINANCE-002-USR-05,TEST-019
ALRT-001171,CSE-POWER-001,CSE-POWER-001-A009,identity,high,2026-07-27T20:03:00Z,2026-07-27T20:46:00Z,closed,CSE-POWER-001-USR-01,TEST-020
ALRT-001172,CSE-TELECOM-001,CSE-TELECOM-001-A002,execution,medium,2026-07-07T11:17:00Z,2026-07-07T12:06:00Z,closed,CSE-TELECOM-001-USR-02,TEST-021
ALRT-001173,CSE-FINANCE-001,CSE-FINANCE-001-A007,defence-evasion,medium,2026-07-04T10:57:00Z,2026-07-04T11:08:00Z,closed,CSE-FINANCE-001-USR-03,TEST-022
ALRT-001174,CSE-POWER-002,CSE-POWER-002-A003,identity,critical,2026-06-08T00:03:00Z,2026-06-08T00:49:00Z,closed,CSE-POWER-002-USR-04,TEST-000
ALRT-001175,CSE-TELECOM-002,CSE-TELECOM-002-A004,execution,medium,2026-07-09T15:17:00Z,2026-07-09T15:34:00Z,closed,CSE-TELECOM-002-USR-05,TEST-001
ALRT-001176,CSE-FINANCE-002,CSE-FINANCE-002-A007,defence-evasion,high,2026-06-26T08:31:00Z,2026-06-26T09:22:00Z,closed,CSE-FINANCE-002-USR-01,TEST-002
ALRT-001177,CSE-POWER-001,CSE-POWER-001-A006,identity,medium,2026-07-11T03:06:00Z,2026-07-11T03:12:00Z,closed,CSE-POWER-001-USR-02,TEST-003
ALRT-001178,CSE-TELECOM-001,CSE-TELECOM-001-A009,execution,medium,2026-06-19T10:23:00Z,2026-06-19T11:14:00Z,closed,CSE-TELECOM-001-USR-03,TEST-004
ALRT-001179,CSE-FINANCE-001,CSE-FINANCE-001-A010,defence-evasion,medium,2026-08-09T19:23:00Z,2026-08-09T19:58:00Z,closed,CSE-FINANCE-001-USR-04,TEST-005
ALRT-001180,CSE-POWER-002,CSE-POWER-002-A005,identity,medium,2026-06-29T18:24:00Z,2026-06-29T18:40:00Z,closed,CSE-POWER-002-USR-05,TEST-006
ALRT-001181,CSE-TELECOM-002,CSE-TELECOM-002-A002,execution,high,2026-06-19T20:47:00Z,2026-06-19T21:07:00Z,closed,CSE-TELECOM-002-USR-01,TEST-007
ALRT-001182,CSE-FINANCE-002,CSE-FINANCE-002-A001,defence-evasion,medium,2026-08-17T20:52:00Z,2026-08-17T21:21:00Z,closed,CSE-FINANCE-002-USR-02,TEST-008
ALRT-001183,CSE-POWER-001,CSE-POWER-001-A004,identity,medium,2026-07-30T03:04:00Z,2026-07-30T04:18:00Z,closed,CSE-POWER-001-USR-03,TEST-009
ALRT-001184,CSE-TELECOM-001,CSE-TELECOM-001-A010,execution,medium,2026-07-16T09:46:00Z,2026-07-16T10:51:00Z,closed,CSE-TELECOM-001-USR-04,TEST-010
ALRT-001185,CSE-FINANCE-001,CSE-FINANCE-001-A004,defence-evasion,medium,2026-08-10T23:09:00Z,2026-08-10T23:19:00Z,closed,CSE-FINANCE-001-USR-05,TEST-011
ALRT-001186,CSE-POWER-002,CSE-POWER-002-A003,identity,high,2026-06-27T13:35:00Z,2026-06-27T14:12:00Z,closed,CSE-POWER-002-USR-01,TEST-012
ALRT-001187,CSE-TELECOM-002,CSE-TELECOM-002-A009,execution,medium,2026-07-17T11:28:00Z,2026-07-17T11:48:00Z,closed,CSE-TELECOM-002-USR-02,TEST-013
ALRT-001188,CSE-FINANCE-002,CSE-FINANCE-002-A007,defence-evasion,medium,2026-06-11T15:26:00Z,2026-06-11T16:38:00Z,closed,CSE-FINANCE-002-USR-03,TEST-014
ALRT-001189,CSE-POWER-001,CSE-POWER-001-A009,identity,medium,2026-06-05T05:38:00Z,2026-06-05T06:18:00Z,closed,CSE-POWER-001-USR-04,TEST-015
ALRT-001190,CSE-TELECOM-001,CSE-TELECOM-001-A003,execution,medium,2026-07-10T01:36:00Z,2026-07-10T01:48:00Z,closed,CSE-TELECOM-001-USR-05,TEST-016
ALRT-001191,CSE-FINANCE-001,CSE-FINANCE-001-A004,defence-evasion,critical,2026-07-23T15:43:00Z,2026-07-23T16:56:00Z,closed,CSE-FINANCE-001-USR-01,TEST-017
ALRT-001192,CSE-POWER-002,CSE-POWER-002-A009,identity,medium,2026-06-12T05:28:00Z,2026-06-12T06:38:00Z,closed,CSE-POWER-002-USR-02,TEST-018
ALRT-001193,CSE-TELECOM-002,CSE-TELECOM-002-A007,execution,medium,2026-08-13T12:25:00Z,2026-08-13T13:04:00Z,closed,CSE-TELECOM-002-USR-03,TEST-019
ALRT-001194,CSE-FINANCE-002,CSE-FINANCE-002-A004,defence-evasion,medium,2026-06-26T00:10:00Z,2026-06-26T01:28:00Z,closed,CSE-FINANCE-002-USR-04,TEST-020
ALRT-001195,CSE-POWER-001,CSE-POWER-001-A004,identity,medium,2026-08-17T22:00:00Z,2026-08-17T23:10:00Z,closed,CSE-POWER-001-USR-05,TEST-021
ALRT-001196,CSE-TELECOM-001,CSE-TELECOM-001-A008,execution,high,2026-08-06T22:46:00Z,2026-08-06T23:58:00Z,closed,CSE-TELECOM-001-USR-01,TEST-022
ALRT-001197,CSE-FINANCE-001,CSE-FINANCE-001-A005,defence-evasion,medium,2026-07-11T07:18:00Z,2026-07-11T07:57:00Z,closed,CSE-FINANCE-001-USR-02,TEST-000
ALRT-001198,CSE-POWER-002,CSE-POWER-002-A009,identity,medium,2026-06-18T05:14:00Z,2026-06-18T05:24:00Z,closed,CSE-POWER-002-USR-03,TEST-001
ALRT-001199,CSE-TELECOM-002,CSE-TELECOM-002-A009,execution,medium,2026-07-03T09:02:00Z,2026-07-03T09:25:00Z,closed,CSE-TELECOM-002-USR-04,TEST-002
ALRT-001200,CSE-FINANCE-002,CSE-FINANCE-002-A005,defence-evasion,medium,2026-06-20T08:55:00Z,2026-06-20T09:06:00Z,closed,CSE-FINANCE-002-USR-05,TEST-003
ALRT-001201,CSE-POWER-001,CSE-POWER-001-A004,identity,high,2026-06-29T17:07:00Z,2026-06-29T17:12:00Z,closed,CSE-POWER-001-USR-01,TEST-004
ALRT-001202,CSE-TELECOM-001,CSE-TELECOM-001-A006,execution,medium,2026-08-22T19:23:00Z,2026-08-22T20:09:00Z,closed,CSE-TELECOM-001-USR-02,TEST-005
ALRT-001203,CSE-FINANCE-001,CSE-FINANCE-001-A002,defence-evasion,medium,2026-08-12T08:46:00Z,2026-08-12T09:08:00Z,closed,CSE-FINANCE-001-USR-03,TEST-006
ALRT-001204,CSE-POWER-002,CSE-POWER-002-A007,identity,medium,2026-08-20T09:20:00Z,2026-08-20T09:32:00Z,closed,CSE-POWER-002-USR-04,TEST-007
ALRT-001205,CSE-TELECOM-002,CSE-TELECOM-002-A001,execution,medium,2026-07-18T07:46:00Z,2026-07-18T08:26:00Z,closed,CSE-TELECOM-002-USR-05,TEST-008
ALRT-001206,CSE-FINANCE-002,CSE-FINANCE-002-A003,defence-evasion,high,2026-07-05T00:34:00Z,2026-07-05T01:53:00Z,closed,CSE-FINANCE-002-USR-01,TEST-009
ALRT-001207,CSE-POWER-001,CSE-POWER-001-A002,identity,medium,2026-08-30T12:41:00Z,2026-08-30T13:18:00Z,closed,CSE-POWER-001-USR-02,TEST-010
ALRT-001208,CSE-TELECOM-001,CSE-TELECOM-001-A010,execution,critical,2026-08-12T06:52:00Z,2026-08-12T07:53:00Z,closed,CSE-TELECOM-001-USR-03,TEST-011
ALRT-001209,CSE-FINANCE-001,CSE-FINANCE-001-A004,defence-evasion,medium,2026-07-14T08:13:00Z,2026-07-14T09:32:00Z,closed,CSE-FINANCE-001-USR-04,TEST-012
ALRT-001210,CSE-POWER-002,CSE-POWER-002-A007,identity,medium,2026-06-22T14:14:00Z,2026-06-22T15:14:00Z,closed,CSE-POWER-002-USR-05,TEST-013
ALRT-001211,CSE-TELECOM-002,CSE-TELECOM-002-A006,execution,high,2026-06-21T15:05:00Z,2026-06-21T16:13:00Z,closed,CSE-TELECOM-002-USR-01,TEST-014
ALRT-001212,CSE-FINANCE-002,CSE-FINANCE-002-A003,defence-evasion,medium,2026-07-31T05:52:00Z,2026-07-31T06:19:00Z,closed,CSE-FINANCE-002-USR-02,TEST-015
ALRT-001213,CSE-POWER-001,CSE-POWER-001-A004,identity,medium,2026-08-14T15:46:00Z,2026-08-14T16:14:00Z,closed,CSE-POWER-001-USR-03,TEST-016
ALRT-001214,CSE-TELECOM-001,CSE-TELECOM-001-A005,execution,medium,2026-06-05T09:10:00Z,2026-06-05T09:37:00Z,closed,CSE-TELECOM-001-USR-04,TEST-017
ALRT-001215,CSE-FINANCE-001,CSE-FINANCE-001-A007,defence-evasion,medium,2026-08-29T19:12:00Z,2026-08-29T19:25:00Z,closed,CSE-FINANCE-001-USR-05,TEST-018
ALRT-001216,CSE-POWER-002,CSE-POWER-002-A003,identity,high,2026-06-12T13:15:00Z,2026-06-12T14:18:00Z,closed,CSE-POWER-002-USR-01,TEST-019
ALRT-001217,CSE-TELECOM-002,CSE-TELECOM-002-A007,execution,medium,2026-06-15T23:33:00Z,2026-06-15T23:55:00Z,closed,CSE-TELECOM-002-USR-02,TEST-020
ALRT-001218,CSE-FINANCE-002,CSE-FINANCE-002-A001,defence-evasion,medium,2026-08-19T03:24:00Z,2026-08-19T04:18:00Z,closed,CSE-FINANCE-002-USR-03,TEST-021
ALRT-001219,CSE-POWER-001,CSE-POWER-001-A001,identity,medium,2026-06-17T00:48:00Z,2026-06-17T00:58:00Z,closed,CSE-POWER-001-USR-04,TEST-022
ALRT-001220,CSE-TELECOM-001,CSE-TELECOM-001-A003,execution,medium,2026-07-04T02:17:00Z,2026-07-04T02:40:00Z,closed,CSE-TELECOM-001-USR-05,TEST-000
ALRT-001221,CSE-FINANCE-001,CSE-FINANCE-001-A010,defence-evasion,high,2026-06-04T00:50:00Z,2026-06-04T01:08:00Z,closed,CSE-FINANCE-001-USR-01,TEST-001
ALRT-001222,CSE-POWER-002,CSE-POWER-002-A009,identity,medium,2026-07-16T22:05:00Z,2026-07-16T22:35:00Z,closed,CSE-POWER-002-USR-02,TEST-002
ALRT-001223,CSE-TELECOM-002,CSE-TELECOM-002-A003,execution,medium,2026-08-03T18:57:00Z,2026-08-03T19:58:00Z,closed,CSE-TELECOM-002-USR-03,TEST-003
ALRT-001224,CSE-FINANCE-002,CSE-FINANCE-002-A003,defence-evasion,medium,2026-07-12T10:30:00Z,2026-07-12T10:54:00Z,closed,CSE-FINANCE-002-USR-04,TEST-004
ALRT-001225,CSE-POWER-001,CSE-POWER-001-A004,identity,critical,2026-06-10T17:44:00Z,2026-06-10T18:23:00Z,closed,CSE-POWER-001-USR-05,TEST-005
ALRT-001226,CSE-TELECOM-001,CSE-TELECOM-001-A009,execution,high,2026-06-18T00:52:00Z,2026-06-18T01:02:00Z,closed,CSE-TELECOM-001-USR-01,TEST-006
ALRT-001227,CSE-FINANCE-001,CSE-FINANCE-001-A002,defence-evasion,medium,2026-08-11T09:06:00Z,2026-08-11T10:16:00Z,closed,CSE-FINANCE-001-USR-02,TEST-007
ALRT-001228,CSE-POWER-002,CSE-POWER-002-A007,identity,medium,2026-06-21T00:58:00Z,2026-06-21T01:31:00Z,closed,CSE-POWER-002-USR-03,TEST-008
ALRT-001229,CSE-TELECOM-002,CSE-TELECOM-002-A001,execution,medium,2026-07-02T13:24:00Z,2026-07-02T13:47:00Z,closed,CSE-TELECOM-002-USR-04,TEST-009
ALRT-001230,CSE-FINANCE-002,CSE-FINANCE-002-A006,defence-evasion,medium,2026-08-25T09:14:00Z,2026-08-25T10:08:00Z,closed,CSE-FINANCE-002-USR-05,TEST-010
ALRT-001231,CSE-POWER-001,CSE-POWER-001-A002,identity,high,2026-08-04T05:07:00Z,2026-08-04T05:40:00Z,closed,CSE-POWER-001-USR-01,TEST-011
ALRT-001232,CSE-TELECOM-001,CSE-TELECOM-001-A002,execution,medium,2026-07-09T11:04:00Z,2026-07-09T11:51:00Z,closed,CSE-TELECOM-001-USR-02,TEST-012
ALRT-001233,CSE-FINANCE-001,CSE-FINANCE-001-A002,defence-evasion,medium,2026-07-19T02:57:00Z,2026-07-19T03:07:00Z,closed,CSE-FINANCE-001-USR-03,TEST-013
ALRT-001234,CSE-POWER-002,CSE-POWER-002-A010,identity,medium,2026-06-22T05:27:00Z,2026-06-22T06:39:00Z,closed,CSE-POWER-002-USR-04,TEST-014
ALRT-001235,CSE-TELECOM-002,CSE-TELECOM-002-A006,execution,medium,2026-08-18T05:43:00Z,2026-08-18T06:42:00Z,closed,CSE-TELECOM-002-USR-05,TEST-015
ALRT-001236,CSE-FINANCE-002,CSE-FINANCE-002-A003,defence-evasion,high,2026-08-27T21:19:00Z,2026-08-27T22:00:00Z,closed,CSE-FINANCE-002-USR-01,TEST-016
ALRT-001237,CSE-POWER-001,CSE-POWER-001-A006,identity,medium,2026-06-16T08:58:00Z,2026-06-16T10:06:00Z,closed,CSE-POWER-001-USR-02,TEST-017
ALRT-001238,CSE-TELECOM-001,CSE-TELECOM-001-A006,execution,medium,2026-07-06T22:51:00Z,2026-07-06T23:05:00Z,closed,CSE-TELECOM-001-USR-03,TEST-018
ALRT-001239,CSE-FINANCE-001,CSE-FINANCE-001-A001,defence-evasion,medium,2026-06-22T20:09:00Z,2026-06-22T20:54:00Z,closed,CSE-FINANCE-001-USR-04,TEST-019
ALRT-001240,CSE-POWER-002,CSE-POWER-002-A003,identity,medium,2026-07-22T14:46:00Z,2026-07-22T15:52:00Z,closed,CSE-POWER-002-USR-05,TEST-020
ALRT-001241,CSE-TELECOM-002,CSE-TELECOM-002-A002,execution,high,2026-06-17T18:27:00Z,2026-06-17T19:07:00Z,closed,CSE-TELECOM-002-USR-01,TEST-021
ALRT-001242,CSE-FINANCE-002,CSE-FINANCE-002-A003,defence-evasion,critical,2026-06-14T10:08:00Z,2026-06-14T10:36:00Z,closed,CSE-FINANCE-002-USR-02,TEST-022
ALRT-001243,CSE-POWER-001,CSE-POWER-001-A007,identity,medium,2026-07-18T10:31:00Z,2026-07-18T11:30:00Z,closed,CSE-POWER-001-USR-03,TEST-000
ALRT-001244,CSE-TELECOM-001,CSE-TELECOM-001-A008,execution,medium,2026-08-30T13:38:00Z,2026-08-30T14:25:00Z,closed,CSE-TELECOM-001-USR-04,TEST-001
ALRT-001245,CSE-FINANCE-001,CSE-FINANCE-001-A003,defence-evasion,medium,2026-08-25T07:24:00Z,2026-08-25T08:22:00Z,closed,CSE-FINANCE-001-USR-05,TEST-002
ALRT-001246,CSE-POWER-002,CSE-POWER-002-A009,identity,high,2026-08-05T17:34:00Z,2026-08-05T18:42:00Z,closed,CSE-POWER-002-USR-01,TEST-003
ALRT-001247,CSE-TELECOM-002,CSE-TELECOM-002-A009,execution,medium,2026-08-10T07:24:00Z,2026-08-10T07:39:00Z,closed,CSE-TELECOM-002-USR-02,TEST-004
ALRT-001248,CSE-FINANCE-002,CSE-FINANCE-002-A010,defence-evasion,medium,2026-07-26T16:36:00Z,2026-07-26T17:09:00Z,closed,CSE-FINANCE-002-USR-03,TEST-005
ALRT-001249,CSE-POWER-001,CSE-POWER-001-A002,identity,medium,2026-07-03T11:00:00Z,2026-07-03T11:31:00Z,closed,CSE-POWER-001-USR-04,TEST-006
ALRT-001250,CSE-TELECOM-001,CSE-TELECOM-001-A001,execution,medium,2026-07-19T17:30:00Z,2026-07-19T17:52:00Z,closed,CSE-TELECOM-001-USR-05,TEST-007
ALRT-001251,CSE-FINANCE-001,CSE-FINANCE-001-A002,defence-evasion,high,2026-06-10T11:23:00Z,2026-06-10T11:45:00Z,closed,CSE-FINANCE-001-USR-01,TEST-008
ALRT-001252,CSE-POWER-002,CSE-POWER-002-A005,identity,medium,2026-07-31T04:53:00Z,2026-07-31T06:08:00Z,closed,CSE-POWER-002-USR-02,TEST-009
ALRT-001253,CSE-TELECOM-002,CSE-TELECOM-002-A007,execution,medium,2026-07-04T06:52:00Z,2026-07-04T07:25:00Z,closed,CSE-TELECOM-002-USR-03,TEST-010
ALRT-001254,CSE-FINANCE-002,CSE-FINANCE-002-A001,defence-evasion,medium,2026-06-20T03:44:00Z,2026-06-20T04:07:00Z,closed,CSE-FINANCE-002-USR-04,TEST-011
ALRT-001255,CSE-POWER-001,CSE-POWER-001-A007,identity,medium,2026-06-06T22:27:00Z,2026-06-06T23:19:00Z,closed,CSE-POWER-001-USR-05,TEST-012
ALRT-001256,CSE-TELECOM-001,CSE-TELECOM-001-A001,execution,high,2026-08-31T03:42:00Z,2026-08-31T05:01:00Z,closed,CSE-TELECOM-001-USR-01,TEST-013
ALRT-001257,CSE-FINANCE-001,CSE-FINANCE-001-A002,defence-evasion,medium,2026-08-03T19:55:00Z,2026-08-03T20:20:00Z,closed,CSE-FINANCE-001-USR-02,TEST-014
ALRT-001258,CSE-POWER-002,CSE-POWER-002-A001,identity,medium,2026-06-21T11:09:00Z,2026-06-21T11:24:00Z,closed,CSE-POWER-002-USR-03,TEST-015
ALRT-001259,CSE-TELECOM-002,CSE-TELECOM-002-A004,execution,critical,2026-06-12T00:36:00Z,2026-06-12T01:34:00Z,closed,CSE-TELECOM-002-USR-04,TEST-016
ALRT-001260,CSE-FINANCE-002,CSE-FINANCE-002-A003,defence-evasion,medium,2026-06-26T15:47:00Z,2026-06-26T16:09:00Z,closed,CSE-FINANCE-002-USR-05,TEST-017
ALRT-001261,CSE-POWER-001,CSE-POWER-001-A009,identity,high,2026-08-31T09:30:00Z,2026-08-31T10:27:00Z,closed,CSE-POWER-001-USR-01,TEST-018
ALRT-001262,CSE-TELECOM-001,CSE-TELECOM-001-A006,execution,medium,2026-07-29T20:44:00Z,2026-07-29T20:50:00Z,closed,CSE-TELECOM-001-USR-02,TEST-019
ALRT-001263,CSE-FINANCE-001,CSE-FINANCE-001-A005,defence-evasion,medium,2026-06-17T04:03:00Z,2026-06-17T04:12:00Z,closed,CSE-FINANCE-001-USR-03,TEST-020
ALRT-001264,CSE-POWER-002,CSE-POWER-002-A010,identity,medium,2026-06-25T16:10:00Z,2026-06-25T16:16:00Z,closed,CSE-POWER-002-USR-04,TEST-021
ALRT-001265,CSE-TELECOM-002,CSE-TELECOM-002-A007,execution,medium,2026-07-27T21:56:00Z,2026-07-27T22:59:00Z,closed,CSE-TELECOM-002-USR-05,TEST-022
ALRT-001266,CSE-FINANCE-002,CSE-FINANCE-002-A009,defence-evasion,high,2026-07-06T18:32:00Z,2026-07-06T19:16:00Z,closed,CSE-FINANCE-002-USR-01,TEST-000
ALRT-001267,CSE-POWER-001,CSE-POWER-001-A004,identity,medium,2026-07-27T05:17:00Z,2026-07-27T05:33:00Z,closed,CSE-POWER-001-USR-02,TEST-001
ALRT-001268,CSE-TELECOM-001,CSE-TELECOM-001-A009,execution,medium,2026-07-21T04:47:00Z,2026-07-21T05:19:00Z,closed,CSE-TELECOM-001-USR-03,TEST-002
ALRT-001269,CSE-FINANCE-001,CSE-FINANCE-001-A007,defence-evasion,medium,2026-08-21T01:14:00Z,2026-08-21T02:09:00Z,closed,CSE-FINANCE-001-USR-04,TEST-003
ALRT-001270,CSE-POWER-002,CSE-POWER-002-A003,identity,medium,2026-08-13T19:53:00Z,2026-08-13T20:07:00Z,closed,CSE-POWER-002-USR-05,TEST-004
ALRT-001271,CSE-TELECOM-002,CSE-TELECOM-002-A008,execution,high,2026-08-03T10:41:00Z,2026-08-03T11:37:00Z,closed,CSE-TELECOM-002-USR-01,TEST-005
ALRT-001272,CSE-FINANCE-002,CSE-FINANCE-002-A007,defence-evasion,medium,2026-06-24T01:51:00Z,2026-06-24T02:43:00Z,closed,CSE-FINANCE-002-USR-02,TEST-006
ALRT-001273,CSE-POWER-001,CSE-POWER-001-A007,identity,medium,2026-06-27T08:06:00Z,2026-06-27T08:24:00Z,closed,CSE-POWER-001-USR-03,TEST-007
ALRT-001274,CSE-TELECOM-001,CSE-TELECOM-001-A002,execution,medium,2026-07-19T19:49:00Z,2026-07-19T20:36:00Z,closed,CSE-TELECOM-001-USR-04,TEST-008
ALRT-001275,CSE-FINANCE-001,CSE-FINANCE-001-A001,defence-evasion,medium,2026-07-03T09:10:00Z,2026-07-03T10:24:00Z,closed,CSE-FINANCE-001-USR-05,TEST-009
ALRT-001276,CSE-POWER-002,CSE-POWER-002-A002,identity,critical,2026-06-11T06:38:00Z,2026-06-11T06:44:00Z,closed,CSE-POWER-002-USR-01,TEST-010
ALRT-001277,CSE-TELECOM-002,CSE-TELECOM-002-A005,execution,medium,2026-06-27T17:12:00Z,2026-06-27T17:21:00Z,closed,CSE-TELECOM-002-USR-02,TEST-011
ALRT-001278,CSE-FINANCE-002,CSE-FINANCE-002-A004,defence-evasion,medium,2026-07-07T02:36:00Z,2026-07-07T03:53:00Z,closed,CSE-FINANCE-002-USR-03,TEST-012
ALRT-001279,CSE-POWER-001,CSE-POWER-001-A001,identity,medium,2026-08-14T15:02:00Z,2026-08-14T15:13:00Z,closed,CSE-POWER-001-USR-04,TEST-013
ALRT-001280,CSE-TELECOM-001,CSE-TELECOM-001-A006,execution,medium,2026-06-14T09:00:00Z,2026-06-14T09:50:00Z,closed,CSE-TELECOM-001-USR-05,TEST-014
ALRT-001281,CSE-FINANCE-001,CSE-FINANCE-001-A005,defence-evasion,high,2026-07-23T16:12:00Z,2026-07-23T16:57:00Z,closed,CSE-FINANCE-001-USR-01,TEST-015
ALRT-001282,CSE-POWER-002,CSE-POWER-002-A007,identity,medium,2026-07-18T04:44:00Z,2026-07-18T05:01:00Z,closed,CSE-POWER-002-USR-02,TEST-016
ALRT-001283,CSE-TELECOM-002,CSE-TELECOM-002-A006,execution,medium,2026-07-25T23:32:00Z,2026-07-25T23:49:00Z,closed,CSE-TELECOM-002-USR-03,TEST-017
ALRT-001284,CSE-FINANCE-002,CSE-FINANCE-002-A009,defence-evasion,medium,2026-06-22T00:37:00Z,2026-06-22T01:30:00Z,closed,CSE-FINANCE-002-USR-04,TEST-018
ALRT-001285,CSE-POWER-001,CSE-POWER-001-A008,identity,medium,2026-08-17T01:18:00Z,2026-08-17T01:43:00Z,closed,CSE-POWER-001-USR-05,TEST-019
ALRT-001286,CSE-TELECOM-001,CSE-TELECOM-001-A003,execution,high,2026-08-29T14:05:00Z,2026-08-29T14:21:00Z,closed,CSE-TELECOM-001-USR-01,TEST-020
ALRT-001287,CSE-FINANCE-001,CSE-FINANCE-001-A004,defence-evasion,medium,2026-06-30T21:41:00Z,2026-06-30T22:04:00Z,closed,CSE-FINANCE-001-USR-02,TEST-021
ALRT-001288,CSE-POWER-002,CSE-POWER-002-A003,identity,medium,2026-08-06T16:46:00Z,2026-08-06T17:57:00Z,closed,CSE-POWER-002-USR-03,TEST-022
ALRT-001289,CSE-TELECOM-002,CSE-TELECOM-002-A006,execution,medium,2026-07-30T04:21:00Z,2026-07-30T05:03:00Z,closed,CSE-TELECOM-002-USR-04,TEST-000
ALRT-001290,CSE-FINANCE-002,CSE-FINANCE-002-A006,defence-evasion,medium,2026-08-21T13:02:00Z,2026-08-21T13:56:00Z,closed,CSE-FINANCE-002-USR-05,TEST-001
ALRT-001291,CSE-POWER-001,CSE-POWER-001-A004,identity,high,2026-06-29T19:38:00Z,2026-06-29T19:52:00Z,closed,CSE-POWER-001-USR-01,TEST-002
ALRT-001292,CSE-TELECOM-001,CSE-TELECOM-001-A003,execution,medium,2026-08-14T20:31:00Z,2026-08-14T20:48:00Z,closed,CSE-TELECOM-001-USR-02,TEST-003
ALRT-001293,CSE-FINANCE-001,CSE-FINANCE-001-A001,defence-evasion,critical,2026-06-21T09:35:00Z,2026-06-21T09:51:00Z,closed,CSE-FINANCE-001-USR-03,TEST-004
ALRT-001294,CSE-POWER-002,CSE-POWER-002-A008,identity,medium,2026-06-15T14:20:00Z,2026-06-15T14:46:00Z,closed,CSE-POWER-002-USR-04,TEST-005
ALRT-001295,CSE-TELECOM-002,CSE-TELECOM-002-A005,execution,medium,2026-06-23T02:17:00Z,2026-06-23T03:35:00Z,closed,CSE-TELECOM-002-USR-05,TEST-006
ALRT-001296,CSE-FINANCE-002,CSE-FINANCE-002-A006,defence-evasion,high,2026-07-18T02:04:00Z,2026-07-18T02:31:00Z,closed,CSE-FINANCE-002-USR-01,TEST-007
ALRT-001297,CSE-POWER-001,CSE-POWER-001-A008,identity,medium,2026-07-06T15:16:00Z,2026-07-06T16:17:00Z,closed,CSE-POWER-001-USR-02,TEST-008
ALRT-001298,CSE-TELECOM-001,CSE-TELECOM-001-A003,execution,medium,2026-06-18T18:31:00Z,2026-06-18T18:41:00Z,closed,CSE-TELECOM-001-USR-03,TEST-009
ALRT-001299,CSE-FINANCE-001,CSE-FINANCE-001-A006,defence-evasion,medium,2026-07-09T12:26:00Z,2026-07-09T12:47:00Z,closed,CSE-FINANCE-001-USR-04,TEST-010
ALRT-001300,CSE-POWER-002,CSE-POWER-002-A008,identity,medium,2026-07-19T16:54:00Z,2026-07-19T17:39:00Z,closed,CSE-POWER-002-USR-05,TEST-011
ALRT-001301,CSE-TELECOM-002,CSE-TELECOM-002-A006,execution,high,2026-06-13T21:26:00Z,2026-06-13T22:35:00Z,closed,CSE-TELECOM-002-USR-01,TEST-012
ALRT-001302,CSE-FINANCE-002,CSE-FINANCE-002-A008,defence-evasion,medium,2026-07-06T21:02:00Z,2026-07-06T21:14:00Z,closed,CSE-FINANCE-002-USR-02,TEST-013
ALRT-001303,CSE-POWER-001,CSE-POWER-001-A004,identity,medium,2026-08-31T17:00:00Z,2026-08-31T17:24:00Z,closed,CSE-POWER-001-USR-03,TEST-014
ALRT-001304,CSE-TELECOM-001,CSE-TELECOM-001-A002,execution,medium,2026-07-10T12:10:00Z,2026-07-10T13:27:00Z,closed,CSE-TELECOM-001-USR-04,TEST-015
ALRT-001305,CSE-FINANCE-001,CSE-FINANCE-001-A007,defence-evasion,medium,2026-06-12T07:24:00Z,2026-06-12T08:28:00Z,closed,CSE-FINANCE-001-USR-05,TEST-016
ALRT-001306,CSE-POWER-002,CSE-POWER-002-A002,identity,high,2026-07-17T14:29:00Z,2026-07-17T15:42:00Z,closed,CSE-POWER-002-USR-01,TEST-017
ALRT-001307,CSE-TELECOM-002,CSE-TELECOM-002-A008,execution,medium,2026-06-16T02:11:00Z,2026-06-16T02:29:00Z,closed,CSE-TELECOM-002-USR-02,TEST-018
ALRT-001308,CSE-FINANCE-002,CSE-FINANCE-002-A007,defence-evasion,medium,2026-07-28T06:25:00Z,2026-07-28T07:12:00Z,closed,CSE-FINANCE-002-USR-03,TEST-019
ALRT-001309,CSE-POWER-001,CSE-POWER-001-A002,identity,medium,2026-07-13T10:38:00Z,2026-07-13T11:45:00Z,closed,CSE-POWER-001-USR-04,TEST-020
ALRT-001310,CSE-TELECOM-001,CSE-TELECOM-001-A004,execution,critical,2026-08-31T23:30:00Z,2026-08-31T23:49:00Z,closed,CSE-TELECOM-001-USR-05,TEST-021
ALRT-001311,CSE-FINANCE-001,CSE-FINANCE-001-A005,defence-evasion,high,2026-07-31T01:34:00Z,2026-07-31T01:58:00Z,closed,CSE-FINANCE-001-USR-01,TEST-022
ALRT-001312,CSE-POWER-002,CSE-POWER-002-A008,identity,medium,2026-06-21T20:13:00Z,2026-06-21T20:58:00Z,closed,CSE-POWER-002-USR-02,TEST-000
ALRT-001313,CSE-TELECOM-002,CSE-TELECOM-002-A010,execution,medium,2026-06-07T19:49:00Z,2026-06-07T20:42:00Z,closed,CSE-TELECOM-002-USR-03,TEST-001
ALRT-001314,CSE-FINANCE-002,CSE-FINANCE-002-A001,defence-evasion,medium,2026-07-19T13:30:00Z,2026-07-19T14:02:00Z,closed,CSE-FINANCE-002-USR-04,TEST-002
ALRT-001315,CSE-POWER-001,CSE-POWER-001-A001,identity,medium,2026-06-30T00:48:00Z,2026-06-30T01:47:00Z,closed,CSE-POWER-001-USR-05,TEST-003
ALRT-001316,CSE-TELECOM-001,CSE-TELECOM-001-A005,execution,high,2026-07-05T20:11:00Z,2026-07-05T20:26:00Z,closed,CSE-TELECOM-001-USR-01,TEST-004
ALRT-001317,CSE-FINANCE-001,CSE-FINANCE-001-A003,defence-evasion,medium,2026-06-11T08:25:00Z,2026-06-11T08:40:00Z,closed,CSE-FINANCE-001-USR-02,TEST-005
ALRT-001318,CSE-POWER-002,CSE-POWER-002-A005,identity,medium,2026-07-30T13:33:00Z,2026-07-30T14:05:00Z,closed,CSE-POWER-002-USR-03,TEST-006
ALRT-001319,CSE-TELECOM-002,CSE-TELECOM-002-A005,execution,medium,2026-06-26T01:05:00Z,2026-06-26T02:04:00Z,closed,CSE-TELECOM-002-USR-04,TEST-007
ALRT-001320,CSE-FINANCE-002,CSE-FINANCE-002-A006,defence-evasion,medium,2026-07-11T05:12:00Z,2026-07-11T06:01:00Z,closed,CSE-FINANCE-002-USR-05,TEST-008
ALRT-001321,CSE-POWER-001,CSE-POWER-001-A007,identity,high,2026-08-03T15:34:00Z,2026-08-03T15:59:00Z,closed,CSE-POWER-001-USR-01,TEST-009
ALRT-001322,CSE-TELECOM-001,CSE-TELECOM-001-A007,execution,medium,2026-07-18T22:36:00Z,2026-07-18T23:30:00Z,closed,CSE-TELECOM-001-USR-02,TEST-010
ALRT-001323,CSE-FINANCE-001,CSE-FINANCE-001-A001,defence-evasion,medium,2026-08-13T19:12:00Z,2026-08-13T19:26:00Z,closed,CSE-FINANCE-001-USR-03,TEST-011
ALRT-001324,CSE-POWER-002,CSE-POWER-002-A010,identity,medium,2026-08-20T04:20:00Z,2026-08-20T05:05:00Z,closed,CSE-POWER-002-USR-04,TEST-012
ALRT-001325,CSE-TELECOM-002,CSE-TELECOM-002-A001,execution,medium,2026-06-22T14:59:00Z,2026-06-22T15:22:00Z,closed,CSE-TELECOM-002-USR-05,TEST-013
ALRT-001326,CSE-FINANCE-002,CSE-FINANCE-002-A008,defence-evasion,high,2026-07-13T03:50:00Z,2026-07-13T04:47:00Z,closed,CSE-FINANCE-002-USR-01,TEST-014
ALRT-001327,CSE-POWER-001,CSE-POWER-001-A005,identity,critical,2026-08-08T23:00:00Z,2026-08-09T00:02:00Z,closed,CSE-POWER-001-USR-02,TEST-015
ALRT-001328,CSE-TELECOM-001,CSE-TELECOM-001-A003,execution,medium,2026-08-23T14:40:00Z,2026-08-23T15:59:00Z,closed,CSE-TELECOM-001-USR-03,TEST-016
ALRT-001329,CSE-FINANCE-001,CSE-FINANCE-001-A002,defence-evasion,medium,2026-06-07T06:47:00Z,2026-06-07T07:16:00Z,closed,CSE-FINANCE-001-USR-04,TEST-017
ALRT-001330,CSE-POWER-002,CSE-POWER-002-A007,identity,medium,2026-08-31T17:49:00Z,2026-08-31T18:15:00Z,closed,CSE-POWER-002-USR-05,TEST-018
ALRT-001331,CSE-TELECOM-002,CSE-TELECOM-002-A010,execution,high,2026-07-21T06:22:00Z,2026-07-21T06:53:00Z,closed,CSE-TELECOM-002-USR-01,TEST-019
ALRT-001332,CSE-FINANCE-002,CSE-FINANCE-002-A004,defence-evasion,medium,2026-08-28T18:00:00Z,2026-08-28T18:52:00Z,closed,CSE-FINANCE-002-USR-02,TEST-020
ALRT-001333,CSE-POWER-001,CSE-POWER-001-A006,identity,medium,2026-06-05T09:57:00Z,2026-06-05T10:41:00Z,closed,CSE-POWER-001-USR-03,TEST-021
ALRT-001334,CSE-TELECOM-001,CSE-TELECOM-001-A009,execution,medium,2026-06-18T22:31:00Z,2026-06-18T23:34:00Z,closed,CSE-TELECOM-001-USR-04,TEST-022
ALRT-001335,CSE-FINANCE-001,CSE-FINANCE-001-A007,defence-evasion,medium,2026-07-25T11:22:00Z,2026-07-25T12:36:00Z,closed,CSE-FINANCE-001-USR-05,TEST-000
ALRT-001336,CSE-POWER-002,CSE-POWER-002-A007,identity,high,2026-08-08T10:07:00Z,2026-08-08T10:34:00Z,closed,CSE-POWER-002-USR-01,TEST-001
ALRT-001337,CSE-TELECOM-002,CSE-TELECOM-002-A008,execution,medium,2026-07-27T11:11:00Z,2026-07-27T12:26:00Z,closed,CSE-TELECOM-002-USR-02,TEST-002
ALRT-001338,CSE-FINANCE-002,CSE-FINANCE-002-A010,defence-evasion,medium,2026-06-23T17:27:00Z,2026-06-23T18:20:00Z,closed,CSE-FINANCE-002-USR-03,TEST-003
ALRT-001339,CSE-POWER-001,CSE-POWER-001-A005,identity,medium,2026-08-26T22:43:00Z,2026-08-26T23:43:00Z,closed,CSE-POWER-001-USR-04,TEST-004
ALRT-001340,CSE-TELECOM-001,CSE-TELECOM-001-A005,execution,medium,2026-08-31T19:59:00Z,2026-08-31T20:16:00Z,closed,CSE-TELECOM-001-USR-05,TEST-005
ALRT-001341,CSE-FINANCE-001,CSE-FINANCE-001-A002,defence-evasion,high,2026-06-16T02:41:00Z,2026-06-16T02:48:00Z,closed,CSE-FINANCE-001-USR-01,TEST-006
ALRT-001342,CSE-POWER-002,CSE-POWER-002-A010,identity,medium,2026-07-25T03:31:00Z,2026-07-25T04:45:00Z,closed,CSE-POWER-002-USR-02,TEST-007
ALRT-001343,CSE-TELECOM-002,CSE-TELECOM-002-A002,execution,medium,2026-08-23T14:32:00Z,2026-08-23T15:51:00Z,closed,CSE-TELECOM-002-USR-03,TEST-008
ALRT-001344,CSE-FINANCE-002,CSE-FINANCE-002-A001,defence-evasion,critical,2026-08-27T09:54:00Z,2026-08-27T10:52:00Z,closed,CSE-FINANCE-002-USR-04,TEST-009
ALRT-001345,CSE-POWER-001,CSE-POWER-001-A004,identity,medium,2026-07-01T14:35:00Z,2026-07-01T15:28:00Z,closed,CSE-POWER-001-USR-05,TEST-010
ALRT-001346,CSE-TELECOM-001,CSE-TELECOM-001-A002,execution,high,2026-06-28T15:07:00Z,2026-06-28T15:56:00Z,closed,CSE-TELECOM-001-USR-01,TEST-011
ALRT-001347,CSE-FINANCE-001,CSE-FINANCE-001-A008,defence-evasion,medium,2026-07-25T20:45:00Z,2026-07-25T21:40:00Z,closed,CSE-FINANCE-001-USR-02,TEST-012
ALRT-001348,CSE-POWER-002,CSE-POWER-002-A001,identity,medium,2026-07-20T07:32:00Z,2026-07-20T08:13:00Z,closed,CSE-POWER-002-USR-03,TEST-013
ALRT-001349,CSE-TELECOM-002,CSE-TELECOM-002-A005,execution,medium,2026-08-26T08:19:00Z,2026-08-26T09:17:00Z,closed,CSE-TELECOM-002-USR-04,TEST-014
ALRT-001350,CSE-FINANCE-002,CSE-FINANCE-002-A004,defence-evasion,medium,2026-06-03T13:02:00Z,2026-06-03T13:08:00Z,closed,CSE-FINANCE-002-USR-05,TEST-015
ALRT-001351,CSE-POWER-001,CSE-POWER-001-A001,identity,high,2026-06-22T11:53:00Z,2026-06-22T13:04:00Z,closed,CSE-POWER-001-USR-01,TEST-016
ALRT-001352,CSE-TELECOM-001,CSE-TELECOM-001-A010,execution,medium,2026-07-13T10:10:00Z,2026-07-13T11:28:00Z,closed,CSE-TELECOM-001-USR-02,TEST-017
ALRT-001353,CSE-FINANCE-001,CSE-FINANCE-001-A007,defence-evasion,medium,2026-07-03T17:25:00Z,2026-07-03T17:54:00Z,closed,CSE-FINANCE-001-USR-03,TEST-018
ALRT-001354,CSE-POWER-002,CSE-POWER-002-A010,identity,medium,2026-08-24T12:53:00Z,2026-08-24T13:04:00Z,closed,CSE-POWER-002-USR-04,TEST-019
ALRT-001355,CSE-TELECOM-002,CSE-TELECOM-002-A010,execution,medium,2026-07-27T04:40:00Z,2026-07-27T05:34:00Z,closed,CSE-TELECOM-002-USR-05,TEST-020
ALRT-001356,CSE-FINANCE-002,CSE-FINANCE-002-A003,defence-evasion,high,2026-07-24T10:33:00Z,2026-07-24T10:58:00Z,closed,CSE-FINANCE-002-USR-01,TEST-021
ALRT-001357,CSE-POWER-001,CSE-POWER-001-A007,identity,medium,2026-07-02T03:45:00Z,2026-07-02T04:06:00Z,closed,CSE-POWER-001-USR-02,TEST-022
ALRT-001358,CSE-TELECOM-001,CSE-TELECOM-001-A009,execution,medium,2026-06-18T20:36:00Z,2026-06-18T21:31:00Z,closed,CSE-TELECOM-001-USR-03,TEST-000
ALRT-001359,CSE-FINANCE-001,CSE-FINANCE-001-A005,defence-evasion,medium,2026-08-12T05:20:00Z,2026-08-12T05:51:00Z,closed,CSE-FINANCE-001-USR-04,TEST-001
ALRT-001360,CSE-POWER-002,CSE-POWER-002-A002,identity,medium,2026-06-14T00:27:00Z,2026-06-14T00:33:00Z,closed,CSE-POWER-002-USR-05,TEST-002
ALRT-001361,CSE-TELECOM-002,CSE-TELECOM-002-A010,execution,critical,2026-06-22T00:39:00Z,2026-06-22T01:53:00Z,closed,CSE-TELECOM-002-USR-01,TEST-003
ALRT-001362,CSE-FINANCE-002,CSE-FINANCE-002-A002,defence-evasion,medium,2026-08-15T12:01:00Z,2026-08-15T12:22:00Z,closed,CSE-FINANCE-002-USR-02,TEST-004
ALRT-001363,CSE-POWER-001,CSE-POWER-001-A008,identity,medium,2026-08-23T20:49:00Z,2026-08-23T21:39:00Z,closed,CSE-POWER-001-USR-03,TEST-005
ALRT-001364,CSE-TELECOM-001,CSE-TELECOM-001-A003,execution,medium,2026-07-03T20:57:00Z,2026-07-03T21:30:00Z,closed,CSE-TELECOM-001-USR-04,TEST-006
ALRT-001365,CSE-FINANCE-001,CSE-FINANCE-001-A005,defence-evasion,medium,2026-06-27T17:53:00Z,2026-06-27T18:29:00Z,closed,CSE-FINANCE-001-USR-05,TEST-007
ALRT-001366,CSE-POWER-002,CSE-POWER-002-A007,identity,high,2026-07-06T21:03:00Z,2026-07-06T21:43:00Z,closed,CSE-POWER-002-USR-01,TEST-008
ALRT-001367,CSE-TELECOM-002,CSE-TELECOM-002-A002,execution,medium,2026-06-21T20:01:00Z,2026-06-21T21:20:00Z,closed,CSE-TELECOM-002-USR-02,TEST-009
ALRT-001368,CSE-FINANCE-002,CSE-FINANCE-002-A002,defence-evasion,medium,2026-06-17T14:59:00Z,2026-06-17T15:19:00Z,closed,CSE-FINANCE-002-USR-03,TEST-010
ALRT-001369,CSE-POWER-001,CSE-POWER-001-A002,identity,medium,2026-06-21T09:16:00Z,2026-06-21T09:44:00Z,closed,CSE-POWER-001-USR-04,TEST-011
ALRT-001370,CSE-TELECOM-001,CSE-TELECOM-001-A002,execution,medium,2026-06-12T15:54:00Z,2026-06-12T16:45:00Z,closed,CSE-TELECOM-001-USR-05,TEST-012
ALRT-001371,CSE-FINANCE-001,CSE-FINANCE-001-A004,defence-evasion,high,2026-07-23T03:31:00Z,2026-07-23T03:38:00Z,closed,CSE-FINANCE-001-USR-01,TEST-013
ALRT-001372,CSE-POWER-002,CSE-POWER-002-A007,identity,medium,2026-06-12T15:40:00Z,2026-06-12T15:54:00Z,closed,CSE-POWER-002-USR-02,TEST-014
ALRT-001373,CSE-TELECOM-002,CSE-TELECOM-002-A004,execution,medium,2026-08-29T13:24:00Z,2026-08-29T14:09:00Z,closed,CSE-TELECOM-002-USR-03,TEST-015
ALRT-001374,CSE-FINANCE-002,CSE-FINANCE-002-A008,defence-evasion,medium,2026-06-23T05:19:00Z,2026-06-23T05:25:00Z,closed,CSE-FINANCE-002-USR-04,TEST-016
ALRT-001375,CSE-POWER-001,CSE-POWER-001-A003,identity,medium,2026-08-26T18:40:00Z,2026-08-26T18:49:00Z,closed,CSE-POWER-001-USR-05,TEST-017
ALRT-001376,CSE-TELECOM-001,CSE-TELECOM-001-A002,execution,high,2026-07-16T11:30:00Z,2026-07-16T12:44:00Z,closed,CSE-TELECOM-001-USR-01,TEST-018
ALRT-001377,CSE-FINANCE-001,CSE-FINANCE-001-A001,defence-evasion,medium,2026-06-23T16:47:00Z,2026-06-23T17:24:00Z,closed,CSE-FINANCE-001-USR-02,TEST-019
ALRT-001378,CSE-POWER-002,CSE-POWER-002-A002,identity,critical,2026-06-27T19:01:00Z,2026-06-27T20:14:00Z,closed,CSE-POWER-002-USR-03,TEST-020
ALRT-001379,CSE-TELECOM-002,CSE-TELECOM-002-A001,execution,medium,2026-08-08T16:48:00Z,2026-08-08T17:12:00Z,closed,CSE-TELECOM-002-USR-04,TEST-021
ALRT-001380,CSE-FINANCE-002,CSE-FINANCE-002-A004,defence-evasion,medium,2026-07-19T03:57:00Z,2026-07-19T04:29:00Z,closed,CSE-FINANCE-002-USR-05,TEST-022
ALRT-001381,CSE-POWER-001,CSE-POWER-001-A001,identity,high,2026-07-14T04:14:00Z,2026-07-14T04:29:00Z,closed,CSE-POWER-001-USR-01,TEST-000
ALRT-001382,CSE-TELECOM-001,CSE-TELECOM-001-A003,execution,medium,2026-07-07T08:30:00Z,2026-07-07T09:00:00Z,closed,CSE-TELECOM-001-USR-02,TEST-001
ALRT-001383,CSE-FINANCE-001,CSE-FINANCE-001-A002,defence-evasion,medium,2026-07-17T22:35:00Z,2026-07-17T23:17:00Z,closed,CSE-FINANCE-001-USR-03,TEST-002
ALRT-001384,CSE-POWER-002,CSE-POWER-002-A008,identity,medium,2026-08-05T13:32:00Z,2026-08-05T14:28:00Z,closed,CSE-POWER-002-USR-04,TEST-003
ALRT-001385,CSE-TELECOM-002,CSE-TELECOM-002-A004,execution,medium,2026-07-05T05:12:00Z,2026-07-05T05:52:00Z,closed,CSE-TELECOM-002-USR-05,TEST-004
ALRT-001386,CSE-FINANCE-002,CSE-FINANCE-002-A007,defence-evasion,high,2026-06-16T18:50:00Z,2026-06-16T19:34:00Z,closed,CSE-FINANCE-002-USR-01,TEST-005
ALRT-001387,CSE-POWER-001,CSE-POWER-001-A003,identity,medium,2026-06-29T23:31:00Z,2026-06-30T00:31:00Z,closed,CSE-POWER-001-USR-02,TEST-006
ALRT-001388,CSE-TELECOM-001,CSE-TELECOM-001-A008,execution,medium,2026-07-27T19:47:00Z,2026-07-27T20:26:00Z,closed,CSE-TELECOM-001-USR-03,TEST-007
ALRT-001389,CSE-FINANCE-001,CSE-FINANCE-001-A006,defence-evasion,medium,2026-08-21T03:38:00Z,2026-08-21T04:32:00Z,closed,CSE-FINANCE-001-USR-04,TEST-008
ALRT-001390,CSE-POWER-002,CSE-POWER-002-A007,identity,medium,2026-06-28T18:22:00Z,2026-06-28T19:14:00Z,closed,CSE-POWER-002-USR-05,TEST-009
ALRT-001391,CSE-TELECOM-002,CSE-TELECOM-002-A002,execution,high,2026-07-30T05:56:00Z,2026-07-30T06:05:00Z,closed,CSE-TELECOM-002-USR-01,TEST-010
ALRT-001392,CSE-FINANCE-002,CSE-FINANCE-002-A009,defence-evasion,medium,2026-07-05T18:26:00Z,2026-07-05T19:08:00Z,closed,CSE-FINANCE-002-USR-02,TEST-011
ALRT-001393,CSE-POWER-001,CSE-POWER-001-A010,identity,medium,2026-08-24T16:22:00Z,2026-08-24T17:17:00Z,closed,CSE-POWER-001-USR-03,TEST-012
ALRT-001394,CSE-TELECOM-001,CSE-TELECOM-001-A001,execution,medium,2026-06-17T05:51:00Z,2026-06-17T06:37:00Z,closed,CSE-TELECOM-001-USR-04,TEST-013
ALRT-001395,CSE-FINANCE-001,CSE-FINANCE-001-A007,defence-evasion,critical,2026-06-26T11:15:00Z,2026-06-26T11:29:00Z,closed,CSE-FINANCE-001-USR-05,TEST-014
ALRT-001396,CSE-POWER-002,CSE-POWER-002-A004,identity,high,2026-08-26T11:23:00Z,2026-08-26T11:46:00Z,closed,CSE-POWER-002-USR-01,TEST-015
ALRT-001397,CSE-TELECOM-002,CSE-TELECOM-002-A006,execution,medium,2026-06-18T00:20:00Z,2026-06-18T00:26:00Z,closed,CSE-TELECOM-002-USR-02,TEST-016
ALRT-001398,CSE-FINANCE-002,CSE-FINANCE-002-A006,defence-evasion,medium,2026-06-30T14:36:00Z,2026-06-30T15:22:00Z,closed,CSE-FINANCE-002-USR-03,TEST-017
ALRT-001399,CSE-POWER-001,CSE-POWER-001-A004,identity,medium,2026-08-13T02:24:00Z,2026-08-13T03:05:00Z,closed,CSE-POWER-001-USR-04,TEST-018
ALRT-001400,CSE-TELECOM-001,CSE-TELECOM-001-A010,execution,medium,2026-06-30T16:13:00Z,2026-06-30T16:31:00Z,closed,CSE-TELECOM-001-USR-05,TEST-019
ALRT-001401,CSE-FINANCE-001,CSE-FINANCE-001-A009,defence-evasion,high,2026-07-08T22:38:00Z,2026-07-08T22:52:00Z,closed,CSE-FINANCE-001-USR-01,TEST-020
ALRT-001402,CSE-POWER-002,CSE-POWER-002-A010,identity,medium,2026-08-24T13:43:00Z,2026-08-24T14:43:00Z,closed,CSE-POWER-002-USR-02,TEST-021
ALRT-001403,CSE-TELECOM-002,CSE-TELECOM-002-A006,execution,medium,2026-07-13T06:12:00Z,2026-07-13T06:23:00Z,closed,CSE-TELECOM-002-USR-03,TEST-022
ALRT-001404,CSE-FINANCE-002,CSE-FINANCE-002-A008,defence-evasion,medium,2026-08-05T01:17:00Z,2026-08-05T02:15:00Z,closed,CSE-FINANCE-002-USR-04,TEST-000
ALRT-001405,CSE-POWER-001,CSE-POWER-001-A002,identity,medium,2026-06-18T14:10:00Z,2026-06-18T14:56:00Z,closed,CSE-POWER-001-USR-05,TEST-001
ALRT-001406,CSE-TELECOM-001,CSE-TELECOM-001-A010,execution,high,2026-07-22T07:36:00Z,2026-07-22T07:43:00Z,closed,CSE-TELECOM-001-USR-01,TEST-002
ALRT-001407,CSE-FINANCE-001,CSE-FINANCE-001-A005,defence-evasion,medium,2026-06-05T20:50:00Z,2026-06-05T22:08:00Z,closed,CSE-FINANCE-001-USR-02,TEST-003
ALRT-001408,CSE-POWER-002,CSE-POWER-002-A001,identity,medium,2026-08-01T09:08:00Z,2026-08-01T10:04:00Z,closed,CSE-POWER-002-USR-03,TEST-004
ALRT-001409,CSE-TELECOM-002,CSE-TELECOM-002-A001,execution,medium,2026-08-10T16:02:00Z,2026-08-10T16:50:00Z,closed,CSE-TELECOM-002-USR-04,TEST-005
ALRT-001410,CSE-FINANCE-002,CSE-FINANCE-002-A001,defence-evasion,medium,2026-06-11T15:06:00Z,2026-06-11T16:04:00Z,closed,CSE-FINANCE-002-USR-05,TEST-006
ALRT-001411,CSE-POWER-001,CSE-POWER-001-A005,identity,high,2026-07-08T10:48:00Z,2026-07-08T11:37:00Z,closed,CSE-POWER-001-USR-01,TEST-007
ALRT-001412,CSE-TELECOM-001,CSE-TELECOM-001-A007,execution,critical,2026-06-13T17:49:00Z,2026-06-13T18:34:00Z,closed,CSE-TELECOM-001-USR-02,TEST-008
ALRT-001413,CSE-FINANCE-001,CSE-FINANCE-001-A008,defence-evasion,medium,2026-08-20T01:25:00Z,2026-08-20T02:08:00Z,closed,CSE-FINANCE-001-USR-03,TEST-009
ALRT-001414,CSE-POWER-002,CSE-POWER-002-A008,identity,medium,2026-08-05T20:58:00Z,2026-08-05T21:18:00Z,closed,CSE-POWER-002-USR-04,TEST-010
ALRT-001415,CSE-TELECOM-002,CSE-TELECOM-002-A006,execution,medium,2026-08-21T03:01:00Z,2026-08-21T03:34:00Z,closed,CSE-TELECOM-002-USR-05,TEST-011
ALRT-001416,CSE-FINANCE-002,CSE-FINANCE-002-A001,defence-evasion,high,2026-06-04T04:06:00Z,2026-06-04T04:52:00Z,closed,CSE-FINANCE-002-USR-01,TEST-012
ALRT-001417,CSE-POWER-001,CSE-POWER-001-A007,identity,medium,2026-07-01T05:05:00Z,2026-07-01T05:34:00Z,closed,CSE-POWER-001-USR-02,TEST-013
ALRT-001418,CSE-TELECOM-001,CSE-TELECOM-001-A006,execution,medium,2026-08-10T00:59:00Z,2026-08-10T01:10:00Z,closed,CSE-TELECOM-001-USR-03,TEST-014
ALRT-001419,CSE-FINANCE-001,CSE-FINANCE-001-A005,defence-evasion,medium,2026-06-08T03:03:00Z,2026-06-08T03:46:00Z,closed,CSE-FINANCE-001-USR-04,TEST-015
ALRT-001420,CSE-POWER-002,CSE-POWER-002-A002,identity,medium,2026-07-06T10:44:00Z,2026-07-06T11:37:00Z,closed,CSE-POWER-002-USR-05,TEST-016
ALRT-001421,CSE-TELECOM-002,CSE-TELECOM-002-A005,execution,high,2026-08-31T05:59:00Z,2026-08-31T06:21:00Z,closed,CSE-TELECOM-002-USR-01,TEST-017
ALRT-001422,CSE-FINANCE-002,CSE-FINANCE-002-A010,defence-evasion,medium,2026-07-31T03:08:00Z,2026-07-31T03:53:00Z,closed,CSE-FINANCE-002-USR-02,TEST-018
ALRT-001423,CSE-POWER-001,CSE-POWER-001-A003,identity,medium,2026-08-16T13:40:00Z,2026-08-16T14:42:00Z,closed,CSE-POWER-001-USR-03,TEST-019
ALRT-001424,CSE-TELECOM-001,CSE-TELECOM-001-A002,execution,medium,2026-08-08T16:15:00Z,2026-08-08T17:33:00Z,closed,CSE-TELECOM-001-USR-04,TEST-020
ALRT-001425,CSE-FINANCE-001,CSE-FINANCE-001-A008,defence-evasion,medium,2026-08-26T15:17:00Z,2026-08-26T16:03:00Z,closed,CSE-FINANCE-001-USR-05,TEST-021
ALRT-001426,CSE-POWER-002,CSE-POWER-002-A008,identity,high,2026-07-01T02:16:00Z,2026-07-01T02:58:00Z,closed,CSE-POWER-002-USR-01,TEST-022
ALRT-001427,CSE-TELECOM-002,CSE-TELECOM-002-A002,execution,medium,2026-07-18T17:53:00Z,2026-07-18T18:29:00Z,closed,CSE-TELECOM-002-USR-02,TEST-000
ALRT-001428,CSE-FINANCE-002,CSE-FINANCE-002-A004,defence-evasion,medium,2026-08-30T02:04:00Z,2026-08-30T03:12:00Z,closed,CSE-FINANCE-002-USR-03,TEST-001
ALRT-001429,CSE-POWER-001,CSE-POWER-001-A001,identity,critical,2026-06-30T00:42:00Z,2026-06-30T01:14:00Z,closed,CSE-POWER-001-USR-04,TEST-002
ALRT-001430,CSE-TELECOM-001,CSE-TELECOM-001-A008,execution,medium,2026-07-22T06:31:00Z,2026-07-22T06:49:00Z,closed,CSE-TELECOM-001-USR-05,TEST-003
ALRT-001431,CSE-FINANCE-001,CSE-FINANCE-001-A006,defence-evasion,high,2026-06-29T18:48:00Z,2026-06-29T20:00:00Z,closed,CSE-FINANCE-001-USR-01,TEST-004
ALRT-001432,CSE-POWER-002,CSE-POWER-002-A009,identity,medium,2026-07-13T09:45:00Z,2026-07-13T10:48:00Z,closed,CSE-POWER-002-USR-02,TEST-005
ALRT-001433,CSE-TELECOM-002,CSE-TELECOM-002-A003,execution,medium,2026-08-06T03:58:00Z,2026-08-06T04:19:00Z,closed,CSE-TELECOM-002-USR-03,TEST-006
ALRT-001434,CSE-FINANCE-002,CSE-FINANCE-002-A004,defence-evasion,medium,2026-07-19T12:28:00Z,2026-07-19T13:38:00Z,closed,CSE-FINANCE-002-USR-04,TEST-007
ALRT-001435,CSE-POWER-001,CSE-POWER-001-A004,identity,medium,2026-07-24T06:04:00Z,2026-07-24T06:44:00Z,closed,CSE-POWER-001-USR-05,TEST-008
ALRT-001436,CSE-TELECOM-001,CSE-TELECOM-001-A007,execution,high,2026-06-24T21:19:00Z,2026-06-24T22:37:00Z,closed,CSE-TELECOM-001-USR-01,TEST-009
ALRT-001437,CSE-FINANCE-001,CSE-FINANCE-001-A002,defence-evasion,medium,2026-06-21T14:56:00Z,2026-06-21T15:14:00Z,closed,CSE-FINANCE-001-USR-02,TEST-010
ALRT-001438,CSE-POWER-002,CSE-POWER-002-A002,identity,medium,2026-07-03T00:57:00Z,2026-07-03T02:00:00Z,closed,CSE-POWER-002-USR-03,TEST-011
ALRT-001439,CSE-TELECOM-002,CSE-TELECOM-002-A003,execution,medium,2026-07-07T00:30:00Z,2026-07-07T01:42:00Z,closed,CSE-TELECOM-002-USR-04,TEST-012
ALRT-001440,CSE-FINANCE-002,CSE-FINANCE-002-A008,defence-evasion,medium,2026-07-18T08:07:00Z,2026-07-18T09:22:00Z,closed,CSE-FINANCE-002-USR-05,TEST-013
ALRT-001441,CSE-POWER-001,CSE-POWER-001-A002,identity,high,2026-07-18T13:13:00Z,2026-07-18T13:37:00Z,closed,CSE-POWER-001-USR-01,TEST-014
ALRT-001442,CSE-TELECOM-001,CSE-TELECOM-001-A007,execution,medium,2026-08-06T13:32:00Z,2026-08-06T14:19:00Z,closed,CSE-TELECOM-001-USR-02,TEST-015
ALRT-001443,CSE-FINANCE-001,CSE-FINANCE-001-A001,defence-evasion,medium,2026-07-29T08:23:00Z,2026-07-29T08:40:00Z,closed,CSE-FINANCE-001-USR-03,TEST-016
ALRT-001444,CSE-POWER-002,CSE-POWER-002-A001,identity,medium,2026-08-25T12:46:00Z,2026-08-25T13:45:00Z,closed,CSE-POWER-002-USR-04,TEST-017
ALRT-001445,CSE-TELECOM-002,CSE-TELECOM-002-A004,execution,medium,2026-07-10T06:25:00Z,2026-07-10T06:52:00Z,closed,CSE-TELECOM-002-USR-05,TEST-018
ALRT-001446,CSE-FINANCE-002,CSE-FINANCE-002-A010,defence-evasion,critical,2026-07-08T16:38:00Z,2026-07-08T17:46:00Z,closed,CSE-FINANCE-002-USR-01,TEST-019
ALRT-001447,CSE-POWER-001,CSE-POWER-001-A009,identity,medium,2026-07-28T03:43:00Z,2026-07-28T03:54:00Z,closed,CSE-POWER-001-USR-02,TEST-020
ALRT-001448,CSE-TELECOM-001,CSE-TELECOM-001-A004,execution,medium,2026-06-17T07:07:00Z,2026-06-17T07:18:00Z,closed,CSE-TELECOM-001-USR-03,TEST-021
ALRT-001449,CSE-FINANCE-001,CSE-FINANCE-001-A001,defence-evasion,medium,2026-08-15T08:15:00Z,2026-08-15T08:28:00Z,closed,CSE-FINANCE-001-USR-04,TEST-022
ALRT-001450,CSE-POWER-002,CSE-POWER-002-A009,identity,medium,2026-06-15T08:14:00Z,2026-06-15T09:10:00Z,closed,CSE-POWER-002-USR-05,TEST-000
ALRT-001451,CSE-TELECOM-002,CSE-TELECOM-002-A007,execution,high,2026-07-23T03:14:00Z,2026-07-23T03:53:00Z,closed,CSE-TELECOM-002-USR-01,TEST-001
ALRT-001452,CSE-FINANCE-002,CSE-FINANCE-002-A008,defence-evasion,medium,2026-06-29T05:50:00Z,2026-06-29T06:21:00Z,closed,CSE-FINANCE-002-USR-02,TEST-002
ALRT-001453,CSE-POWER-001,CSE-POWER-001-A006,identity,medium,2026-08-23T09:45:00Z,2026-08-23T10:26:00Z,closed,CSE-POWER-001-USR-03,TEST-003
ALRT-001454,CSE-TELECOM-001,CSE-TELECOM-001-A001,execution,medium,2026-06-15T05:32:00Z,2026-06-15T06:38:00Z,closed,CSE-TELECOM-001-USR-04,TEST-004
ALRT-001455,CSE-FINANCE-001,CSE-FINANCE-001-A005,defence-evasion,medium,2026-08-30T07:10:00Z,2026-08-30T07:55:00Z,closed,CSE-FINANCE-001-USR-05,TEST-005
ALRT-001456,CSE-POWER-002,CSE-POWER-002-A002,identity,high,2026-06-24T05:21:00Z,2026-06-24T06:24:00Z,closed,CSE-POWER-002-USR-01,TEST-006
ALRT-001457,CSE-TELECOM-002,CSE-TELECOM-002-A003,execution,medium,2026-06-04T21:30:00Z,2026-06-04T22:29:00Z,closed,CSE-TELECOM-002-USR-02,TEST-007
ALRT-001458,CSE-FINANCE-002,CSE-FINANCE-002-A006,defence-evasion,medium,2026-06-05T05:16:00Z,2026-06-05T05:30:00Z,closed,CSE-FINANCE-002-USR-03,TEST-008
ALRT-001459,CSE-POWER-001,CSE-POWER-001-A003,identity,medium,2026-08-28T00:38:00Z,2026-08-28T01:28:00Z,closed,CSE-POWER-001-USR-04,TEST-009
ALRT-001460,CSE-TELECOM-001,CSE-TELECOM-001-A008,execution,medium,2026-08-16T00:31:00Z,2026-08-16T01:07:00Z,closed,CSE-TELECOM-001-USR-05,TEST-010
ALRT-001461,CSE-FINANCE-001,CSE-FINANCE-001-A008,defence-evasion,high,2026-06-17T01:52:00Z,2026-06-17T01:59:00Z,closed,CSE-FINANCE-001-USR-01,TEST-011
ALRT-001462,CSE-POWER-002,CSE-POWER-002-A010,identity,medium,2026-08-29T09:53:00Z,2026-08-29T10:27:00Z,closed,CSE-POWER-002-USR-02,TEST-012
ALRT-001463,CSE-TELECOM-002,CSE-TELECOM-002-A009,execution,critical,2026-08-06T05:48:00Z,2026-08-06T06:11:00Z,closed,CSE-TELECOM-002-USR-03,TEST-013
ALRT-001464,CSE-FINANCE-002,CSE-FINANCE-002-A002,defence-evasion,medium,2026-06-15T09:51:00Z,2026-06-15T10:38:00Z,closed,CSE-FINANCE-002-USR-04,TEST-014
ALRT-001465,CSE-POWER-001,CSE-POWER-001-A008,identity,medium,2026-08-04T23:22:00Z,2026-08-05T00:36:00Z,closed,CSE-POWER-001-USR-05,TEST-015
ALRT-001466,CSE-TELECOM-001,CSE-TELECOM-001-A005,execution,high,2026-08-26T15:16:00Z,2026-08-26T16:07:00Z,closed,CSE-TELECOM-001-USR-01,TEST-016
ALRT-001467,CSE-FINANCE-001,CSE-FINANCE-001-A008,defence-evasion,medium,2026-06-04T11:19:00Z,2026-06-04T12:06:00Z,closed,CSE-FINANCE-001-USR-02,TEST-017
ALRT-001468,CSE-POWER-002,CSE-POWER-002-A009,identity,medium,2026-08-26T19:30:00Z,2026-08-26T19:49:00Z,closed,CSE-POWER-002-USR-03,TEST-018
ALRT-001469,CSE-TELECOM-002,CSE-TELECOM-002-A005,execution,medium,2026-08-29T16:46:00Z,2026-08-29T16:53:00Z,closed,CSE-TELECOM-002-USR-04,TEST-019
ALRT-001470,CSE-FINANCE-002,CSE-FINANCE-002-A003,defence-evasion,medium,2026-07-25T07:42:00Z,2026-07-25T08:05:00Z,closed,CSE-FINANCE-002-USR-05,TEST-020
ALRT-001471,CSE-POWER-001,CSE-POWER-001-A006,identity,high,2026-08-05T00:15:00Z,2026-08-05T01:33:00Z,closed,CSE-POWER-001-USR-01,TEST-021
ALRT-001472,CSE-TELECOM-001,CSE-TELECOM-001-A007,execution,medium,2026-07-19T06:47:00Z,2026-07-19T07:03:00Z,closed,CSE-TELECOM-001-USR-02,TEST-022
ALRT-001473,CSE-FINANCE-001,CSE-FINANCE-001-A004,defence-evasion,medium,2026-07-21T20:06:00Z,2026-07-21T20:46:00Z,closed,CSE-FINANCE-001-USR-03,TEST-000
ALRT-001474,CSE-POWER-002,CSE-POWER-002-A009,identity,medium,2026-07-30T16:11:00Z,2026-07-30T16:49:00Z,closed,CSE-POWER-002-USR-04,TEST-001
ALRT-001475,CSE-TELECOM-002,CSE-TELECOM-002-A006,execution,medium,2026-07-15T12:37:00Z,2026-07-15T13:35:00Z,closed,CSE-TELECOM-002-USR-05,TEST-002
ALRT-001476,CSE-FINANCE-002,CSE-FINANCE-002-A005,defence-evasion,high,2026-07-12T06:02:00Z,2026-07-12T07:21:00Z,closed,CSE-FINANCE-002-USR-01,TEST-003
ALRT-001477,CSE-POWER-001,CSE-POWER-001-A009,identity,medium,2026-08-31T10:53:00Z,2026-08-31T11:13:00Z,closed,CSE-POWER-001-USR-02,TEST-004
ALRT-001478,CSE-TELECOM-001,CSE-TELECOM-001-A007,execution,medium,2026-07-31T18:50:00Z,2026-07-31T19:39:00Z,closed,CSE-TELECOM-001-USR-03,TEST-005
ALRT-001479,CSE-FINANCE-001,CSE-FINANCE-001-A005,defence-evasion,medium,2026-06-17T00:31:00Z,2026-06-17T00:54:00Z,closed,CSE-FINANCE-001-USR-04,TEST-006
ALRT-001480,CSE-POWER-002,CSE-POWER-002-A008,identity,critical,2026-08-29T04:33:00Z,2026-08-29T05:15:00Z,closed,CSE-POWER-002-USR-05,TEST-007
ALRT-001481,CSE-TELECOM-002,CSE-TELECOM-002-A010,execution,high,2026-08-13T21:10:00Z,2026-08-13T21:53:00Z,closed,CSE-TELECOM-002-USR-01,TEST-008
ALRT-001482,CSE-FINANCE-002,CSE-FINANCE-002-A008,defence-evasion,medium,2026-07-09T02:51:00Z,2026-07-09T03:33:00Z,closed,CSE-FINANCE-002-USR-02,TEST-009
ALRT-001483,CSE-POWER-001,CSE-POWER-001-A001,identity,medium,2026-07-31T01:13:00Z,2026-07-31T01:54:00Z,closed,CSE-POWER-001-USR-03,TEST-010
ALRT-001484,CSE-TELECOM-001,CSE-TELECOM-001-A010,execution,medium,2026-06-18T01:31:00Z,2026-06-18T02:15:00Z,closed,CSE-TELECOM-001-USR-04,TEST-011
ALRT-001485,CSE-FINANCE-001,CSE-FINANCE-001-A001,defence-evasion,medium,2026-07-28T11:42:00Z,2026-07-28T11:47:00Z,closed,CSE-FINANCE-001-USR-05,TEST-012
ALRT-001486,CSE-POWER-002,CSE-POWER-002-A001,identity,high,2026-07-05T04:22:00Z,2026-07-05T05:03:00Z,closed,CSE-POWER-002-USR-01,TEST-013
ALRT-001487,CSE-TELECOM-002,CSE-TELECOM-002-A009,execution,medium,2026-08-27T17:09:00Z,2026-08-27T17:25:00Z,closed,CSE-TELECOM-002-USR-02,TEST-014
ALRT-001488,CSE-FINANCE-002,CSE-FINANCE-002-A005,defence-evasion,medium,2026-06-21T23:12:00Z,2026-06-22T00:12:00Z,closed,CSE-FINANCE-002-USR-03,TEST-015
ALRT-001489,CSE-POWER-001,CSE-POWER-001-A010,identity,medium,2026-06-13T09:14:00Z,2026-06-13T09:23:00Z,closed,CSE-POWER-001-USR-04,TEST-016
ALRT-001490,CSE-TELECOM-001,CSE-TELECOM-001-A008,execution,medium,2026-07-18T07:51:00Z,2026-07-18T08:45:00Z,closed,CSE-TELECOM-001-USR-05,TEST-017
ALRT-001491,CSE-FINANCE-001,CSE-FINANCE-001-A007,defence-evasion,high,2026-07-24T03:57:00Z,2026-07-24T04:35:00Z,closed,CSE-FINANCE-001-USR-01,TEST-018
ALRT-001492,CSE-POWER-002,CSE-POWER-002-A005,identity,medium,2026-08-18T09:11:00Z,2026-08-18T10:28:00Z,closed,CSE-POWER-002-USR-02,TEST-019
ALRT-001493,CSE-TELECOM-002,CSE-TELECOM-002-A007,execution,medium,2026-08-28T10:51:00Z,2026-08-28T12:10:00Z,closed,CSE-TELECOM-002-USR-03,TEST-020
ALRT-001494,CSE-FINANCE-002,CSE-FINANCE-002-A003,defence-evasion,medium,2026-08-29T06:16:00Z,2026-08-29T06:38:00Z,closed,CSE-FINANCE-002-USR-04,TEST-021
ALRT-001495,CSE-POWER-001,CSE-POWER-001-A007,identity,medium,2026-08-12T06:19:00Z,2026-08-12T07:03:00Z,closed,CSE-POWER-001-USR-05,TEST-022
ALRT-001496,CSE-TELECOM-001,CSE-TELECOM-001-A002,execution,high,2026-07-11T18:59:00Z,2026-07-11T20:03:00Z,closed,CSE-TELECOM-001-USR-01,TEST-000
ALRT-001497,CSE-FINANCE-001,CSE-FINANCE-001-A009,defence-evasion,critical,2026-06-26T12:50:00Z,2026-06-26T13:50:00Z,closed,CSE-FINANCE-001-USR-02,TEST-001
ALRT-001498,CSE-POWER-002,CSE-POWER-002-A002,identity,medium,2026-06-20T16:28:00Z,2026-06-20T17:13:00Z,closed,CSE-POWER-002-USR-03,TEST-002
ALRT-001499,CSE-TELECOM-002,CSE-TELECOM-002-A009,execution,medium,2026-08-29T22:22:00Z,2026-08-29T23:26:00Z,closed,CSE-TELECOM-002-USR-04,TEST-003
ALRT-001500,CSE-FINANCE-002,CSE-FINANCE-002-A006,defence-evasion,medium,2026-07-27T14:26:00Z,2026-07-27T15:23:00Z,closed,CSE-FINANCE-002-USR-05,TEST-004
ALRT-001501,CSE-POWER-001,CSE-POWER-001-A008,identity,high,2026-06-06T17:01:00Z,2026-06-06T17:59:00Z,closed,CSE-POWER-001-USR-01,TEST-005
ALRT-001502,CSE-TELECOM-001,CSE-TELECOM-001-A002,execution,medium,2026-06-20T19:58:00Z,2026-06-20T20:41:00Z,closed,CSE-TELECOM-001-USR-02,TEST-006
ALRT-001503,CSE-FINANCE-001,CSE-FINANCE-001-A004,defence-evasion,medium,2026-08-16T16:23:00Z,2026-08-16T16:44:00Z,closed,CSE-FINANCE-001-USR-03,TEST-007
ALRT-001504,CSE-POWER-002,CSE-POWER-002-A010,identity,medium,2026-08-11T18:56:00Z,2026-08-11T19:38:00Z,closed,CSE-POWER-002-USR-04,TEST-008
ALRT-001505,CSE-TELECOM-002,CSE-TELECOM-002-A001,execution,medium,2026-07-23T04:25:00Z,2026-07-23T04:30:00Z,closed,CSE-TELECOM-002-USR-05,TEST-009
ALRT-001506,CSE-FINANCE-002,CSE-FINANCE-002-A008,defence-evasion,high,2026-08-08T14:53:00Z,2026-08-08T15:04:00Z,closed,CSE-FINANCE-002-USR-01,TEST-010
ALRT-001507,CSE-POWER-001,CSE-POWER-001-A002,identity,medium,2026-06-10T08:53:00Z,2026-06-10T09:11:00Z,closed,CSE-POWER-001-USR-02,TEST-011
ALRT-001508,CSE-TELECOM-001,CSE-TELECOM-001-A006,execution,medium,2026-08-18T03:52:00Z,2026-08-18T04:34:00Z,closed,CSE-TELECOM-001-USR-03,TEST-012
ALRT-001509,CSE-FINANCE-001,CSE-FINANCE-001-A010,defence-evasion,medium,2026-08-03T22:21:00Z,2026-08-03T22:33:00Z,closed,CSE-FINANCE-001-USR-04,TEST-013
ALRT-001510,CSE-POWER-002,CSE-POWER-002-A002,identity,medium,2026-08-16T21:32:00Z,2026-08-16T21:43:00Z,closed,CSE-POWER-002-USR-05,TEST-014
ALRT-001511,CSE-TELECOM-002,CSE-TELECOM-002-A004,execution,high,2026-08-08T04:35:00Z,2026-08-08T05:43:00Z,closed,CSE-TELECOM-002-USR-01,TEST-015
ALRT-001512,CSE-FINANCE-002,CSE-FINANCE-002-A003,defence-evasion,medium,2026-07-01T21:40:00Z,2026-07-01T22:04:00Z,closed,CSE-FINANCE-002-USR-02,TEST-016
ALRT-001513,CSE-POWER-001,CSE-POWER-001-A005,identity,medium,2026-08-22T09:46:00Z,2026-08-22T09:51:00Z,closed,CSE-POWER-001-USR-03,TEST-017
ALRT-001514,CSE-TELECOM-001,CSE-TELECOM-001-A008,execution,critical,2026-08-21T22:12:00Z,2026-08-21T22:31:00Z,closed,CSE-TELECOM-001-USR-04,TEST-018
ALRT-001515,CSE-FINANCE-001,CSE-FINANCE-001-A002,defence-evasion,medium,2026-06-03T04:38:00Z,2026-06-03T04:58:00Z,closed,CSE-FINANCE-001-USR-05,TEST-019
ALRT-001516,CSE-POWER-002,CSE-POWER-002-A009,identity,high,2026-06-15T07:13:00Z,2026-06-15T07:31:00Z,closed,CSE-POWER-002-USR-01,TEST-020
ALRT-001517,CSE-TELECOM-002,CSE-TELECOM-002-A008,execution,medium,2026-06-06T16:28:00Z,2026-06-06T17:23:00Z,closed,CSE-TELECOM-002-USR-02,TEST-021
ALRT-001518,CSE-FINANCE-002,CSE-FINANCE-002-A001,defence-evasion,medium,2026-06-18T09:25:00Z,2026-06-18T10:31:00Z,closed,CSE-FINANCE-002-USR-03,TEST-022
ALRT-001519,CSE-POWER-001,CSE-POWER-001-A003,identity,medium,2026-07-03T17:16:00Z,2026-07-03T18:17:00Z,closed,CSE-POWER-001-USR-04,TEST-000
ALRT-001520,CSE-TELECOM-001,CSE-TELECOM-001-A010,execution,medium,2026-06-18T13:09:00Z,2026-06-18T13:16:00Z,closed,CSE-TELECOM-001-USR-05,TEST-001
ALRT-001521,CSE-FINANCE-001,CSE-FINANCE-001-A003,defence-evasion,high,2026-06-21T23:42:00Z,2026-06-22T00:17:00Z,closed,CSE-FINANCE-001-USR-01,TEST-002
ALRT-001522,CSE-POWER-002,CSE-POWER-002-A003,identity,medium,2026-08-07T23:44:00Z,2026-08-08T00:58:00Z,closed,CSE-POWER-002-USR-02,TEST-003
ALRT-001523,CSE-TELECOM-002,CSE-TELECOM-002-A004,execution,medium,2026-08-02T15:18:00Z,2026-08-02T16:00:00Z,closed,CSE-TELECOM-002-USR-03,TEST-004
ALRT-001524,CSE-FINANCE-002,CSE-FINANCE-002-A002,defence-evasion,medium,2026-08-17T15:23:00Z,2026-08-17T16:03:00Z,closed,CSE-FINANCE-002-USR-04,TEST-005
ALRT-001525,CSE-POWER-001,CSE-POWER-001-A007,identity,medium,2026-07-22T22:51:00Z,2026-07-22T23:09:00Z,closed,CSE-POWER-001-USR-05,TEST-006
ALRT-001526,CSE-TELECOM-001,CSE-TELECOM-001-A008,execution,high,2026-07-26T13:09:00Z,2026-07-26T13:17:00Z,closed,CSE-TELECOM-001-USR-01,TEST-007
ALRT-001527,CSE-FINANCE-001,CSE-FINANCE-001-A005,defence-evasion,medium,2026-07-31T03:36:00Z,2026-07-31T04:30:00Z,closed,CSE-FINANCE-001-USR-02,TEST-008
ALRT-001528,CSE-POWER-002,CSE-POWER-002-A001,identity,medium,2026-08-16T09:02:00Z,2026-08-16T10:03:00Z,closed,CSE-POWER-002-USR-03,TEST-009
ALRT-001529,CSE-TELECOM-002,CSE-TELECOM-002-A001,execution,medium,2026-07-18T04:29:00Z,2026-07-18T05:32:00Z,closed,CSE-TELECOM-002-USR-04,TEST-010
ALRT-001530,CSE-FINANCE-002,CSE-FINANCE-002-A005,defence-evasion,medium,2026-06-04T05:22:00Z,2026-06-04T06:31:00Z,closed,CSE-FINANCE-002-USR-05,TEST-011
ALRT-001531,CSE-POWER-001,CSE-POWER-001-A009,identity,critical,2026-06-29T11:57:00Z,2026-06-29T13:09:00Z,closed,CSE-POWER-001-USR-01,TEST-012
ALRT-001532,CSE-TELECOM-001,CSE-TELECOM-001-A007,execution,medium,2026-08-07T02:11:00Z,2026-08-07T02:35:00Z,closed,CSE-TELECOM-001-USR-02,TEST-013
ALRT-001533,CSE-FINANCE-001,CSE-FINANCE-001-A006,defence-evasion,medium,2026-08-25T23:36:00Z,2026-08-26T00:24:00Z,closed,CSE-FINANCE-001-USR-03,TEST-014
ALRT-001534,CSE-POWER-002,CSE-POWER-002-A008,identity,medium,2026-06-20T08:50:00Z,2026-06-20T09:33:00Z,closed,CSE-POWER-002-USR-04,TEST-015
ALRT-001535,CSE-TELECOM-002,CSE-TELECOM-002-A007,execution,medium,2026-06-11T20:30:00Z,2026-06-11T21:23:00Z,closed,CSE-TELECOM-002-USR-05,TEST-016
ALRT-001536,CSE-FINANCE-002,CSE-FINANCE-002-A008,defence-evasion,high,2026-08-19T21:11:00Z,2026-08-19T22:29:00Z,closed,CSE-FINANCE-002-USR-01,TEST-017
ALRT-001537,CSE-POWER-001,CSE-POWER-001-A009,identity,medium,2026-08-26T16:16:00Z,2026-08-26T16:37:00Z,closed,CSE-POWER-001-USR-02,TEST-018
ALRT-001538,CSE-TELECOM-001,CSE-TELECOM-001-A006,execution,medium,2026-08-17T18:22:00Z,2026-08-17T19:41:00Z,closed,CSE-TELECOM-001-USR-03,TEST-019
ALRT-001539,CSE-FINANCE-001,CSE-FINANCE-001-A010,defence-evasion,medium,2026-07-24T02:02:00Z,2026-07-24T02:10:00Z,closed,CSE-FINANCE-001-USR-04,TEST-020
ALRT-001540,CSE-POWER-002,CSE-POWER-002-A003,identity,medium,2026-07-02T03:42:00Z,2026-07-02T04:00:00Z,closed,CSE-POWER-002-USR-05,TEST-021
ALRT-001541,CSE-TELECOM-002,CSE-TELECOM-002-A008,execution,high,2026-08-28T15:20:00Z,2026-08-28T15:54:00Z,closed,CSE-TELECOM-002-USR-01,TEST-022
ALRT-001542,CSE-FINANCE-002,CSE-FINANCE-002-A004,defence-evasion,medium,2026-06-16T05:46:00Z,2026-06-16T06:40:00Z,closed,CSE-FINANCE-002-USR-02,TEST-000
ALRT-001543,CSE-POWER-001,CSE-POWER-001-A007,identity,medium,2026-06-11T01:39:00Z,2026-06-11T02:16:00Z,closed,CSE-POWER-001-USR-03,TEST-001
ALRT-001544,CSE-TELECOM-001,CSE-TELECOM-001-A002,execution,medium,2026-06-07T23:04:00Z,2026-06-08T00:05:00Z,closed,CSE-TELECOM-001-USR-04,TEST-002
ALRT-001545,CSE-FINANCE-001,CSE-FINANCE-001-A006,defence-evasion,medium,2026-08-19T20:53:00Z,2026-08-19T21:01:00Z,closed,CSE-FINANCE-001-USR-05,TEST-003
ALRT-001546,CSE-POWER-002,CSE-POWER-002-A003,identity,high,2026-07-14T03:44:00Z,2026-07-14T04:46:00Z,closed,CSE-POWER-002-USR-01,TEST-004
ALRT-001547,CSE-TELECOM-002,CSE-TELECOM-002-A007,execution,medium,2026-06-20T20:36:00Z,2026-06-20T21:52:00Z,closed,CSE-TELECOM-002-USR-02,TEST-005
ALRT-001548,CSE-FINANCE-002,CSE-FINANCE-002-A004,defence-evasion,critical,2026-06-28T08:31:00Z,2026-06-28T09:32:00Z,closed,CSE-FINANCE-002-USR-03,TEST-006
ALRT-001549,CSE-POWER-001,CSE-POWER-001-A005,identity,medium,2026-07-01T06:47:00Z,2026-07-01T07:12:00Z,closed,CSE-POWER-001-USR-04,TEST-007
ALRT-001550,CSE-TELECOM-001,CSE-TELECOM-001-A007,execution,medium,2026-08-09T06:05:00Z,2026-08-09T07:24:00Z,closed,CSE-TELECOM-001-USR-05,TEST-008
ALRT-001551,CSE-FINANCE-001,CSE-FINANCE-001-A001,defence-evasion,high,2026-08-22T21:06:00Z,2026-08-22T21:37:00Z,closed,CSE-FINANCE-001-USR-01,TEST-009
ALRT-001552,CSE-POWER-002,CSE-POWER-002-A001,identity,medium,2026-06-20T00:23:00Z,2026-06-20T01:20:00Z,closed,CSE-POWER-002-USR-02,TEST-010
ALRT-001553,CSE-TELECOM-002,CSE-TELECOM-002-A010,execution,medium,2026-08-11T02:21:00Z,2026-08-11T02:49:00Z,closed,CSE-TELECOM-002-USR-03,TEST-011
ALRT-001554,CSE-FINANCE-002,CSE-FINANCE-002-A009,defence-evasion,medium,2026-08-05T06:53:00Z,2026-08-05T07:24:00Z,closed,CSE-FINANCE-002-USR-04,TEST-012
ALRT-001555,CSE-POWER-001,CSE-POWER-001-A010,identity,medium,2026-08-02T16:22:00Z,2026-08-02T17:12:00Z,closed,CSE-POWER-001-USR-05,TEST-013
ALRT-001556,CSE-TELECOM-001,CSE-TELECOM-001-A010,execution,high,2026-08-13T04:51:00Z,2026-08-13T05:04:00Z,closed,CSE-TELECOM-001-USR-01,TEST-014
ALRT-001557,CSE-FINANCE-001,CSE-FINANCE-001-A008,defence-evasion,medium,2026-07-27T20:24:00Z,2026-07-27T20:38:00Z,closed,CSE-FINANCE-001-USR-02,TEST-015
ALRT-001558,CSE-POWER-002,CSE-POWER-002-A010,identity,medium,2026-06-13T04:50:00Z,2026-06-13T06:01:00Z,closed,CSE-POWER-002-USR-03,TEST-016
ALRT-001559,CSE-TELECOM-002,CSE-TELECOM-002-A005,execution,medium,2026-06-15T03:31:00Z,2026-06-15T04:05:00Z,closed,CSE-TELECOM-002-USR-04,TEST-017
ALRT-001560,CSE-FINANCE-002,CSE-FINANCE-002-A001,defence-evasion,medium,2026-08-18T17:21:00Z,2026-08-18T17:28:00Z,closed,CSE-FINANCE-002-USR-05,TEST-018
ALRT-001561,CSE-POWER-001,CSE-POWER-001-A004,identity,high,2026-07-10T08:24:00Z,2026-07-10T09:14:00Z,closed,CSE-POWER-001-USR-01,TEST-019
ALRT-001562,CSE-TELECOM-001,CSE-TELECOM-001-A002,execution,medium,2026-06-23T09:04:00Z,2026-06-23T10:17:00Z,closed,CSE-TELECOM-001-USR-02,TEST-020
ALRT-001563,CSE-FINANCE-001,CSE-FINANCE-001-A010,defence-evasion,medium,2026-07-03T16:59:00Z,2026-07-03T18:08:00Z,closed,CSE-FINANCE-001-USR-03,TEST-021
ALRT-001564,CSE-POWER-002,CSE-POWER-002-A005,identity,medium,2026-07-24T19:03:00Z,2026-07-24T20:17:00Z,closed,CSE-POWER-002-USR-04,TEST-022
ALRT-001565,CSE-TELECOM-002,CSE-TELECOM-002-A002,execution,critical,2026-08-16T15:59:00Z,2026-08-16T16:37:00Z,closed,CSE-TELECOM-002-USR-05,TEST-000
ALRT-001566,CSE-FINANCE-002,CSE-FINANCE-002-A001,defence-evasion,high,2026-06-07T10:26:00Z,2026-06-07T11:04:00Z,closed,CSE-FINANCE-002-USR-01,TEST-001
ALRT-001567,CSE-POWER-001,CSE-POWER-001-A004,identity,medium,2026-07-15T01:08:00Z,2026-07-15T01:39:00Z,closed,CSE-POWER-001-USR-02,TEST-002
ALRT-001568,CSE-TELECOM-001,CSE-TELECOM-001-A009,execution,medium,2026-07-15T21:58:00Z,2026-07-15T22:10:00Z,closed,CSE-TELECOM-001-USR-03,TEST-003
ALRT-001569,CSE-FINANCE-001,CSE-FINANCE-001-A004,defence-evasion,medium,2026-08-05T02:51:00Z,2026-08-05T04:08:00Z,closed,CSE-FINANCE-001-USR-04,TEST-004
ALRT-001570,CSE-POWER-002,CSE-POWER-002-A010,identity,medium,2026-08-31T01:22:00Z,2026-08-31T01:36:00Z,closed,CSE-POWER-002-USR-05,TEST-005
ALRT-001571,CSE-TELECOM-002,CSE-TELECOM-002-A007,execution,high,2026-08-18T23:39:00Z,2026-08-18T23:54:00Z,closed,CSE-TELECOM-002-USR-01,TEST-006
ALRT-001572,CSE-FINANCE-002,CSE-FINANCE-002-A009,defence-evasion,medium,2026-08-03T04:17:00Z,2026-08-03T04:27:00Z,closed,CSE-FINANCE-002-USR-02,TEST-007
ALRT-001573,CSE-POWER-001,CSE-POWER-001-A002,identity,medium,2026-06-07T15:32:00Z,2026-06-07T16:05:00Z,closed,CSE-POWER-001-USR-03,TEST-008
ALRT-001574,CSE-TELECOM-001,CSE-TELECOM-001-A006,execution,medium,2026-07-28T15:19:00Z,2026-07-28T15:53:00Z,closed,CSE-TELECOM-001-USR-04,TEST-009
ALRT-001575,CSE-FINANCE-001,CSE-FINANCE-001-A001,defence-evasion,medium,2026-06-10T00:49:00Z,2026-06-10T01:19:00Z,closed,CSE-FINANCE-001-USR-05,TEST-010
ALRT-001576,CSE-POWER-002,CSE-POWER-002-A009,identity,high,2026-08-19T12:43:00Z,2026-08-19T12:50:00Z,closed,CSE-POWER-002-USR-01,TEST-011
ALRT-001577,CSE-TELECOM-002,CSE-TELECOM-002-A009,execution,medium,2026-08-03T01:24:00Z,2026-08-03T02:17:00Z,closed,CSE-TELECOM-002-USR-02,TEST-012
ALRT-001578,CSE-FINANCE-002,CSE-FINANCE-002-A003,defence-evasion,medium,2026-07-28T22:27:00Z,2026-07-28T23:42:00Z,closed,CSE-FINANCE-002-USR-03,TEST-013
ALRT-001579,CSE-POWER-001,CSE-POWER-001-A003,identity,medium,2026-06-17T14:07:00Z,2026-06-17T14:59:00Z,closed,CSE-POWER-001-USR-04,TEST-014
ALRT-001580,CSE-TELECOM-001,CSE-TELECOM-001-A006,execution,medium,2026-06-27T10:27:00Z,2026-06-27T10:39:00Z,closed,CSE-TELECOM-001-USR-05,TEST-015
ALRT-001581,CSE-FINANCE-001,CSE-FINANCE-001-A004,defence-evasion,high,2026-07-02T02:37:00Z,2026-07-02T02:43:00Z,closed,CSE-FINANCE-001-USR-01,TEST-016
ALRT-001582,CSE-POWER-002,CSE-POWER-002-A004,identity,critical,2026-07-25T23:48:00Z,2026-07-26T01:01:00Z,closed,CSE-POWER-002-USR-02,TEST-017
ALRT-001583,CSE-TELECOM-002,CSE-TELECOM-002-A010,execution,medium,2026-06-08T00:55:00Z,2026-06-08T01:31:00Z,closed,CSE-TELECOM-002-USR-03,TEST-018
ALRT-001584,CSE-FINANCE-002,CSE-FINANCE-002-A001,defence-evasion,medium,2026-06-12T01:08:00Z,2026-06-12T02:09:00Z,closed,CSE-FINANCE-002-USR-04,TEST-019
ALRT-001585,CSE-POWER-001,CSE-POWER-001-A003,identity,medium,2026-07-09T01:20:00Z,2026-07-09T02:09:00Z,closed,CSE-POWER-001-USR-05,TEST-020
ALRT-001586,CSE-TELECOM-001,CSE-TELECOM-001-A010,execution,high,2026-08-25T07:18:00Z,2026-08-25T07:39:00Z,closed,CSE-TELECOM-001-USR-01,TEST-021
ALRT-001587,CSE-FINANCE-001,CSE-FINANCE-001-A010,defence-evasion,medium,2026-07-23T15:42:00Z,2026-07-23T16:02:00Z,closed,CSE-FINANCE-001-USR-02,TEST-022
ALRT-001588,CSE-POWER-002,CSE-POWER-002-A002,identity,medium,2026-06-12T08:34:00Z,2026-06-12T09:05:00Z,closed,CSE-POWER-002-USR-03,TEST-000
ALRT-001589,CSE-TELECOM-002,CSE-TELECOM-002-A008,execution,medium,2026-07-18T07:28:00Z,2026-07-18T08:11:00Z,closed,CSE-TELECOM-002-USR-04,TEST-001
ALRT-001590,CSE-FINANCE-002,CSE-FINANCE-002-A006,defence-evasion,medium,2026-08-12T09:55:00Z,2026-08-12T10:31:00Z,closed,CSE-FINANCE-002-USR-05,TEST-002
ALRT-001591,CSE-POWER-001,CSE-POWER-001-A009,identity,high,2026-07-07T10:44:00Z,2026-07-07T11:58:00Z,closed,CSE-POWER-001-USR-01,TEST-003
ALRT-001592,CSE-TELECOM-001,CSE-TELECOM-001-A009,execution,medium,2026-06-16T01:22:00Z,2026-06-16T02:19:00Z,closed,CSE-TELECOM-001-USR-02,TEST-004
ALRT-001593,CSE-FINANCE-001,CSE-FINANCE-001-A010,defence-evasion,medium,2026-08-04T08:05:00Z,2026-08-04T08:36:00Z,closed,CSE-FINANCE-001-USR-03,TEST-005
ALRT-001594,CSE-POWER-002,CSE-POWER-002-A003,identity,medium,2026-08-08T07:19:00Z,2026-08-08T08:34:00Z,closed,CSE-POWER-002-USR-04,TEST-006
ALRT-001595,CSE-TELECOM-002,CSE-TELECOM-002-A004,execution,medium,2026-06-18T11:46:00Z,2026-06-18T12:09:00Z,closed,CSE-TELECOM-002-USR-05,TEST-007
ALRT-001596,CSE-FINANCE-002,CSE-FINANCE-002-A001,defence-evasion,high,2026-07-03T22:28:00Z,2026-07-03T23:31:00Z,closed,CSE-FINANCE-002-USR-01,TEST-008
ALRT-001597,CSE-POWER-001,CSE-POWER-001-A002,identity,medium,2026-06-05T15:53:00Z,2026-06-05T16:02:00Z,closed,CSE-POWER-001-USR-02,TEST-009
ALRT-001598,CSE-TELECOM-001,CSE-TELECOM-001-A005,execution,medium,2026-07-08T18:24:00Z,2026-07-08T19:07:00Z,closed,CSE-TELECOM-001-USR-03,TEST-010
ALRT-001599,CSE-FINANCE-001,CSE-FINANCE-001-A002,defence-evasion,critical,2026-06-10T08:54:00Z,2026-06-10T09:48:00Z,closed,CSE-FINANCE-001-USR-04,TEST-011
ALRT-001600,CSE-POWER-002,CSE-POWER-002-A008,identity,medium,2026-06-05T12:24:00Z,2026-06-05T13:25:00Z,closed,CSE-POWER-002-USR-05,TEST-012
ALRT-001601,CSE-TELECOM-002,CSE-TELECOM-002-A001,execution,high,2026-07-01T06:24:00Z,2026-07-01T06:52:00Z,closed,CSE-TELECOM-002-USR-01,TEST-013
ALRT-001602,CSE-FINANCE-002,CSE-FINANCE-002-A007,defence-evasion,medium,2026-08-10T01:42:00Z,2026-08-10T02:26:00Z,closed,CSE-FINANCE-002-USR-02,TEST-014
ALRT-001603,CSE-POWER-001,CSE-POWER-001-A001,identity,medium,2026-08-11T11:59:00Z,2026-08-11T12:07:00Z,closed,CSE-POWER-001-USR-03,TEST-015
ALRT-001604,CSE-TELECOM-001,CSE-TELECOM-001-A010,execution,medium,2026-07-16T08:51:00Z,2026-07-16T09:23:00Z,closed,CSE-TELECOM-001-USR-04,TEST-016
ALRT-001605,CSE-FINANCE-001,CSE-FINANCE-001-A001,defence-evasion,medium,2026-07-16T23:53:00Z,2026-07-17T00:53:00Z,closed,CSE-FINANCE-001-USR-05,TEST-017
ALRT-001606,CSE-POWER-002,CSE-POWER-002-A007,identity,high,2026-06-10T03:35:00Z,2026-06-10T04:29:00Z,closed,CSE-POWER-002-USR-01,TEST-018
ALRT-001607,CSE-TELECOM-002,CSE-TELECOM-002-A005,execution,medium,2026-08-10T14:27:00Z,2026-08-10T15:45:00Z,closed,CSE-TELECOM-002-USR-02,TEST-019
ALRT-001608,CSE-FINANCE-002,CSE-FINANCE-002-A010,defence-evasion,medium,2026-08-08T08:10:00Z,2026-08-08T09:03:00Z,closed,CSE-FINANCE-002-USR-03,TEST-020
ALRT-001609,CSE-POWER-001,CSE-POWER-001-A008,identity,medium,2026-07-03T04:58:00Z,2026-07-03T05:04:00Z,closed,CSE-POWER-001-USR-04,TEST-021
ALRT-001610,CSE-TELECOM-001,CSE-TELECOM-001-A005,execution,medium,2026-08-29T08:05:00Z,2026-08-29T08:41:00Z,closed,CSE-TELECOM-001-USR-05,TEST-022
ALRT-001611,CSE-FINANCE-001,CSE-FINANCE-001-A009,defence-evasion,high,2026-07-10T10:36:00Z,2026-07-10T11:31:00Z,closed,CSE-FINANCE-001-USR-01,TEST-000
ALRT-001612,CSE-POWER-002,CSE-POWER-002-A001,identity,medium,2026-08-20T08:23:00Z,2026-08-20T09:02:00Z,closed,CSE-POWER-002-USR-02,TEST-001
ALRT-001613,CSE-TELECOM-002,CSE-TELECOM-002-A005,execution,medium,2026-08-25T19:00:00Z,2026-08-25T19:20:00Z,closed,CSE-TELECOM-002-USR-03,TEST-002
ALRT-001614,CSE-FINANCE-002,CSE-FINANCE-002-A005,defence-evasion,medium,2026-08-14T21:20:00Z,2026-08-14T21:58:00Z,closed,CSE-FINANCE-002-USR-04,TEST-003
ALRT-001615,CSE-POWER-001,CSE-POWER-001-A003,identity,medium,2026-07-29T14:01:00Z,2026-07-29T15:02:00Z,closed,CSE-POWER-001-USR-05,TEST-004
ALRT-001616,CSE-TELECOM-001,CSE-TELECOM-001-A001,execution,critical,2026-08-01T01:22:00Z,2026-08-01T02:28:00Z,closed,CSE-TELECOM-001-USR-01,TEST-005
ALRT-001617,CSE-FINANCE-001,CSE-FINANCE-001-A009,defence-evasion,medium,2026-06-30T13:03:00Z,2026-06-30T14:22:00Z,closed,CSE-FINANCE-001-USR-02,TEST-006
ALRT-001618,CSE-POWER-002,CSE-POWER-002-A002,identity,medium,2026-07-08T19:35:00Z,2026-07-08T20:20:00Z,closed,CSE-POWER-002-USR-03,TEST-007
ALRT-001619,CSE-TELECOM-002,CSE-TELECOM-002-A002,execution,medium,2026-07-29T05:16:00Z,2026-07-29T05:56:00Z,closed,CSE-TELECOM-002-USR-04,TEST-008
ALRT-001620,CSE-FINANCE-002,CSE-FINANCE-002-A005,defence-evasion,medium,2026-08-05T04:14:00Z,2026-08-05T04:41:00Z,closed,CSE-FINANCE-002-USR-05,TEST-009
ALRT-001621,CSE-POWER-001,CSE-POWER-001-A003,identity,high,2026-08-21T20:03:00Z,2026-08-21T20:37:00Z,closed,CSE-POWER-001-USR-01,TEST-010
ALRT-001622,CSE-TELECOM-001,CSE-TELECOM-001-A002,execution,medium,2026-08-25T01:11:00Z,2026-08-25T02:20:00Z,closed,CSE-TELECOM-001-USR-02,TEST-011
ALRT-001623,CSE-FINANCE-001,CSE-FINANCE-001-A008,defence-evasion,medium,2026-08-16T10:02:00Z,2026-08-16T11:17:00Z,closed,CSE-FINANCE-001-USR-03,TEST-012
ALRT-001624,CSE-POWER-002,CSE-POWER-002-A004,identity,medium,2026-06-10T22:16:00Z,2026-06-10T22:53:00Z,closed,CSE-POWER-002-USR-04,TEST-013
ALRT-001625,CSE-TELECOM-002,CSE-TELECOM-002-A001,execution,medium,2026-08-28T11:34:00Z,2026-08-28T11:44:00Z,closed,CSE-TELECOM-002-USR-05,TEST-014
ALRT-001626,CSE-FINANCE-002,CSE-FINANCE-002-A010,defence-evasion,high,2026-07-03T11:06:00Z,2026-07-03T11:20:00Z,closed,CSE-FINANCE-002-USR-01,TEST-015
ALRT-001627,CSE-POWER-001,CSE-POWER-001-A009,identity,medium,2026-07-29T03:32:00Z,2026-07-29T03:46:00Z,closed,CSE-POWER-001-USR-02,TEST-016
ALRT-001628,CSE-TELECOM-001,CSE-TELECOM-001-A004,execution,medium,2026-06-29T10:36:00Z,2026-06-29T11:28:00Z,closed,CSE-TELECOM-001-USR-03,TEST-017
ALRT-001629,CSE-FINANCE-001,CSE-FINANCE-001-A007,defence-evasion,medium,2026-06-12T20:27:00Z,2026-06-12T21:08:00Z,closed,CSE-FINANCE-001-USR-04,TEST-018
ALRT-001630,CSE-POWER-002,CSE-POWER-002-A003,identity,medium,2026-06-06T10:38:00Z,2026-06-06T11:29:00Z,closed,CSE-POWER-002-USR-05,TEST-019
ALRT-001631,CSE-TELECOM-002,CSE-TELECOM-002-A006,execution,high,2026-07-25T20:23:00Z,2026-07-25T21:28:00Z,closed,CSE-TELECOM-002-USR-01,TEST-020
ALRT-001632,CSE-FINANCE-002,CSE-FINANCE-002-A005,defence-evasion,medium,2026-08-21T00:10:00Z,2026-08-21T01:02:00Z,closed,CSE-FINANCE-002-USR-02,TEST-021
ALRT-001633,CSE-POWER-001,CSE-POWER-001-A001,identity,critical,2026-07-10T04:58:00Z,2026-07-10T05:06:00Z,closed,CSE-POWER-001-USR-03,TEST-022
ALRT-001634,CSE-TELECOM-001,CSE-TELECOM-001-A002,execution,medium,2026-08-19T06:51:00Z,2026-08-19T07:36:00Z,closed,CSE-TELECOM-001-USR-04,TEST-000
ALRT-001635,CSE-FINANCE-001,CSE-FINANCE-001-A009,defence-evasion,medium,2026-08-07T18:45:00Z,2026-08-07T19:34:00Z,closed,CSE-FINANCE-001-USR-05,TEST-001
ALRT-001636,CSE-POWER-002,CSE-POWER-002-A004,identity,high,2026-07-21T18:02:00Z,2026-07-21T18:26:00Z,closed,CSE-POWER-002-USR-01,TEST-002
ALRT-001637,CSE-TELECOM-002,CSE-TELECOM-002-A007,execution,medium,2026-08-25T02:04:00Z,2026-08-25T02:37:00Z,closed,CSE-TELECOM-002-USR-02,TEST-003
ALRT-001638,CSE-FINANCE-002,CSE-FINANCE-002-A010,defence-evasion,medium,2026-08-06T18:40:00Z,2026-08-06T19:55:00Z,closed,CSE-FINANCE-002-USR-03,TEST-004
ALRT-001639,CSE-POWER-001,CSE-POWER-001-A007,identity,medium,2026-08-10T23:07:00Z,2026-08-11T00:19:00Z,closed,CSE-POWER-001-USR-04,TEST-005
ALRT-001640,CSE-TELECOM-001,CSE-TELECOM-001-A001,execution,medium,2026-08-19T15:42:00Z,2026-08-19T16:54:00Z,closed,CSE-TELECOM-001-USR-05,TEST-006
ALRT-001641,CSE-FINANCE-001,CSE-FINANCE-001-A009,defence-evasion,high,2026-07-29T10:17:00Z,2026-07-29T10:46:00Z,closed,CSE-FINANCE-001-USR-01,TEST-007
ALRT-001642,CSE-POWER-002,CSE-POWER-002-A010,identity,medium,2026-07-10T07:21:00Z,2026-07-10T07:57:00Z,closed,CSE-POWER-002-USR-02,TEST-008
ALRT-001643,CSE-TELECOM-002,CSE-TELECOM-002-A006,execution,medium,2026-07-02T14:20:00Z,2026-07-02T14:39:00Z,closed,CSE-TELECOM-002-USR-03,TEST-009
ALRT-001644,CSE-FINANCE-002,CSE-FINANCE-002-A004,defence-evasion,medium,2026-07-29T23:56:00Z,2026-07-30T00:53:00Z,closed,CSE-FINANCE-002-USR-04,TEST-010
ALRT-001645,CSE-POWER-001,CSE-POWER-001-A006,identity,medium,2026-06-13T11:35:00Z,2026-06-13T12:44:00Z,closed,CSE-POWER-001-USR-05,TEST-011
ALRT-001646,CSE-TELECOM-001,CSE-TELECOM-001-A002,execution,high,2026-07-19T20:30:00Z,2026-07-19T21:04:00Z,closed,CSE-TELECOM-001-USR-01,TEST-012
ALRT-001647,CSE-FINANCE-001,CSE-FINANCE-001-A008,defence-evasion,medium,2026-07-26T07:36:00Z,2026-07-26T07:57:00Z,closed,CSE-FINANCE-001-USR-02,TEST-013
ALRT-001648,CSE-POWER-002,CSE-POWER-002-A009,identity,medium,2026-07-04T13:43:00Z,2026-07-04T15:02:00Z,closed,CSE-POWER-002-USR-03,TEST-014
ALRT-001649,CSE-TELECOM-002,CSE-TELECOM-002-A003,execution,medium,2026-08-19T08:50:00Z,2026-08-19T09:31:00Z,closed,CSE-TELECOM-002-USR-04,TEST-015
ALRT-001650,CSE-FINANCE-002,CSE-FINANCE-002-A006,defence-evasion,critical,2026-07-13T03:05:00Z,2026-07-13T04:02:00Z,closed,CSE-FINANCE-002-USR-05,TEST-016
ALRT-001651,CSE-POWER-001,CSE-POWER-001-A007,identity,high,2026-08-06T04:36:00Z,2026-08-06T05:44:00Z,closed,CSE-POWER-001-USR-01,TEST-017
ALRT-001652,CSE-TELECOM-001,CSE-TELECOM-001-A004,execution,medium,2026-06-26T14:00:00Z,2026-06-26T14:26:00Z,closed,CSE-TELECOM-001-USR-02,TEST-018
ALRT-001653,CSE-FINANCE-001,CSE-FINANCE-001-A002,defence-evasion,medium,2026-07-26T08:48:00Z,2026-07-26T10:03:00Z,closed,CSE-FINANCE-001-USR-03,TEST-019
ALRT-001654,CSE-POWER-002,CSE-POWER-002-A008,identity,medium,2026-06-15T04:55:00Z,2026-06-15T05:04:00Z,closed,CSE-POWER-002-USR-04,TEST-020
ALRT-001655,CSE-TELECOM-002,CSE-TELECOM-002-A007,execution,medium,2026-06-06T22:10:00Z,2026-06-06T22:24:00Z,closed,CSE-TELECOM-002-USR-05,TEST-021
ALRT-001656,CSE-FINANCE-002,CSE-FINANCE-002-A003,defence-evasion,high,2026-08-07T16:58:00Z,2026-08-07T17:52:00Z,closed,CSE-FINANCE-002-USR-01,TEST-022
ALRT-001657,CSE-POWER-001,CSE-POWER-001-A007,identity,medium,2026-07-18T04:25:00Z,2026-07-18T05:41:00Z,closed,CSE-POWER-001-USR-02,TEST-000
ALRT-001658,CSE-TELECOM-001,CSE-TELECOM-001-A004,execution,medium,2026-07-10T03:21:00Z,2026-07-10T04:09:00Z,closed,CSE-TELECOM-001-USR-03,TEST-001
ALRT-001659,CSE-FINANCE-001,CSE-FINANCE-001-A010,defence-evasion,medium,2026-08-19T19:06:00Z,2026-08-19T19:16:00Z,closed,CSE-FINANCE-001-USR-04,TEST-002
ALRT-001660,CSE-POWER-002,CSE-POWER-002-A002,identity,medium,2026-07-18T14:58:00Z,2026-07-18T15:55:00Z,closed,CSE-POWER-002-USR-05,TEST-003
ALRT-001661,CSE-TELECOM-002,CSE-TELECOM-002-A008,execution,high,2026-07-28T09:48:00Z,2026-07-28T10:54:00Z,closed,CSE-TELECOM-002-USR-01,TEST-004
ALRT-001662,CSE-FINANCE-002,CSE-FINANCE-002-A003,defence-evasion,medium,2026-06-26T23:49:00Z,2026-06-27T00:59:00Z,closed,CSE-FINANCE-002-USR-02,TEST-005
ALRT-001663,CSE-POWER-001,CSE-POWER-001-A002,identity,medium,2026-06-22T00:37:00Z,2026-06-22T01:29:00Z,closed,CSE-POWER-001-USR-03,TEST-006
ALRT-001664,CSE-TELECOM-001,CSE-TELECOM-001-A008,execution,medium,2026-07-21T10:28:00Z,2026-07-21T10:55:00Z,closed,CSE-TELECOM-001-USR-04,TEST-007
ALRT-001665,CSE-FINANCE-001,CSE-FINANCE-001-A009,defence-evasion,medium,2026-08-17T08:49:00Z,2026-08-17T09:06:00Z,closed,CSE-FINANCE-001-USR-05,TEST-008
ALRT-001666,CSE-POWER-002,CSE-POWER-002-A004,identity,high,2026-07-11T15:21:00Z,2026-07-11T15:32:00Z,closed,CSE-POWER-002-USR-01,TEST-009
ALRT-001667,CSE-TELECOM-002,CSE-TELECOM-002-A010,execution,critical,2026-08-08T16:37:00Z,2026-08-08T17:47:00Z,closed,CSE-TELECOM-002-USR-02,TEST-010
ALRT-001668,CSE-FINANCE-002,CSE-FINANCE-002-A007,defence-evasion,medium,2026-07-09T10:24:00Z,2026-07-09T11:09:00Z,closed,CSE-FINANCE-002-USR-03,TEST-011
ALRT-001669,CSE-POWER-001,CSE-POWER-001-A003,identity,medium,2026-06-21T01:52:00Z,2026-06-21T02:23:00Z,closed,CSE-POWER-001-USR-04,TEST-012
ALRT-001670,CSE-TELECOM-001,CSE-TELECOM-001-A007,execution,medium,2026-08-08T08:36:00Z,2026-08-08T09:21:00Z,closed,CSE-TELECOM-001-USR-05,TEST-013
ALRT-001671,CSE-FINANCE-001,CSE-FINANCE-001-A002,defence-evasion,high,2026-07-17T09:10:00Z,2026-07-17T09:30:00Z,closed,CSE-FINANCE-001-USR-01,TEST-014
ALRT-001672,CSE-POWER-002,CSE-POWER-002-A005,identity,medium,2026-07-08T15:28:00Z,2026-07-08T16:01:00Z,closed,CSE-POWER-002-USR-02,TEST-015
ALRT-001673,CSE-TELECOM-002,CSE-TELECOM-002-A003,execution,medium,2026-07-09T08:38:00Z,2026-07-09T08:56:00Z,closed,CSE-TELECOM-002-USR-03,TEST-016
ALRT-001674,CSE-FINANCE-002,CSE-FINANCE-002-A004,defence-evasion,medium,2026-08-27T08:09:00Z,2026-08-27T08:26:00Z,closed,CSE-FINANCE-002-USR-04,TEST-017
ALRT-001675,CSE-POWER-001,CSE-POWER-001-A004,identity,medium,2026-08-12T16:48:00Z,2026-08-12T17:14:00Z,closed,CSE-POWER-001-USR-05,TEST-018
ALRT-001676,CSE-TELECOM-001,CSE-TELECOM-001-A001,execution,high,2026-08-18T01:57:00Z,2026-08-18T03:11:00Z,closed,CSE-TELECOM-001-USR-01,TEST-019
ALRT-001677,CSE-FINANCE-001,CSE-FINANCE-001-A009,defence-evasion,medium,2026-06-27T00:31:00Z,2026-06-27T00:39:00Z,closed,CSE-FINANCE-001-USR-02,TEST-020
ALRT-001678,CSE-POWER-002,CSE-POWER-002-A006,identity,medium,2026-06-29T09:36:00Z,2026-06-29T10:35:00Z,closed,CSE-POWER-002-USR-03,TEST-021
ALRT-001679,CSE-TELECOM-002,CSE-TELECOM-002-A008,execution,medium,2026-08-08T04:53:00Z,2026-08-08T05:56:00Z,closed,CSE-TELECOM-002-USR-04,TEST-022
ALRT-001680,CSE-FINANCE-002,CSE-FINANCE-002-A005,defence-evasion,medium,2026-06-17T22:45:00Z,2026-06-17T23:05:00Z,closed,CSE-FINANCE-002-USR-05,TEST-000
ALRT-001681,CSE-POWER-001,CSE-POWER-001-A008,identity,high,2026-07-28T15:16:00Z,2026-07-28T15:32:00Z,closed,CSE-POWER-001-USR-01,TEST-001
ALRT-001682,CSE-TELECOM-001,CSE-TELECOM-001-A003,execution,medium,2026-07-08T23:42:00Z,2026-07-09T00:01:00Z,closed,CSE-TELECOM-001-USR-02,TEST-002
ALRT-001683,CSE-FINANCE-001,CSE-FINANCE-001-A006,defence-evasion,medium,2026-06-13T23:50:00Z,2026-06-14T00:23:00Z,closed,CSE-FINANCE-001-USR-03,TEST-003
ALRT-001684,CSE-POWER-002,CSE-POWER-002-A002,identity,critical,2026-07-14T05:32:00Z,2026-07-14T06:19:00Z,closed,CSE-POWER-002-USR-04,TEST-004
ALRT-001685,CSE-TELECOM-002,CSE-TELECOM-002-A005,execution,medium,2026-07-31T20:47:00Z,2026-07-31T21:57:00Z,closed,CSE-TELECOM-002-USR-05,TEST-005
ALRT-001686,CSE-FINANCE-002,CSE-FINANCE-002-A002,defence-evasion,high,2026-08-30T10:57:00Z,2026-08-30T11:06:00Z,closed,CSE-FINANCE-002-USR-01,TEST-006
ALRT-001687,CSE-POWER-001,CSE-POWER-001-A007,identity,medium,2026-06-15T22:50:00Z,2026-06-16T00:01:00Z,closed,CSE-POWER-001-USR-02,TEST-007
ALRT-001688,CSE-TELECOM-001,CSE-TELECOM-001-A006,execution,medium,2026-06-27T17:42:00Z,2026-06-27T17:51:00Z,closed,CSE-TELECOM-001-USR-03,TEST-008
ALRT-001689,CSE-FINANCE-001,CSE-FINANCE-001-A001,defence-evasion,medium,2026-07-04T04:37:00Z,2026-07-04T05:30:00Z,closed,CSE-FINANCE-001-USR-04,TEST-009
ALRT-001690,CSE-POWER-002,CSE-POWER-002-A004,identity,medium,2026-08-28T06:16:00Z,2026-08-28T07:21:00Z,closed,CSE-POWER-002-USR-05,TEST-010
ALRT-001691,CSE-TELECOM-002,CSE-TELECOM-002-A003,execution,high,2026-08-04T05:46:00Z,2026-08-04T06:54:00Z,closed,CSE-TELECOM-002-USR-01,TEST-011
ALRT-001692,CSE-FINANCE-002,CSE-FINANCE-002-A005,defence-evasion,medium,2026-06-19T06:40:00Z,2026-06-19T06:56:00Z,closed,CSE-FINANCE-002-USR-02,TEST-012
ALRT-001693,CSE-POWER-001,CSE-POWER-001-A009,identity,medium,2026-06-30T00:27:00Z,2026-06-30T00:40:00Z,closed,CSE-POWER-001-USR-03,TEST-013
ALRT-001694,CSE-TELECOM-001,CSE-TELECOM-001-A008,execution,medium,2026-08-13T19:13:00Z,2026-08-13T19:40:00Z,closed,CSE-TELECOM-001-USR-04,TEST-014
ALRT-001695,CSE-FINANCE-001,CSE-FINANCE-001-A001,defence-evasion,medium,2026-07-26T22:16:00Z,2026-07-26T23:09:00Z,closed,CSE-FINANCE-001-USR-05,TEST-015
ALRT-001696,CSE-POWER-002,CSE-POWER-002-A010,identity,high,2026-07-03T20:22:00Z,2026-07-03T21:28:00Z,closed,CSE-POWER-002-USR-01,TEST-016
ALRT-001697,CSE-TELECOM-002,CSE-TELECOM-002-A009,execution,medium,2026-08-26T05:56:00Z,2026-08-26T06:39:00Z,closed,CSE-TELECOM-002-USR-02,TEST-017
ALRT-001698,CSE-FINANCE-002,CSE-FINANCE-002-A004,defence-evasion,medium,2026-07-10T21:31:00Z,2026-07-10T22:38:00Z,closed,CSE-FINANCE-002-USR-03,TEST-018
ALRT-001699,CSE-POWER-001,CSE-POWER-001-A007,identity,medium,2026-08-18T11:34:00Z,2026-08-18T12:40:00Z,closed,CSE-POWER-001-USR-04,TEST-019
ALRT-001700,CSE-TELECOM-001,CSE-TELECOM-001-A005,execution,medium,2026-06-15T07:07:00Z,2026-06-15T07:48:00Z,closed,CSE-TELECOM-001-USR-05,TEST-020
ALRT-001701,CSE-FINANCE-001,CSE-FINANCE-001-A007,defence-evasion,critical,2026-07-30T10:15:00Z,2026-07-30T11:14:00Z,closed,CSE-FINANCE-001-USR-01,TEST-021
ALRT-001702,CSE-POWER-002,CSE-POWER-002-A002,identity,medium,2026-06-25T14:20:00Z,2026-06-25T14:39:00Z,closed,CSE-POWER-002-USR-02,TEST-022
ALRT-001703,CSE-TELECOM-002,CSE-TELECOM-002-A006,execution,medium,2026-08-31T12:45:00Z,2026-08-31T13:06:00Z,closed,CSE-TELECOM-002-USR-03,TEST-000
ALRT-001704,CSE-FINANCE-002,CSE-FINANCE-002-A008,defence-evasion,medium,2026-08-04T19:26:00Z,2026-08-04T20:01:00Z,closed,CSE-FINANCE-002-USR-04,TEST-001
ALRT-001705,CSE-POWER-001,CSE-POWER-001-A001,identity,medium,2026-07-10T08:32:00Z,2026-07-10T09:04:00Z,closed,CSE-POWER-001-USR-05,TEST-002
ALRT-001706,CSE-TELECOM-001,CSE-TELECOM-001-A007,execution,high,2026-06-10T17:49:00Z,2026-06-10T18:35:00Z,closed,CSE-TELECOM-001-USR-01,TEST-003
ALRT-001707,CSE-FINANCE-001,CSE-FINANCE-001-A005,defence-evasion,medium,2026-08-28T10:26:00Z,2026-08-28T11:21:00Z,closed,CSE-FINANCE-001-USR-02,TEST-004
ALRT-001708,CSE-POWER-002,CSE-POWER-002-A008,identity,medium,2026-07-27T12:16:00Z,2026-07-27T12:27:00Z,closed,CSE-POWER-002-USR-03,TEST-005
ALRT-001709,CSE-TELECOM-002,CSE-TELECOM-002-A005,execution,medium,2026-08-04T23:14:00Z,2026-08-05T00:02:00Z,closed,CSE-TELECOM-002-USR-04,TEST-006
ALRT-001710,CSE-FINANCE-002,CSE-FINANCE-002-A001,defence-evasion,medium,2026-07-12T14:26:00Z,2026-07-12T14:59:00Z,closed,CSE-FINANCE-002-USR-05,TEST-007
ALRT-001711,CSE-POWER-001,CSE-POWER-001-A010,identity,high,2026-06-24T17:13:00Z,2026-06-24T17:32:00Z,closed,CSE-POWER-001-USR-01,TEST-008
ALRT-001712,CSE-TELECOM-001,CSE-TELECOM-001-A010,execution,medium,2026-08-20T10:08:00Z,2026-08-20T11:22:00Z,closed,CSE-TELECOM-001-USR-02,TEST-009
ALRT-001713,CSE-FINANCE-001,CSE-FINANCE-001-A001,defence-evasion,medium,2026-06-05T12:05:00Z,2026-06-05T12:52:00Z,closed,CSE-FINANCE-001-USR-03,TEST-010
ALRT-001714,CSE-POWER-002,CSE-POWER-002-A006,identity,medium,2026-08-12T02:41:00Z,2026-08-12T02:52:00Z,closed,CSE-POWER-002-USR-04,TEST-011
ALRT-001715,CSE-TELECOM-002,CSE-TELECOM-002-A009,execution,medium,2026-06-29T11:34:00Z,2026-06-29T12:04:00Z,closed,CSE-TELECOM-002-USR-05,TEST-012
ALRT-001716,CSE-FINANCE-002,CSE-FINANCE-002-A003,defence-evasion,high,2026-08-10T12:55:00Z,2026-08-10T13:29:00Z,closed,CSE-FINANCE-002-USR-01,TEST-013
ALRT-001717,CSE-POWER-001,CSE-POWER-001-A005,identity,medium,2026-06-23T11:21:00Z,2026-06-23T12:18:00Z,closed,CSE-POWER-001-USR-02,TEST-014
ALRT-001718,CSE-TELECOM-001,CSE-TELECOM-001-A004,execution,critical,2026-08-12T23:15:00Z,2026-08-12T23:21:00Z,closed,CSE-TELECOM-001-USR-03,TEST-015
ALRT-001719,CSE-FINANCE-001,CSE-FINANCE-001-A001,defence-evasion,medium,2026-06-05T16:06:00Z,2026-06-05T17:15:00Z,closed,CSE-FINANCE-001-USR-04,TEST-016
ALRT-001720,CSE-POWER-002,CSE-POWER-002-A007,identity,medium,2026-08-04T01:10:00Z,2026-08-04T01:51:00Z,closed,CSE-POWER-002-USR-05,TEST-017
ALRT-001721,CSE-TELECOM-002,CSE-TELECOM-002-A005,execution,high,2026-06-06T07:40:00Z,2026-06-06T08:16:00Z,closed,CSE-TELECOM-002-USR-01,TEST-018
ALRT-001722,CSE-FINANCE-002,CSE-FINANCE-002-A001,defence-evasion,medium,2026-07-07T23:07:00Z,2026-07-08T00:00:00Z,closed,CSE-FINANCE-002-USR-02,TEST-019
ALRT-001723,CSE-POWER-001,CSE-POWER-001-A007,identity,medium,2026-06-19T23:56:00Z,2026-06-20T00:35:00Z,closed,CSE-POWER-001-USR-03,TEST-020
ALRT-001724,CSE-TELECOM-001,CSE-TELECOM-001-A002,execution,medium,2026-06-12T02:32:00Z,2026-06-12T03:30:00Z,closed,CSE-TELECOM-001-USR-04,TEST-021
ALRT-001725,CSE-FINANCE-001,CSE-FINANCE-001-A001,defence-evasion,medium,2026-06-04T23:53:00Z,2026-06-05T01:07:00Z,closed,CSE-FINANCE-001-USR-05,TEST-022
ALRT-001726,CSE-POWER-002,CSE-POWER-002-A010,identity,high,2026-06-22T03:47:00Z,2026-06-22T04:42:00Z,closed,CSE-POWER-002-USR-01,TEST-000
ALRT-001727,CSE-TELECOM-002,CSE-TELECOM-002-A004,execution,medium,2026-08-19T09:50:00Z,2026-08-19T10:36:00Z,closed,CSE-TELECOM-002-USR-02,TEST-001
ALRT-001728,CSE-FINANCE-002,CSE-FINANCE-002-A007,defence-evasion,medium,2026-08-07T23:01:00Z,2026-08-07T23:44:00Z,closed,CSE-FINANCE-002-USR-03,TEST-002
ALRT-001729,CSE-POWER-001,CSE-POWER-001-A005,identity,medium,2026-07-31T06:06:00Z,2026-07-31T06:44:00Z,closed,CSE-POWER-001-USR-04,TEST-003
ALRT-001730,CSE-TELECOM-001,CSE-TELECOM-001-A010,execution,medium,2026-08-02T12:18:00Z,2026-08-02T13:17:00Z,closed,CSE-TELECOM-001-USR-05,TEST-004
ALRT-001731,CSE-FINANCE-001,CSE-FINANCE-001-A002,defence-evasion,high,2026-07-01T13:35:00Z,2026-07-01T14:15:00Z,closed,CSE-FINANCE-001-USR-01,TEST-005
ALRT-001732,CSE-POWER-002,CSE-POWER-002-A008,identity,medium,2026-07-09T22:34:00Z,2026-07-09T23:43:00Z,closed,CSE-POWER-002-USR-02,TEST-006
ALRT-001733,CSE-TELECOM-002,CSE-TELECOM-002-A004,execution,medium,2026-07-21T00:31:00Z,2026-07-21T01:26:00Z,closed,CSE-TELECOM-002-USR-03,TEST-007
ALRT-001734,CSE-FINANCE-002,CSE-FINANCE-002-A006,defence-evasion,medium,2026-08-11T22:06:00Z,2026-08-11T23:08:00Z,closed,CSE-FINANCE-002-USR-04,TEST-008
ALRT-001735,CSE-POWER-001,CSE-POWER-001-A004,identity,critical,2026-08-15T00:25:00Z,2026-08-15T00:59:00Z,closed,CSE-POWER-001-USR-05,TEST-009
ALRT-001736,CSE-TELECOM-001,CSE-TELECOM-001-A008,execution,high,2026-07-20T15:36:00Z,2026-07-20T15:54:00Z,closed,CSE-TELECOM-001-USR-01,TEST-010
ALRT-001737,CSE-FINANCE-001,CSE-FINANCE-001-A005,defence-evasion,medium,2026-07-15T04:51:00Z,2026-07-15T05:06:00Z,closed,CSE-FINANCE-001-USR-02,TEST-011
ALRT-001738,CSE-POWER-002,CSE-POWER-002-A002,identity,medium,2026-08-13T05:13:00Z,2026-08-13T06:20:00Z,closed,CSE-POWER-002-USR-03,TEST-012
ALRT-001739,CSE-TELECOM-002,CSE-TELECOM-002-A010,execution,medium,2026-07-04T02:09:00Z,2026-07-04T03:05:00Z,closed,CSE-TELECOM-002-USR-04,TEST-013
ALRT-001740,CSE-FINANCE-002,CSE-FINANCE-002-A010,defence-evasion,medium,2026-08-02T16:46:00Z,2026-08-02T18:03:00Z,closed,CSE-FINANCE-002-USR-05,TEST-014
ALRT-001741,CSE-POWER-001,CSE-POWER-001-A004,identity,high,2026-06-10T15:16:00Z,2026-06-10T16:13:00Z,closed,CSE-POWER-001-USR-01,TEST-015
ALRT-001742,CSE-TELECOM-001,CSE-TELECOM-001-A005,execution,medium,2026-07-16T04:02:00Z,2026-07-16T04:48:00Z,closed,CSE-TELECOM-001-USR-02,TEST-016
ALRT-001743,CSE-FINANCE-001,CSE-FINANCE-001-A010,defence-evasion,medium,2026-08-18T13:55:00Z,2026-08-18T14:00:00Z,closed,CSE-FINANCE-001-USR-03,TEST-017
ALRT-001744,CSE-POWER-002,CSE-POWER-002-A005,identity,medium,2026-08-30T06:48:00Z,2026-08-30T08:04:00Z,closed,CSE-POWER-002-USR-04,TEST-018
ALRT-001745,CSE-TELECOM-002,CSE-TELECOM-002-A008,execution,medium,2026-08-11T15:20:00Z,2026-08-11T15:55:00Z,closed,CSE-TELECOM-002-USR-05,TEST-019
ALRT-001746,CSE-FINANCE-002,CSE-FINANCE-002-A006,defence-evasion,high,2026-08-01T22:30:00Z,2026-08-01T23:40:00Z,closed,CSE-FINANCE-002-USR-01,TEST-020
ALRT-001747,CSE-POWER-001,CSE-POWER-001-A009,identity,medium,2026-06-13T03:27:00Z,2026-06-13T03:41:00Z,closed,CSE-POWER-001-USR-02,TEST-021
ALRT-001748,CSE-TELECOM-001,CSE-TELECOM-001-A007,execution,medium,2026-06-19T00:10:00Z,2026-06-19T01:21:00Z,closed,CSE-TELECOM-001-USR-03,TEST-022
ALRT-001749,CSE-FINANCE-001,CSE-FINANCE-001-A002,defence-evasion,medium,2026-06-24T06:28:00Z,2026-06-24T06:47:00Z,closed,CSE-FINANCE-001-USR-04,TEST-000
ALRT-001750,CSE-POWER-002,CSE-POWER-002-A001,identity,medium,2026-07-27T15:10:00Z,2026-07-27T16:22:00Z,closed,CSE-POWER-002-USR-05,TEST-001
ALRT-001751,CSE-TELECOM-002,CSE-TELECOM-002-A008,execution,high,2026-06-20T23:55:00Z,2026-06-21T01:10:00Z,closed,CSE-TELECOM-002-USR-01,TEST-002
ALRT-001752,CSE-FINANCE-002,CSE-FINANCE-002-A007,defence-evasion,critical,2026-07-24T00:18:00Z,2026-07-24T00:38:00Z,closed,CSE-FINANCE-002-USR-02,TEST-003
ALRT-001753,CSE-POWER-001,CSE-POWER-001-A007,identity,medium,2026-07-10T23:59:00Z,2026-07-11T00:38:00Z,closed,CSE-POWER-001-USR-03,TEST-004
ALRT-001754,CSE-TELECOM-001,CSE-TELECOM-001-A009,execution,medium,2026-07-14T19:56:00Z,2026-07-14T20:48:00Z,closed,CSE-TELECOM-001-USR-04,TEST-005
ALRT-001755,CSE-FINANCE-001,CSE-FINANCE-001-A010,defence-evasion,medium,2026-08-25T05:09:00Z,2026-08-25T05:51:00Z,closed,CSE-FINANCE-001-USR-05,TEST-006
ALRT-001756,CSE-POWER-002,CSE-POWER-002-A009,identity,high,2026-08-29T06:51:00Z,2026-08-29T07:43:00Z,closed,CSE-POWER-002-USR-01,TEST-007
ALRT-001757,CSE-TELECOM-002,CSE-TELECOM-002-A009,execution,medium,2026-08-19T08:30:00Z,2026-08-19T09:34:00Z,closed,CSE-TELECOM-002-USR-02,TEST-008
ALRT-001758,CSE-FINANCE-002,CSE-FINANCE-002-A004,defence-evasion,medium,2026-07-15T23:46:00Z,2026-07-16T00:08:00Z,closed,CSE-FINANCE-002-USR-03,TEST-009
ALRT-001759,CSE-POWER-001,CSE-POWER-001-A003,identity,medium,2026-08-09T22:53:00Z,2026-08-09T23:58:00Z,closed,CSE-POWER-001-USR-04,TEST-010
ALRT-001760,CSE-TELECOM-001,CSE-TELECOM-001-A001,execution,medium,2026-07-13T13:11:00Z,2026-07-13T13:35:00Z,closed,CSE-TELECOM-001-USR-05,TEST-011
ALRT-001761,CSE-FINANCE-001,CSE-FINANCE-001-A008,defence-evasion,high,2026-06-11T00:19:00Z,2026-06-11T00:48:00Z,closed,CSE-FINANCE-001-USR-01,TEST-012
ALRT-001762,CSE-POWER-002,CSE-POWER-002-A004,identity,medium,2026-08-30T03:34:00Z,2026-08-30T04:37:00Z,closed,CSE-POWER-002-USR-02,TEST-013
ALRT-001763,CSE-TELECOM-002,CSE-TELECOM-002-A006,execution,medium,2026-06-15T01:39:00Z,2026-06-15T02:43:00Z,closed,CSE-TELECOM-002-USR-03,TEST-014
ALRT-001764,CSE-FINANCE-002,CSE-FINANCE-002-A010,defence-evasion,medium,2026-06-23T02:22:00Z,2026-06-23T03:38:00Z,closed,CSE-FINANCE-002-USR-04,TEST-015
ALRT-001765,CSE-POWER-001,CSE-POWER-001-A004,identity,medium,2026-07-17T20:00:00Z,2026-07-17T20:29:00Z,closed,CSE-POWER-001-USR-05,TEST-016
ALRT-001766,CSE-TELECOM-001,CSE-TELECOM-001-A005,execution,high,2026-07-09T13:37:00Z,2026-07-09T14:21:00Z,closed,CSE-TELECOM-001-USR-01,TEST-017
ALRT-001767,CSE-FINANCE-001,CSE-FINANCE-001-A006,defence-evasion,medium,2026-08-21T12:59:00Z,2026-08-21T13:36:00Z,closed,CSE-FINANCE-001-USR-02,TEST-018
ALRT-001768,CSE-POWER-002,CSE-POWER-002-A009,identity,medium,2026-08-11T20:42:00Z,2026-08-11T21:12:00Z,closed,CSE-POWER-002-USR-03,TEST-019
ALRT-001769,CSE-TELECOM-002,CSE-TELECOM-002-A002,execution,critical,2026-08-17T04:06:00Z,2026-08-17T04:38:00Z,closed,CSE-TELECOM-002-USR-04,TEST-020
ALRT-001770,CSE-FINANCE-002,CSE-FINANCE-002-A005,defence-evasion,medium,2026-06-25T08:36:00Z,2026-06-25T08:54:00Z,closed,CSE-FINANCE-002-USR-05,TEST-021
ALRT-001771,CSE-POWER-001,CSE-POWER-001-A003,identity,high,2026-08-08T18:41:00Z,2026-08-08T19:35:00Z,closed,CSE-POWER-001-USR-01,TEST-022
ALRT-001772,CSE-TELECOM-001,CSE-TELECOM-001-A006,execution,medium,2026-08-15T18:38:00Z,2026-08-15T19:18:00Z,closed,CSE-TELECOM-001-USR-02,TEST-000
ALRT-001773,CSE-FINANCE-001,CSE-FINANCE-001-A010,defence-evasion,medium,2026-08-27T15:13:00Z,2026-08-27T15:39:00Z,closed,CSE-FINANCE-001-USR-03,TEST-001
ALRT-001774,CSE-POWER-002,CSE-POWER-002-A001,identity,medium,2026-07-02T06:05:00Z,2026-07-02T06:28:00Z,closed,CSE-POWER-002-USR-04,TEST-002
ALRT-001775,CSE-TELECOM-002,CSE-TELECOM-002-A003,execution,medium,2026-06-24T15:55:00Z,2026-06-24T16:00:00Z,closed,CSE-TELECOM-002-USR-05,TEST-003
ALRT-001776,CSE-FINANCE-002,CSE-FINANCE-002-A006,defence-evasion,high,2026-06-12T01:08:00Z,2026-06-12T02:18:00Z,closed,CSE-FINANCE-002-USR-01,TEST-004
ALRT-001777,CSE-POWER-001,CSE-POWER-001-A008,identity,medium,2026-07-27T21:30:00Z,2026-07-27T22:16:00Z,closed,CSE-POWER-001-USR-02,TEST-005
ALRT-001778,CSE-TELECOM-001,CSE-TELECOM-001-A005,execution,medium,2026-08-06T03:15:00Z,2026-08-06T04:31:00Z,closed,CSE-TELECOM-001-USR-03,TEST-006
ALRT-001779,CSE-FINANCE-001,CSE-FINANCE-001-A007,defence-evasion,medium,2026-07-21T12:45:00Z,2026-07-21T13:50:00Z,closed,CSE-FINANCE-001-USR-04,TEST-007
ALRT-001780,CSE-POWER-002,CSE-POWER-002-A006,identity,medium,2026-07-12T16:20:00Z,2026-07-12T17:32:00Z,closed,CSE-POWER-002-USR-05,TEST-008
ALRT-001781,CSE-TELECOM-002,CSE-TELECOM-002-A002,execution,high,2026-08-19T06:10:00Z,2026-08-19T06:50:00Z,closed,CSE-TELECOM-002-USR-01,TEST-009
ALRT-001782,CSE-FINANCE-002,CSE-FINANCE-002-A003,defence-evasion,medium,2026-07-28T17:28:00Z,2026-07-28T18:35:00Z,closed,CSE-FINANCE-002-USR-02,TEST-010
ALRT-001783,CSE-POWER-001,CSE-POWER-001-A005,identity,medium,2026-08-29T03:35:00Z,2026-08-29T04:35:00Z,closed,CSE-POWER-001-USR-03,TEST-011
ALRT-001784,CSE-TELECOM-001,CSE-TELECOM-001-A006,execution,medium,2026-06-25T00:55:00Z,2026-06-25T01:46:00Z,closed,CSE-TELECOM-001-USR-04,TEST-012
ALRT-001785,CSE-FINANCE-001,CSE-FINANCE-001-A008,defence-evasion,medium,2026-08-27T11:46:00Z,2026-08-27T12:45:00Z,closed,CSE-FINANCE-001-USR-05,TEST-013
ALRT-001786,CSE-POWER-002,CSE-POWER-002-A004,identity,critical,2026-08-20T17:56:00Z,2026-08-20T18:25:00Z,closed,CSE-POWER-002-USR-01,TEST-014
ALRT-001787,CSE-TELECOM-002,CSE-TELECOM-002-A007,execution,medium,2026-07-20T05:59:00Z,2026-07-20T06:05:00Z,closed,CSE-TELECOM-002-USR-02,TEST-015
ALRT-001788,CSE-FINANCE-002,CSE-FINANCE-002-A004,defence-evasion,medium,2026-07-29T11:33:00Z,2026-07-29T12:02:00Z,closed,CSE-FINANCE-002-USR-03,TEST-016
ALRT-001789,CSE-POWER-001,CSE-POWER-001-A001,identity,medium,2026-08-17T09:21:00Z,2026-08-17T09:38:00Z,closed,CSE-POWER-001-USR-04,TEST-017
ALRT-001790,CSE-TELECOM-001,CSE-TELECOM-001-A006,execution,medium,2026-07-05T16:58:00Z,2026-07-05T17:04:00Z,closed,CSE-TELECOM-001-USR-05,TEST-018
ALRT-001791,CSE-FINANCE-001,CSE-FINANCE-001-A010,defence-evasion,high,2026-07-07T01:41:00Z,2026-07-07T02:21:00Z,closed,CSE-FINANCE-001-USR-01,TEST-019
ALRT-001792,CSE-POWER-002,CSE-POWER-002-A008,identity,medium,2026-07-23T01:44:00Z,2026-07-23T02:21:00Z,closed,CSE-POWER-002-USR-02,TEST-020
ALRT-001793,CSE-TELECOM-002,CSE-TELECOM-002-A005,execution,medium,2026-08-22T01:36:00Z,2026-08-22T01:44:00Z,closed,CSE-TELECOM-002-USR-03,TEST-021
ALRT-001794,CSE-FINANCE-002,CSE-FINANCE-002-A008,defence-evasion,medium,2026-08-19T20:29:00Z,2026-08-19T21:36:00Z,closed,CSE-FINANCE-002-USR-04,TEST-022
ALRT-001795,CSE-POWER-001,CSE-POWER-001-A003,identity,medium,2026-08-02T23:55:00Z,2026-08-03T01:09:00Z,closed,CSE-POWER-001-USR-05,TEST-000
ALRT-001796,CSE-TELECOM-001,CSE-TELECOM-001-A002,execution,high,2026-06-07T11:01:00Z,2026-06-07T11:25:00Z,closed,CSE-TELECOM-001-USR-01,TEST-001
ALRT-001797,CSE-FINANCE-001,CSE-FINANCE-001-A003,defence-evasion,medium,2026-06-19T02:26:00Z,2026-06-19T02:46:00Z,closed,CSE-FINANCE-001-USR-02,TEST-002
ALRT-001798,CSE-POWER-002,CSE-POWER-002-A001,identity,medium,2026-07-29T20:45:00Z,2026-07-29T20:57:00Z,closed,CSE-POWER-002-USR-03,TEST-003
ALRT-001799,CSE-TELECOM-002,CSE-TELECOM-002-A006,execution,medium,2026-06-15T17:17:00Z,2026-06-15T17:46:00Z,closed,CSE-TELECOM-002-USR-04,TEST-004
ALRT-001800,CSE-FINANCE-002,CSE-FINANCE-002-A010,defence-evasion,medium,2026-06-05T10:53:00Z,2026-06-05T11:38:00Z,closed,CSE-FINANCE-002-USR-05,TEST-005
ALRT-001801,CSE-POWER-001,CSE-POWER-001-A003,identity,high,2026-08-17T23:23:00Z,2026-08-18T00:34:00Z,closed,CSE-POWER-001-USR-01,TEST-006
ALRT-001802,CSE-TELECOM-001,CSE-TELECOM-001-A001,execution,medium,2026-08-27T12:26:00Z,2026-08-27T12:38:00Z,closed,CSE-TELECOM-001-USR-02,TEST-007
ALRT-001803,CSE-FINANCE-001,CSE-FINANCE-001-A002,defence-evasion,critical,2026-06-27T16:09:00Z,2026-06-27T16:48:00Z,closed,CSE-FINANCE-001-USR-03,TEST-008
ALRT-001804,CSE-POWER-002,CSE-POWER-002-A002,identity,medium,2026-06-25T14:02:00Z,2026-06-25T14:42:00Z,closed,CSE-POWER-002-USR-04,TEST-009
ALRT-001805,CSE-TELECOM-002,CSE-TELECOM-002-A010,execution,medium,2026-06-28T22:32:00Z,2026-06-28T23:29:00Z,closed,CSE-TELECOM-002-USR-05,TEST-010
ALRT-001806,CSE-FINANCE-002,CSE-FINANCE-002-A003,defence-evasion,high,2026-08-23T23:53:00Z,2026-08-23T23:58:00Z,closed,CSE-FINANCE-002-USR-01,TEST-011
ALRT-001807,CSE-POWER-001,CSE-POWER-001-A005,identity,medium,2026-07-08T17:22:00Z,2026-07-08T17:42:00Z,closed,CSE-POWER-001-USR-02,TEST-012
ALRT-001808,CSE-TELECOM-001,CSE-TELECOM-001-A006,execution,medium,2026-08-01T18:53:00Z,2026-08-01T19:09:00Z,closed,CSE-TELECOM-001-USR-03,TEST-013
ALRT-001809,CSE-FINANCE-001,CSE-FINANCE-001-A010,defence-evasion,medium,2026-08-01T02:07:00Z,2026-08-01T02:23:00Z,closed,CSE-FINANCE-001-USR-04,TEST-014
ALRT-001810,CSE-POWER-002,CSE-POWER-002-A003,identity,medium,2026-06-14T05:20:00Z,2026-06-14T05:27:00Z,closed,CSE-POWER-002-USR-05,TEST-015
ALRT-001811,CSE-TELECOM-002,CSE-TELECOM-002-A003,execution,high,2026-06-04T06:40:00Z,2026-06-04T07:32:00Z,closed,CSE-TELECOM-002-USR-01,TEST-016
ALRT-001812,CSE-FINANCE-002,CSE-FINANCE-002-A008,defence-evasion,medium,2026-06-13T23:15:00Z,2026-06-13T23:59:00Z,closed,CSE-FINANCE-002-USR-02,TEST-017
ALRT-001813,CSE-POWER-001,CSE-POWER-001-A004,identity,medium,2026-06-19T09:03:00Z,2026-06-19T09:56:00Z,closed,CSE-POWER-001-USR-03,TEST-018
ALRT-001814,CSE-TELECOM-001,CSE-TELECOM-001-A005,execution,medium,2026-06-25T08:08:00Z,2026-06-25T09:25:00Z,closed,CSE-TELECOM-001-USR-04,TEST-019
ALRT-001815,CSE-FINANCE-001,CSE-FINANCE-001-A006,defence-evasion,medium,2026-07-25T07:53:00Z,2026-07-25T08:22:00Z,closed,CSE-FINANCE-001-USR-05,TEST-020
ALRT-001816,CSE-POWER-002,CSE-POWER-002-A005,identity,high,2026-06-28T05:18:00Z,2026-06-28T05:56:00Z,closed,CSE-POWER-002-USR-01,TEST-021
ALRT-001817,CSE-TELECOM-002,CSE-TELECOM-002-A008,execution,medium,2026-07-06T02:31:00Z,2026-07-06T03:21:00Z,closed,CSE-TELECOM-002-USR-02,TEST-022
ALRT-001818,CSE-FINANCE-002,CSE-FINANCE-002-A010,defence-evasion,medium,2026-07-19T11:49:00Z,2026-07-19T13:00:00Z,closed,CSE-FINANCE-002-USR-03,TEST-000
ALRT-001819,CSE-POWER-001,CSE-POWER-001-A008,identity,medium,2026-08-22T21:53:00Z,2026-08-22T22:19:00Z,closed,CSE-POWER-001-USR-04,TEST-001
ALRT-001820,CSE-TELECOM-001,CSE-TELECOM-001-A001,execution,critical,2026-08-16T12:09:00Z,2026-08-16T13:22:00Z,closed,CSE-TELECOM-001-USR-05,TEST-002
ALRT-001821,CSE-FINANCE-001,CSE-FINANCE-001-A010,defence-evasion,high,2026-06-29T22:27:00Z,2026-06-29T23:16:00Z,closed,CSE-FINANCE-001-USR-01,TEST-003
ALRT-001822,CSE-POWER-002,CSE-POWER-002-A005,identity,medium,2026-06-29T10:44:00Z,2026-06-29T11:53:00Z,closed,CSE-POWER-002-USR-02,TEST-004
ALRT-001823,CSE-TELECOM-002,CSE-TELECOM-002-A009,execution,medium,2026-07-07T02:32:00Z,2026-07-07T03:03:00Z,closed,CSE-TELECOM-002-USR-03,TEST-005
ALRT-001824,CSE-FINANCE-002,CSE-FINANCE-002-A005,defence-evasion,medium,2026-06-30T14:16:00Z,2026-06-30T14:25:00Z,closed,CSE-FINANCE-002-USR-04,TEST-006
ALRT-001825,CSE-POWER-001,CSE-POWER-001-A002,identity,medium,2026-08-08T21:40:00Z,2026-08-08T22:08:00Z,closed,CSE-POWER-001-USR-05,TEST-007
ALRT-001826,CSE-TELECOM-001,CSE-TELECOM-001-A008,execution,high,2026-06-20T14:37:00Z,2026-06-20T15:23:00Z,closed,CSE-TELECOM-001-USR-01,TEST-008
ALRT-001827,CSE-FINANCE-001,CSE-FINANCE-001-A006,defence-evasion,medium,2026-08-14T12:42:00Z,2026-08-14T12:51:00Z,closed,CSE-FINANCE-001-USR-02,TEST-009
ALRT-001828,CSE-POWER-002,CSE-POWER-002-A006,identity,medium,2026-08-31T03:40:00Z,2026-08-31T04:30:00Z,closed,CSE-POWER-002-USR-03,TEST-010
ALRT-001829,CSE-TELECOM-002,CSE-TELECOM-002-A001,execution,medium,2026-06-23T13:30:00Z,2026-06-23T14:17:00Z,closed,CSE-TELECOM-002-USR-04,TEST-011
ALRT-001830,CSE-FINANCE-002,CSE-FINANCE-002-A006,defence-evasion,medium,2026-08-24T03:11:00Z,2026-08-24T04:01:00Z,closed,CSE-FINANCE-002-USR-05,TEST-012
ALRT-001831,CSE-POWER-001,CSE-POWER-001-A005,identity,high,2026-06-23T14:34:00Z,2026-06-23T15:02:00Z,closed,CSE-POWER-001-USR-01,TEST-013
ALRT-001832,CSE-TELECOM-001,CSE-TELECOM-001-A001,execution,medium,2026-07-29T19:29:00Z,2026-07-29T20:47:00Z,closed,CSE-TELECOM-001-USR-02,TEST-014
ALRT-001833,CSE-FINANCE-001,CSE-FINANCE-001-A007,defence-evasion,medium,2026-07-24T15:53:00Z,2026-07-24T16:29:00Z,closed,CSE-FINANCE-001-USR-03,TEST-015
ALRT-001834,CSE-POWER-002,CSE-POWER-002-A005,identity,medium,2026-07-20T19:21:00Z,2026-07-20T20:27:00Z,closed,CSE-POWER-002-USR-04,TEST-016
ALRT-001835,CSE-TELECOM-002,CSE-TELECOM-002-A007,execution,medium,2026-07-11T01:59:00Z,2026-07-11T02:33:00Z,closed,CSE-TELECOM-002-USR-05,TEST-017
ALRT-001836,CSE-FINANCE-002,CSE-FINANCE-002-A009,defence-evasion,high,2026-06-16T13:27:00Z,2026-06-16T14:06:00Z,closed,CSE-FINANCE-002-USR-01,TEST-018
ALRT-001837,CSE-POWER-001,CSE-POWER-001-A010,identity,critical,2026-07-24T18:01:00Z,2026-07-24T18:26:00Z,closed,CSE-POWER-001-USR-02,TEST-019
ALRT-001838,CSE-TELECOM-001,CSE-TELECOM-001-A009,execution,medium,2026-06-24T09:56:00Z,2026-06-24T11:08:00Z,closed,CSE-TELECOM-001-USR-03,TEST-020
ALRT-001839,CSE-FINANCE-001,CSE-FINANCE-001-A004,defence-evasion,medium,2026-08-14T04:08:00Z,2026-08-14T04:55:00Z,closed,CSE-FINANCE-001-USR-04,TEST-021
ALRT-001840,CSE-POWER-002,CSE-POWER-002-A001,identity,medium,2026-06-14T09:50:00Z,2026-06-14T10:13:00Z,closed,CSE-POWER-002-USR-05,TEST-022
ALRT-001841,CSE-TELECOM-002,CSE-TELECOM-002-A006,execution,high,2026-07-31T12:10:00Z,2026-07-31T13:13:00Z,closed,CSE-TELECOM-002-USR-01,TEST-000
ALRT-001842,CSE-FINANCE-002,CSE-FINANCE-002-A001,defence-evasion,medium,2026-08-26T04:12:00Z,2026-08-26T04:39:00Z,closed,CSE-FINANCE-002-USR-02,TEST-001
ALRT-001843,CSE-POWER-001,CSE-POWER-001-A005,identity,medium,2026-07-12T02:11:00Z,2026-07-12T02:46:00Z,closed,CSE-POWER-001-USR-03,TEST-002
ALRT-001844,CSE-TELECOM-001,CSE-TELECOM-001-A004,execution,medium,2026-07-28T02:46:00Z,2026-07-28T03:22:00Z,closed,CSE-TELECOM-001-USR-04,TEST-003
ALRT-001845,CSE-FINANCE-001,CSE-FINANCE-001-A003,defence-evasion,medium,2026-08-29T17:54:00Z,2026-08-29T18:46:00Z,closed,CSE-FINANCE-001-USR-05,TEST-004
ALRT-001846,CSE-POWER-002,CSE-POWER-002-A001,identity,high,2026-08-03T05:22:00Z,2026-08-03T05:39:00Z,closed,CSE-POWER-002-USR-01,TEST-005
ALRT-001847,CSE-TELECOM-002,CSE-TELECOM-002-A008,execution,medium,2026-08-12T21:25:00Z,2026-08-12T21:57:00Z,closed,CSE-TELECOM-002-USR-02,TEST-006
ALRT-001848,CSE-FINANCE-002,CSE-FINANCE-002-A008,defence-evasion,medium,2026-08-27T12:53:00Z,2026-08-27T13:57:00Z,closed,CSE-FINANCE-002-USR-03,TEST-007
ALRT-001849,CSE-POWER-001,CSE-POWER-001-A004,identity,medium,2026-06-15T12:08:00Z,2026-06-15T12:53:00Z,closed,CSE-POWER-001-USR-04,TEST-008
ALRT-001850,CSE-TELECOM-001,CSE-TELECOM-001-A003,execution,medium,2026-07-24T10:57:00Z,2026-07-24T11:38:00Z,closed,CSE-TELECOM-001-USR-05,TEST-009
ALRT-001851,CSE-FINANCE-001,CSE-FINANCE-001-A007,defence-evasion,high,2026-08-18T12:34:00Z,2026-08-18T12:48:00Z,closed,CSE-FINANCE-001-USR-01,TEST-010
ALRT-001852,CSE-POWER-002,CSE-POWER-002-A006,identity,medium,2026-08-04T21:47:00Z,2026-08-04T21:55:00Z,closed,CSE-POWER-002-USR-02,TEST-011
ALRT-001853,CSE-TELECOM-002,CSE-TELECOM-002-A004,execution,medium,2026-08-19T05:49:00Z,2026-08-19T06:24:00Z,closed,CSE-TELECOM-002-USR-03,TEST-012
ALRT-001854,CSE-FINANCE-002,CSE-FINANCE-002-A006,defence-evasion,critical,2026-07-19T10:32:00Z,2026-07-19T10:37:00Z,closed,CSE-FINANCE-002-USR-04,TEST-013
ALRT-001855,CSE-POWER-001,CSE-POWER-001-A010,identity,medium,2026-08-18T12:58:00Z,2026-08-18T13:12:00Z,closed,CSE-POWER-001-USR-05,TEST-014
ALRT-001856,CSE-TELECOM-001,CSE-TELECOM-001-A004,execution,high,2026-06-20T15:12:00Z,2026-06-20T15:22:00Z,closed,CSE-TELECOM-001-USR-01,TEST-015
ALRT-001857,CSE-FINANCE-001,CSE-FINANCE-001-A004,defence-evasion,medium,2026-07-11T13:05:00Z,2026-07-11T13:53:00Z,closed,CSE-FINANCE-001-USR-02,TEST-016
ALRT-001858,CSE-POWER-002,CSE-POWER-002-A007,identity,medium,2026-08-25T05:27:00Z,2026-08-25T05:51:00Z,closed,CSE-POWER-002-USR-03,TEST-017
ALRT-001859,CSE-TELECOM-002,CSE-TELECOM-002-A005,execution,medium,2026-07-12T12:43:00Z,2026-07-12T13:49:00Z,closed,CSE-TELECOM-002-USR-04,TEST-018
ALRT-001860,CSE-FINANCE-002,CSE-FINANCE-002-A001,defence-evasion,medium,2026-07-06T13:11:00Z,2026-07-06T13:36:00Z,closed,CSE-FINANCE-002-USR-05,TEST-019
ALRT-001861,CSE-POWER-001,CSE-POWER-001-A007,identity,high,2026-08-29T16:53:00Z,2026-08-29T17:11:00Z,closed,CSE-POWER-001-USR-01,TEST-020
ALRT-001862,CSE-TELECOM-001,CSE-TELECOM-001-A008,execution,medium,2026-06-13T11:43:00Z,2026-06-13T12:00:00Z,closed,CSE-TELECOM-001-USR-02,TEST-021
ALRT-001863,CSE-FINANCE-001,CSE-FINANCE-001-A007,defence-evasion,medium,2026-06-04T05:20:00Z,2026-06-04T05:41:00Z,closed,CSE-FINANCE-001-USR-03,TEST-022
ALRT-001864,CSE-POWER-002,CSE-POWER-002-A010,identity,medium,2026-08-06T12:43:00Z,2026-08-06T13:46:00Z,closed,CSE-POWER-002-USR-04,TEST-000
ALRT-001865,CSE-TELECOM-002,CSE-TELECOM-002-A001,execution,medium,2026-08-04T20:42:00Z,2026-08-04T21:38:00Z,closed,CSE-TELECOM-002-USR-05,TEST-001
ALRT-001866,CSE-FINANCE-002,CSE-FINANCE-002-A007,defence-evasion,high,2026-06-09T09:27:00Z,2026-06-09T10:05:00Z,closed,CSE-FINANCE-002-USR-01,TEST-002
ALRT-001867,CSE-POWER-001,CSE-POWER-001-A002,identity,medium,2026-08-19T14:32:00Z,2026-08-19T15:24:00Z,closed,CSE-POWER-001-USR-02,TEST-003
ALRT-001868,CSE-TELECOM-001,CSE-TELECOM-001-A008,execution,medium,2026-07-15T17:23:00Z,2026-07-15T17:42:00Z,closed,CSE-TELECOM-001-USR-03,TEST-004
ALRT-001869,CSE-FINANCE-001,CSE-FINANCE-001-A003,defence-evasion,medium,2026-07-27T17:48:00Z,2026-07-27T18:42:00Z,closed,CSE-FINANCE-001-USR-04,TEST-005
ALRT-001870,CSE-POWER-002,CSE-POWER-002-A002,identity,medium,2026-06-22T00:21:00Z,2026-06-22T00:59:00Z,closed,CSE-POWER-002-USR-05,TEST-006
ALRT-001871,CSE-TELECOM-002,CSE-TELECOM-002-A004,execution,critical,2026-08-07T19:46:00Z,2026-08-07T20:49:00Z,closed,CSE-TELECOM-002-USR-01,TEST-007
ALRT-001872,CSE-FINANCE-002,CSE-FINANCE-002-A007,defence-evasion,medium,2026-06-09T14:18:00Z,2026-06-09T14:28:00Z,closed,CSE-FINANCE-002-USR-02,TEST-008
ALRT-001873,CSE-POWER-001,CSE-POWER-001-A002,identity,medium,2026-08-04T14:23:00Z,2026-08-04T14:34:00Z,closed,CSE-POWER-001-USR-03,TEST-009
ALRT-001874,CSE-TELECOM-001,CSE-TELECOM-001-A010,execution,medium,2026-08-29T11:16:00Z,2026-08-29T12:15:00Z,closed,CSE-TELECOM-001-USR-04,TEST-010
ALRT-001875,CSE-FINANCE-001,CSE-FINANCE-001-A006,defence-evasion,medium,2026-08-28T09:49:00Z,2026-08-28T09:57:00Z,closed,CSE-FINANCE-001-USR-05,TEST-011
ALRT-001876,CSE-POWER-002,CSE-POWER-002-A009,identity,high,2026-07-07T05:18:00Z,2026-07-07T06:08:00Z,closed,CSE-POWER-002-USR-01,TEST-012
ALRT-001877,CSE-TELECOM-002,CSE-TELECOM-002-A007,execution,medium,2026-06-05T14:20:00Z,2026-06-05T15:03:00Z,closed,CSE-TELECOM-002-USR-02,TEST-013
ALRT-001878,CSE-FINANCE-002,CSE-FINANCE-002-A001,defence-evasion,medium,2026-08-18T03:22:00Z,2026-08-18T03:31:00Z,closed,CSE-FINANCE-002-USR-03,TEST-014
ALRT-001879,CSE-POWER-001,CSE-POWER-001-A009,identity,medium,2026-07-23T07:11:00Z,2026-07-23T07:26:00Z,closed,CSE-POWER-001-USR-04,TEST-015
ALRT-001880,CSE-TELECOM-001,CSE-TELECOM-001-A009,execution,medium,2026-06-15T04:46:00Z,2026-06-15T05:09:00Z,closed,CSE-TELECOM-001-USR-05,TEST-016
ALRT-001881,CSE-FINANCE-001,CSE-FINANCE-001-A008,defence-evasion,high,2026-07-28T08:22:00Z,2026-07-28T09:25:00Z,closed,CSE-FINANCE-001-USR-01,TEST-017
ALRT-001882,CSE-POWER-002,CSE-POWER-002-A010,identity,medium,2026-07-04T23:52:00Z,2026-07-05T01:04:00Z,closed,CSE-POWER-002-USR-02,TEST-018
ALRT-001883,CSE-TELECOM-002,CSE-TELECOM-002-A010,execution,medium,2026-07-31T01:04:00Z,2026-07-31T01:50:00Z,closed,CSE-TELECOM-002-USR-03,TEST-019
ALRT-001884,CSE-FINANCE-002,CSE-FINANCE-002-A006,defence-evasion,medium,2026-06-07T04:38:00Z,2026-06-07T04:55:00Z,closed,CSE-FINANCE-002-USR-04,TEST-020
ALRT-001885,CSE-POWER-001,CSE-POWER-001-A007,identity,medium,2026-08-07T23:05:00Z,2026-08-07T23:53:00Z,closed,CSE-POWER-001-USR-05,TEST-021
ALRT-001886,CSE-TELECOM-001,CSE-TELECOM-001-A005,execution,high,2026-07-27T12:01:00Z,2026-07-27T12:29:00Z,closed,CSE-TELECOM-001-USR-01,TEST-022
ALRT-001887,CSE-FINANCE-001,CSE-FINANCE-001-A005,defence-evasion,medium,2026-08-25T23:56:00Z,2026-08-26T00:11:00Z,closed,CSE-FINANCE-001-USR-02,TEST-000
ALRT-001888,CSE-POWER-002,CSE-POWER-002-A007,identity,critical,2026-06-17T06:36:00Z,2026-06-17T07:14:00Z,closed,CSE-POWER-002-USR-03,TEST-001
ALRT-001889,CSE-TELECOM-002,CSE-TELECOM-002-A005,execution,medium,2026-08-20T16:34:00Z,2026-08-20T17:10:00Z,closed,CSE-TELECOM-002-USR-04,TEST-002
ALRT-001890,CSE-FINANCE-002,CSE-FINANCE-002-A001,defence-evasion,medium,2026-07-20T18:30:00Z,2026-07-20T19:02:00Z,closed,CSE-FINANCE-002-USR-05,TEST-003
ALRT-001891,CSE-POWER-001,CSE-POWER-001-A007,identity,high,2026-07-08T23:44:00Z,2026-07-09T00:12:00Z,closed,CSE-POWER-001-USR-01,TEST-004
ALRT-001892,CSE-TELECOM-001,CSE-TELECOM-001-A005,execution,medium,2026-08-06T21:02:00Z,2026-08-06T21:58:00Z,closed,CSE-TELECOM-001-USR-02,TEST-005
ALRT-001893,CSE-FINANCE-001,CSE-FINANCE-001-A003,defence-evasion,medium,2026-08-28T09:17:00Z,2026-08-28T09:22:00Z,closed,CSE-FINANCE-001-USR-03,TEST-006
ALRT-001894,CSE-POWER-002,CSE-POWER-002-A007,identity,medium,2026-06-29T00:50:00Z,2026-06-29T01:48:00Z,closed,CSE-POWER-002-USR-04,TEST-007
ALRT-001895,CSE-TELECOM-002,CSE-TELECOM-002-A003,execution,medium,2026-07-08T08:29:00Z,2026-07-08T09:14:00Z,closed,CSE-TELECOM-002-USR-05,TEST-008
ALRT-001896,CSE-FINANCE-002,CSE-FINANCE-002-A002,defence-evasion,high,2026-07-01T07:01:00Z,2026-07-01T07:47:00Z,closed,CSE-FINANCE-002-USR-01,TEST-009
ALRT-001897,CSE-POWER-001,CSE-POWER-001-A004,identity,medium,2026-06-11T19:18:00Z,2026-06-11T20:21:00Z,closed,CSE-POWER-001-USR-02,TEST-010
ALRT-001898,CSE-TELECOM-001,CSE-TELECOM-001-A010,execution,medium,2026-07-26T20:38:00Z,2026-07-26T21:25:00Z,closed,CSE-TELECOM-001-USR-03,TEST-011
ALRT-001899,CSE-FINANCE-001,CSE-FINANCE-001-A009,defence-evasion,medium,2026-07-22T15:59:00Z,2026-07-22T17:15:00Z,closed,CSE-FINANCE-001-USR-04,TEST-012
ALRT-001900,CSE-POWER-002,CSE-POWER-002-A001,identity,medium,2026-07-16T10:20:00Z,2026-07-16T11:09:00Z,closed,CSE-POWER-002-USR-05,TEST-013
ALRT-001901,CSE-TELECOM-002,CSE-TELECOM-002-A008,execution,high,2026-06-22T14:54:00Z,2026-06-22T16:02:00Z,closed,CSE-TELECOM-002-USR-01,TEST-014
ALRT-001902,CSE-FINANCE-002,CSE-FINANCE-002-A004,defence-evasion,medium,2026-08-10T22:10:00Z,2026-08-10T23:04:00Z,closed,CSE-FINANCE-002-USR-02,TEST-015
ALRT-001903,CSE-POWER-001,CSE-POWER-001-A005,identity,medium,2026-07-24T01:42:00Z,2026-07-24T03:00:00Z,closed,CSE-POWER-001-USR-03,TEST-016
ALRT-001904,CSE-TELECOM-001,CSE-TELECOM-001-A002,execution,medium,2026-08-22T15:35:00Z,2026-08-22T16:24:00Z,closed,CSE-TELECOM-001-USR-04,TEST-017
ALRT-001905,CSE-FINANCE-001,CSE-FINANCE-001-A002,defence-evasion,critical,2026-06-29T23:33:00Z,2026-06-30T00:25:00Z,closed,CSE-FINANCE-001-USR-05,TEST-018
ALRT-001906,CSE-POWER-002,CSE-POWER-002-A005,identity,high,2026-07-10T10:28:00Z,2026-07-10T11:32:00Z,closed,CSE-POWER-002-USR-01,TEST-019
ALRT-001907,CSE-TELECOM-002,CSE-TELECOM-002-A001,execution,medium,2026-06-22T19:37:00Z,2026-06-22T20:03:00Z,closed,CSE-TELECOM-002-USR-02,TEST-020
ALRT-001908,CSE-FINANCE-002,CSE-FINANCE-002-A010,defence-evasion,medium,2026-07-18T18:27:00Z,2026-07-18T19:25:00Z,closed,CSE-FINANCE-002-USR-03,TEST-021
ALRT-001909,CSE-POWER-001,CSE-POWER-001-A001,identity,medium,2026-07-09T17:47:00Z,2026-07-09T18:54:00Z,closed,CSE-POWER-001-USR-04,TEST-022
ALRT-001910,CSE-TELECOM-001,CSE-TELECOM-001-A004,execution,medium,2026-07-21T17:08:00Z,2026-07-21T18:01:00Z,closed,CSE-TELECOM-001-USR-05,TEST-000
ALRT-001911,CSE-FINANCE-001,CSE-FINANCE-001-A010,defence-evasion,high,2026-06-18T03:25:00Z,2026-06-18T03:57:00Z,closed,CSE-FINANCE-001-USR-01,TEST-001
ALRT-001912,CSE-POWER-002,CSE-POWER-002-A004,identity,medium,2026-06-17T18:18:00Z,2026-06-17T18:45:00Z,closed,CSE-POWER-002-USR-02,TEST-002
ALRT-001913,CSE-TELECOM-002,CSE-TELECOM-002-A003,execution,medium,2026-07-24T17:26:00Z,2026-07-24T18:16:00Z,closed,CSE-TELECOM-002-USR-03,TEST-003
ALRT-001914,CSE-FINANCE-002,CSE-FINANCE-002-A004,defence-evasion,medium,2026-07-26T19:17:00Z,2026-07-26T20:02:00Z,closed,CSE-FINANCE-002-USR-04,TEST-004
ALRT-001915,CSE-POWER-001,CSE-POWER-001-A006,identity,medium,2026-08-22T03:42:00Z,2026-08-22T04:27:00Z,closed,CSE-POWER-001-USR-05,TEST-005
ALRT-001916,CSE-TELECOM-001,CSE-TELECOM-001-A009,execution,high,2026-08-10T17:25:00Z,2026-08-10T17:58:00Z,closed,CSE-TELECOM-001-USR-01,TEST-006
ALRT-001917,CSE-FINANCE-001,CSE-FINANCE-001-A007,defence-evasion,medium,2026-08-05T14:18:00Z,2026-08-05T15:20:00Z,closed,CSE-FINANCE-001-USR-02,TEST-007
ALRT-001918,CSE-POWER-002,CSE-POWER-002-A003,identity,medium,2026-06-25T12:18:00Z,2026-06-25T12:23:00Z,closed,CSE-POWER-002-USR-03,TEST-008
ALRT-001919,CSE-TELECOM-002,CSE-TELECOM-002-A009,execution,medium,2026-07-15T14:41:00Z,2026-07-15T15:08:00Z,closed,CSE-TELECOM-002-USR-04,TEST-009
ALRT-001920,CSE-FINANCE-002,CSE-FINANCE-002-A002,defence-evasion,medium,2026-07-22T18:41:00Z,2026-07-22T19:39:00Z,closed,CSE-FINANCE-002-USR-05,TEST-010
ALRT-001921,CSE-POWER-001,CSE-POWER-001-A007,identity,high,2026-07-25T06:40:00Z,2026-07-25T06:48:00Z,closed,CSE-POWER-001-USR-01,TEST-011
ALRT-001922,CSE-TELECOM-001,CSE-TELECOM-001-A010,execution,critical,2026-07-01T04:39:00Z,2026-07-01T05:48:00Z,closed,CSE-TELECOM-001-USR-02,TEST-012
ALRT-001923,CSE-FINANCE-001,CSE-FINANCE-001-A002,defence-evasion,medium,2026-08-18T18:46:00Z,2026-08-18T19:43:00Z,closed,CSE-FINANCE-001-USR-03,TEST-013
ALRT-001924,CSE-POWER-002,CSE-POWER-002-A001,identity,medium,2026-07-14T19:15:00Z,2026-07-14T19:41:00Z,closed,CSE-POWER-002-USR-04,TEST-014
ALRT-001925,CSE-TELECOM-002,CSE-TELECOM-002-A010,execution,medium,2026-08-22T15:43:00Z,2026-08-22T15:59:00Z,closed,CSE-TELECOM-002-USR-05,TEST-015
ALRT-001926,CSE-FINANCE-002,CSE-FINANCE-002-A006,defence-evasion,high,2026-06-05T23:38:00Z,2026-06-06T00:32:00Z,closed,CSE-FINANCE-002-USR-01,TEST-016
ALRT-001927,CSE-POWER-001,CSE-POWER-001-A009,identity,medium,2026-08-07T06:54:00Z,2026-08-07T07:19:00Z,closed,CSE-POWER-001-USR-02,TEST-017
ALRT-001928,CSE-TELECOM-001,CSE-TELECOM-001-A008,execution,medium,2026-07-20T23:55:00Z,2026-07-21T00:30:00Z,closed,CSE-TELECOM-001-USR-03,TEST-018
ALRT-001929,CSE-FINANCE-001,CSE-FINANCE-001-A003,defence-evasion,medium,2026-08-02T22:58:00Z,2026-08-02T23:28:00Z,closed,CSE-FINANCE-001-USR-04,TEST-019
ALRT-001930,CSE-POWER-002,CSE-POWER-002-A006,identity,medium,2026-06-19T09:04:00Z,2026-06-19T09:12:00Z,closed,CSE-POWER-002-USR-05,TEST-020
ALRT-001931,CSE-TELECOM-002,CSE-TELECOM-002-A004,execution,high,2026-08-15T14:29:00Z,2026-08-15T15:05:00Z,closed,CSE-TELECOM-002-USR-01,TEST-021
ALRT-001932,CSE-FINANCE-002,CSE-FINANCE-002-A010,defence-evasion,medium,2026-07-29T07:50:00Z,2026-07-29T08:17:00Z,closed,CSE-FINANCE-002-USR-02,TEST-022
ALRT-001933,CSE-POWER-001,CSE-POWER-001-A008,identity,medium,2026-08-06T20:07:00Z,2026-08-06T20:54:00Z,closed,CSE-POWER-001-USR-03,TEST-000
ALRT-001934,CSE-TELECOM-001,CSE-TELECOM-001-A003,execution,medium,2026-07-04T14:46:00Z,2026-07-04T14:59:00Z,closed,CSE-TELECOM-001-USR-04,TEST-001
ALRT-001935,CSE-FINANCE-001,CSE-FINANCE-001-A001,defence-evasion,medium,2026-06-07T21:43:00Z,2026-06-07T22:40:00Z,closed,CSE-FINANCE-001-USR-05,TEST-002
ALRT-001936,CSE-POWER-002,CSE-POWER-002-A009,identity,high,2026-08-02T12:04:00Z,2026-08-02T13:02:00Z,closed,CSE-POWER-002-USR-01,TEST-003
ALRT-001937,CSE-TELECOM-002,CSE-TELECOM-002-A005,execution,medium,2026-08-10T03:45:00Z,2026-08-10T04:58:00Z,closed,CSE-TELECOM-002-USR-02,TEST-004
ALRT-001938,CSE-FINANCE-002,CSE-FINANCE-002-A001,defence-evasion,medium,2026-07-29T15:52:00Z,2026-07-29T16:04:00Z,closed,CSE-FINANCE-002-USR-03,TEST-005
ALRT-001939,CSE-POWER-001,CSE-POWER-001-A005,identity,critical,2026-07-23T23:49:00Z,2026-07-23T23:59:00Z,closed,CSE-POWER-001-USR-04,TEST-006
ALRT-001940,CSE-TELECOM-001,CSE-TELECOM-001-A006,execution,medium,2026-07-24T22:59:00Z,2026-07-25T00:09:00Z,closed,CSE-TELECOM-001-USR-05,TEST-007
ALRT-001941,CSE-FINANCE-001,CSE-FINANCE-001-A008,defence-evasion,high,2026-07-27T03:06:00Z,2026-07-27T03:29:00Z,closed,CSE-FINANCE-001-USR-01,TEST-008
ALRT-001942,CSE-POWER-002,CSE-POWER-002-A005,identity,medium,2026-08-16T03:46:00Z,2026-08-16T04:12:00Z,closed,CSE-POWER-002-USR-02,TEST-009
ALRT-001943,CSE-TELECOM-002,CSE-TELECOM-002-A006,execution,medium,2026-07-25T21:21:00Z,2026-07-25T21:44:00Z,closed,CSE-TELECOM-002-USR-03,TEST-010
ALRT-001944,CSE-FINANCE-002,CSE-FINANCE-002-A004,defence-evasion,medium,2026-08-03T06:16:00Z,2026-08-03T06:33:00Z,closed,CSE-FINANCE-002-USR-04,TEST-011
ALRT-001945,CSE-POWER-001,CSE-POWER-001-A006,identity,medium,2026-08-24T22:04:00Z,2026-08-24T23:07:00Z,closed,CSE-POWER-001-USR-05,TEST-012
ALRT-001946,CSE-TELECOM-001,CSE-TELECOM-001-A008,execution,high,2026-07-04T08:21:00Z,2026-07-04T09:03:00Z,closed,CSE-TELECOM-001-USR-01,TEST-013
ALRT-001947,CSE-FINANCE-001,CSE-FINANCE-001-A008,defence-evasion,medium,2026-07-15T14:44:00Z,2026-07-15T15:22:00Z,closed,CSE-FINANCE-001-USR-02,TEST-014
ALRT-001948,CSE-POWER-002,CSE-POWER-002-A010,identity,medium,2026-07-08T19:02:00Z,2026-07-08T19:24:00Z,closed,CSE-POWER-002-USR-03,TEST-015
ALRT-001949,CSE-TELECOM-002,CSE-TELECOM-002-A003,execution,medium,2026-08-08T09:01:00Z,2026-08-08T09:34:00Z,closed,CSE-TELECOM-002-USR-04,TEST-016
ALRT-001950,CSE-FINANCE-002,CSE-FINANCE-002-A006,defence-evasion,medium,2026-08-14T11:45:00Z,2026-08-14T12:27:00Z,closed,CSE-FINANCE-002-USR-05,TEST-017
ALRT-001951,CSE-POWER-001,CSE-POWER-001-A005,identity,high,2026-06-23T18:40:00Z,2026-06-23T19:24:00Z,closed,CSE-POWER-001-USR-01,TEST-018
ALRT-001952,CSE-TELECOM-001,CSE-TELECOM-001-A008,execution,medium,2026-07-29T21:18:00Z,2026-07-29T21:42:00Z,closed,CSE-TELECOM-001-USR-02,TEST-019
ALRT-001953,CSE-FINANCE-001,CSE-FINANCE-001-A003,defence-evasion,medium,2026-06-21T19:18:00Z,2026-06-21T20:12:00Z,closed,CSE-FINANCE-001-USR-03,TEST-020
ALRT-001954,CSE-POWER-002,CSE-POWER-002-A005,identity,medium,2026-08-23T07:01:00Z,2026-08-23T07:33:00Z,closed,CSE-POWER-002-USR-04,TEST-021
ALRT-001955,CSE-TELECOM-002,CSE-TELECOM-002-A010,execution,medium,2026-07-11T04:37:00Z,2026-07-11T04:43:00Z,closed,CSE-TELECOM-002-USR-05,TEST-022
ALRT-001956,CSE-FINANCE-002,CSE-FINANCE-002-A005,defence-evasion,critical,2026-07-19T23:32:00Z,2026-07-20T00:43:00Z,closed,CSE-FINANCE-002-USR-01,TEST-000
ALRT-001957,CSE-POWER-001,CSE-POWER-001-A007,identity,medium,2026-08-03T19:57:00Z,2026-08-03T20:23:00Z,closed,CSE-POWER-001-USR-02,TEST-001
ALRT-001958,CSE-TELECOM-001,CSE-TELECOM-001-A006,execution,medium,2026-08-24T04:37:00Z,2026-08-24T05:46:00Z,closed,CSE-TELECOM-001-USR-03,TEST-002
ALRT-001959,CSE-FINANCE-001,CSE-FINANCE-001-A006,defence-evasion,medium,2026-08-08T11:24:00Z,2026-08-08T12:31:00Z,closed,CSE-FINANCE-001-USR-04,TEST-003
ALRT-001960,CSE-POWER-002,CSE-POWER-002-A003,identity,medium,2026-08-09T15:11:00Z,2026-08-09T16:17:00Z,closed,CSE-POWER-002-USR-05,TEST-004
ALRT-001961,CSE-TELECOM-002,CSE-TELECOM-002-A007,execution,high,2026-06-04T21:04:00Z,2026-06-04T21:52:00Z,closed,CSE-TELECOM-002-USR-01,TEST-005
ALRT-001962,CSE-FINANCE-002,CSE-FINANCE-002-A004,defence-evasion,medium,2026-07-12T06:14:00Z,2026-07-12T06:38:00Z,closed,CSE-FINANCE-002-USR-02,TEST-006
ALRT-001963,CSE-POWER-001,CSE-POWER-001-A005,identity,medium,2026-08-19T23:50:00Z,2026-08-20T00:10:00Z,closed,CSE-POWER-001-USR-03,TEST-007
ALRT-001964,CSE-TELECOM-001,CSE-TELECOM-001-A004,execution,medium,2026-07-18T15:29:00Z,2026-07-18T16:46:00Z,closed,CSE-TELECOM-001-USR-04,TEST-008
ALRT-001965,CSE-FINANCE-001,CSE-FINANCE-001-A001,defence-evasion,medium,2026-08-09T07:47:00Z,2026-08-09T08:17:00Z,closed,CSE-FINANCE-001-USR-05,TEST-009
ALRT-001966,CSE-POWER-002,CSE-POWER-002-A006,identity,high,2026-08-27T01:25:00Z,2026-08-27T01:42:00Z,closed,CSE-POWER-002-USR-01,TEST-010
ALRT-001967,CSE-TELECOM-002,CSE-TELECOM-002-A006,execution,medium,2026-08-06T02:17:00Z,2026-08-06T03:32:00Z,closed,CSE-TELECOM-002-USR-02,TEST-011
ALRT-001968,CSE-FINANCE-002,CSE-FINANCE-002-A009,defence-evasion,medium,2026-08-10T02:51:00Z,2026-08-10T03:03:00Z,closed,CSE-FINANCE-002-USR-03,TEST-012
ALRT-001969,CSE-POWER-001,CSE-POWER-001-A008,identity,medium,2026-08-14T16:15:00Z,2026-08-14T16:51:00Z,closed,CSE-POWER-001-USR-04,TEST-013
ALRT-001970,CSE-TELECOM-001,CSE-TELECOM-001-A005,execution,medium,2026-06-26T22:59:00Z,2026-06-26T23:35:00Z,closed,CSE-TELECOM-001-USR-05,TEST-014
ALRT-001971,CSE-FINANCE-001,CSE-FINANCE-001-A004,defence-evasion,high,2026-08-30T22:29:00Z,2026-08-30T22:56:00Z,closed,CSE-FINANCE-001-USR-01,TEST-015
ALRT-001972,CSE-POWER-002,CSE-POWER-002-A001,identity,medium,2026-08-19T08:35:00Z,2026-08-19T09:15:00Z,closed,CSE-POWER-002-USR-02,TEST-016
ALRT-001973,CSE-TELECOM-002,CSE-TELECOM-002-A002,execution,critical,2026-06-27T23:53:00Z,2026-06-28T00:06:00Z,closed,CSE-TELECOM-002-USR-03,TEST-017
ALRT-001974,CSE-FINANCE-002,CSE-FINANCE-002-A003,defence-evasion,medium,2026-08-08T09:03:00Z,2026-08-08T09:34:00Z,closed,CSE-FINANCE-002-USR-04,TEST-018
ALRT-001975,CSE-POWER-001,CSE-POWER-001-A004,identity,medium,2026-07-04T18:48:00Z,2026-07-04T20:07:00Z,closed,CSE-POWER-001-USR-05,TEST-019
ALRT-001976,CSE-TELECOM-001,CSE-TELECOM-001-A008,execution,high,2026-08-01T03:34:00Z,2026-08-01T03:45:00Z,closed,CSE-TELECOM-001-USR-01,TEST-020
ALRT-001977,CSE-FINANCE-001,CSE-FINANCE-001-A006,defence-evasion,medium,2026-08-23T02:12:00Z,2026-08-23T03:18:00Z,closed,CSE-FINANCE-001-USR-02,TEST-021
ALRT-001978,CSE-POWER-002,CSE-POWER-002-A002,identity,medium,2026-07-29T02:30:00Z,2026-07-29T03:00:00Z,closed,CSE-POWER-002-USR-03,TEST-022
ALRT-001979,CSE-TELECOM-002,CSE-TELECOM-002-A002,execution,medium,2026-08-11T18:13:00Z,2026-08-11T19:20:00Z,closed,CSE-TELECOM-002-USR-04,TEST-000
ALRT-001980,CSE-FINANCE-002,CSE-FINANCE-002-A005,defence-evasion,medium,2026-08-14T00:37:00Z,2026-08-14T01:37:00Z,closed,CSE-FINANCE-002-USR-05,TEST-001
ALRT-001981,CSE-POWER-001,CSE-POWER-001-A002,identity,high,2026-07-29T20:12:00Z,2026-07-29T21:15:00Z,closed,CSE-POWER-001-USR-01,TEST-002
ALRT-001982,CSE-TELECOM-001,CSE-TELECOM-001-A001,execution,medium,2026-07-05T13:38:00Z,2026-07-05T14:17:00Z,closed,CSE-TELECOM-001-USR-02,TEST-003
ALRT-001983,CSE-FINANCE-001,CSE-FINANCE-001-A008,defence-evasion,medium,2026-08-22T05:21:00Z,2026-08-22T06:30:00Z,closed,CSE-FINANCE-001-USR-03,TEST-004
ALRT-001984,CSE-POWER-002,CSE-POWER-002-A008,identity,medium,2026-08-07T09:41:00Z,2026-08-07T10:24:00Z,closed,CSE-POWER-002-USR-04,TEST-005
ALRT-001985,CSE-TELECOM-002,CSE-TELECOM-002-A005,execution,medium,2026-08-10T07:21:00Z,2026-08-10T08:01:00Z,closed,CSE-TELECOM-002-USR-05,TEST-006
ALRT-001986,CSE-FINANCE-002,CSE-FINANCE-002-A009,defence-evasion,high,2026-08-06T09:40:00Z,2026-08-06T10:41:00Z,closed,CSE-FINANCE-002-USR-01,TEST-007
ALRT-001987,CSE-POWER-001,CSE-POWER-001-A002,identity,medium,2026-06-26T15:00:00Z,2026-06-26T15:45:00Z,closed,CSE-POWER-001-USR-02,TEST-008
ALRT-001988,CSE-TELECOM-001,CSE-TELECOM-001-A009,execution,medium,2026-08-02T15:10:00Z,2026-08-02T15:37:00Z,closed,CSE-TELECOM-001-USR-03,TEST-009
ALRT-001989,CSE-FINANCE-001,CSE-FINANCE-001-A002,defence-evasion,medium,2026-07-28T21:19:00Z,2026-07-28T21:36:00Z,closed,CSE-FINANCE-001-USR-04,TEST-010
ALRT-001990,CSE-POWER-002,CSE-POWER-002-A008,identity,critical,2026-07-16T20:43:00Z,2026-07-16T21:56:00Z,closed,CSE-POWER-002-USR-05,TEST-011
ALRT-001991,CSE-TELECOM-002,CSE-TELECOM-002-A003,execution,high,2026-06-27T03:48:00Z,2026-06-27T04:22:00Z,closed,CSE-TELECOM-002-USR-01,TEST-012
ALRT-001992,CSE-FINANCE-002,CSE-FINANCE-002-A004,defence-evasion,medium,2026-07-12T16:19:00Z,2026-07-12T17:04:00Z,closed,CSE-FINANCE-002-USR-02,TEST-013
ALRT-001993,CSE-POWER-001,CSE-POWER-001-A009,identity,medium,2026-08-02T03:43:00Z,2026-08-02T04:26:00Z,closed,CSE-POWER-001-USR-03,TEST-014
ALRT-001994,CSE-TELECOM-001,CSE-TELECOM-001-A010,execution,medium,2026-06-29T18:43:00Z,2026-06-29T19:07:00Z,closed,CSE-TELECOM-001-USR-04,TEST-015
ALRT-001995,CSE-FINANCE-001,CSE-FINANCE-001-A006,defence-evasion,medium,2026-06-23T06:49:00Z,2026-06-23T07:44:00Z,closed,CSE-FINANCE-001-USR-05,TEST-016
ALRT-001996,CSE-POWER-002,CSE-POWER-002-A003,identity,high,2026-06-23T19:42:00Z,2026-06-23T20:07:00Z,closed,CSE-POWER-002-USR-01,TEST-017
ALRT-001997,CSE-TELECOM-002,CSE-TELECOM-002-A006,execution,medium,2026-08-08T15:41:00Z,2026-08-08T16:39:00Z,closed,CSE-TELECOM-002-USR-02,TEST-018
ALRT-001998,CSE-FINANCE-002,CSE-FINANCE-002-A005,defence-evasion,medium,2026-07-02T08:30:00Z,2026-07-02T09:13:00Z,closed,CSE-FINANCE-002-USR-03,TEST-019
ALRT-001999,CSE-POWER-001,CSE-POWER-001-A006,identity,medium,2026-06-21T09:21:00Z,2026-06-21T10:11:00Z,closed,CSE-POWER-001-USR-04,TEST-020
ALRT-002000,CSE-TELECOM-001,CSE-TELECOM-001-A006,execution,medium,2026-07-30T09:27:00Z,2026-07-30T10:44:00Z,closed,CSE-TELECOM-001-USR-05,TEST-021
ALRT-002001,CSE-FINANCE-001,CSE-FINANCE-001-A007,defence-evasion,high,2026-07-26T00:48:00Z,2026-07-26T01:44:00Z,closed,CSE-FINANCE-001-USR-01,TEST-022
ALRT-002002,CSE-POWER-002,CSE-POWER-002-A001,identity,medium,2026-07-25T11:41:00Z,2026-07-25T12:03:00Z,closed,CSE-POWER-002-USR-02,TEST-000
ALRT-002003,CSE-TELECOM-002,CSE-TELECOM-002-A008,execution,medium,2026-07-08T00:52:00Z,2026-07-08T01:22:00Z,closed,CSE-TELECOM-002-USR-03,TEST-001
ALRT-002004,CSE-FINANCE-002,CSE-FINANCE-002-A004,defence-evasion,medium,2026-08-26T22:16:00Z,2026-08-26T22:58:00Z,closed,CSE-FINANCE-002-USR-04,TEST-002
ALRT-002005,CSE-POWER-001,CSE-POWER-001-A006,identity,medium,2026-06-06T10:27:00Z,2026-06-06T11:20:00Z,closed,CSE-POWER-001-USR-05,TEST-003
ALRT-002006,CSE-TELECOM-001,CSE-TELECOM-001-A006,execution,high,2026-08-13T17:47:00Z,2026-08-13T18:17:00Z,closed,CSE-TELECOM-001-USR-01,TEST-004
ALRT-002007,CSE-FINANCE-001,CSE-FINANCE-001-A004,defence-evasion,critical,2026-08-21T16:28:00Z,2026-08-21T17:08:00Z,closed,CSE-FINANCE-001-USR-02,TEST-005
ALRT-002008,CSE-POWER-002,CSE-POWER-002-A002,identity,medium,2026-06-12T07:10:00Z,2026-06-12T07:56:00Z,closed,CSE-POWER-002-USR-03,TEST-006
ALRT-002009,CSE-TELECOM-002,CSE-TELECOM-002-A008,execution,medium,2026-08-17T15:02:00Z,2026-08-17T15:56:00Z,closed,CSE-TELECOM-002-USR-04,TEST-007
ALRT-002010,CSE-FINANCE-002,CSE-FINANCE-002-A008,defence-evasion,medium,2026-07-04T08:38:00Z,2026-07-04T09:31:00Z,closed,CSE-FINANCE-002-USR-05,TEST-008
ALRT-002011,CSE-POWER-001,CSE-POWER-001-A001,identity,high,2026-06-15T01:40:00Z,2026-06-15T02:28:00Z,closed,CSE-POWER-001-USR-01,TEST-009
ALRT-002012,CSE-TELECOM-001,CSE-TELECOM-001-A005,execution,medium,2026-08-10T11:28:00Z,2026-08-10T12:09:00Z,closed,CSE-TELECOM-001-USR-02,TEST-010
ALRT-002013,CSE-FINANCE-001,CSE-FINANCE-001-A002,defence-evasion,medium,2026-08-02T04:56:00Z,2026-08-02T05:10:00Z,closed,CSE-FINANCE-001-USR-03,TEST-011
ALRT-002014,CSE-POWER-002,CSE-POWER-002-A006,identity,medium,2026-07-25T04:55:00Z,2026-07-25T05:19:00Z,closed,CSE-POWER-002-USR-04,TEST-012
ALRT-002015,CSE-TELECOM-002,CSE-TELECOM-002-A010,execution,medium,2026-07-11T18:12:00Z,2026-07-11T19:28:00Z,closed,CSE-TELECOM-002-USR-05,TEST-013
ALRT-002016,CSE-FINANCE-002,CSE-FINANCE-002-A002,defence-evasion,high,2026-07-29T07:20:00Z,2026-07-29T08:38:00Z,closed,CSE-FINANCE-002-USR-01,TEST-014
ALRT-002017,CSE-POWER-001,CSE-POWER-001-A009,identity,medium,2026-08-26T08:35:00Z,2026-08-26T09:47:00Z,closed,CSE-POWER-001-USR-02,TEST-015
ALRT-002018,CSE-TELECOM-001,CSE-TELECOM-001-A005,execution,medium,2026-08-30T00:08:00Z,2026-08-30T00:21:00Z,closed,CSE-TELECOM-001-USR-03,TEST-016
ALRT-002019,CSE-FINANCE-001,CSE-FINANCE-001-A006,defence-evasion,medium,2026-07-19T14:47:00Z,2026-07-19T15:19:00Z,closed,CSE-FINANCE-001-USR-04,TEST-017
ALRT-002020,CSE-POWER-002,CSE-POWER-002-A003,identity,medium,2026-07-14T14:14:00Z,2026-07-14T15:17:00Z,closed,CSE-POWER-002-USR-05,TEST-018
ALRT-002021,CSE-TELECOM-002,CSE-TELECOM-002-A006,execution,high,2026-07-15T06:43:00Z,2026-07-15T07:21:00Z,closed,CSE-TELECOM-002-USR-01,TEST-019
ALRT-002022,CSE-FINANCE-002,CSE-FINANCE-002-A005,defence-evasion,medium,2026-08-19T23:59:00Z,2026-08-20T00:06:00Z,closed,CSE-FINANCE-002-USR-02,TEST-020
ALRT-002023,CSE-POWER-001,CSE-POWER-001-A003,identity,medium,2026-06-18T20:26:00Z,2026-06-18T21:25:00Z,closed,CSE-POWER-001-USR-03,TEST-021
ALRT-002024,CSE-TELECOM-001,CSE-TELECOM-001-A007,execution,critical,2026-08-04T01:53:00Z,2026-08-04T03:05:00Z,closed,CSE-TELECOM-001-USR-04,TEST-022
ALRT-002025,CSE-FINANCE-001,CSE-FINANCE-001-A001,defence-evasion,medium,2026-08-07T11:01:00Z,2026-08-07T12:18:00Z,closed,CSE-FINANCE-001-USR-05,TEST-000
ALRT-002026,CSE-POWER-002,CSE-POWER-002-A007,identity,high,2026-06-07T16:55:00Z,2026-06-07T17:41:00Z,closed,CSE-POWER-002-USR-01,TEST-001
ALRT-002027,CSE-TELECOM-002,CSE-TELECOM-002-A009,execution,medium,2026-08-04T09:36:00Z,2026-08-04T10:23:00Z,closed,CSE-TELECOM-002-USR-02,TEST-002
ALRT-002028,CSE-FINANCE-002,CSE-FINANCE-002-A002,defence-evasion,medium,2026-06-12T18:05:00Z,2026-06-12T19:21:00Z,closed,CSE-FINANCE-002-USR-03,TEST-003
ALRT-002029,CSE-POWER-001,CSE-POWER-001-A002,identity,medium,2026-08-10T05:51:00Z,2026-08-10T07:01:00Z,closed,CSE-POWER-001-USR-04,TEST-004
ALRT-002030,CSE-TELECOM-001,CSE-TELECOM-001-A002,execution,medium,2026-08-15T14:39:00Z,2026-08-15T15:08:00Z,closed,CSE-TELECOM-001-USR-05,TEST-005
ALRT-002031,CSE-FINANCE-001,CSE-FINANCE-001-A002,defence-evasion,high,2026-08-29T13:52:00Z,2026-08-29T14:32:00Z,closed,CSE-FINANCE-001-USR-01,TEST-006
ALRT-002032,CSE-POWER-002,CSE-POWER-002-A008,identity,medium,2026-07-30T23:09:00Z,2026-07-30T23:56:00Z,closed,CSE-POWER-002-USR-02,TEST-007
ALRT-002033,CSE-TELECOM-002,CSE-TELECOM-002-A002,execution,medium,2026-06-26T20:36:00Z,2026-06-26T21:24:00Z,closed,CSE-TELECOM-002-USR-03,TEST-008
ALRT-002034,CSE-FINANCE-002,CSE-FINANCE-002-A008,defence-evasion,medium,2026-08-09T22:47:00Z,2026-08-09T23:47:00Z,closed,CSE-FINANCE-002-USR-04,TEST-009
ALRT-002035,CSE-POWER-001,CSE-POWER-001-A001,identity,medium,2026-07-24T18:18:00Z,2026-07-24T18:23:00Z,closed,CSE-POWER-001-USR-05,TEST-010
ALRT-002036,CSE-TELECOM-001,CSE-TELECOM-001-A010,execution,high,2026-07-22T00:00:00Z,2026-07-22T00:33:00Z,closed,CSE-TELECOM-001-USR-01,TEST-011
ALRT-002037,CSE-FINANCE-001,CSE-FINANCE-001-A006,defence-evasion,medium,2026-07-27T04:16:00Z,2026-07-27T04:49:00Z,closed,CSE-FINANCE-001-USR-02,TEST-012
ALRT-002038,CSE-POWER-002,CSE-POWER-002-A010,identity,medium,2026-08-28T10:34:00Z,2026-08-28T11:37:00Z,closed,CSE-POWER-002-USR-03,TEST-013
ALRT-002039,CSE-TELECOM-002,CSE-TELECOM-002-A004,execution,medium,2026-08-15T11:57:00Z,2026-08-15T13:15:00Z,closed,CSE-TELECOM-002-USR-04,TEST-014
ALRT-002040,CSE-FINANCE-002,CSE-FINANCE-002-A003,defence-evasion,medium,2026-06-27T04:13:00Z,2026-06-27T04:57:00Z,closed,CSE-FINANCE-002-USR-05,TEST-015
ALRT-002041,CSE-POWER-001,CSE-POWER-001-A003,identity,critical,2026-06-15T00:34:00Z,2026-06-15T00:44:00Z,closed,CSE-POWER-001-USR-01,TEST-016
ALRT-002042,CSE-TELECOM-001,CSE-TELECOM-001-A003,execution,medium,2026-08-11T11:04:00Z,2026-08-11T11:50:00Z,closed,CSE-TELECOM-001-USR-02,TEST-017
ALRT-002043,CSE-FINANCE-001,CSE-FINANCE-001-A006,defence-evasion,medium,2026-07-02T21:13:00Z,2026-07-02T21:43:00Z,closed,CSE-FINANCE-001-USR-03,TEST-018
ALRT-002044,CSE-POWER-002,CSE-POWER-002-A005,identity,medium,2026-06-23T13:17:00Z,2026-06-23T13:51:00Z,closed,CSE-POWER-002-USR-04,TEST-019
ALRT-002045,CSE-TELECOM-002,CSE-TELECOM-002-A004,execution,medium,2026-07-18T00:08:00Z,2026-07-18T01:09:00Z,closed,CSE-TELECOM-002-USR-05,TEST-020
ALRT-002046,CSE-FINANCE-002,CSE-FINANCE-002-A002,defence-evasion,high,2026-07-21T00:28:00Z,2026-07-21T00:59:00Z,closed,CSE-FINANCE-002-USR-01,TEST-021
ALRT-002047,CSE-POWER-001,CSE-POWER-001-A007,identity,medium,2026-06-09T14:28:00Z,2026-06-09T15:24:00Z,closed,CSE-POWER-001-USR-02,TEST-022
ALRT-002048,CSE-TELECOM-001,CSE-TELECOM-001-A004,execution,medium,2026-06-29T12:37:00Z,2026-06-29T12:57:00Z,closed,CSE-TELECOM-001-USR-03,TEST-000
ALRT-002049,CSE-FINANCE-001,CSE-FINANCE-001-A002,defence-evasion,medium,2026-06-25T16:58:00Z,2026-06-25T18:17:00Z,closed,CSE-FINANCE-001-USR-04,TEST-001
ALRT-002050,CSE-POWER-002,CSE-POWER-002-A009,identity,medium,2026-06-18T05:48:00Z,2026-06-18T06:19:00Z,closed,CSE-POWER-002-USR-05,TEST-002
ALRT-002051,CSE-TELECOM-002,CSE-TELECOM-002-A002,execution,high,2026-08-04T23:38:00Z,2026-08-05T00:28:00Z,closed,CSE-TELECOM-002-USR-01,TEST-003
ALRT-002052,CSE-FINANCE-002,CSE-FINANCE-002-A006,defence-evasion,medium,2026-07-26T06:13:00Z,2026-07-26T06:29:00Z,closed,CSE-FINANCE-002-USR-02,TEST-004
ALRT-002053,CSE-POWER-001,CSE-POWER-001-A009,identity,medium,2026-07-19T15:16:00Z,2026-07-19T16:26:00Z,closed,CSE-POWER-001-USR-03,TEST-005
ALRT-002054,CSE-TELECOM-001,CSE-TELECOM-001-A002,execution,medium,2026-07-31T00:00:00Z,2026-07-31T00:53:00Z,closed,CSE-TELECOM-001-USR-04,TEST-006
ALRT-002055,CSE-FINANCE-001,CSE-FINANCE-001-A007,defence-evasion,medium,2026-07-24T03:22:00Z,2026-07-24T04:13:00Z,closed,CSE-FINANCE-001-USR-05,TEST-007
ALRT-002056,CSE-POWER-002,CSE-POWER-002-A005,identity,high,2026-06-11T13:54:00Z,2026-06-11T14:37:00Z,closed,CSE-POWER-002-USR-01,TEST-008
ALRT-002057,CSE-TELECOM-002,CSE-TELECOM-002-A004,execution,medium,2026-08-31T02:41:00Z,2026-08-31T03:35:00Z,closed,CSE-TELECOM-002-USR-02,TEST-009
ALRT-002058,CSE-FINANCE-002,CSE-FINANCE-002-A008,defence-evasion,critical,2026-06-05T08:46:00Z,2026-06-05T09:32:00Z,closed,CSE-FINANCE-002-USR-03,TEST-010
ALRT-002059,CSE-POWER-001,CSE-POWER-001-A001,identity,medium,2026-06-21T07:11:00Z,2026-06-21T08:28:00Z,closed,CSE-POWER-001-USR-04,TEST-011
ALRT-002060,CSE-TELECOM-001,CSE-TELECOM-001-A001,execution,medium,2026-06-19T16:09:00Z,2026-06-19T16:31:00Z,closed,CSE-TELECOM-001-USR-05,TEST-012
ALRT-002061,CSE-FINANCE-001,CSE-FINANCE-001-A008,defence-evasion,high,2026-06-07T01:38:00Z,2026-06-07T02:09:00Z,closed,CSE-FINANCE-001-USR-01,TEST-013
ALRT-002062,CSE-POWER-002,CSE-POWER-002-A005,identity,medium,2026-07-20T19:26:00Z,2026-07-20T19:51:00Z,closed,CSE-POWER-002-USR-02,TEST-014
ALRT-002063,CSE-TELECOM-002,CSE-TELECOM-002-A007,execution,medium,2026-06-25T05:59:00Z,2026-06-25T07:10:00Z,closed,CSE-TELECOM-002-USR-03,TEST-015
ALRT-002064,CSE-FINANCE-002,CSE-FINANCE-002-A003,defence-evasion,medium,2026-08-27T05:23:00Z,2026-08-27T05:42:00Z,closed,CSE-FINANCE-002-USR-04,TEST-016
ALRT-002065,CSE-POWER-001,CSE-POWER-001-A003,identity,medium,2026-06-06T15:13:00Z,2026-06-06T15:57:00Z,closed,CSE-POWER-001-USR-05,TEST-017
ALRT-002066,CSE-TELECOM-001,CSE-TELECOM-001-A007,execution,high,2026-08-22T11:58:00Z,2026-08-22T12:36:00Z,closed,CSE-TELECOM-001-USR-01,TEST-018
ALRT-002067,CSE-FINANCE-001,CSE-FINANCE-001-A010,defence-evasion,medium,2026-07-14T00:50:00Z,2026-07-14T00:58:00Z,closed,CSE-FINANCE-001-USR-02,TEST-019
ALRT-002068,CSE-POWER-002,CSE-POWER-002-A006,identity,medium,2026-06-06T15:02:00Z,2026-06-06T15:25:00Z,closed,CSE-POWER-002-USR-03,TEST-020
ALRT-002069,CSE-TELECOM-002,CSE-TELECOM-002-A007,execution,medium,2026-06-08T17:24:00Z,2026-06-08T18:36:00Z,closed,CSE-TELECOM-002-USR-04,TEST-021
ALRT-002070,CSE-FINANCE-002,CSE-FINANCE-002-A003,defence-evasion,medium,2026-06-23T03:00:00Z,2026-06-23T03:49:00Z,closed,CSE-FINANCE-002-USR-05,TEST-022
ALRT-002071,CSE-POWER-001,CSE-POWER-001-A004,identity,high,2026-06-14T13:04:00Z,2026-06-14T13:23:00Z,closed,CSE-POWER-001-USR-01,TEST-000
ALRT-002072,CSE-TELECOM-001,CSE-TELECOM-001-A008,execution,medium,2026-08-01T13:54:00Z,2026-08-01T15:07:00Z,closed,CSE-TELECOM-001-USR-02,TEST-001
ALRT-002073,CSE-FINANCE-001,CSE-FINANCE-001-A008,defence-evasion,medium,2026-06-20T19:51:00Z,2026-06-20T19:56:00Z,closed,CSE-FINANCE-001-USR-03,TEST-002
ALRT-002074,CSE-POWER-002,CSE-POWER-002-A005,identity,medium,2026-08-02T15:57:00Z,2026-08-02T16:34:00Z,closed,CSE-POWER-002-USR-04,TEST-003
ALRT-002075,CSE-TELECOM-002,CSE-TELECOM-002-A003,execution,critical,2026-07-14T21:34:00Z,2026-07-14T22:25:00Z,closed,CSE-TELECOM-002-USR-05,TEST-004
ALRT-002076,CSE-FINANCE-002,CSE-FINANCE-002-A010,defence-evasion,high,2026-08-27T22:06:00Z,2026-08-27T23:12:00Z,closed,CSE-FINANCE-002-USR-01,TEST-005
ALRT-002077,CSE-POWER-001,CSE-POWER-001-A008,identity,medium,2026-08-15T06:08:00Z,2026-08-15T06:41:00Z,closed,CSE-POWER-001-USR-02,TEST-006
ALRT-002078,CSE-TELECOM-001,CSE-TELECOM-001-A009,execution,medium,2026-06-19T04:14:00Z,2026-06-19T04:29:00Z,closed,CSE-TELECOM-001-USR-03,TEST-007
ALRT-002079,CSE-FINANCE-001,CSE-FINANCE-001-A002,defence-evasion,medium,2026-07-24T09:56:00Z,2026-07-24T10:14:00Z,closed,CSE-FINANCE-001-USR-04,TEST-008
ALRT-002080,CSE-POWER-002,CSE-POWER-002-A004,identity,medium,2026-07-01T08:11:00Z,2026-07-01T08:54:00Z,closed,CSE-POWER-002-USR-05,TEST-009
ALRT-002081,CSE-TELECOM-002,CSE-TELECOM-002-A006,execution,high,2026-08-01T21:37:00Z,2026-08-01T22:48:00Z,closed,CSE-TELECOM-002-USR-01,TEST-010
ALRT-002082,CSE-FINANCE-002,CSE-FINANCE-002-A009,defence-evasion,medium,2026-08-15T08:48:00Z,2026-08-15T09:09:00Z,closed,CSE-FINANCE-002-USR-02,TEST-011
ALRT-002083,CSE-POWER-001,CSE-POWER-001-A006,identity,medium,2026-07-27T11:42:00Z,2026-07-27T12:05:00Z,closed,CSE-POWER-001-USR-03,TEST-012
ALRT-002084,CSE-TELECOM-001,CSE-TELECOM-001-A010,execution,medium,2026-06-07T23:57:00Z,2026-06-08T00:51:00Z,closed,CSE-TELECOM-001-USR-04,TEST-013
ALRT-002085,CSE-FINANCE-001,CSE-FINANCE-001-A001,defence-evasion,medium,2026-06-28T05:00:00Z,2026-06-28T05:23:00Z,closed,CSE-FINANCE-001-USR-05,TEST-014
ALRT-002086,CSE-POWER-002,CSE-POWER-002-A001,identity,high,2026-07-03T05:25:00Z,2026-07-03T06:11:00Z,closed,CSE-POWER-002-USR-01,TEST-015
ALRT-002087,CSE-TELECOM-002,CSE-TELECOM-002-A001,execution,medium,2026-08-15T15:30:00Z,2026-08-15T16:19:00Z,closed,CSE-TELECOM-002-USR-02,TEST-016
ALRT-002088,CSE-FINANCE-002,CSE-FINANCE-002-A004,defence-evasion,medium,2026-08-22T18:25:00Z,2026-08-22T19:27:00Z,closed,CSE-FINANCE-002-USR-03,TEST-017
ALRT-002089,CSE-POWER-001,CSE-POWER-001-A004,identity,medium,2026-07-31T19:16:00Z,2026-07-31T20:30:00Z,closed,CSE-POWER-001-USR-04,TEST-018
ALRT-002090,CSE-TELECOM-001,CSE-TELECOM-001-A008,execution,medium,2026-06-18T23:17:00Z,2026-06-19T00:27:00Z,closed,CSE-TELECOM-001-USR-05,TEST-019
ALRT-002091,CSE-FINANCE-001,CSE-FINANCE-001-A006,defence-evasion,high,2026-07-16T05:16:00Z,2026-07-16T06:04:00Z,closed,CSE-FINANCE-001-USR-01,TEST-020
ALRT-002092,CSE-POWER-002,CSE-POWER-002-A008,identity,critical,2026-08-12T14:42:00Z,2026-08-12T14:59:00Z,closed,CSE-POWER-002-USR-02,TEST-021
ALRT-002093,CSE-TELECOM-002,CSE-TELECOM-002-A006,execution,medium,2026-08-08T08:04:00Z,2026-08-08T08:55:00Z,closed,CSE-TELECOM-002-USR-03,TEST-022
ALRT-002094,CSE-FINANCE-002,CSE-FINANCE-002-A007,defence-evasion,medium,2026-08-24T00:34:00Z,2026-08-24T00:55:00Z,closed,CSE-FINANCE-002-USR-04,TEST-000
ALRT-002095,CSE-POWER-001,CSE-POWER-001-A002,identity,medium,2026-07-02T14:53:00Z,2026-07-02T15:12:00Z,closed,CSE-POWER-001-USR-05,TEST-001
ALRT-002096,CSE-TELECOM-001,CSE-TELECOM-001-A002,execution,high,2026-08-12T22:18:00Z,2026-08-12T22:39:00Z,closed,CSE-TELECOM-001-USR-01,TEST-002
ALRT-002097,CSE-FINANCE-001,CSE-FINANCE-001-A006,defence-evasion,medium,2026-07-12T14:27:00Z,2026-07-12T15:42:00Z,closed,CSE-FINANCE-001-USR-02,TEST-003
ALRT-002098,CSE-POWER-002,CSE-POWER-002-A002,identity,medium,2026-08-06T05:25:00Z,2026-08-06T06:35:00Z,closed,CSE-POWER-002-USR-03,TEST-004
ALRT-002099,CSE-TELECOM-002,CSE-TELECOM-002-A004,execution,medium,2026-06-21T21:14:00Z,2026-06-21T21:21:00Z,closed,CSE-TELECOM-002-USR-04,TEST-005
ALRT-002100,CSE-FINANCE-002,CSE-FINANCE-002-A004,defence-evasion,medium,2026-07-18T16:38:00Z,2026-07-18T17:02:00Z,closed,CSE-FINANCE-002-USR-05,TEST-006
ALRT-002101,CSE-POWER-001,CSE-POWER-001-A010,identity,high,2026-08-09T16:03:00Z,2026-08-09T17:16:00Z,closed,CSE-POWER-001-USR-01,TEST-007
ALRT-002102,CSE-TELECOM-001,CSE-TELECOM-001-A006,execution,medium,2026-08-11T07:44:00Z,2026-08-11T08:56:00Z,closed,CSE-TELECOM-001-USR-02,TEST-008
ALRT-002103,CSE-FINANCE-001,CSE-FINANCE-001-A003,defence-evasion,medium,2026-07-20T05:06:00Z,2026-07-20T05:32:00Z,closed,CSE-FINANCE-001-USR-03,TEST-009
ALRT-002104,CSE-POWER-002,CSE-POWER-002-A010,identity,medium,2026-07-01T22:09:00Z,2026-07-01T23:23:00Z,closed,CSE-POWER-002-USR-04,TEST-010
ALRT-002105,CSE-TELECOM-002,CSE-TELECOM-002-A010,execution,medium,2026-07-27T06:17:00Z,2026-07-27T06:28:00Z,closed,CSE-TELECOM-002-USR-05,TEST-011
ALRT-002106,CSE-FINANCE-002,CSE-FINANCE-002-A007,defence-evasion,high,2026-07-10T12:57:00Z,2026-07-10T14:08:00Z,closed,CSE-FINANCE-002-USR-01,TEST-012
ALRT-002107,CSE-POWER-001,CSE-POWER-001-A007,identity,medium,2026-08-02T14:20:00Z,2026-08-02T14:42:00Z,closed,CSE-POWER-001-USR-02,TEST-013
ALRT-002108,CSE-TELECOM-001,CSE-TELECOM-001-A005,execution,medium,2026-06-03T02:16:00Z,2026-06-03T03:32:00Z,closed,CSE-TELECOM-001-USR-03,TEST-014
ALRT-002109,CSE-FINANCE-001,CSE-FINANCE-001-A005,defence-evasion,critical,2026-06-29T23:39:00Z,2026-06-29T23:52:00Z,closed,CSE-FINANCE-001-USR-04,TEST-015
ALRT-002110,CSE-POWER-002,CSE-POWER-002-A001,identity,medium,2026-07-25T04:09:00Z,2026-07-25T05:15:00Z,closed,CSE-POWER-002-USR-05,TEST-016
ALRT-002111,CSE-TELECOM-002,CSE-TELECOM-002-A003,execution,high,2026-07-04T12:50:00Z,2026-07-04T13:15:00Z,closed,CSE-TELECOM-002-USR-01,TEST-017
ALRT-002112,CSE-FINANCE-002,CSE-FINANCE-002-A007,defence-evasion,medium,2026-07-23T18:12:00Z,2026-07-23T18:48:00Z,closed,CSE-FINANCE-002-USR-02,TEST-018
ALRT-002113,CSE-POWER-001,CSE-POWER-001-A006,identity,medium,2026-06-12T07:17:00Z,2026-06-12T07:39:00Z,closed,CSE-POWER-001-USR-03,TEST-019
ALRT-002114,CSE-TELECOM-001,CSE-TELECOM-001-A007,execution,medium,2026-06-18T23:47:00Z,2026-06-19T01:06:00Z,closed,CSE-TELECOM-001-USR-04,TEST-020
ALRT-002115,CSE-FINANCE-001,CSE-FINANCE-001-A003,defence-evasion,medium,2026-06-29T14:09:00Z,2026-06-29T14:49:00Z,closed,CSE-FINANCE-001-USR-05,TEST-021
ALRT-002116,CSE-POWER-002,CSE-POWER-002-A006,identity,high,2026-06-04T20:07:00Z,2026-06-04T21:18:00Z,closed,CSE-POWER-002-USR-01,TEST-022
ALRT-002117,CSE-TELECOM-002,CSE-TELECOM-002-A005,execution,medium,2026-08-09T03:49:00Z,2026-08-09T04:54:00Z,closed,CSE-TELECOM-002-USR-02,TEST-000
ALRT-002118,CSE-FINANCE-002,CSE-FINANCE-002-A004,defence-evasion,medium,2026-08-26T14:19:00Z,2026-08-26T14:39:00Z,closed,CSE-FINANCE-002-USR-03,TEST-001
ALRT-002119,CSE-POWER-001,CSE-POWER-001-A009,identity,medium,2026-08-20T14:09:00Z,2026-08-20T14:23:00Z,closed,CSE-POWER-001-USR-04,TEST-002
ALRT-002120,CSE-TELECOM-001,CSE-TELECOM-001-A006,execution,medium,2026-07-07T01:24:00Z,2026-07-07T02:01:00Z,closed,CSE-TELECOM-001-USR-05,TEST-003
ALRT-002121,CSE-FINANCE-001,CSE-FINANCE-001-A002,defence-evasion,high,2026-08-22T14:27:00Z,2026-08-22T15:46:00Z,closed,CSE-FINANCE-001-USR-01,TEST-004
ALRT-002122,CSE-POWER-002,CSE-POWER-002-A003,identity,medium,2026-08-30T15:48:00Z,2026-08-30T16:30:00Z,closed,CSE-POWER-002-USR-02,TEST-005
ALRT-002123,CSE-TELECOM-002,CSE-TELECOM-002-A004,execution,medium,2026-08-08T03:05:00Z,2026-08-08T03:56:00Z,closed,CSE-TELECOM-002-USR-03,TEST-006
ALRT-002124,CSE-FINANCE-002,CSE-FINANCE-002-A004,defence-evasion,medium,2026-08-27T15:53:00Z,2026-08-27T16:53:00Z,closed,CSE-FINANCE-002-USR-04,TEST-007
ALRT-002125,CSE-POWER-001,CSE-POWER-001-A007,identity,medium,2026-06-10T20:06:00Z,2026-06-10T20:46:00Z,closed,CSE-POWER-001-USR-05,TEST-008
ALRT-002126,CSE-TELECOM-001,CSE-TELECOM-001-A005,execution,critical,2026-07-05T20:32:00Z,2026-07-05T21:19:00Z,closed,CSE-TELECOM-001-USR-01,TEST-009
ALRT-002127,CSE-FINANCE-001,CSE-FINANCE-001-A007,defence-evasion,medium,2026-08-27T08:22:00Z,2026-08-27T08:37:00Z,closed,CSE-FINANCE-001-USR-02,TEST-010
ALRT-002128,CSE-POWER-002,CSE-POWER-002-A001,identity,medium,2026-06-15T22:51:00Z,2026-06-15T23:58:00Z,closed,CSE-POWER-002-USR-03,TEST-011
ALRT-002129,CSE-TELECOM-002,CSE-TELECOM-002-A004,execution,medium,2026-08-16T15:14:00Z,2026-08-16T16:14:00Z,closed,CSE-TELECOM-002-USR-04,TEST-012
ALRT-002130,CSE-FINANCE-002,CSE-FINANCE-002-A005,defence-evasion,medium,2026-06-16T22:31:00Z,2026-06-16T23:47:00Z,closed,CSE-FINANCE-002-USR-05,TEST-013
ALRT-002131,CSE-POWER-001,CSE-POWER-001-A010,identity,high,2026-08-14T12:38:00Z,2026-08-14T13:49:00Z,closed,CSE-POWER-001-USR-01,TEST-014
ALRT-002132,CSE-TELECOM-001,CSE-TELECOM-001-A007,execution,medium,2026-06-08T19:06:00Z,2026-06-08T19:23:00Z,closed,CSE-TELECOM-001-USR-02,TEST-015
ALRT-002133,CSE-FINANCE-001,CSE-FINANCE-001-A010,defence-evasion,medium,2026-06-15T03:48:00Z,2026-06-15T04:23:00Z,closed,CSE-FINANCE-001-USR-03,TEST-016
ALRT-002134,CSE-POWER-002,CSE-POWER-002-A006,identity,medium,2026-08-16T21:45:00Z,2026-08-16T22:43:00Z,closed,CSE-POWER-002-USR-04,TEST-017
ALRT-002135,CSE-TELECOM-002,CSE-TELECOM-002-A007,execution,medium,2026-06-08T11:41:00Z,2026-06-08T12:42:00Z,closed,CSE-TELECOM-002-USR-05,TEST-018
ALRT-002136,CSE-FINANCE-002,CSE-FINANCE-002-A008,defence-evasion,high,2026-08-15T16:02:00Z,2026-08-15T16:58:00Z,closed,CSE-FINANCE-002-USR-01,TEST-019
ALRT-002137,CSE-POWER-001,CSE-POWER-001-A007,identity,medium,2026-08-27T00:13:00Z,2026-08-27T01:30:00Z,closed,CSE-POWER-001-USR-02,TEST-020
ALRT-002138,CSE-TELECOM-001,CSE-TELECOM-001-A003,execution,medium,2026-06-06T20:21:00Z,2026-06-06T20:38:00Z,closed,CSE-TELECOM-001-USR-03,TEST-021
ALRT-002139,CSE-FINANCE-001,CSE-FINANCE-001-A005,defence-evasion,medium,2026-07-25T00:46:00Z,2026-07-25T01:49:00Z,closed,CSE-FINANCE-001-USR-04,TEST-022
ALRT-002140,CSE-POWER-002,CSE-POWER-002-A005,identity,medium,2026-07-18T21:22:00Z,2026-07-18T22:12:00Z,closed,CSE-POWER-002-USR-05,TEST-000
ALRT-002141,CSE-TELECOM-002,CSE-TELECOM-002-A004,execution,high,2026-07-08T14:50:00Z,2026-07-08T15:01:00Z,closed,CSE-TELECOM-002-USR-01,TEST-001
ALRT-002142,CSE-FINANCE-002,CSE-FINANCE-002-A006,defence-evasion,medium,2026-07-31T22:40:00Z,2026-07-31T23:18:00Z,closed,CSE-FINANCE-002-USR-02,TEST-002
ALRT-002143,CSE-POWER-001,CSE-POWER-001-A003,identity,critical,2026-06-29T17:49:00Z,2026-06-29T19:04:00Z,closed,CSE-POWER-001-USR-03,TEST-003
ALRT-002144,CSE-TELECOM-001,CSE-TELECOM-001-A006,execution,medium,2026-07-24T11:49:00Z,2026-07-24T12:16:00Z,closed,CSE-TELECOM-001-USR-04,TEST-004
ALRT-002145,CSE-FINANCE-001,CSE-FINANCE-001-A008,defence-evasion,medium,2026-06-14T10:22:00Z,2026-06-14T11:35:00Z,closed,CSE-FINANCE-001-USR-05,TEST-005
ALRT-002146,CSE-POWER-002,CSE-POWER-002-A004,identity,high,2026-07-13T09:06:00Z,2026-07-13T09:22:00Z,closed,CSE-POWER-002-USR-01,TEST-006
ALRT-002147,CSE-TELECOM-002,CSE-TELECOM-002-A007,execution,medium,2026-07-13T19:31:00Z,2026-07-13T19:59:00Z,closed,CSE-TELECOM-002-USR-02,TEST-007
ALRT-002148,CSE-FINANCE-002,CSE-FINANCE-002-A007,defence-evasion,medium,2026-06-28T08:54:00Z,2026-06-28T10:01:00Z,closed,CSE-FINANCE-002-USR-03,TEST-008
ALRT-002149,CSE-POWER-001,CSE-POWER-001-A006,identity,medium,2026-07-16T14:57:00Z,2026-07-16T15:48:00Z,closed,CSE-POWER-001-USR-04,TEST-009
ALRT-002150,CSE-TELECOM-001,CSE-TELECOM-001-A003,execution,medium,2026-06-24T10:01:00Z,2026-06-24T10:20:00Z,closed,CSE-TELECOM-001-USR-05,TEST-010
ALRT-002151,CSE-FINANCE-001,CSE-FINANCE-001-A004,defence-evasion,high,2026-08-16T09:58:00Z,2026-08-16T11:07:00Z,closed,CSE-FINANCE-001-USR-01,TEST-011
ALRT-002152,CSE-POWER-002,CSE-POWER-002-A009,identity,medium,2026-07-10T17:34:00Z,2026-07-10T18:01:00Z,closed,CSE-POWER-002-USR-02,TEST-012
ALRT-002153,CSE-TELECOM-002,CSE-TELECOM-002-A007,execution,medium,2026-08-21T22:04:00Z,2026-08-21T22:34:00Z,closed,CSE-TELECOM-002-USR-03,TEST-013
ALRT-002154,CSE-FINANCE-002,CSE-FINANCE-002-A002,defence-evasion,medium,2026-06-14T22:38:00Z,2026-06-14T23:34:00Z,closed,CSE-FINANCE-002-USR-04,TEST-014
ALRT-002155,CSE-POWER-001,CSE-POWER-001-A005,identity,medium,2026-06-21T22:21:00Z,2026-06-21T23:34:00Z,closed,CSE-POWER-001-USR-05,TEST-015
ALRT-002156,CSE-TELECOM-001,CSE-TELECOM-001-A006,execution,high,2026-07-23T04:58:00Z,2026-07-23T05:52:00Z,closed,CSE-TELECOM-001-USR-01,TEST-016
ALRT-002157,CSE-FINANCE-001,CSE-FINANCE-001-A002,defence-evasion,medium,2026-07-10T19:36:00Z,2026-07-10T19:51:00Z,closed,CSE-FINANCE-001-USR-02,TEST-017
ALRT-002158,CSE-POWER-002,CSE-POWER-002-A006,identity,medium,2026-07-01T14:52:00Z,2026-07-01T15:02:00Z,closed,CSE-POWER-002-USR-03,TEST-018
ALRT-002159,CSE-TELECOM-002,CSE-TELECOM-002-A004,execution,medium,2026-08-12T04:42:00Z,2026-08-12T05:22:00Z,closed,CSE-TELECOM-002-USR-04,TEST-019
ALRT-002160,CSE-FINANCE-002,CSE-FINANCE-002-A001,defence-evasion,critical,2026-08-05T07:53:00Z,2026-08-05T08:26:00Z,closed,CSE-FINANCE-002-USR-05,TEST-020
ALRT-002161,CSE-POWER-001,CSE-POWER-001-A004,identity,high,2026-07-01T14:41:00Z,2026-07-01T15:13:00Z,closed,CSE-POWER-001-USR-01,TEST-021
ALRT-002162,CSE-TELECOM-001,CSE-TELECOM-001-A003,execution,medium,2026-06-04T09:15:00Z,2026-06-04T09:22:00Z,closed,CSE-TELECOM-001-USR-02,TEST-022
ALRT-002163,CSE-FINANCE-001,CSE-FINANCE-001-A010,defence-evasion,medium,2026-08-03T14:26:00Z,2026-08-03T15:42:00Z,closed,CSE-FINANCE-001-USR-03,TEST-000
ALRT-002164,CSE-POWER-002,CSE-POWER-002-A009,identity,medium,2026-08-14T06:26:00Z,2026-08-14T06:54:00Z,closed,CSE-POWER-002-USR-04,TEST-001
ALRT-002165,CSE-TELECOM-002,CSE-TELECOM-002-A009,execution,medium,2026-08-16T12:40:00Z,2026-08-16T13:58:00Z,closed,CSE-TELECOM-002-USR-05,TEST-002
ALRT-002166,CSE-FINANCE-002,CSE-FINANCE-002-A007,defence-evasion,high,2026-07-06T22:50:00Z,2026-07-06T23:41:00Z,closed,CSE-FINANCE-002-USR-01,TEST-003
ALRT-002167,CSE-POWER-001,CSE-POWER-001-A005,identity,medium,2026-07-28T11:23:00Z,2026-07-28T11:58:00Z,closed,CSE-POWER-001-USR-02,TEST-004
ALRT-002168,CSE-TELECOM-001,CSE-TELECOM-001-A006,execution,medium,2026-08-11T11:04:00Z,2026-08-11T11:26:00Z,closed,CSE-TELECOM-001-USR-03,TEST-005
ALRT-002169,CSE-FINANCE-001,CSE-FINANCE-001-A006,defence-evasion,medium,2026-08-31T07:50:00Z,2026-08-31T09:03:00Z,closed,CSE-FINANCE-001-USR-04,TEST-006
ALRT-002170,CSE-POWER-002,CSE-POWER-002-A010,identity,medium,2026-06-19T03:58:00Z,2026-06-19T05:07:00Z,closed,CSE-POWER-002-USR-05,TEST-007
ALRT-002171,CSE-TELECOM-002,CSE-TELECOM-002-A008,execution,high,2026-08-10T10:06:00Z,2026-08-10T10:40:00Z,closed,CSE-TELECOM-002-USR-01,TEST-008
ALRT-002172,CSE-FINANCE-002,CSE-FINANCE-002-A006,defence-evasion,medium,2026-08-31T20:35:00Z,2026-08-31T21:08:00Z,closed,CSE-FINANCE-002-USR-02,TEST-009
ALRT-002173,CSE-POWER-001,CSE-POWER-001-A008,identity,medium,2026-07-07T18:53:00Z,2026-07-07T19:04:00Z,closed,CSE-POWER-001-USR-03,TEST-010
ALRT-002174,CSE-TELECOM-001,CSE-TELECOM-001-A008,execution,medium,2026-08-21T14:31:00Z,2026-08-21T15:31:00Z,closed,CSE-TELECOM-001-USR-04,TEST-011
ALRT-002175,CSE-FINANCE-001,CSE-FINANCE-001-A002,defence-evasion,medium,2026-06-24T00:35:00Z,2026-06-24T01:37:00Z,closed,CSE-FINANCE-001-USR-05,TEST-012
ALRT-002176,CSE-POWER-002,CSE-POWER-002-A009,identity,high,2026-08-25T01:57:00Z,2026-08-25T02:46:00Z,closed,CSE-POWER-002-USR-01,TEST-013
ALRT-002177,CSE-TELECOM-002,CSE-TELECOM-002-A008,execution,critical,2026-06-21T02:43:00Z,2026-06-21T03:33:00Z,closed,CSE-TELECOM-002-USR-02,TEST-014
ALRT-002178,CSE-FINANCE-002,CSE-FINANCE-002-A002,defence-evasion,medium,2026-07-08T18:16:00Z,2026-07-08T18:24:00Z,closed,CSE-FINANCE-002-USR-03,TEST-015
ALRT-002179,CSE-POWER-001,CSE-POWER-001-A010,identity,medium,2026-08-04T13:45:00Z,2026-08-04T14:07:00Z,closed,CSE-POWER-001-USR-04,TEST-016
ALRT-002180,CSE-TELECOM-001,CSE-TELECOM-001-A007,execution,medium,2026-06-30T21:28:00Z,2026-06-30T22:12:00Z,closed,CSE-TELECOM-001-USR-05,TEST-017
ALRT-002181,CSE-FINANCE-001,CSE-FINANCE-001-A009,defence-evasion,high,2026-08-31T21:19:00Z,2026-08-31T22:06:00Z,closed,CSE-FINANCE-001-USR-01,TEST-018
ALRT-002182,CSE-POWER-002,CSE-POWER-002-A004,identity,medium,2026-08-14T16:26:00Z,2026-08-14T16:49:00Z,closed,CSE-POWER-002-USR-02,TEST-019
ALRT-002183,CSE-TELECOM-002,CSE-TELECOM-002-A009,execution,medium,2026-08-29T18:20:00Z,2026-08-29T18:25:00Z,closed,CSE-TELECOM-002-USR-03,TEST-020
ALRT-002184,CSE-FINANCE-002,CSE-FINANCE-002-A010,defence-evasion,medium,2026-06-09T22:48:00Z,2026-06-09T23:38:00Z,closed,CSE-FINANCE-002-USR-04,TEST-021
ALRT-002185,CSE-POWER-001,CSE-POWER-001-A010,identity,medium,2026-06-18T02:39:00Z,2026-06-18T02:52:00Z,closed,CSE-POWER-001-USR-05,TEST-022
ALRT-002186,CSE-TELECOM-001,CSE-TELECOM-001-A009,execution,high,2026-07-25T23:10:00Z,2026-07-25T23:39:00Z,closed,CSE-TELECOM-001-USR-01,TEST-000
ALRT-002187,CSE-FINANCE-001,CSE-FINANCE-001-A004,defence-evasion,medium,2026-08-18T05:53:00Z,2026-08-18T06:21:00Z,closed,CSE-FINANCE-001-USR-02,TEST-001
ALRT-002188,CSE-POWER-002,CSE-POWER-002-A001,identity,medium,2026-08-25T15:46:00Z,2026-08-25T16:06:00Z,closed,CSE-POWER-002-USR-03,TEST-002
ALRT-002189,CSE-TELECOM-002,CSE-TELECOM-002-A006,execution,medium,2026-06-14T03:25:00Z,2026-06-14T04:43:00Z,closed,CSE-TELECOM-002-USR-04,TEST-003
ALRT-002190,CSE-FINANCE-002,CSE-FINANCE-002-A007,defence-evasion,medium,2026-07-25T12:44:00Z,2026-07-25T13:49:00Z,closed,CSE-FINANCE-002-USR-05,TEST-004
ALRT-002191,CSE-POWER-001,CSE-POWER-001-A003,identity,high,2026-07-16T05:06:00Z,2026-07-16T05:50:00Z,closed,CSE-POWER-001-USR-01,TEST-005
ALRT-002192,CSE-TELECOM-001,CSE-TELECOM-001-A006,execution,medium,2026-06-25T22:27:00Z,2026-06-25T23:04:00Z,closed,CSE-TELECOM-001-USR-02,TEST-006
ALRT-002193,CSE-FINANCE-001,CSE-FINANCE-001-A008,defence-evasion,medium,2026-06-14T05:16:00Z,2026-06-14T06:12:00Z,closed,CSE-FINANCE-001-USR-03,TEST-007
ALRT-002194,CSE-POWER-002,CSE-POWER-002-A004,identity,critical,2026-07-02T11:41:00Z,2026-07-02T11:56:00Z,closed,CSE-POWER-002-USR-04,TEST-008
ALRT-002195,CSE-TELECOM-002,CSE-TELECOM-002-A006,execution,medium,2026-07-30T03:33:00Z,2026-07-30T04:10:00Z,closed,CSE-TELECOM-002-USR-05,TEST-009
ALRT-002196,CSE-FINANCE-002,CSE-FINANCE-002-A001,defence-evasion,high,2026-08-19T01:35:00Z,2026-08-19T01:47:00Z,closed,CSE-FINANCE-002-USR-01,TEST-010
ALRT-002197,CSE-POWER-001,CSE-POWER-001-A006,identity,medium,2026-06-15T05:00:00Z,2026-06-15T06:12:00Z,closed,CSE-POWER-001-USR-02,TEST-011
ALRT-002198,CSE-TELECOM-001,CSE-TELECOM-001-A001,execution,medium,2026-06-03T10:24:00Z,2026-06-03T11:08:00Z,closed,CSE-TELECOM-001-USR-03,TEST-012
ALRT-002199,CSE-FINANCE-001,CSE-FINANCE-001-A001,defence-evasion,medium,2026-08-14T18:23:00Z,2026-08-14T18:36:00Z,closed,CSE-FINANCE-001-USR-04,TEST-013
ALRT-002200,CSE-POWER-002,CSE-POWER-002-A003,identity,medium,2026-06-27T20:39:00Z,2026-06-27T21:47:00Z,closed,CSE-POWER-002-USR-05,TEST-014
ALRT-002201,CSE-TELECOM-002,CSE-TELECOM-002-A003,execution,high,2026-08-10T06:22:00Z,2026-08-10T06:39:00Z,closed,CSE-TELECOM-002-USR-01,TEST-015
ALRT-002202,CSE-FINANCE-002,CSE-FINANCE-002-A003,defence-evasion,medium,2026-08-18T11:36:00Z,2026-08-18T12:03:00Z,closed,CSE-FINANCE-002-USR-02,TEST-016
ALRT-002203,CSE-POWER-001,CSE-POWER-001-A008,identity,medium,2026-06-25T16:09:00Z,2026-06-25T17:10:00Z,closed,CSE-POWER-001-USR-03,TEST-017
ALRT-002204,CSE-TELECOM-001,CSE-TELECOM-001-A001,execution,medium,2026-08-21T01:59:00Z,2026-08-21T03:12:00Z,closed,CSE-TELECOM-001-USR-04,TEST-018
ALRT-002205,CSE-FINANCE-001,CSE-FINANCE-001-A002,defence-evasion,medium,2026-07-12T09:06:00Z,2026-07-12T09:55:00Z,closed,CSE-FINANCE-001-USR-05,TEST-019
ALRT-002206,CSE-POWER-002,CSE-POWER-002-A003,identity,high,2026-08-17T16:10:00Z,2026-08-17T16:27:00Z,closed,CSE-POWER-002-USR-01,TEST-020
ALRT-002207,CSE-TELECOM-002,CSE-TELECOM-002-A008,execution,medium,2026-06-27T19:09:00Z,2026-06-27T19:57:00Z,closed,CSE-TELECOM-002-USR-02,TEST-021
ALRT-002208,CSE-FINANCE-002,CSE-FINANCE-002-A008,defence-evasion,medium,2026-08-26T17:53:00Z,2026-08-26T18:47:00Z,closed,CSE-FINANCE-002-USR-03,TEST-022
ALRT-002209,CSE-POWER-001,CSE-POWER-001-A008,identity,medium,2026-06-17T21:35:00Z,2026-06-17T21:48:00Z,closed,CSE-POWER-001-USR-04,TEST-000
ALRT-002210,CSE-TELECOM-001,CSE-TELECOM-001-A006,execution,medium,2026-07-04T11:09:00Z,2026-07-04T11:44:00Z,closed,CSE-TELECOM-001-USR-05,TEST-001
ALRT-002211,CSE-FINANCE-001,CSE-FINANCE-001-A008,defence-evasion,critical,2026-06-27T12:02:00Z,2026-06-27T12:52:00Z,closed,CSE-FINANCE-001-USR-01,TEST-002
ALRT-002212,CSE-POWER-002,CSE-POWER-002-A001,identity,medium,2026-08-03T21:45:00Z,2026-08-03T22:02:00Z,closed,CSE-POWER-002-USR-02,TEST-003
ALRT-002213,CSE-TELECOM-002,CSE-TELECOM-002-A009,execution,medium,2026-06-14T21:41:00Z,2026-06-14T22:27:00Z,closed,CSE-TELECOM-002-USR-03,TEST-004
ALRT-002214,CSE-FINANCE-002,CSE-FINANCE-002-A009,defence-evasion,medium,2026-08-14T18:44:00Z,2026-08-14T19:57:00Z,closed,CSE-FINANCE-002-USR-04,TEST-005
ALRT-002215,CSE-POWER-001,CSE-POWER-001-A009,identity,medium,2026-07-23T17:41:00Z,2026-07-23T18:11:00Z,closed,CSE-POWER-001-USR-05,TEST-006
ALRT-002216,CSE-TELECOM-001,CSE-TELECOM-001-A005,execution,high,2026-07-14T04:28:00Z,2026-07-14T04:58:00Z,closed,CSE-TELECOM-001-USR-01,TEST-007
ALRT-002217,CSE-FINANCE-001,CSE-FINANCE-001-A005,defence-evasion,medium,2026-08-22T13:25:00Z,2026-08-22T14:25:00Z,closed,CSE-FINANCE-001-USR-02,TEST-008
ALRT-002218,CSE-POWER-002,CSE-POWER-002-A007,identity,medium,2026-06-13T15:01:00Z,2026-06-13T16:08:00Z,closed,CSE-POWER-002-USR-03,TEST-009
ALRT-002219,CSE-TELECOM-002,CSE-TELECOM-002-A002,execution,medium,2026-07-14T17:30:00Z,2026-07-14T18:24:00Z,closed,CSE-TELECOM-002-USR-04,TEST-010
ALRT-002220,CSE-FINANCE-002,CSE-FINANCE-002-A005,defence-evasion,medium,2026-08-05T09:49:00Z,2026-08-05T10:01:00Z,closed,CSE-FINANCE-002-USR-05,TEST-011
ALRT-002221,CSE-POWER-001,CSE-POWER-001-A009,identity,high,2026-06-08T06:05:00Z,2026-06-08T06:49:00Z,closed,CSE-POWER-001-USR-01,TEST-012
ALRT-002222,CSE-TELECOM-001,CSE-TELECOM-001-A010,execution,medium,2026-08-15T17:11:00Z,2026-08-15T17:56:00Z,closed,CSE-TELECOM-001-USR-02,TEST-013
ALRT-002223,CSE-FINANCE-001,CSE-FINANCE-001-A001,defence-evasion,medium,2026-08-10T00:03:00Z,2026-08-10T00:46:00Z,closed,CSE-FINANCE-001-USR-03,TEST-014
ALRT-002224,CSE-POWER-002,CSE-POWER-002-A007,identity,medium,2026-06-27T11:34:00Z,2026-06-27T11:45:00Z,closed,CSE-POWER-002-USR-04,TEST-015
ALRT-002225,CSE-TELECOM-002,CSE-TELECOM-002-A007,execution,medium,2026-08-07T16:54:00Z,2026-08-07T17:21:00Z,closed,CSE-TELECOM-002-USR-05,TEST-016
ALRT-002226,CSE-FINANCE-002,CSE-FINANCE-002-A009,defence-evasion,high,2026-07-20T21:44:00Z,2026-07-20T21:54:00Z,closed,CSE-FINANCE-002-USR-01,TEST-017
ALRT-002227,CSE-POWER-001,CSE-POWER-001-A004,identity,medium,2026-06-15T14:11:00Z,2026-06-15T14:44:00Z,closed,CSE-POWER-001-USR-02,TEST-018
ALRT-002228,CSE-TELECOM-001,CSE-TELECOM-001-A006,execution,critical,2026-06-12T22:13:00Z,2026-06-12T23:21:00Z,closed,CSE-TELECOM-001-USR-03,TEST-019
ALRT-002229,CSE-FINANCE-001,CSE-FINANCE-001-A004,defence-evasion,medium,2026-08-15T20:39:00Z,2026-08-15T20:45:00Z,closed,CSE-FINANCE-001-USR-04,TEST-020
ALRT-002230,CSE-POWER-002,CSE-POWER-002-A001,identity,medium,2026-07-21T06:57:00Z,2026-07-21T07:16:00Z,closed,CSE-POWER-002-USR-05,TEST-021
ALRT-002231,CSE-TELECOM-002,CSE-TELECOM-002-A005,execution,high,2026-06-03T07:42:00Z,2026-06-03T08:29:00Z,closed,CSE-TELECOM-002-USR-01,TEST-022
ALRT-002232,CSE-FINANCE-002,CSE-FINANCE-002-A003,defence-evasion,medium,2026-07-22T07:23:00Z,2026-07-22T08:19:00Z,closed,CSE-FINANCE-002-USR-02,TEST-000
ALRT-002233,CSE-POWER-001,CSE-POWER-001-A001,identity,medium,2026-06-22T04:38:00Z,2026-06-22T05:14:00Z,closed,CSE-POWER-001-USR-03,TEST-001
ALRT-002234,CSE-TELECOM-001,CSE-TELECOM-001-A010,execution,medium,2026-08-27T08:56:00Z,2026-08-27T09:55:00Z,closed,CSE-TELECOM-001-USR-04,TEST-002
ALRT-002235,CSE-FINANCE-001,CSE-FINANCE-001-A010,defence-evasion,medium,2026-08-22T09:13:00Z,2026-08-22T09:52:00Z,closed,CSE-FINANCE-001-USR-05,TEST-003
ALRT-002236,CSE-POWER-002,CSE-POWER-002-A007,identity,high,2026-08-30T00:26:00Z,2026-08-30T01:23:00Z,closed,CSE-POWER-002-USR-01,TEST-004
ALRT-002237,CSE-TELECOM-002,CSE-TELECOM-002-A007,execution,medium,2026-07-08T06:52:00Z,2026-07-08T07:59:00Z,closed,CSE-TELECOM-002-USR-02,TEST-005
ALRT-002238,CSE-FINANCE-002,CSE-FINANCE-002-A005,defence-evasion,medium,2026-08-18T00:40:00Z,2026-08-18T01:35:00Z,closed,CSE-FINANCE-002-USR-03,TEST-006
ALRT-002239,CSE-POWER-001,CSE-POWER-001-A001,identity,medium,2026-08-31T14:08:00Z,2026-08-31T14:41:00Z,closed,CSE-POWER-001-USR-04,TEST-007
ALRT-002240,CSE-TELECOM-001,CSE-TELECOM-001-A002,execution,medium,2026-08-23T03:07:00Z,2026-08-23T03:32:00Z,closed,CSE-TELECOM-001-USR-05,TEST-008
ALRT-002241,CSE-FINANCE-001,CSE-FINANCE-001-A008,defence-evasion,high,2026-06-11T05:34:00Z,2026-06-11T06:20:00Z,closed,CSE-FINANCE-001-USR-01,TEST-009
ALRT-002242,CSE-POWER-002,CSE-POWER-002-A003,identity,medium,2026-07-05T21:45:00Z,2026-07-05T22:40:00Z,closed,CSE-POWER-002-USR-02,TEST-010
ALRT-002243,CSE-TELECOM-002,CSE-TELECOM-002-A005,execution,medium,2026-08-10T09:18:00Z,2026-08-10T10:35:00Z,closed,CSE-TELECOM-002-USR-03,TEST-011
ALRT-002244,CSE-FINANCE-002,CSE-FINANCE-002-A005,defence-evasion,medium,2026-06-16T03:25:00Z,2026-06-16T03:55:00Z,closed,CSE-FINANCE-002-USR-04,TEST-012
ALRT-002245,CSE-POWER-001,CSE-POWER-001-A002,identity,critical,2026-08-13T15:12:00Z,2026-08-13T15:33:00Z,closed,CSE-POWER-001-USR-05,TEST-013
ALRT-002246,CSE-TELECOM-001,CSE-TELECOM-001-A009,execution,high,2026-06-07T15:30:00Z,2026-06-07T15:48:00Z,closed,CSE-TELECOM-001-USR-01,TEST-014
ALRT-002247,CSE-FINANCE-001,CSE-FINANCE-001-A002,defence-evasion,medium,2026-07-02T01:53:00Z,2026-07-02T02:47:00Z,closed,CSE-FINANCE-001-USR-02,TEST-015
ALRT-002248,CSE-POWER-002,CSE-POWER-002-A003,identity,medium,2026-06-13T22:51:00Z,2026-06-13T23:04:00Z,closed,CSE-POWER-002-USR-03,TEST-016
ALRT-002249,CSE-TELECOM-002,CSE-TELECOM-002-A004,execution,medium,2026-07-28T19:23:00Z,2026-07-28T20:24:00Z,closed,CSE-TELECOM-002-USR-04,TEST-017
ALRT-002250,CSE-FINANCE-002,CSE-FINANCE-002-A003,defence-evasion,medium,2026-07-29T19:49:00Z,2026-07-29T19:59:00Z,closed,CSE-FINANCE-002-USR-05,TEST-018
ALRT-002251,CSE-POWER-001,CSE-POWER-001-A009,identity,high,2026-06-27T06:46:00Z,2026-06-27T07:31:00Z,closed,CSE-POWER-001-USR-01,TEST-019
ALRT-002252,CSE-TELECOM-001,CSE-TELECOM-001-A001,execution,medium,2026-08-14T00:09:00Z,2026-08-14T00:57:00Z,closed,CSE-TELECOM-001-USR-02,TEST-020
ALRT-002253,CSE-FINANCE-001,CSE-FINANCE-001-A005,defence-evasion,medium,2026-06-25T11:29:00Z,2026-06-25T11:59:00Z,closed,CSE-FINANCE-001-USR-03,TEST-021
ALRT-002254,CSE-POWER-002,CSE-POWER-002-A001,identity,medium,2026-07-23T12:09:00Z,2026-07-23T12:51:00Z,closed,CSE-POWER-002-USR-04,TEST-022
ALRT-002255,CSE-TELECOM-002,CSE-TELECOM-002-A009,execution,medium,2026-06-11T07:11:00Z,2026-06-11T07:40:00Z,closed,CSE-TELECOM-002-USR-05,TEST-000
ALRT-002256,CSE-FINANCE-002,CSE-FINANCE-002-A006,defence-evasion,high,2026-08-26T23:28:00Z,2026-08-26T23:36:00Z,closed,CSE-FINANCE-002-USR-01,TEST-001
ALRT-002257,CSE-POWER-001,CSE-POWER-001-A008,identity,medium,2026-06-11T07:38:00Z,2026-06-11T08:50:00Z,closed,CSE-POWER-001-USR-02,TEST-002
ALRT-002258,CSE-TELECOM-001,CSE-TELECOM-001-A005,execution,medium,2026-08-13T05:09:00Z,2026-08-13T06:24:00Z,closed,CSE-TELECOM-001-USR-03,TEST-003
ALRT-002259,CSE-FINANCE-001,CSE-FINANCE-001-A006,defence-evasion,medium,2026-06-10T03:43:00Z,2026-06-10T03:56:00Z,closed,CSE-FINANCE-001-USR-04,TEST-004
ALRT-002260,CSE-POWER-002,CSE-POWER-002-A007,identity,medium,2026-08-08T17:01:00Z,2026-08-08T17:27:00Z,closed,CSE-POWER-002-USR-05,TEST-005
ALRT-002261,CSE-TELECOM-002,CSE-TELECOM-002-A006,execution,high,2026-07-20T01:09:00Z,2026-07-20T01:27:00Z,closed,CSE-TELECOM-002-USR-01,TEST-006
ALRT-002262,CSE-FINANCE-002,CSE-FINANCE-002-A004,defence-evasion,critical,2026-06-03T12:00:00Z,2026-06-03T13:17:00Z,closed,CSE-FINANCE-002-USR-02,TEST-007
ALRT-002263,CSE-POWER-001,CSE-POWER-001-A001,identity,medium,2026-07-22T18:07:00Z,2026-07-22T18:40:00Z,closed,CSE-POWER-001-USR-03,TEST-008
ALRT-002264,CSE-TELECOM-001,CSE-TELECOM-001-A001,execution,medium,2026-08-14T17:04:00Z,2026-08-14T17:11:00Z,closed,CSE-TELECOM-001-USR-04,TEST-009
ALRT-002265,CSE-FINANCE-001,CSE-FINANCE-001-A008,defence-evasion,medium,2026-08-15T20:24:00Z,2026-08-15T21:05:00Z,closed,CSE-FINANCE-001-USR-05,TEST-010
ALRT-002266,CSE-POWER-002,CSE-POWER-002-A010,identity,high,2026-07-22T14:58:00Z,2026-07-22T15:33:00Z,closed,CSE-POWER-002-USR-01,TEST-011
ALRT-002267,CSE-TELECOM-002,CSE-TELECOM-002-A008,execution,medium,2026-08-20T08:22:00Z,2026-08-20T09:25:00Z,closed,CSE-TELECOM-002-USR-02,TEST-012
ALRT-002268,CSE-FINANCE-002,CSE-FINANCE-002-A008,defence-evasion,medium,2026-06-22T14:34:00Z,2026-06-22T15:25:00Z,closed,CSE-FINANCE-002-USR-03,TEST-013
ALRT-002269,CSE-POWER-001,CSE-POWER-001-A004,identity,medium,2026-06-21T09:40:00Z,2026-06-21T10:07:00Z,closed,CSE-POWER-001-USR-04,TEST-014
ALRT-002270,CSE-TELECOM-001,CSE-TELECOM-001-A007,execution,medium,2026-07-05T05:23:00Z,2026-07-05T05:30:00Z,closed,CSE-TELECOM-001-USR-05,TEST-015
ALRT-002271,CSE-FINANCE-001,CSE-FINANCE-001-A007,defence-evasion,high,2026-07-11T04:02:00Z,2026-07-11T05:05:00Z,closed,CSE-FINANCE-001-USR-01,TEST-016
ALRT-002272,CSE-POWER-002,CSE-POWER-002-A007,identity,medium,2026-08-11T07:25:00Z,2026-08-11T07:46:00Z,closed,CSE-POWER-002-USR-02,TEST-017
ALRT-002273,CSE-TELECOM-002,CSE-TELECOM-002-A006,execution,medium,2026-06-29T12:26:00Z,2026-06-29T13:24:00Z,closed,CSE-TELECOM-002-USR-03,TEST-018
ALRT-002274,CSE-FINANCE-002,CSE-FINANCE-002-A008,defence-evasion,medium,2026-07-30T14:24:00Z,2026-07-30T15:28:00Z,closed,CSE-FINANCE-002-USR-04,TEST-019
ALRT-002275,CSE-POWER-001,CSE-POWER-001-A006,identity,medium,2026-07-16T10:42:00Z,2026-07-16T11:38:00Z,closed,CSE-POWER-001-USR-05,TEST-020
ALRT-002276,CSE-TELECOM-001,CSE-TELECOM-001-A003,execution,high,2026-08-09T06:15:00Z,2026-08-09T06:47:00Z,closed,CSE-TELECOM-001-USR-01,TEST-021
ALRT-002277,CSE-FINANCE-001,CSE-FINANCE-001-A004,defence-evasion,medium,2026-08-14T06:55:00Z,2026-08-14T07:46:00Z,closed,CSE-FINANCE-001-USR-02,TEST-022
ALRT-002278,CSE-POWER-002,CSE-POWER-002-A008,identity,medium,2026-08-12T13:23:00Z,2026-08-12T14:07:00Z,closed,CSE-POWER-002-USR-03,TEST-000
ALRT-002279,CSE-TELECOM-002,CSE-TELECOM-002-A004,execution,critical,2026-07-23T04:30:00Z,2026-07-23T04:48:00Z,closed,CSE-TELECOM-002-USR-04,TEST-001
ALRT-002280,CSE-FINANCE-002,CSE-FINANCE-002-A009,defence-evasion,medium,2026-08-25T14:19:00Z,2026-08-25T15:16:00Z,closed,CSE-FINANCE-002-USR-05,TEST-002
ALRT-002281,CSE-POWER-001,CSE-POWER-001-A001,identity,high,2026-06-28T06:21:00Z,2026-06-28T07:36:00Z,closed,CSE-POWER-001-USR-01,TEST-003
ALRT-002282,CSE-TELECOM-001,CSE-TELECOM-001-A003,execution,medium,2026-08-26T12:59:00Z,2026-08-26T14:10:00Z,closed,CSE-TELECOM-001-USR-02,TEST-004
ALRT-002283,CSE-FINANCE-001,CSE-FINANCE-001-A007,defence-evasion,medium,2026-06-26T14:01:00Z,2026-06-26T14:32:00Z,closed,CSE-FINANCE-001-USR-03,TEST-005
ALRT-002284,CSE-POWER-002,CSE-POWER-002-A007,identity,medium,2026-08-14T21:11:00Z,2026-08-14T21:50:00Z,closed,CSE-POWER-002-USR-04,TEST-006
ALRT-002285,CSE-TELECOM-002,CSE-TELECOM-002-A010,execution,medium,2026-06-22T20:25:00Z,2026-06-22T21:43:00Z,closed,CSE-TELECOM-002-USR-05,TEST-007
ALRT-002286,CSE-FINANCE-002,CSE-FINANCE-002-A004,defence-evasion,high,2026-06-22T13:20:00Z,2026-06-22T14:24:00Z,closed,CSE-FINANCE-002-USR-01,TEST-008
ALRT-002287,CSE-POWER-001,CSE-POWER-001-A004,identity,medium,2026-06-19T15:20:00Z,2026-06-19T16:32:00Z,closed,CSE-POWER-001-USR-02,TEST-009
ALRT-002288,CSE-TELECOM-001,CSE-TELECOM-001-A001,execution,medium,2026-08-28T03:50:00Z,2026-08-28T04:03:00Z,closed,CSE-TELECOM-001-USR-03,TEST-010
ALRT-002289,CSE-FINANCE-001,CSE-FINANCE-001-A002,defence-evasion,medium,2026-06-05T00:58:00Z,2026-06-05T01:09:00Z,closed,CSE-FINANCE-001-USR-04,TEST-011
ALRT-002290,CSE-POWER-002,CSE-POWER-002-A006,identity,medium,2026-06-14T10:59:00Z,2026-06-14T11:49:00Z,closed,CSE-POWER-002-USR-05,TEST-012
ALRT-002291,CSE-TELECOM-002,CSE-TELECOM-002-A004,execution,high,2026-06-22T06:19:00Z,2026-06-22T06:32:00Z,closed,CSE-TELECOM-002-USR-01,TEST-013
ALRT-002292,CSE-FINANCE-002,CSE-FINANCE-002-A006,defence-evasion,medium,2026-08-21T10:37:00Z,2026-08-21T11:39:00Z,closed,CSE-FINANCE-002-USR-02,TEST-014
ALRT-002293,CSE-POWER-001,CSE-POWER-001-A008,identity,medium,2026-07-16T22:11:00Z,2026-07-16T22:53:00Z,closed,CSE-POWER-001-USR-03,TEST-015
ALRT-002294,CSE-TELECOM-001,CSE-TELECOM-001-A005,execution,medium,2026-06-15T17:10:00Z,2026-06-15T17:34:00Z,closed,CSE-TELECOM-001-USR-04,TEST-016
ALRT-002295,CSE-FINANCE-001,CSE-FINANCE-001-A003,defence-evasion,medium,2026-07-26T03:34:00Z,2026-07-26T04:31:00Z,closed,CSE-FINANCE-001-USR-05,TEST-017
ALRT-002296,CSE-POWER-002,CSE-POWER-002-A003,identity,critical,2026-08-13T17:40:00Z,2026-08-13T18:45:00Z,closed,CSE-POWER-002-USR-01,TEST-018
ALRT-002297,CSE-TELECOM-002,CSE-TELECOM-002-A005,execution,medium,2026-08-30T07:07:00Z,2026-08-30T07:30:00Z,closed,CSE-TELECOM-002-USR-02,TEST-019
ALRT-002298,CSE-FINANCE-002,CSE-FINANCE-002-A008,defence-evasion,medium,2026-06-15T01:08:00Z,2026-06-15T02:01:00Z,closed,CSE-FINANCE-002-USR-03,TEST-020
ALRT-002299,CSE-POWER-001,CSE-POWER-001-A008,identity,medium,2026-07-21T15:10:00Z,2026-07-21T15:17:00Z,closed,CSE-POWER-001-USR-04,TEST-021
ALRT-002300,CSE-TELECOM-001,CSE-TELECOM-001-A010,execution,medium,2026-08-30T11:59:00Z,2026-08-30T13:00:00Z,closed,CSE-TELECOM-001-USR-05,TEST-022
ALRT-002301,CSE-FINANCE-001,CSE-FINANCE-001-A010,defence-evasion,high,2026-08-15T05:28:00Z,2026-08-15T05:35:00Z,closed,CSE-FINANCE-001-USR-01,TEST-000
ALRT-002302,CSE-POWER-002,CSE-POWER-002-A008,identity,medium,2026-08-27T18:22:00Z,2026-08-27T19:10:00Z,closed,CSE-POWER-002-USR-02,TEST-001
ALRT-002303,CSE-TELECOM-002,CSE-TELECOM-002-A002,execution,medium,2026-07-20T02:11:00Z,2026-07-20T02:33:00Z,closed,CSE-TELECOM-002-USR-03,TEST-002
ALRT-002304,CSE-FINANCE-002,CSE-FINANCE-002-A010,defence-evasion,medium,2026-07-11T21:25:00Z,2026-07-11T21:49:00Z,closed,CSE-FINANCE-002-USR-04,TEST-003
ALRT-002305,CSE-POWER-001,CSE-POWER-001-A002,identity,medium,2026-08-27T06:40:00Z,2026-08-27T07:26:00Z,closed,CSE-POWER-001-USR-05,TEST-004
ALRT-002306,CSE-TELECOM-001,CSE-TELECOM-001-A005,execution,high,2026-06-13T11:38:00Z,2026-06-13T12:46:00Z,closed,CSE-TELECOM-001-USR-01,TEST-005
ALRT-002307,CSE-FINANCE-001,CSE-FINANCE-001-A001,defence-evasion,medium,2026-08-21T18:26:00Z,2026-08-21T18:52:00Z,closed,CSE-FINANCE-001-USR-02,TEST-006
ALRT-002308,CSE-POWER-002,CSE-POWER-002-A006,identity,medium,2026-07-05T06:32:00Z,2026-07-05T07:12:00Z,closed,CSE-POWER-002-USR-03,TEST-007
ALRT-002309,CSE-TELECOM-002,CSE-TELECOM-002-A009,execution,medium,2026-06-06T15:20:00Z,2026-06-06T15:46:00Z,closed,CSE-TELECOM-002-USR-04,TEST-008
ALRT-002310,CSE-FINANCE-002,CSE-FINANCE-002-A001,defence-evasion,medium,2026-08-25T07:44:00Z,2026-08-25T08:28:00Z,closed,CSE-FINANCE-002-USR-05,TEST-009
ALRT-002311,CSE-POWER-001,CSE-POWER-001-A005,identity,high,2026-07-30T13:21:00Z,2026-07-30T13:31:00Z,closed,CSE-POWER-001-USR-01,TEST-010
ALRT-002312,CSE-TELECOM-001,CSE-TELECOM-001-A005,execution,medium,2026-08-26T14:42:00Z,2026-08-26T14:57:00Z,closed,CSE-TELECOM-001-USR-02,TEST-011
ALRT-002313,CSE-FINANCE-001,CSE-FINANCE-001-A006,defence-evasion,critical,2026-08-12T01:08:00Z,2026-08-12T01:14:00Z,closed,CSE-FINANCE-001-USR-03,TEST-012
ALRT-002314,CSE-POWER-002,CSE-POWER-002-A010,identity,medium,2026-06-05T09:24:00Z,2026-06-05T09:54:00Z,closed,CSE-POWER-002-USR-04,TEST-013
ALRT-002315,CSE-TELECOM-002,CSE-TELECOM-002-A008,execution,medium,2026-07-21T12:02:00Z,2026-07-21T12:41:00Z,closed,CSE-TELECOM-002-USR-05,TEST-014
ALRT-002316,CSE-FINANCE-002,CSE-FINANCE-002-A007,defence-evasion,high,2026-07-15T11:51:00Z,2026-07-15T13:01:00Z,closed,CSE-FINANCE-002-USR-01,TEST-015
ALRT-002317,CSE-POWER-001,CSE-POWER-001-A007,identity,medium,2026-07-25T22:21:00Z,2026-07-25T22:42:00Z,closed,CSE-POWER-001-USR-02,TEST-016
ALRT-002318,CSE-TELECOM-001,CSE-TELECOM-001-A006,execution,medium,2026-07-06T17:12:00Z,2026-07-06T18:19:00Z,closed,CSE-TELECOM-001-USR-03,TEST-017
ALRT-002319,CSE-FINANCE-001,CSE-FINANCE-001-A005,defence-evasion,medium,2026-07-07T02:58:00Z,2026-07-07T04:00:00Z,closed,CSE-FINANCE-001-USR-04,TEST-018
ALRT-002320,CSE-POWER-002,CSE-POWER-002-A002,identity,medium,2026-08-27T10:55:00Z,2026-08-27T12:05:00Z,closed,CSE-POWER-002-USR-05,TEST-019
ALRT-002321,CSE-TELECOM-002,CSE-TELECOM-002-A002,execution,high,2026-06-05T04:51:00Z,2026-06-05T05:09:00Z,closed,CSE-TELECOM-002-USR-01,TEST-020
ALRT-002322,CSE-FINANCE-002,CSE-FINANCE-002-A004,defence-evasion,medium,2026-06-12T05:23:00Z,2026-06-12T05:36:00Z,closed,CSE-FINANCE-002-USR-02,TEST-021
ALRT-002323,CSE-POWER-001,CSE-POWER-001-A003,identity,medium,2026-08-15T07:49:00Z,2026-08-15T08:05:00Z,closed,CSE-POWER-001-USR-03,TEST-022
ALRT-002324,CSE-TELECOM-001,CSE-TELECOM-001-A002,execution,medium,2026-06-04T23:00:00Z,2026-06-04T23:48:00Z,closed,CSE-TELECOM-001-USR-04,TEST-000
ALRT-002325,CSE-FINANCE-001,CSE-FINANCE-001-A010,defence-evasion,medium,2026-06-12T04:37:00Z,2026-06-12T05:40:00Z,closed,CSE-FINANCE-001-USR-05,TEST-001
ALRT-002326,CSE-POWER-002,CSE-POWER-002-A006,identity,high,2026-08-27T03:39:00Z,2026-08-27T03:59:00Z,closed,CSE-POWER-002-USR-01,TEST-002
ALRT-002327,CSE-TELECOM-002,CSE-TELECOM-002-A001,execution,medium,2026-06-20T06:58:00Z,2026-06-20T07:13:00Z,closed,CSE-TELECOM-002-USR-02,TEST-003
ALRT-002328,CSE-FINANCE-002,CSE-FINANCE-002-A003,defence-evasion,medium,2026-06-14T22:05:00Z,2026-06-14T22:10:00Z,closed,CSE-FINANCE-002-USR-03,TEST-004
ALRT-002329,CSE-POWER-001,CSE-POWER-001-A007,identity,medium,2026-08-29T07:13:00Z,2026-08-29T07:24:00Z,closed,CSE-POWER-001-USR-04,TEST-005
ALRT-002330,CSE-TELECOM-001,CSE-TELECOM-001-A002,execution,critical,2026-07-22T10:40:00Z,2026-07-22T11:52:00Z,closed,CSE-TELECOM-001-USR-05,TEST-006
ALRT-002331,CSE-FINANCE-001,CSE-FINANCE-001-A004,defence-evasion,high,2026-08-02T06:45:00Z,2026-08-02T07:53:00Z,closed,CSE-FINANCE-001-USR-01,TEST-007
ALRT-002332,CSE-POWER-002,CSE-POWER-002-A010,identity,medium,2026-06-26T15:18:00Z,2026-06-26T15:30:00Z,closed,CSE-POWER-002-USR-02,TEST-008
ALRT-002333,CSE-TELECOM-002,CSE-TELECOM-002-A008,execution,medium,2026-06-26T16:00:00Z,2026-06-26T16:15:00Z,closed,CSE-TELECOM-002-USR-03,TEST-009
ALRT-002334,CSE-FINANCE-002,CSE-FINANCE-002-A003,defence-evasion,medium,2026-06-28T08:09:00Z,2026-06-28T09:23:00Z,closed,CSE-FINANCE-002-USR-04,TEST-010
ALRT-002335,CSE-POWER-001,CSE-POWER-001-A010,identity,medium,2026-06-27T22:07:00Z,2026-06-27T22:21:00Z,closed,CSE-POWER-001-USR-05,TEST-011
ALRT-002336,CSE-TELECOM-001,CSE-TELECOM-001-A004,execution,high,2026-06-26T10:48:00Z,2026-06-26T11:22:00Z,closed,CSE-TELECOM-001-USR-01,TEST-012
ALRT-002337,CSE-FINANCE-001,CSE-FINANCE-001-A003,defence-evasion,medium,2026-07-23T20:53:00Z,2026-07-23T21:35:00Z,closed,CSE-FINANCE-001-USR-02,TEST-013
ALRT-002338,CSE-POWER-002,CSE-POWER-002-A010,identity,medium,2026-07-25T16:40:00Z,2026-07-25T17:21:00Z,closed,CSE-POWER-002-USR-03,TEST-014
ALRT-002339,CSE-TELECOM-002,CSE-TELECOM-002-A004,execution,medium,2026-07-27T08:52:00Z,2026-07-27T09:41:00Z,closed,CSE-TELECOM-002-USR-04,TEST-015
ALRT-002340,CSE-FINANCE-002,CSE-FINANCE-002-A004,defence-evasion,medium,2026-08-09T00:41:00Z,2026-08-09T01:18:00Z,closed,CSE-FINANCE-002-USR-05,TEST-016
ALRT-002341,CSE-POWER-001,CSE-POWER-001-A005,identity,high,2026-06-23T02:03:00Z,2026-06-23T02:16:00Z,closed,CSE-POWER-001-USR-01,TEST-017
ALRT-002342,CSE-TELECOM-001,CSE-TELECOM-001-A008,execution,medium,2026-07-17T23:03:00Z,2026-07-18T00:03:00Z,closed,CSE-TELECOM-001-USR-02,TEST-018
ALRT-002343,CSE-FINANCE-001,CSE-FINANCE-001-A002,defence-evasion,medium,2026-08-28T22:28:00Z,2026-08-28T22:34:00Z,closed,CSE-FINANCE-001-USR-03,TEST-019
ALRT-002344,CSE-POWER-002,CSE-POWER-002-A002,identity,medium,2026-07-13T18:49:00Z,2026-07-13T19:40:00Z,closed,CSE-POWER-002-USR-04,TEST-020
ALRT-002345,CSE-TELECOM-002,CSE-TELECOM-002-A010,execution,medium,2026-08-28T02:36:00Z,2026-08-28T03:14:00Z,closed,CSE-TELECOM-002-USR-05,TEST-021
ALRT-002346,CSE-FINANCE-002,CSE-FINANCE-002-A006,defence-evasion,high,2026-07-30T11:47:00Z,2026-07-30T12:53:00Z,closed,CSE-FINANCE-002-USR-01,TEST-022
ALRT-002347,CSE-POWER-001,CSE-POWER-001-A006,identity,critical,2026-08-05T09:48:00Z,2026-08-05T10:55:00Z,closed,CSE-POWER-001-USR-02,TEST-000
ALRT-002348,CSE-TELECOM-001,CSE-TELECOM-001-A006,execution,medium,2026-08-11T23:12:00Z,2026-08-11T23:46:00Z,closed,CSE-TELECOM-001-USR-03,TEST-001
ALRT-002349,CSE-FINANCE-001,CSE-FINANCE-001-A010,defence-evasion,medium,2026-06-24T01:44:00Z,2026-06-24T02:34:00Z,closed,CSE-FINANCE-001-USR-04,TEST-002
ALRT-002350,CSE-POWER-002,CSE-POWER-002-A007,identity,medium,2026-08-01T14:20:00Z,2026-08-01T15:16:00Z,closed,CSE-POWER-002-USR-05,TEST-003
ALRT-002351,CSE-TELECOM-002,CSE-TELECOM-002-A008,execution,high,2026-08-01T14:09:00Z,2026-08-01T14:32:00Z,closed,CSE-TELECOM-002-USR-01,TEST-004
ALRT-002352,CSE-FINANCE-002,CSE-FINANCE-002-A007,defence-evasion,medium,2026-07-26T00:55:00Z,2026-07-26T01:17:00Z,closed,CSE-FINANCE-002-USR-02,TEST-005
ALRT-002353,CSE-POWER-001,CSE-POWER-001-A006,identity,medium,2026-07-21T20:09:00Z,2026-07-21T21:05:00Z,closed,CSE-POWER-001-USR-03,TEST-006
ALRT-002354,CSE-TELECOM-001,CSE-TELECOM-001-A006,execution,medium,2026-06-04T13:50:00Z,2026-06-04T14:17:00Z,closed,CSE-TELECOM-001-USR-04,TEST-007
ALRT-002355,CSE-FINANCE-001,CSE-FINANCE-001-A003,defence-evasion,medium,2026-08-17T05:13:00Z,2026-08-17T05:30:00Z,closed,CSE-FINANCE-001-USR-05,TEST-008
ALRT-002356,CSE-POWER-002,CSE-POWER-002-A001,identity,high,2026-07-23T15:09:00Z,2026-07-23T15:48:00Z,closed,CSE-POWER-002-USR-01,TEST-009
ALRT-002357,CSE-TELECOM-002,CSE-TELECOM-002-A006,execution,medium,2026-06-28T00:31:00Z,2026-06-28T01:26:00Z,closed,CSE-TELECOM-002-USR-02,TEST-010
ALRT-002358,CSE-FINANCE-002,CSE-FINANCE-002-A003,defence-evasion,medium,2026-07-11T17:17:00Z,2026-07-11T17:51:00Z,closed,CSE-FINANCE-002-USR-03,TEST-011
ALRT-002359,CSE-POWER-001,CSE-POWER-001-A004,identity,medium,2026-08-04T19:46:00Z,2026-08-04T20:54:00Z,closed,CSE-POWER-001-USR-04,TEST-012
ALRT-002360,CSE-TELECOM-001,CSE-TELECOM-001-A007,execution,medium,2026-07-28T05:31:00Z,2026-07-28T05:43:00Z,closed,CSE-TELECOM-001-USR-05,TEST-013
ALRT-002361,CSE-FINANCE-001,CSE-FINANCE-001-A006,defence-evasion,high,2026-06-16T02:20:00Z,2026-06-16T03:26:00Z,closed,CSE-FINANCE-001-USR-01,TEST-014
ALRT-002362,CSE-POWER-002,CSE-POWER-002-A010,identity,medium,2026-07-10T04:15:00Z,2026-07-10T05:26:00Z,closed,CSE-POWER-002-USR-02,TEST-015
ALRT-002363,CSE-TELECOM-002,CSE-TELECOM-002-A008,execution,medium,2026-06-30T13:31:00Z,2026-06-30T13:37:00Z,closed,CSE-TELECOM-002-USR-03,TEST-016
ALRT-002364,CSE-FINANCE-002,CSE-FINANCE-002-A005,defence-evasion,critical,2026-08-22T05:21:00Z,2026-08-22T06:05:00Z,closed,CSE-FINANCE-002-USR-04,TEST-017
ALRT-002365,CSE-POWER-001,CSE-POWER-001-A010,identity,medium,2026-07-27T19:07:00Z,2026-07-27T19:28:00Z,closed,CSE-POWER-001-USR-05,TEST-018
ALRT-002366,CSE-TELECOM-001,CSE-TELECOM-001-A009,execution,high,2026-07-09T10:46:00Z,2026-07-09T11:38:00Z,closed,CSE-TELECOM-001-USR-01,TEST-019
ALRT-002367,CSE-FINANCE-001,CSE-FINANCE-001-A003,defence-evasion,medium,2026-07-20T18:30:00Z,2026-07-20T18:43:00Z,closed,CSE-FINANCE-001-USR-02,TEST-020
ALRT-002368,CSE-POWER-002,CSE-POWER-002-A001,identity,medium,2026-07-30T11:26:00Z,2026-07-30T12:02:00Z,closed,CSE-POWER-002-USR-03,TEST-021
ALRT-002369,CSE-TELECOM-002,CSE-TELECOM-002-A004,execution,medium,2026-07-14T22:14:00Z,2026-07-14T22:59:00Z,closed,CSE-TELECOM-002-USR-04,TEST-022
ALRT-002370,CSE-FINANCE-002,CSE-FINANCE-002-A008,defence-evasion,medium,2026-07-08T17:21:00Z,2026-07-08T18:39:00Z,closed,CSE-FINANCE-002-USR-05,TEST-000
ALRT-002371,CSE-POWER-001,CSE-POWER-001-A006,identity,high,2026-08-31T06:57:00Z,2026-08-31T07:18:00Z,closed,CSE-POWER-001-USR-01,TEST-001
ALRT-002372,CSE-TELECOM-001,CSE-TELECOM-001-A006,execution,medium,2026-08-22T18:58:00Z,2026-08-22T19:32:00Z,closed,CSE-TELECOM-001-USR-02,TEST-002
ALRT-002373,CSE-FINANCE-001,CSE-FINANCE-001-A010,defence-evasion,medium,2026-08-20T07:52:00Z,2026-08-20T08:28:00Z,closed,CSE-FINANCE-001-USR-03,TEST-003
ALRT-002374,CSE-POWER-002,CSE-POWER-002-A008,identity,medium,2026-08-14T15:56:00Z,2026-08-14T16:03:00Z,closed,CSE-POWER-002-USR-04,TEST-004
ALRT-002375,CSE-TELECOM-002,CSE-TELECOM-002-A006,execution,medium,2026-08-07T03:24:00Z,2026-08-07T03:47:00Z,closed,CSE-TELECOM-002-USR-05,TEST-005
ALRT-002376,CSE-FINANCE-002,CSE-FINANCE-002-A010,defence-evasion,high,2026-07-14T02:33:00Z,2026-07-14T03:40:00Z,closed,CSE-FINANCE-002-USR-01,TEST-006
ALRT-002377,CSE-POWER-001,CSE-POWER-001-A008,identity,medium,2026-08-19T23:17:00Z,2026-08-19T23:30:00Z,closed,CSE-POWER-001-USR-02,TEST-007
ALRT-002378,CSE-TELECOM-001,CSE-TELECOM-001-A008,execution,medium,2026-07-22T06:50:00Z,2026-07-22T07:30:00Z,closed,CSE-TELECOM-001-USR-03,TEST-008
ALRT-002379,CSE-FINANCE-001,CSE-FINANCE-001-A003,defence-evasion,medium,2026-07-19T01:30:00Z,2026-07-19T02:06:00Z,closed,CSE-FINANCE-001-USR-04,TEST-009
ALRT-002380,CSE-POWER-002,CSE-POWER-002-A004,identity,medium,2026-08-23T00:20:00Z,2026-08-23T01:10:00Z,closed,CSE-POWER-002-USR-05,TEST-010
ALRT-002381,CSE-TELECOM-002,CSE-TELECOM-002-A010,execution,critical,2026-08-03T17:09:00Z,2026-08-03T17:48:00Z,closed,CSE-TELECOM-002-USR-01,TEST-011
ALRT-002382,CSE-FINANCE-002,CSE-FINANCE-002-A006,defence-evasion,medium,2026-08-04T10:38:00Z,2026-08-04T11:51:00Z,closed,CSE-FINANCE-002-USR-02,TEST-012
ALRT-002383,CSE-POWER-001,CSE-POWER-001-A004,identity,medium,2026-08-24T06:59:00Z,2026-08-24T07:19:00Z,closed,CSE-POWER-001-USR-03,TEST-013
ALRT-002384,CSE-TELECOM-001,CSE-TELECOM-001-A005,execution,medium,2026-06-10T23:56:00Z,2026-06-11T00:25:00Z,closed,CSE-TELECOM-001-USR-04,TEST-014
ALRT-002385,CSE-FINANCE-001,CSE-FINANCE-001-A009,defence-evasion,medium,2026-08-06T09:15:00Z,2026-08-06T10:08:00Z,closed,CSE-FINANCE-001-USR-05,TEST-015
ALRT-002386,CSE-POWER-002,CSE-POWER-002-A007,identity,high,2026-08-31T00:19:00Z,2026-08-31T00:57:00Z,closed,CSE-POWER-002-USR-01,TEST-016
ALRT-002387,CSE-TELECOM-002,CSE-TELECOM-002-A004,execution,medium,2026-06-21T09:01:00Z,2026-06-21T09:09:00Z,closed,CSE-TELECOM-002-USR-02,TEST-017
ALRT-002388,CSE-FINANCE-002,CSE-FINANCE-002-A007,defence-evasion,medium,2026-06-13T11:29:00Z,2026-06-13T11:52:00Z,closed,CSE-FINANCE-002-USR-03,TEST-018
ALRT-002389,CSE-POWER-001,CSE-POWER-001-A008,identity,medium,2026-08-22T12:35:00Z,2026-08-22T13:00:00Z,closed,CSE-POWER-001-USR-04,TEST-019
ALRT-002390,CSE-TELECOM-001,CSE-TELECOM-001-A010,execution,medium,2026-07-29T10:06:00Z,2026-07-29T10:46:00Z,closed,CSE-TELECOM-001-USR-05,TEST-020
ALRT-002391,CSE-FINANCE-001,CSE-FINANCE-001-A008,defence-evasion,high,2026-07-08T06:45:00Z,2026-07-08T07:48:00Z,closed,CSE-FINANCE-001-USR-01,TEST-021
ALRT-002392,CSE-POWER-002,CSE-POWER-002-A005,identity,medium,2026-06-23T18:08:00Z,2026-06-23T18:54:00Z,closed,CSE-POWER-002-USR-02,TEST-022
ALRT-002393,CSE-TELECOM-002,CSE-TELECOM-002-A001,execution,medium,2026-06-18T01:55:00Z,2026-06-18T02:41:00Z,closed,CSE-TELECOM-002-USR-03,TEST-000
ALRT-002394,CSE-FINANCE-002,CSE-FINANCE-002-A009,defence-evasion,medium,2026-08-03T11:09:00Z,2026-08-03T11:54:00Z,closed,CSE-FINANCE-002-USR-04,TEST-001
ALRT-002395,CSE-POWER-001,CSE-POWER-001-A007,identity,medium,2026-08-12T00:40:00Z,2026-08-12T01:40:00Z,closed,CSE-POWER-001-USR-05,TEST-002
ALRT-002396,CSE-TELECOM-001,CSE-TELECOM-001-A006,execution,high,2026-07-23T05:20:00Z,2026-07-23T05:29:00Z,closed,CSE-TELECOM-001-USR-01,TEST-003
ALRT-002397,CSE-FINANCE-001,CSE-FINANCE-001-A005,defence-evasion,medium,2026-07-14T18:48:00Z,2026-07-14T20:05:00Z,closed,CSE-FINANCE-001-USR-02,TEST-004
ALRT-002398,CSE-POWER-002,CSE-POWER-002-A001,identity,critical,2026-08-07T01:46:00Z,2026-08-07T02:07:00Z,closed,CSE-POWER-002-USR-03,TEST-005
ALRT-002399,CSE-TELECOM-002,CSE-TELECOM-002-A008,execution,medium,2026-06-11T02:08:00Z,2026-06-11T02:32:00Z,closed,CSE-TELECOM-002-USR-04,TEST-006
ALRT-002400,CSE-FINANCE-002,CSE-FINANCE-002-A002,defence-evasion,medium,2026-08-08T05:45:00Z,2026-08-08T06:20:00Z,closed,CSE-FINANCE-002-USR-05,TEST-007
ALRT-002401,CSE-POWER-001,CSE-POWER-001-A002,identity,high,2026-07-19T11:21:00Z,2026-07-19T11:36:00Z,closed,CSE-POWER-001-USR-01,TEST-008
ALRT-002402,CSE-TELECOM-001,CSE-TELECOM-001-A007,execution,medium,2026-07-16T02:31:00Z,2026-07-16T03:27:00Z,closed,CSE-TELECOM-001-USR-02,TEST-009
ALRT-002403,CSE-FINANCE-001,CSE-FINANCE-001-A009,defence-evasion,medium,2026-06-10T16:26:00Z,2026-06-10T17:21:00Z,closed,CSE-FINANCE-001-USR-03,TEST-010
ALRT-002404,CSE-POWER-002,CSE-POWER-002-A003,identity,medium,2026-08-12T02:52:00Z,2026-08-12T03:23:00Z,closed,CSE-POWER-002-USR-04,TEST-011
ALRT-002405,CSE-TELECOM-002,CSE-TELECOM-002-A008,execution,medium,2026-06-23T03:48:00Z,2026-06-23T04:26:00Z,closed,CSE-TELECOM-002-USR-05,TEST-012
ALRT-002406,CSE-FINANCE-002,CSE-FINANCE-002-A004,defence-evasion,high,2026-07-03T01:41:00Z,2026-07-03T02:57:00Z,closed,CSE-FINANCE-002-USR-01,TEST-013
ALRT-002407,CSE-POWER-001,CSE-POWER-001-A001,identity,medium,2026-06-09T20:53:00Z,2026-06-09T21:26:00Z,closed,CSE-POWER-001-USR-02,TEST-014
ALRT-002408,CSE-TELECOM-001,CSE-TELECOM-001-A008,execution,medium,2026-06-08T01:14:00Z,2026-06-08T01:48:00Z,closed,CSE-TELECOM-001-USR-03,TEST-015
ALRT-002409,CSE-FINANCE-001,CSE-FINANCE-001-A003,defence-evasion,medium,2026-06-20T16:20:00Z,2026-06-20T17:06:00Z,closed,CSE-FINANCE-001-USR-04,TEST-016
ALRT-002410,CSE-POWER-002,CSE-POWER-002-A007,identity,medium,2026-08-23T21:25:00Z,2026-08-23T21:32:00Z,closed,CSE-POWER-002-USR-05,TEST-017
ALRT-002411,CSE-TELECOM-002,CSE-TELECOM-002-A009,execution,high,2026-07-10T15:01:00Z,2026-07-10T15:59:00Z,closed,CSE-TELECOM-002-USR-01,TEST-018
ALRT-002412,CSE-FINANCE-002,CSE-FINANCE-002-A009,defence-evasion,medium,2026-06-11T01:12:00Z,2026-06-11T01:21:00Z,closed,CSE-FINANCE-002-USR-02,TEST-019
ALRT-002413,CSE-POWER-001,CSE-POWER-001-A004,identity,medium,2026-07-02T18:31:00Z,2026-07-02T18:36:00Z,closed,CSE-POWER-001-USR-03,TEST-020
ALRT-002414,CSE-TELECOM-001,CSE-TELECOM-001-A006,execution,medium,2026-08-31T02:37:00Z,2026-08-31T03:29:00Z,closed,CSE-TELECOM-001-USR-04,TEST-021
ALRT-002415,CSE-FINANCE-001,CSE-FINANCE-001-A009,defence-evasion,critical,2026-06-24T12:13:00Z,2026-06-24T12:37:00Z,closed,CSE-FINANCE-001-USR-05,TEST-022
ALRT-002416,CSE-POWER-002,CSE-POWER-002-A009,identity,high,2026-06-03T20:47:00Z,2026-06-03T21:28:00Z,closed,CSE-POWER-002-USR-01,TEST-000
ALRT-002417,CSE-TELECOM-002,CSE-TELECOM-002-A005,execution,medium,2026-08-13T11:32:00Z,2026-08-13T12:26:00Z,closed,CSE-TELECOM-002-USR-02,TEST-001
ALRT-002418,CSE-FINANCE-002,CSE-FINANCE-002-A003,defence-evasion,medium,2026-06-28T19:16:00Z,2026-06-28T20:03:00Z,closed,CSE-FINANCE-002-USR-03,TEST-002
ALRT-002419,CSE-POWER-001,CSE-POWER-001-A004,identity,medium,2026-07-14T08:25:00Z,2026-07-14T08:45:00Z,closed,CSE-POWER-001-USR-04,TEST-003
ALRT-002420,CSE-TELECOM-001,CSE-TELECOM-001-A005,execution,medium,2026-07-30T00:28:00Z,2026-07-30T01:38:00Z,closed,CSE-TELECOM-001-USR-05,TEST-004
ALRT-002421,CSE-FINANCE-001,CSE-FINANCE-001-A007,defence-evasion,high,2026-06-29T05:07:00Z,2026-06-29T05:17:00Z,closed,CSE-FINANCE-001-USR-01,TEST-005
ALRT-002422,CSE-POWER-002,CSE-POWER-002-A007,identity,medium,2026-06-16T23:59:00Z,2026-06-17T00:30:00Z,closed,CSE-POWER-002-USR-02,TEST-006
ALRT-002423,CSE-TELECOM-002,CSE-TELECOM-002-A004,execution,medium,2026-08-14T23:47:00Z,2026-08-15T00:30:00Z,closed,CSE-TELECOM-002-USR-03,TEST-007
ALRT-002424,CSE-FINANCE-002,CSE-FINANCE-002-A004,defence-evasion,medium,2026-08-17T09:23:00Z,2026-08-17T10:27:00Z,closed,CSE-FINANCE-002-USR-04,TEST-008
ALRT-002425,CSE-POWER-001,CSE-POWER-001-A001,identity,medium,2026-08-24T20:14:00Z,2026-08-24T21:31:00Z,closed,CSE-POWER-001-USR-05,TEST-009
ALRT-002426,CSE-TELECOM-001,CSE-TELECOM-001-A005,execution,high,2026-06-30T16:01:00Z,2026-06-30T16:45:00Z,closed,CSE-TELECOM-001-USR-01,TEST-010
ALRT-002427,CSE-FINANCE-001,CSE-FINANCE-001-A001,defence-evasion,medium,2026-06-30T05:55:00Z,2026-06-30T06:42:00Z,closed,CSE-FINANCE-001-USR-02,TEST-011
ALRT-002428,CSE-POWER-002,CSE-POWER-002-A004,identity,medium,2026-08-05T23:24:00Z,2026-08-06T00:10:00Z,closed,CSE-POWER-002-USR-03,TEST-012
ALRT-002429,CSE-TELECOM-002,CSE-TELECOM-002-A008,execution,medium,2026-07-23T19:48:00Z,2026-07-23T20:14:00Z,closed,CSE-TELECOM-002-USR-04,TEST-013
ALRT-002430,CSE-FINANCE-002,CSE-FINANCE-002-A008,defence-evasion,medium,2026-08-03T17:38:00Z,2026-08-03T18:19:00Z,closed,CSE-FINANCE-002-USR-05,TEST-014
ALRT-002431,CSE-POWER-001,CSE-POWER-001-A004,identity,high,2026-06-12T19:06:00Z,2026-06-12T19:11:00Z,closed,CSE-POWER-001-USR-01,TEST-015
ALRT-002432,CSE-TELECOM-001,CSE-TELECOM-001-A001,execution,critical,2026-08-21T01:54:00Z,2026-08-21T02:00:00Z,closed,CSE-TELECOM-001-USR-02,TEST-016
ALRT-002433,CSE-FINANCE-001,CSE-FINANCE-001-A005,defence-evasion,medium,2026-06-03T09:28:00Z,2026-06-03T10:21:00Z,closed,CSE-FINANCE-001-USR-03,TEST-017
ALRT-002434,CSE-POWER-002,CSE-POWER-002-A010,identity,medium,2026-06-23T03:03:00Z,2026-06-23T03:55:00Z,closed,CSE-POWER-002-USR-04,TEST-018
ALRT-002435,CSE-TELECOM-002,CSE-TELECOM-002-A004,execution,medium,2026-08-24T06:27:00Z,2026-08-24T07:19:00Z,closed,CSE-TELECOM-002-USR-05,TEST-019
ALRT-002436,CSE-FINANCE-002,CSE-FINANCE-002-A002,defence-evasion,high,2026-07-08T13:41:00Z,2026-07-08T13:48:00Z,closed,CSE-FINANCE-002-USR-01,TEST-020
ALRT-002437,CSE-POWER-001,CSE-POWER-001-A005,identity,medium,2026-06-07T03:19:00Z,2026-06-07T03:42:00Z,closed,CSE-POWER-001-USR-02,TEST-021
ALRT-002438,CSE-TELECOM-001,CSE-TELECOM-001-A005,execution,medium,2026-07-31T06:07:00Z,2026-07-31T06:15:00Z,closed,CSE-TELECOM-001-USR-03,TEST-022
ALRT-002439,CSE-FINANCE-001,CSE-FINANCE-001-A008,defence-evasion,medium,2026-06-25T00:07:00Z,2026-06-25T00:23:00Z,closed,CSE-FINANCE-001-USR-04,TEST-000
ALRT-002440,CSE-POWER-002,CSE-POWER-002-A004,identity,medium,2026-07-31T18:44:00Z,2026-07-31T20:00:00Z,closed,CSE-POWER-002-USR-05,TEST-001
ALRT-002441,CSE-TELECOM-002,CSE-TELECOM-002-A005,execution,high,2026-07-07T00:44:00Z,2026-07-07T02:01:00Z,closed,CSE-TELECOM-002-USR-01,TEST-002
ALRT-002442,CSE-FINANCE-002,CSE-FINANCE-002-A008,defence-evasion,medium,2026-06-11T23:44:00Z,2026-06-12T00:08:00Z,closed,CSE-FINANCE-002-USR-02,TEST-003
ALRT-002443,CSE-POWER-001,CSE-POWER-001-A004,identity,medium,2026-06-11T12:43:00Z,2026-06-11T13:36:00Z,closed,CSE-POWER-001-USR-03,TEST-004
ALRT-002444,CSE-TELECOM-001,CSE-TELECOM-001-A001,execution,medium,2026-06-07T15:27:00Z,2026-06-07T16:31:00Z,closed,CSE-TELECOM-001-USR-04,TEST-005
ALRT-002445,CSE-FINANCE-001,CSE-FINANCE-001-A007,defence-evasion,medium,2026-06-25T00:36:00Z,2026-06-25T00:46:00Z,closed,CSE-FINANCE-001-USR-05,TEST-006
ALRT-002446,CSE-POWER-002,CSE-POWER-002-A002,identity,high,2026-07-08T22:18:00Z,2026-07-08T23:24:00Z,closed,CSE-POWER-002-USR-01,TEST-007
ALRT-002447,CSE-TELECOM-002,CSE-TELECOM-002-A004,execution,medium,2026-07-07T00:42:00Z,2026-07-07T01:21:00Z,closed,CSE-TELECOM-002-USR-02,TEST-008
ALRT-002448,CSE-FINANCE-002,CSE-FINANCE-002-A004,defence-evasion,medium,2026-07-03T22:28:00Z,2026-07-03T22:33:00Z,closed,CSE-FINANCE-002-USR-03,TEST-009
ALRT-002449,CSE-POWER-001,CSE-POWER-001-A001,identity,critical,2026-08-14T13:35:00Z,2026-08-14T14:42:00Z,closed,CSE-POWER-001-USR-04,TEST-010
ALRT-002450,CSE-TELECOM-001,CSE-TELECOM-001-A004,execution,medium,2026-06-09T09:23:00Z,2026-06-09T09:39:00Z,closed,CSE-TELECOM-001-USR-05,TEST-011
ALRT-002451,CSE-FINANCE-001,CSE-FINANCE-001-A010,defence-evasion,high,2026-07-20T14:52:00Z,2026-07-20T15:57:00Z,closed,CSE-FINANCE-001-USR-01,TEST-012
ALRT-002452,CSE-POWER-002,CSE-POWER-002-A009,identity,medium,2026-06-23T11:42:00Z,2026-06-23T12:34:00Z,closed,CSE-POWER-002-USR-02,TEST-013
ALRT-002453,CSE-TELECOM-002,CSE-TELECOM-002-A009,execution,medium,2026-08-11T04:20:00Z,2026-08-11T05:09:00Z,closed,CSE-TELECOM-002-USR-03,TEST-014
ALRT-002454,CSE-FINANCE-002,CSE-FINANCE-002-A007,defence-evasion,medium,2026-06-25T18:25:00Z,2026-06-25T19:17:00Z,closed,CSE-FINANCE-002-USR-04,TEST-015
ALRT-002455,CSE-POWER-001,CSE-POWER-001-A008,identity,medium,2026-07-17T09:09:00Z,2026-07-17T10:17:00Z,closed,CSE-POWER-001-USR-05,TEST-016
ALRT-002456,CSE-TELECOM-001,CSE-TELECOM-001-A009,execution,high,2026-07-25T11:27:00Z,2026-07-25T11:43:00Z,closed,CSE-TELECOM-001-USR-01,TEST-017
ALRT-002457,CSE-FINANCE-001,CSE-FINANCE-001-A010,defence-evasion,medium,2026-07-05T04:21:00Z,2026-07-05T05:11:00Z,closed,CSE-FINANCE-001-USR-02,TEST-018
ALRT-002458,CSE-POWER-002,CSE-POWER-002-A008,identity,medium,2026-07-30T17:55:00Z,2026-07-30T18:21:00Z,closed,CSE-POWER-002-USR-03,TEST-019
ALRT-002459,CSE-TELECOM-002,CSE-TELECOM-002-A001,execution,medium,2026-07-16T16:58:00Z,2026-07-16T17:21:00Z,closed,CSE-TELECOM-002-USR-04,TEST-020
ALRT-002460,CSE-FINANCE-002,CSE-FINANCE-002-A010,defence-evasion,medium,2026-07-16T17:40:00Z,2026-07-16T18:05:00Z,closed,CSE-FINANCE-002-USR-05,TEST-021
ALRT-002461,CSE-POWER-001,CSE-POWER-001-A010,identity,high,2026-06-20T06:52:00Z,2026-06-20T07:47:00Z,closed,CSE-POWER-001-USR-01,TEST-022
ALRT-002462,CSE-TELECOM-001,CSE-TELECOM-001-A002,execution,medium,2026-07-26T03:32:00Z,2026-07-26T04:46:00Z,closed,CSE-TELECOM-001-USR-02,TEST-000
ALRT-002463,CSE-FINANCE-001,CSE-FINANCE-001-A001,defence-evasion,medium,2026-08-08T03:36:00Z,2026-08-08T03:41:00Z,closed,CSE-FINANCE-001-USR-03,TEST-001
ALRT-002464,CSE-POWER-002,CSE-POWER-002-A005,identity,medium,2026-08-12T21:10:00Z,2026-08-12T21:44:00Z,closed,CSE-POWER-002-USR-04,TEST-002
ALRT-002465,CSE-TELECOM-002,CSE-TELECOM-002-A006,execution,medium,2026-08-04T03:20:00Z,2026-08-04T04:12:00Z,closed,CSE-TELECOM-002-USR-05,TEST-003
ALRT-002466,CSE-FINANCE-002,CSE-FINANCE-002-A009,defence-evasion,critical,2026-07-23T16:42:00Z,2026-07-23T17:37:00Z,closed,CSE-FINANCE-002-USR-01,TEST-004
ALRT-002467,CSE-POWER-001,CSE-POWER-001-A004,identity,medium,2026-08-15T11:47:00Z,2026-08-15T12:44:00Z,closed,CSE-POWER-001-USR-02,TEST-005
ALRT-002468,CSE-TELECOM-001,CSE-TELECOM-001-A002,execution,medium,2026-07-01T20:41:00Z,2026-07-01T21:44:00Z,closed,CSE-TELECOM-001-USR-03,TEST-006
ALRT-002469,CSE-FINANCE-001,CSE-FINANCE-001-A003,defence-evasion,medium,2026-08-30T06:45:00Z,2026-08-30T06:50:00Z,closed,CSE-FINANCE-001-USR-04,TEST-007
ALRT-002470,CSE-POWER-002,CSE-POWER-002-A009,identity,medium,2026-06-16T15:09:00Z,2026-06-16T15:23:00Z,closed,CSE-POWER-002-USR-05,TEST-008
ALRT-002471,CSE-TELECOM-002,CSE-TELECOM-002-A005,execution,high,2026-07-03T12:19:00Z,2026-07-03T12:50:00Z,closed,CSE-TELECOM-002-USR-01,TEST-009
ALRT-002472,CSE-FINANCE-002,CSE-FINANCE-002-A009,defence-evasion,medium,2026-08-23T03:52:00Z,2026-08-23T04:21:00Z,closed,CSE-FINANCE-002-USR-02,TEST-010
ALRT-002473,CSE-POWER-001,CSE-POWER-001-A001,identity,medium,2026-06-05T00:18:00Z,2026-06-05T00:38:00Z,closed,CSE-POWER-001-USR-03,TEST-011
ALRT-002474,CSE-TELECOM-001,CSE-TELECOM-001-A004,execution,medium,2026-06-26T21:04:00Z,2026-06-26T21:17:00Z,closed,CSE-TELECOM-001-USR-04,TEST-012
ALRT-002475,CSE-FINANCE-001,CSE-FINANCE-001-A005,defence-evasion,medium,2026-07-30T03:27:00Z,2026-07-30T04:17:00Z,closed,CSE-FINANCE-001-USR-05,TEST-013
ALRT-002476,CSE-POWER-002,CSE-POWER-002-A007,identity,high,2026-06-04T22:38:00Z,2026-06-04T23:21:00Z,closed,CSE-POWER-002-USR-01,TEST-014
ALRT-002477,CSE-TELECOM-002,CSE-TELECOM-002-A006,execution,medium,2026-07-22T11:13:00Z,2026-07-22T11:56:00Z,closed,CSE-TELECOM-002-USR-02,TEST-015
ALRT-002478,CSE-FINANCE-002,CSE-FINANCE-002-A007,defence-evasion,medium,2026-08-21T18:58:00Z,2026-08-21T20:04:00Z,closed,CSE-FINANCE-002-USR-03,TEST-016
ALRT-002479,CSE-POWER-001,CSE-POWER-001-A010,identity,medium,2026-08-17T01:43:00Z,2026-08-17T02:50:00Z,closed,CSE-POWER-001-USR-04,TEST-017
ALRT-002480,CSE-TELECOM-001,CSE-TELECOM-001-A001,execution,medium,2026-08-05T10:22:00Z,2026-08-05T10:30:00Z,closed,CSE-TELECOM-001-USR-05,TEST-018
ALRT-002481,CSE-FINANCE-001,CSE-FINANCE-001-A005,defence-evasion,high,2026-08-31T15:55:00Z,2026-08-31T16:49:00Z,closed,CSE-FINANCE-001-USR-01,TEST-019
ALRT-002482,CSE-POWER-002,CSE-POWER-002-A009,identity,medium,2026-06-15T13:44:00Z,2026-06-15T14:33:00Z,closed,CSE-POWER-002-USR-02,TEST-020
ALRT-002483,CSE-TELECOM-002,CSE-TELECOM-002-A008,execution,critical,2026-06-06T12:02:00Z,2026-06-06T13:09:00Z,closed,CSE-TELECOM-002-USR-03,TEST-021
ALRT-002484,CSE-FINANCE-002,CSE-FINANCE-002-A002,defence-evasion,medium,2026-08-02T08:34:00Z,2026-08-02T08:50:00Z,closed,CSE-FINANCE-002-USR-04,TEST-022
ALRT-002485,CSE-POWER-001,CSE-POWER-001-A002,identity,medium,2026-07-04T23:53:00Z,2026-07-05T00:10:00Z,closed,CSE-POWER-001-USR-05,TEST-000
ALRT-002486,CSE-TELECOM-001,CSE-TELECOM-001-A008,execution,high,2026-07-21T23:21:00Z,2026-07-21T23:56:00Z,closed,CSE-TELECOM-001-USR-01,TEST-001
ALRT-002487,CSE-FINANCE-001,CSE-FINANCE-001-A010,defence-evasion,medium,2026-08-02T01:20:00Z,2026-08-02T02:04:00Z,closed,CSE-FINANCE-001-USR-02,TEST-002
ALRT-002488,CSE-POWER-002,CSE-POWER-002-A009,identity,medium,2026-07-30T06:39:00Z,2026-07-30T07:36:00Z,closed,CSE-POWER-002-USR-03,TEST-003
ALRT-002489,CSE-TELECOM-002,CSE-TELECOM-002-A002,execution,medium,2026-06-04T21:08:00Z,2026-06-04T21:16:00Z,closed,CSE-TELECOM-002-USR-04,TEST-004
ALRT-002490,CSE-FINANCE-002,CSE-FINANCE-002-A009,defence-evasion,medium,2026-07-29T02:32:00Z,2026-07-29T03:00:00Z,closed,CSE-FINANCE-002-USR-05,TEST-005
ALRT-002491,CSE-POWER-001,CSE-POWER-001-A008,identity,high,2026-07-08T22:36:00Z,2026-07-08T23:30:00Z,closed,CSE-POWER-001-USR-01,TEST-006
ALRT-002492,CSE-TELECOM-001,CSE-TELECOM-001-A009,execution,medium,2026-08-25T23:03:00Z,2026-08-25T23:40:00Z,closed,CSE-TELECOM-001-USR-02,TEST-007
ALRT-002493,CSE-FINANCE-001,CSE-FINANCE-001-A010,defence-evasion,medium,2026-06-18T22:33:00Z,2026-06-18T23:40:00Z,closed,CSE-FINANCE-001-USR-03,TEST-008
ALRT-002494,CSE-POWER-002,CSE-POWER-002-A003,identity,medium,2026-07-30T09:54:00Z,2026-07-30T10:19:00Z,closed,CSE-POWER-002-USR-04,TEST-009
ALRT-002495,CSE-TELECOM-002,CSE-TELECOM-002-A001,execution,medium,2026-07-10T19:21:00Z,2026-07-10T20:20:00Z,closed,CSE-TELECOM-002-USR-05,TEST-010
ALRT-002496,CSE-FINANCE-002,CSE-FINANCE-002-A002,defence-evasion,high,2026-08-29T04:53:00Z,2026-08-29T05:07:00Z,closed,CSE-FINANCE-002-USR-01,TEST-011
ALRT-002497,CSE-POWER-001,CSE-POWER-001-A004,identity,medium,2026-08-03T15:15:00Z,2026-08-03T15:20:00Z,closed,CSE-POWER-001-USR-02,TEST-012
ALRT-002498,CSE-TELECOM-001,CSE-TELECOM-001-A007,execution,medium,2026-08-25T05:49:00Z,2026-08-25T06:42:00Z,closed,CSE-TELECOM-001-USR-03,TEST-013
ALRT-002499,CSE-FINANCE-001,CSE-FINANCE-001-A001,defence-evasion,medium,2026-07-11T05:14:00Z,2026-07-11T06:02:00Z,closed,CSE-FINANCE-001-USR-04,TEST-014
ALRT-002500,CSE-POWER-002,CSE-POWER-002-A010,identity,critical,2026-08-05T07:45:00Z,2026-08-05T08:46:00Z,closed,CSE-POWER-002-USR-05,TEST-015
ALRT-002501,CSE-TELECOM-002,CSE-TELECOM-002-A002,execution,high,2026-06-15T05:08:00Z,2026-06-15T05:29:00Z,closed,CSE-TELECOM-002-USR-01,TEST-016
ALRT-002502,CSE-FINANCE-002,CSE-FINANCE-002-A010,defence-evasion,medium,2026-08-14T00:28:00Z,2026-08-14T01:36:00Z,closed,CSE-FINANCE-002-USR-02,TEST-017
ALRT-002503,CSE-POWER-001,CSE-POWER-001-A006,identity,medium,2026-08-31T13:01:00Z,2026-08-31T14:13:00Z,closed,CSE-POWER-001-USR-03,TEST-018
ALRT-002504,CSE-TELECOM-001,CSE-TELECOM-001-A006,execution,medium,2026-08-23T17:06:00Z,2026-08-23T18:04:00Z,closed,CSE-TELECOM-001-USR-04,TEST-019
ALRT-002505,CSE-FINANCE-001,CSE-FINANCE-001-A008,defence-evasion,medium,2026-06-07T08:27:00Z,2026-06-07T09:43:00Z,closed,CSE-FINANCE-001-USR-05,TEST-020
ALRT-002506,CSE-POWER-002,CSE-POWER-002-A007,identity,high,2026-06-11T02:05:00Z,2026-06-11T02:43:00Z,closed,CSE-POWER-002-USR-01,TEST-021
ALRT-002507,CSE-TELECOM-002,CSE-TELECOM-002-A006,execution,medium,2026-08-02T12:32:00Z,2026-08-02T13:08:00Z,closed,CSE-TELECOM-002-USR-02,TEST-022
ALRT-002508,CSE-FINANCE-002,CSE-FINANCE-002-A003,defence-evasion,medium,2026-06-18T00:10:00Z,2026-06-18T00:26:00Z,closed,CSE-FINANCE-002-USR-03,TEST-000
ALRT-002509,CSE-POWER-001,CSE-POWER-001-A010,identity,medium,2026-06-26T21:12:00Z,2026-06-26T22:14:00Z,closed,CSE-POWER-001-USR-04,TEST-001
ALRT-002510,CSE-TELECOM-001,CSE-TELECOM-001-A009,execution,medium,2026-07-20T17:16:00Z,2026-07-20T18:22:00Z,closed,CSE-TELECOM-001-USR-05,TEST-002
ALRT-002511,CSE-FINANCE-001,CSE-FINANCE-001-A002,defence-evasion,high,2026-08-26T05:37:00Z,2026-08-26T06:34:00Z,closed,CSE-FINANCE-001-USR-01,TEST-003
ALRT-002512,CSE-POWER-002,CSE-POWER-002-A002,identity,medium,2026-08-13T01:14:00Z,2026-08-13T01:44:00Z,closed,CSE-POWER-002-USR-02,TEST-004
ALRT-002513,CSE-TELECOM-002,CSE-TELECOM-002-A003,execution,medium,2026-07-11T04:47:00Z,2026-07-11T05:42:00Z,closed,CSE-TELECOM-002-USR-03,TEST-005
ALRT-002514,CSE-FINANCE-002,CSE-FINANCE-002-A001,defence-evasion,medium,2026-07-20T01:32:00Z,2026-07-20T01:38:00Z,closed,CSE-FINANCE-002-USR-04,TEST-006
ALRT-002515,CSE-POWER-001,CSE-POWER-001-A002,identity,medium,2026-08-09T21:17:00Z,2026-08-09T22:36:00Z,closed,CSE-POWER-001-USR-05,TEST-007
ALRT-002516,CSE-TELECOM-001,CSE-TELECOM-001-A009,execution,high,2026-06-04T09:56:00Z,2026-06-04T10:18:00Z,closed,CSE-TELECOM-001-USR-01,TEST-008
ALRT-002517,CSE-FINANCE-001,CSE-FINANCE-001-A006,defence-evasion,critical,2026-07-04T15:51:00Z,2026-07-04T16:23:00Z,closed,CSE-FINANCE-001-USR-02,TEST-009
ALRT-002518,CSE-POWER-002,CSE-POWER-002-A004,identity,medium,2026-08-26T15:30:00Z,2026-08-26T16:36:00Z,closed,CSE-POWER-002-USR-03,TEST-010
ALRT-002519,CSE-TELECOM-002,CSE-TELECOM-002-A004,execution,medium,2026-06-15T05:24:00Z,2026-06-15T06:39:00Z,closed,CSE-TELECOM-002-USR-04,TEST-011
ALRT-002520,CSE-FINANCE-002,CSE-FINANCE-002-A009,defence-evasion,medium,2026-06-12T04:42:00Z,2026-06-12T05:03:00Z,closed,CSE-FINANCE-002-USR-05,TEST-012
ALRT-002521,CSE-POWER-001,CSE-POWER-001-A009,identity,high,2026-06-21T02:30:00Z,2026-06-21T03:40:00Z,closed,CSE-POWER-001-USR-01,TEST-013
ALRT-002522,CSE-TELECOM-001,CSE-TELECOM-001-A002,execution,medium,2026-08-14T05:15:00Z,2026-08-14T06:12:00Z,closed,CSE-TELECOM-001-USR-02,TEST-014
ALRT-002523,CSE-FINANCE-001,CSE-FINANCE-001-A006,defence-evasion,medium,2026-07-01T08:26:00Z,2026-07-01T08:38:00Z,closed,CSE-FINANCE-001-USR-03,TEST-015
ALRT-002524,CSE-POWER-002,CSE-POWER-002-A007,identity,medium,2026-06-08T10:49:00Z,2026-06-08T11:44:00Z,closed,CSE-POWER-002-USR-04,TEST-016
ALRT-002525,CSE-TELECOM-002,CSE-TELECOM-002-A001,execution,medium,2026-06-27T21:46:00Z,2026-06-27T22:38:00Z,closed,CSE-TELECOM-002-USR-05,TEST-017
ALRT-002526,CSE-FINANCE-002,CSE-FINANCE-002-A007,defence-evasion,high,2026-07-30T19:53:00Z,2026-07-30T20:26:00Z,closed,CSE-FINANCE-002-USR-01,TEST-018
ALRT-002527,CSE-POWER-001,CSE-POWER-001-A003,identity,medium,2026-08-03T19:50:00Z,2026-08-03T21:00:00Z,closed,CSE-POWER-001-USR-02,TEST-019
ALRT-002528,CSE-TELECOM-001,CSE-TELECOM-001-A007,execution,medium,2026-08-24T20:10:00Z,2026-08-24T20:45:00Z,closed,CSE-TELECOM-001-USR-03,TEST-020
ALRT-002529,CSE-FINANCE-001,CSE-FINANCE-001-A010,defence-evasion,medium,2026-08-08T09:31:00Z,2026-08-08T09:45:00Z,closed,CSE-FINANCE-001-USR-04,TEST-021
ALRT-002530,CSE-POWER-002,CSE-POWER-002-A007,identity,medium,2026-08-18T00:26:00Z,2026-08-18T00:39:00Z,closed,CSE-POWER-002-USR-05,TEST-022
ALRT-002531,CSE-TELECOM-002,CSE-TELECOM-002-A009,execution,high,2026-06-13T22:57:00Z,2026-06-13T23:20:00Z,closed,CSE-TELECOM-002-USR-01,TEST-000
ALRT-002532,CSE-FINANCE-002,CSE-FINANCE-002-A001,defence-evasion,medium,2026-07-20T08:25:00Z,2026-07-20T09:05:00Z,closed,CSE-FINANCE-002-USR-02,TEST-001
ALRT-002533,CSE-POWER-001,CSE-POWER-001-A008,identity,medium,2026-08-25T10:19:00Z,2026-08-25T11:32:00Z,closed,CSE-POWER-001-USR-03,TEST-002
ALRT-002534,CSE-TELECOM-001,CSE-TELECOM-001-A010,execution,critical,2026-07-14T09:54:00Z,2026-07-14T10:59:00Z,closed,CSE-TELECOM-001-USR-04,TEST-003
ALRT-002535,CSE-FINANCE-001,CSE-FINANCE-001-A009,defence-evasion,medium,2026-08-04T12:48:00Z,2026-08-04T14:04:00Z,closed,CSE-FINANCE-001-USR-05,TEST-004
ALRT-002536,CSE-POWER-002,CSE-POWER-002-A010,identity,high,2026-08-18T21:50:00Z,2026-08-18T23:08:00Z,closed,CSE-POWER-002-USR-01,TEST-005
ALRT-002537,CSE-TELECOM-002,CSE-TELECOM-002-A003,execution,medium,2026-08-02T10:05:00Z,2026-08-02T11:12:00Z,closed,CSE-TELECOM-002-USR-02,TEST-006
ALRT-002538,CSE-FINANCE-002,CSE-FINANCE-002-A006,defence-evasion,medium,2026-08-10T16:39:00Z,2026-08-10T16:52:00Z,closed,CSE-FINANCE-002-USR-03,TEST-007
ALRT-002539,CSE-POWER-001,CSE-POWER-001-A005,identity,medium,2026-08-22T08:59:00Z,2026-08-22T09:38:00Z,closed,CSE-POWER-001-USR-04,TEST-008
ALRT-002540,CSE-TELECOM-001,CSE-TELECOM-001-A005,execution,medium,2026-08-18T16:14:00Z,2026-08-18T16:59:00Z,closed,CSE-TELECOM-001-USR-05,TEST-009
ALRT-002541,CSE-FINANCE-001,CSE-FINANCE-001-A006,defence-evasion,high,2026-07-03T18:12:00Z,2026-07-03T19:01:00Z,closed,CSE-FINANCE-001-USR-01,TEST-010
ALRT-002542,CSE-POWER-002,CSE-POWER-002-A005,identity,medium,2026-06-27T10:33:00Z,2026-06-27T11:30:00Z,closed,CSE-POWER-002-USR-02,TEST-011
ALRT-002543,CSE-TELECOM-002,CSE-TELECOM-002-A005,execution,medium,2026-07-06T19:27:00Z,2026-07-06T19:56:00Z,closed,CSE-TELECOM-002-USR-03,TEST-012
ALRT-002544,CSE-FINANCE-002,CSE-FINANCE-002-A010,defence-evasion,medium,2026-06-20T22:18:00Z,2026-06-20T22:47:00Z,closed,CSE-FINANCE-002-USR-04,TEST-013
ALRT-002545,CSE-POWER-001,CSE-POWER-001-A006,identity,medium,2026-08-11T17:20:00Z,2026-08-11T17:51:00Z,closed,CSE-POWER-001-USR-05,TEST-014
ALRT-002546,CSE-TELECOM-001,CSE-TELECOM-001-A008,execution,high,2026-08-16T16:11:00Z,2026-08-16T16:31:00Z,closed,CSE-TELECOM-001-USR-01,TEST-015
ALRT-002547,CSE-FINANCE-001,CSE-FINANCE-001-A005,defence-evasion,medium,2026-08-23T07:13:00Z,2026-08-23T08:01:00Z,closed,CSE-FINANCE-001-USR-02,TEST-016
ALRT-002548,CSE-POWER-002,CSE-POWER-002-A003,identity,medium,2026-08-24T15:23:00Z,2026-08-24T15:59:00Z,closed,CSE-POWER-002-USR-03,TEST-017
ALRT-002549,CSE-TELECOM-002,CSE-TELECOM-002-A007,execution,medium,2026-08-03T22:17:00Z,2026-08-03T23:34:00Z,closed,CSE-TELECOM-002-USR-04,TEST-018
ALRT-002550,CSE-FINANCE-002,CSE-FINANCE-002-A008,defence-evasion,medium,2026-08-10T10:09:00Z,2026-08-10T10:46:00Z,closed,CSE-FINANCE-002-USR-05,TEST-019
ALRT-002551,CSE-POWER-001,CSE-POWER-001-A010,identity,critical,2026-06-12T08:07:00Z,2026-06-12T09:00:00Z,closed,CSE-POWER-001-USR-01,TEST-020
ALRT-002552,CSE-TELECOM-001,CSE-TELECOM-001-A009,execution,medium,2026-07-23T00:04:00Z,2026-07-23T00:33:00Z,closed,CSE-TELECOM-001-USR-02,TEST-021
ALRT-002553,CSE-FINANCE-001,CSE-FINANCE-001-A005,defence-evasion,medium,2026-08-05T14:59:00Z,2026-08-05T16:14:00Z,closed,CSE-FINANCE-001-USR-03,TEST-022
ALRT-002554,CSE-POWER-002,CSE-POWER-002-A010,identity,medium,2026-07-08T16:36:00Z,2026-07-08T17:34:00Z,closed,CSE-POWER-002-USR-04,TEST-000
ALRT-002555,CSE-TELECOM-002,CSE-TELECOM-002-A004,execution,medium,2026-07-07T01:27:00Z,2026-07-07T02:34:00Z,closed,CSE-TELECOM-002-USR-05,TEST-001
ALRT-002556,CSE-FINANCE-002,CSE-FINANCE-002-A010,defence-evasion,high,2026-06-16T15:27:00Z,2026-06-16T16:21:00Z,closed,CSE-FINANCE-002-USR-01,TEST-002
ALRT-002557,CSE-POWER-001,CSE-POWER-001-A006,identity,medium,2026-06-18T04:11:00Z,2026-06-18T04:31:00Z,closed,CSE-POWER-001-USR-02,TEST-003
ALRT-002558,CSE-TELECOM-001,CSE-TELECOM-001-A006,execution,medium,2026-06-09T01:54:00Z,2026-06-09T02:07:00Z,closed,CSE-TELECOM-001-USR-03,TEST-004
ALRT-002559,CSE-FINANCE-001,CSE-FINANCE-001-A005,defence-evasion,medium,2026-06-16T17:34:00Z,2026-06-16T18:13:00Z,closed,CSE-FINANCE-001-USR-04,TEST-005
ALRT-002560,CSE-POWER-002,CSE-POWER-002-A003,identity,medium,2026-06-15T23:43:00Z,2026-06-16T00:42:00Z,closed,CSE-POWER-002-USR-05,TEST-006
ALRT-002561,CSE-TELECOM-002,CSE-TELECOM-002-A004,execution,high,2026-06-08T21:36:00Z,2026-06-08T21:48:00Z,closed,CSE-TELECOM-002-USR-01,TEST-007
ALRT-002562,CSE-FINANCE-002,CSE-FINANCE-002-A001,defence-evasion,medium,2026-06-17T10:39:00Z,2026-06-17T11:19:00Z,closed,CSE-FINANCE-002-USR-02,TEST-008
ALRT-002563,CSE-POWER-001,CSE-POWER-001-A005,identity,medium,2026-07-28T07:14:00Z,2026-07-28T07:47:00Z,closed,CSE-POWER-001-USR-03,TEST-009
ALRT-002564,CSE-TELECOM-001,CSE-TELECOM-001-A010,execution,medium,2026-08-19T18:48:00Z,2026-08-19T19:27:00Z,closed,CSE-TELECOM-001-USR-04,TEST-010
ALRT-002565,CSE-FINANCE-001,CSE-FINANCE-001-A009,defence-evasion,medium,2026-07-18T07:09:00Z,2026-07-18T07:16:00Z,closed,CSE-FINANCE-001-USR-05,TEST-011
ALRT-002566,CSE-POWER-002,CSE-POWER-002-A009,identity,high,2026-08-16T10:48:00Z,2026-08-16T11:21:00Z,closed,CSE-POWER-002-USR-01,TEST-012
ALRT-002567,CSE-TELECOM-002,CSE-TELECOM-002-A003,execution,medium,2026-07-22T06:34:00Z,2026-07-22T06:41:00Z,closed,CSE-TELECOM-002-USR-02,TEST-013
ALRT-002568,CSE-FINANCE-002,CSE-FINANCE-002-A003,defence-evasion,critical,2026-06-14T18:47:00Z,2026-06-14T19:26:00Z,closed,CSE-FINANCE-002-USR-03,TEST-014
ALRT-002569,CSE-POWER-001,CSE-POWER-001-A008,identity,medium,2026-06-18T03:15:00Z,2026-06-18T04:12:00Z,closed,CSE-POWER-001-USR-04,TEST-015
ALRT-002570,CSE-TELECOM-001,CSE-TELECOM-001-A004,execution,medium,2026-07-03T14:39:00Z,2026-07-03T15:05:00Z,closed,CSE-TELECOM-001-USR-05,TEST-016
ALRT-002571,CSE-FINANCE-001,CSE-FINANCE-001-A003,defence-evasion,high,2026-07-01T08:06:00Z,2026-07-01T08:11:00Z,closed,CSE-FINANCE-001-USR-01,TEST-017
ALRT-002572,CSE-POWER-002,CSE-POWER-002-A004,identity,medium,2026-08-27T09:27:00Z,2026-08-27T10:46:00Z,closed,CSE-POWER-002-USR-02,TEST-018
ALRT-002573,CSE-TELECOM-002,CSE-TELECOM-002-A010,execution,medium,2026-07-22T14:13:00Z,2026-07-22T14:47:00Z,closed,CSE-TELECOM-002-USR-03,TEST-019
ALRT-002574,CSE-FINANCE-002,CSE-FINANCE-002-A002,defence-evasion,medium,2026-06-13T13:45:00Z,2026-06-13T14:46:00Z,closed,CSE-FINANCE-002-USR-04,TEST-020
ALRT-002575,CSE-POWER-001,CSE-POWER-001-A008,identity,medium,2026-06-22T23:56:00Z,2026-06-23T00:50:00Z,closed,CSE-POWER-001-USR-05,TEST-021
ALRT-002576,CSE-TELECOM-001,CSE-TELECOM-001-A010,execution,high,2026-07-21T00:34:00Z,2026-07-21T01:13:00Z,closed,CSE-TELECOM-001-USR-01,TEST-022
ALRT-002577,CSE-FINANCE-001,CSE-FINANCE-001-A004,defence-evasion,medium,2026-08-28T15:27:00Z,2026-08-28T16:39:00Z,closed,CSE-FINANCE-001-USR-02,TEST-000
ALRT-002578,CSE-POWER-002,CSE-POWER-002-A006,identity,medium,2026-07-14T00:31:00Z,2026-07-14T01:40:00Z,closed,CSE-POWER-002-USR-03,TEST-001
ALRT-002579,CSE-TELECOM-002,CSE-TELECOM-002-A010,execution,medium,2026-07-22T14:38:00Z,2026-07-22T15:09:00Z,closed,CSE-TELECOM-002-USR-04,TEST-002
ALRT-002580,CSE-FINANCE-002,CSE-FINANCE-002-A006,defence-evasion,medium,2026-06-21T22:04:00Z,2026-06-21T22:57:00Z,closed,CSE-FINANCE-002-USR-05,TEST-003
ALRT-002581,CSE-POWER-001,CSE-POWER-001-A003,identity,high,2026-07-24T06:13:00Z,2026-07-24T06:58:00Z,closed,CSE-POWER-001-USR-01,TEST-004
ALRT-002582,CSE-TELECOM-001,CSE-TELECOM-001-A006,execution,medium,2026-07-24T08:15:00Z,2026-07-24T08:57:00Z,closed,CSE-TELECOM-001-USR-02,TEST-005
ALRT-002583,CSE-FINANCE-001,CSE-FINANCE-001-A004,defence-evasion,medium,2026-07-21T19:56:00Z,2026-07-21T21:01:00Z,closed,CSE-FINANCE-001-USR-03,TEST-006
ALRT-002584,CSE-POWER-002,CSE-POWER-002-A001,identity,medium,2026-08-29T18:15:00Z,2026-08-29T18:28:00Z,closed,CSE-POWER-002-USR-04,TEST-007
ALRT-002585,CSE-TELECOM-002,CSE-TELECOM-002-A008,execution,critical,2026-06-05T12:36:00Z,2026-06-05T13:25:00Z,closed,CSE-TELECOM-002-USR-05,TEST-008
ALRT-002586,CSE-FINANCE-002,CSE-FINANCE-002-A006,defence-evasion,high,2026-07-21T00:31:00Z,2026-07-21T01:31:00Z,closed,CSE-FINANCE-002-USR-01,TEST-009
ALRT-002587,CSE-POWER-001,CSE-POWER-001-A008,identity,medium,2026-07-27T02:27:00Z,2026-07-27T03:04:00Z,closed,CSE-POWER-001-USR-02,TEST-010
ALRT-002588,CSE-TELECOM-001,CSE-TELECOM-001-A006,execution,medium,2026-07-02T08:23:00Z,2026-07-02T09:01:00Z,closed,CSE-TELECOM-001-USR-03,TEST-011
ALRT-002589,CSE-FINANCE-001,CSE-FINANCE-001-A008,defence-evasion,medium,2026-06-23T05:14:00Z,2026-06-23T06:33:00Z,closed,CSE-FINANCE-001-USR-04,TEST-012
ALRT-002590,CSE-POWER-002,CSE-POWER-002-A009,identity,medium,2026-08-18T16:51:00Z,2026-08-18T17:21:00Z,closed,CSE-POWER-002-USR-05,TEST-013
ALRT-002591,CSE-TELECOM-002,CSE-TELECOM-002-A001,execution,high,2026-07-21T11:03:00Z,2026-07-21T11:37:00Z,closed,CSE-TELECOM-002-USR-01,TEST-014
ALRT-002592,CSE-FINANCE-002,CSE-FINANCE-002-A002,defence-evasion,medium,2026-06-23T02:39:00Z,2026-06-23T03:54:00Z,closed,CSE-FINANCE-002-USR-02,TEST-015
ALRT-002593,CSE-POWER-001,CSE-POWER-001-A001,identity,medium,2026-07-05T02:33:00Z,2026-07-05T03:10:00Z,closed,CSE-POWER-001-USR-03,TEST-016
ALRT-002594,CSE-TELECOM-001,CSE-TELECOM-001-A008,execution,medium,2026-06-22T09:09:00Z,2026-06-22T10:09:00Z,closed,CSE-TELECOM-001-USR-04,TEST-017
ALRT-002595,CSE-FINANCE-001,CSE-FINANCE-001-A005,defence-evasion,medium,2026-06-26T07:26:00Z,2026-06-26T08:10:00Z,closed,CSE-FINANCE-001-USR-05,TEST-018
ALRT-002596,CSE-POWER-002,CSE-POWER-002-A003,identity,high,2026-08-08T02:14:00Z,2026-08-08T02:30:00Z,closed,CSE-POWER-002-USR-01,TEST-019
ALRT-002597,CSE-TELECOM-002,CSE-TELECOM-002-A010,execution,medium,2026-06-09T18:41:00Z,2026-06-09T19:08:00Z,closed,CSE-TELECOM-002-USR-02,TEST-020
ALRT-002598,CSE-FINANCE-002,CSE-FINANCE-002-A005,defence-evasion,medium,2026-08-12T15:27:00Z,2026-08-12T15:53:00Z,closed,CSE-FINANCE-002-USR-03,TEST-021
ALRT-002599,CSE-POWER-001,CSE-POWER-001-A004,identity,medium,2026-06-05T06:38:00Z,2026-06-05T06:52:00Z,closed,CSE-POWER-001-USR-04,TEST-022
ALRT-002600,CSE-TELECOM-001,CSE-TELECOM-001-A002,execution,medium,2026-06-15T08:52:00Z,2026-06-15T09:19:00Z,closed,CSE-TELECOM-001-USR-05,TEST-000
ALRT-002601,CSE-FINANCE-001,CSE-FINANCE-001-A009,defence-evasion,high,2026-06-18T14:35:00Z,2026-06-18T15:27:00Z,closed,CSE-FINANCE-001-USR-01,TEST-001
ALRT-002602,CSE-POWER-002,CSE-POWER-002-A003,identity,critical,2026-06-22T17:59:00Z,2026-06-22T18:27:00Z,closed,CSE-POWER-002-USR-02,TEST-002
ALRT-002603,CSE-TELECOM-002,CSE-TELECOM-002-A004,execution,medium,2026-06-04T10:54:00Z,2026-06-04T11:20:00Z,closed,CSE-TELECOM-002-USR-03,TEST-003
ALRT-002604,CSE-FINANCE-002,CSE-FINANCE-002-A005,defence-evasion,medium,2026-08-07T00:32:00Z,2026-08-07T01:41:00Z,closed,CSE-FINANCE-002-USR-04,TEST-004
ALRT-002605,CSE-POWER-001,CSE-POWER-001-A001,identity,medium,2026-07-23T04:10:00Z,2026-07-23T04:21:00Z,closed,CSE-POWER-001-USR-05,TEST-005
ALRT-002606,CSE-TELECOM-001,CSE-TELECOM-001-A008,execution,high,2026-06-22T04:15:00Z,2026-06-22T05:07:00Z,closed,CSE-TELECOM-001-USR-01,TEST-006
ALRT-002607,CSE-FINANCE-001,CSE-FINANCE-001-A010,defence-evasion,medium,2026-07-08T14:15:00Z,2026-07-08T15:18:00Z,closed,CSE-FINANCE-001-USR-02,TEST-007
ALRT-002608,CSE-POWER-002,CSE-POWER-002-A003,identity,medium,2026-06-17T22:15:00Z,2026-06-17T22:40:00Z,closed,CSE-POWER-002-USR-03,TEST-008
ALRT-002609,CSE-TELECOM-002,CSE-TELECOM-002-A010,execution,medium,2026-06-08T02:24:00Z,2026-06-08T02:46:00Z,closed,CSE-TELECOM-002-USR-04,TEST-009
ALRT-002610,CSE-FINANCE-002,CSE-FINANCE-002-A001,defence-evasion,medium,2026-07-09T14:33:00Z,2026-07-09T15:40:00Z,closed,CSE-FINANCE-002-USR-05,TEST-010
ALRT-002611,CSE-POWER-001,CSE-POWER-001-A007,identity,high,2026-08-12T17:46:00Z,2026-08-12T18:42:00Z,closed,CSE-POWER-001-USR-01,TEST-011
ALRT-002612,CSE-TELECOM-001,CSE-TELECOM-001-A009,execution,medium,2026-08-01T20:33:00Z,2026-08-01T21:23:00Z,closed,CSE-TELECOM-001-USR-02,TEST-012
ALRT-002613,CSE-FINANCE-001,CSE-FINANCE-001-A010,defence-evasion,medium,2026-08-15T22:53:00Z,2026-08-15T23:49:00Z,closed,CSE-FINANCE-001-USR-03,TEST-013
ALRT-002614,CSE-POWER-002,CSE-POWER-002-A005,identity,medium,2026-08-09T13:10:00Z,2026-08-09T14:19:00Z,closed,CSE-POWER-002-USR-04,TEST-014
ALRT-002615,CSE-TELECOM-002,CSE-TELECOM-002-A008,execution,medium,2026-06-19T01:13:00Z,2026-06-19T01:27:00Z,closed,CSE-TELECOM-002-USR-05,TEST-015
ALRT-002616,CSE-FINANCE-002,CSE-FINANCE-002-A010,defence-evasion,high,2026-07-20T09:07:00Z,2026-07-20T10:04:00Z,closed,CSE-FINANCE-002-USR-01,TEST-016
ALRT-002617,CSE-POWER-001,CSE-POWER-001-A007,identity,medium,2026-07-21T09:23:00Z,2026-07-21T09:31:00Z,closed,CSE-POWER-001-USR-02,TEST-017
ALRT-002618,CSE-TELECOM-001,CSE-TELECOM-001-A006,execution,medium,2026-08-04T06:48:00Z,2026-08-04T06:55:00Z,closed,CSE-TELECOM-001-USR-03,TEST-018
ALRT-002619,CSE-FINANCE-001,CSE-FINANCE-001-A004,defence-evasion,critical,2026-07-28T20:48:00Z,2026-07-28T21:11:00Z,closed,CSE-FINANCE-001-USR-04,TEST-019
ALRT-002620,CSE-POWER-002,CSE-POWER-002-A008,identity,medium,2026-08-17T23:08:00Z,2026-08-17T23:51:00Z,closed,CSE-POWER-002-USR-05,TEST-020
ALRT-002621,CSE-TELECOM-002,CSE-TELECOM-002-A007,execution,high,2026-07-04T04:01:00Z,2026-07-04T04:35:00Z,closed,CSE-TELECOM-002-USR-01,TEST-021
ALRT-002622,CSE-FINANCE-002,CSE-FINANCE-002-A008,defence-evasion,medium,2026-07-05T15:25:00Z,2026-07-05T16:29:00Z,closed,CSE-FINANCE-002-USR-02,TEST-022
ALRT-002623,CSE-POWER-001,CSE-POWER-001-A008,identity,medium,2026-07-20T06:29:00Z,2026-07-20T06:50:00Z,closed,CSE-POWER-001-USR-03,TEST-000
ALRT-002624,CSE-TELECOM-001,CSE-TELECOM-001-A007,execution,medium,2026-06-09T07:09:00Z,2026-06-09T07:26:00Z,closed,CSE-TELECOM-001-USR-04,TEST-001
ALRT-002625,CSE-FINANCE-001,CSE-FINANCE-001-A005,defence-evasion,medium,2026-07-20T01:22:00Z,2026-07-20T02:26:00Z,closed,CSE-FINANCE-001-USR-05,TEST-002
ALRT-002626,CSE-POWER-002,CSE-POWER-002-A007,identity,high,2026-08-25T13:04:00Z,2026-08-25T13:46:00Z,closed,CSE-POWER-002-USR-01,TEST-003
ALRT-002627,CSE-TELECOM-002,CSE-TELECOM-002-A006,execution,medium,2026-08-07T17:30:00Z,2026-08-07T17:40:00Z,closed,CSE-TELECOM-002-USR-02,TEST-004
ALRT-002628,CSE-FINANCE-002,CSE-FINANCE-002-A008,defence-evasion,medium,2026-06-11T11:21:00Z,2026-06-11T11:50:00Z,closed,CSE-FINANCE-002-USR-03,TEST-005
ALRT-002629,CSE-POWER-001,CSE-POWER-001-A005,identity,medium,2026-08-06T05:00:00Z,2026-08-06T05:17:00Z,closed,CSE-POWER-001-USR-04,TEST-006
ALRT-002630,CSE-TELECOM-001,CSE-TELECOM-001-A003,execution,medium,2026-08-13T08:03:00Z,2026-08-13T08:11:00Z,closed,CSE-TELECOM-001-USR-05,TEST-007
ALRT-002631,CSE-FINANCE-001,CSE-FINANCE-001-A009,defence-evasion,high,2026-06-30T20:33:00Z,2026-06-30T21:25:00Z,closed,CSE-FINANCE-001-USR-01,TEST-008
ALRT-002632,CSE-POWER-002,CSE-POWER-002-A001,identity,medium,2026-07-30T12:21:00Z,2026-07-30T13:24:00Z,closed,CSE-POWER-002-USR-02,TEST-009
ALRT-002633,CSE-TELECOM-002,CSE-TELECOM-002-A006,execution,medium,2026-08-21T10:18:00Z,2026-08-21T11:10:00Z,closed,CSE-TELECOM-002-USR-03,TEST-010
ALRT-002634,CSE-FINANCE-002,CSE-FINANCE-002-A001,defence-evasion,medium,2026-08-08T18:07:00Z,2026-08-08T19:08:00Z,closed,CSE-FINANCE-002-USR-04,TEST-011
ALRT-002635,CSE-POWER-001,CSE-POWER-001-A008,identity,medium,2026-07-28T16:02:00Z,2026-07-28T17:17:00Z,closed,CSE-POWER-001-USR-05,TEST-012
ALRT-002636,CSE-TELECOM-001,CSE-TELECOM-001-A010,execution,critical,2026-08-06T02:09:00Z,2026-08-06T03:02:00Z,closed,CSE-TELECOM-001-USR-01,TEST-013
ALRT-002637,CSE-FINANCE-001,CSE-FINANCE-001-A006,defence-evasion,medium,2026-08-26T22:28:00Z,2026-08-26T23:07:00Z,closed,CSE-FINANCE-001-USR-02,TEST-014
ALRT-002638,CSE-POWER-002,CSE-POWER-002-A003,identity,medium,2026-06-21T06:05:00Z,2026-06-21T06:59:00Z,closed,CSE-POWER-002-USR-03,TEST-015
ALRT-002639,CSE-TELECOM-002,CSE-TELECOM-002-A005,execution,medium,2026-07-23T07:02:00Z,2026-07-23T07:12:00Z,closed,CSE-TELECOM-002-USR-04,TEST-016
ALRT-002640,CSE-FINANCE-002,CSE-FINANCE-002-A005,defence-evasion,medium,2026-06-04T04:12:00Z,2026-06-04T05:10:00Z,closed,CSE-FINANCE-002-USR-05,TEST-017
ALRT-002641,CSE-POWER-001,CSE-POWER-001-A010,identity,high,2026-06-27T13:51:00Z,2026-06-27T14:15:00Z,closed,CSE-POWER-001-USR-01,TEST-018
ALRT-002642,CSE-TELECOM-001,CSE-TELECOM-001-A007,execution,medium,2026-08-12T18:16:00Z,2026-08-12T18:47:00Z,closed,CSE-TELECOM-001-USR-02,TEST-019
ALRT-002643,CSE-FINANCE-001,CSE-FINANCE-001-A001,defence-evasion,medium,2026-06-11T05:54:00Z,2026-06-11T06:03:00Z,closed,CSE-FINANCE-001-USR-03,TEST-020
ALRT-002644,CSE-POWER-002,CSE-POWER-002-A005,identity,medium,2026-08-03T02:14:00Z,2026-08-03T03:18:00Z,closed,CSE-POWER-002-USR-04,TEST-021
ALRT-002645,CSE-TELECOM-002,CSE-TELECOM-002-A003,execution,medium,2026-08-28T15:07:00Z,2026-08-28T15:22:00Z,closed,CSE-TELECOM-002-USR-05,TEST-022
ALRT-002646,CSE-FINANCE-002,CSE-FINANCE-002-A008,defence-evasion,high,2026-07-16T19:46:00Z,2026-07-16T20:38:00Z,closed,CSE-FINANCE-002-USR-01,TEST-000
ALRT-002647,CSE-POWER-001,CSE-POWER-001-A008,identity,medium,2026-07-06T18:35:00Z,2026-07-06T19:50:00Z,closed,CSE-POWER-001-USR-02,TEST-001
ALRT-002648,CSE-TELECOM-001,CSE-TELECOM-001-A006,execution,medium,2026-08-22T21:20:00Z,2026-08-22T22:32:00Z,closed,CSE-TELECOM-001-USR-03,TEST-002
ALRT-002649,CSE-FINANCE-001,CSE-FINANCE-001-A003,defence-evasion,medium,2026-08-27T21:53:00Z,2026-08-27T23:04:00Z,closed,CSE-FINANCE-001-USR-04,TEST-003
ALRT-002650,CSE-POWER-002,CSE-POWER-002-A005,identity,medium,2026-08-18T07:14:00Z,2026-08-18T07:21:00Z,closed,CSE-POWER-002-USR-05,TEST-004
ALRT-002651,CSE-TELECOM-002,CSE-TELECOM-002-A007,execution,high,2026-08-03T08:21:00Z,2026-08-03T09:31:00Z,closed,CSE-TELECOM-002-USR-01,TEST-005
ALRT-002652,CSE-FINANCE-002,CSE-FINANCE-002-A005,defence-evasion,medium,2026-08-05T23:25:00Z,2026-08-05T23:36:00Z,closed,CSE-FINANCE-002-USR-02,TEST-006
ALRT-002653,CSE-POWER-001,CSE-POWER-001-A010,identity,critical,2026-07-11T08:06:00Z,2026-07-11T08:29:00Z,closed,CSE-POWER-001-USR-03,TEST-007
ALRT-002654,CSE-TELECOM-001,CSE-TELECOM-001-A009,execution,medium,2026-07-01T07:56:00Z,2026-07-01T08:32:00Z,closed,CSE-TELECOM-001-USR-04,TEST-008
ALRT-002655,CSE-FINANCE-001,CSE-FINANCE-001-A008,defence-evasion,medium,2026-06-22T03:44:00Z,2026-06-22T04:58:00Z,closed,CSE-FINANCE-001-USR-05,TEST-009
ALRT-002656,CSE-POWER-002,CSE-POWER-002-A009,identity,high,2026-07-19T13:47:00Z,2026-07-19T14:43:00Z,closed,CSE-POWER-002-USR-01,TEST-010
ALRT-002657,CSE-TELECOM-002,CSE-TELECOM-002-A007,execution,medium,2026-08-14T10:19:00Z,2026-08-14T10:34:00Z,closed,CSE-TELECOM-002-USR-02,TEST-011
ALRT-002658,CSE-FINANCE-002,CSE-FINANCE-002-A004,defence-evasion,medium,2026-06-23T19:30:00Z,2026-06-23T19:43:00Z,closed,CSE-FINANCE-002-USR-03,TEST-012
ALRT-002659,CSE-POWER-001,CSE-POWER-001-A006,identity,medium,2026-06-10T13:25:00Z,2026-06-10T14:25:00Z,closed,CSE-POWER-001-USR-04,TEST-013
ALRT-002660,CSE-TELECOM-001,CSE-TELECOM-001-A003,execution,medium,2026-07-26T15:01:00Z,2026-07-26T15:48:00Z,closed,CSE-TELECOM-001-USR-05,TEST-014
ALRT-002661,CSE-FINANCE-001,CSE-FINANCE-001-A006,defence-evasion,high,2026-06-18T09:15:00Z,2026-06-18T10:22:00Z,closed,CSE-FINANCE-001-USR-01,TEST-015
ALRT-002662,CSE-POWER-002,CSE-POWER-002-A008,identity,medium,2026-07-23T18:13:00Z,2026-07-23T19:09:00Z,closed,CSE-POWER-002-USR-02,TEST-016
ALRT-002663,CSE-TELECOM-002,CSE-TELECOM-002-A007,execution,medium,2026-07-03T09:15:00Z,2026-07-03T09:41:00Z,closed,CSE-TELECOM-002-USR-03,TEST-017
ALRT-002664,CSE-FINANCE-002,CSE-FINANCE-002-A006,defence-evasion,medium,2026-06-23T19:20:00Z,2026-06-23T20:13:00Z,closed,CSE-FINANCE-002-USR-04,TEST-018
ALRT-002665,CSE-POWER-001,CSE-POWER-001-A002,identity,medium,2026-06-15T02:05:00Z,2026-06-15T02:11:00Z,closed,CSE-POWER-001-USR-05,TEST-019
ALRT-002666,CSE-TELECOM-001,CSE-TELECOM-001-A003,execution,high,2026-08-11T13:31:00Z,2026-08-11T13:47:00Z,closed,CSE-TELECOM-001-USR-01,TEST-020
ALRT-002667,CSE-FINANCE-001,CSE-FINANCE-001-A003,defence-evasion,medium,2026-06-09T00:30:00Z,2026-06-09T00:57:00Z,closed,CSE-FINANCE-001-USR-02,TEST-021
ALRT-002668,CSE-POWER-002,CSE-POWER-002-A001,identity,medium,2026-06-20T09:53:00Z,2026-06-20T10:44:00Z,closed,CSE-POWER-002-USR-03,TEST-022
ALRT-002669,CSE-TELECOM-002,CSE-TELECOM-002-A006,execution,medium,2026-08-27T18:05:00Z,2026-08-27T18:15:00Z,closed,CSE-TELECOM-002-USR-04,TEST-000
ALRT-002670,CSE-FINANCE-002,CSE-FINANCE-002-A003,defence-evasion,critical,2026-07-12T10:06:00Z,2026-07-12T10:15:00Z,closed,CSE-FINANCE-002-USR-05,TEST-001
ALRT-002671,CSE-POWER-001,CSE-POWER-001-A010,identity,high,2026-06-13T01:39:00Z,2026-06-13T01:44:00Z,closed,CSE-POWER-001-USR-01,TEST-002
ALRT-002672,CSE-TELECOM-001,CSE-TELECOM-001-A004,execution,medium,2026-06-24T12:52:00Z,2026-06-24T13:59:00Z,closed,CSE-TELECOM-001-USR-02,TEST-003
ALRT-002673,CSE-FINANCE-001,CSE-FINANCE-001-A002,defence-evasion,medium,2026-07-07T18:18:00Z,2026-07-07T19:30:00Z,closed,CSE-FINANCE-001-USR-03,TEST-004
ALRT-002674,CSE-POWER-002,CSE-POWER-002-A002,identity,medium,2026-08-20T09:08:00Z,2026-08-20T09:21:00Z,closed,CSE-POWER-002-USR-04,TEST-005
ALRT-002675,CSE-TELECOM-002,CSE-TELECOM-002-A008,execution,medium,2026-08-19T08:10:00Z,2026-08-19T09:20:00Z,closed,CSE-TELECOM-002-USR-05,TEST-006
ALRT-002676,CSE-FINANCE-002,CSE-FINANCE-002-A002,defence-evasion,high,2026-08-05T19:14:00Z,2026-08-05T19:55:00Z,closed,CSE-FINANCE-002-USR-01,TEST-007
ALRT-002677,CSE-POWER-001,CSE-POWER-001-A001,identity,medium,2026-07-23T10:42:00Z,2026-07-23T11:07:00Z,closed,CSE-POWER-001-USR-02,TEST-008
ALRT-002678,CSE-TELECOM-001,CSE-TELECOM-001-A008,execution,medium,2026-07-30T11:32:00Z,2026-07-30T12:16:00Z,closed,CSE-TELECOM-001-USR-03,TEST-009
ALRT-002679,CSE-FINANCE-001,CSE-FINANCE-001-A005,defence-evasion,medium,2026-08-25T22:52:00Z,2026-08-25T23:48:00Z,closed,CSE-FINANCE-001-USR-04,TEST-010
ALRT-002680,CSE-POWER-002,CSE-POWER-002-A007,identity,medium,2026-07-03T09:42:00Z,2026-07-03T10:28:00Z,closed,CSE-POWER-002-USR-05,TEST-011
ALRT-002681,CSE-TELECOM-002,CSE-TELECOM-002-A004,execution,high,2026-07-03T14:09:00Z,2026-07-03T14:33:00Z,closed,CSE-TELECOM-002-USR-01,TEST-012
ALRT-002682,CSE-FINANCE-002,CSE-FINANCE-002-A001,defence-evasion,medium,2026-06-13T01:37:00Z,2026-06-13T01:57:00Z,closed,CSE-FINANCE-002-USR-02,TEST-013
ALRT-002683,CSE-POWER-001,CSE-POWER-001-A003,identity,medium,2026-06-16T14:08:00Z,2026-06-16T14:32:00Z,closed,CSE-POWER-001-USR-03,TEST-014
ALRT-002684,CSE-TELECOM-001,CSE-TELECOM-001-A002,execution,medium,2026-07-09T10:44:00Z,2026-07-09T11:29:00Z,closed,CSE-TELECOM-001-USR-04,TEST-015
ALRT-002685,CSE-FINANCE-001,CSE-FINANCE-001-A010,defence-evasion,medium,2026-07-03T22:30:00Z,2026-07-03T23:30:00Z,closed,CSE-FINANCE-001-USR-05,TEST-016
ALRT-002686,CSE-POWER-002,CSE-POWER-002-A007,identity,high,2026-06-18T20:42:00Z,2026-06-18T21:57:00Z,closed,CSE-POWER-002-USR-01,TEST-017
ALRT-002687,CSE-TELECOM-002,CSE-TELECOM-002-A010,execution,critical,2026-07-11T22:13:00Z,2026-07-11T23:18:00Z,closed,CSE-TELECOM-002-USR-02,TEST-018
ALRT-002688,CSE-FINANCE-002,CSE-FINANCE-002-A001,defence-evasion,medium,2026-07-19T05:25:00Z,2026-07-19T05:54:00Z,closed,CSE-FINANCE-002-USR-03,TEST-019
ALRT-002689,CSE-POWER-001,CSE-POWER-001-A006,identity,medium,2026-06-11T01:02:00Z,2026-06-11T01:39:00Z,closed,CSE-POWER-001-USR-04,TEST-020
ALRT-002690,CSE-TELECOM-001,CSE-TELECOM-001-A007,execution,medium,2026-06-26T15:29:00Z,2026-06-26T16:24:00Z,closed,CSE-TELECOM-001-USR-05,TEST-021
ALRT-002691,CSE-FINANCE-001,CSE-FINANCE-001-A006,defence-evasion,high,2026-07-30T04:52:00Z,2026-07-30T05:38:00Z,closed,CSE-FINANCE-001-USR-01,TEST-022
ALRT-002692,CSE-POWER-002,CSE-POWER-002-A007,identity,medium,2026-08-26T10:58:00Z,2026-08-26T12:15:00Z,closed,CSE-POWER-002-USR-02,TEST-000
ALRT-002693,CSE-TELECOM-002,CSE-TELECOM-002-A003,execution,medium,2026-06-03T05:16:00Z,2026-06-03T06:14:00Z,closed,CSE-TELECOM-002-USR-03,TEST-001
ALRT-002694,CSE-FINANCE-002,CSE-FINANCE-002-A002,defence-evasion,medium,2026-08-04T10:09:00Z,2026-08-04T10:19:00Z,closed,CSE-FINANCE-002-USR-04,TEST-002
ALRT-002695,CSE-POWER-001,CSE-POWER-001-A003,identity,medium,2026-07-03T16:38:00Z,2026-07-03T17:46:00Z,closed,CSE-POWER-001-USR-05,TEST-003
ALRT-002696,CSE-TELECOM-001,CSE-TELECOM-001-A005,execution,high,2026-06-28T23:11:00Z,2026-06-29T00:09:00Z,closed,CSE-TELECOM-001-USR-01,TEST-004
ALRT-002697,CSE-FINANCE-001,CSE-FINANCE-001-A001,defence-evasion,medium,2026-06-04T20:23:00Z,2026-06-04T21:11:00Z,closed,CSE-FINANCE-001-USR-02,TEST-005
ALRT-002698,CSE-POWER-002,CSE-POWER-002-A010,identity,medium,2026-07-20T10:00:00Z,2026-07-20T10:18:00Z,closed,CSE-POWER-002-USR-03,TEST-006
ALRT-002699,CSE-TELECOM-002,CSE-TELECOM-002-A008,execution,medium,2026-08-06T06:13:00Z,2026-08-06T06:36:00Z,closed,CSE-TELECOM-002-USR-04,TEST-007
ALRT-002700,CSE-FINANCE-002,CSE-FINANCE-002-A006,defence-evasion,medium,2026-08-29T21:54:00Z,2026-08-29T23:03:00Z,closed,CSE-FINANCE-002-USR-05,TEST-008
ALRT-002701,CSE-POWER-001,CSE-POWER-001-A005,identity,high,2026-08-09T12:56:00Z,2026-08-09T14:08:00Z,closed,CSE-POWER-001-USR-01,TEST-009
ALRT-002702,CSE-TELECOM-001,CSE-TELECOM-001-A010,execution,medium,2026-08-20T19:12:00Z,2026-08-20T20:12:00Z,closed,CSE-TELECOM-001-USR-02,TEST-010
ALRT-002703,CSE-FINANCE-001,CSE-FINANCE-001-A001,defence-evasion,medium,2026-07-31T23:37:00Z,2026-08-01T00:52:00Z,closed,CSE-FINANCE-001-USR-03,TEST-011
ALRT-002704,CSE-POWER-002,CSE-POWER-002-A005,identity,critical,2026-08-10T14:02:00Z,2026-08-10T14:43:00Z,closed,CSE-POWER-002-USR-04,TEST-012
ALRT-002705,CSE-TELECOM-002,CSE-TELECOM-002-A006,execution,medium,2026-06-05T13:37:00Z,2026-06-05T13:50:00Z,closed,CSE-TELECOM-002-USR-05,TEST-013
ALRT-002706,CSE-FINANCE-002,CSE-FINANCE-002-A008,defence-evasion,high,2026-07-26T14:58:00Z,2026-07-26T16:16:00Z,closed,CSE-FINANCE-002-USR-01,TEST-014
ALRT-002707,CSE-POWER-001,CSE-POWER-001-A004,identity,medium,2026-07-13T18:14:00Z,2026-07-13T19:16:00Z,closed,CSE-POWER-001-USR-02,TEST-015
ALRT-002708,CSE-TELECOM-001,CSE-TELECOM-001-A005,execution,medium,2026-07-11T20:54:00Z,2026-07-11T21:03:00Z,closed,CSE-TELECOM-001-USR-03,TEST-016
ALRT-002709,CSE-FINANCE-001,CSE-FINANCE-001-A004,defence-evasion,medium,2026-08-27T18:16:00Z,2026-08-27T19:11:00Z,closed,CSE-FINANCE-001-USR-04,TEST-017
ALRT-002710,CSE-POWER-002,CSE-POWER-002-A005,identity,medium,2026-06-03T16:14:00Z,2026-06-03T16:24:00Z,closed,CSE-POWER-002-USR-05,TEST-018
ALRT-002711,CSE-TELECOM-002,CSE-TELECOM-002-A004,execution,high,2026-07-30T07:25:00Z,2026-07-30T07:30:00Z,closed,CSE-TELECOM-002-USR-01,TEST-019
ALRT-002712,CSE-FINANCE-002,CSE-FINANCE-002-A007,defence-evasion,medium,2026-06-09T02:51:00Z,2026-06-09T03:31:00Z,closed,CSE-FINANCE-002-USR-02,TEST-020
ALRT-002713,CSE-POWER-001,CSE-POWER-001-A009,identity,medium,2026-08-11T13:01:00Z,2026-08-11T14:10:00Z,closed,CSE-POWER-001-USR-03,TEST-021
ALRT-002714,CSE-TELECOM-001,CSE-TELECOM-001-A005,execution,medium,2026-08-18T21:03:00Z,2026-08-18T22:11:00Z,closed,CSE-TELECOM-001-USR-04,TEST-022
ALRT-002715,CSE-FINANCE-001,CSE-FINANCE-001-A010,defence-evasion,medium,2026-06-30T17:42:00Z,2026-06-30T18:57:00Z,closed,CSE-FINANCE-001-USR-05,TEST-000
ALRT-002716,CSE-POWER-002,CSE-POWER-002-A005,identity,high,2026-06-17T07:59:00Z,2026-06-17T08:53:00Z,closed,CSE-POWER-002-USR-01,TEST-001
ALRT-002717,CSE-TELECOM-002,CSE-TELECOM-002-A009,execution,medium,2026-07-15T05:34:00Z,2026-07-15T06:04:00Z,closed,CSE-TELECOM-002-USR-02,TEST-002
ALRT-002718,CSE-FINANCE-002,CSE-FINANCE-002-A001,defence-evasion,medium,2026-08-29T13:05:00Z,2026-08-29T13:52:00Z,closed,CSE-FINANCE-002-USR-03,TEST-003
ALRT-002719,CSE-POWER-001,CSE-POWER-001-A004,identity,medium,2026-08-03T00:06:00Z,2026-08-03T00:27:00Z,closed,CSE-POWER-001-USR-04,TEST-004
ALRT-002720,CSE-TELECOM-001,CSE-TELECOM-001-A005,execution,medium,2026-06-24T21:18:00Z,2026-06-24T21:55:00Z,closed,CSE-TELECOM-001-USR-05,TEST-005
ALRT-002721,CSE-FINANCE-001,CSE-FINANCE-001-A007,defence-evasion,critical,2026-06-23T13:13:00Z,2026-06-23T13:38:00Z,closed,CSE-FINANCE-001-USR-01,TEST-006
ALRT-002722,CSE-POWER-002,CSE-POWER-002-A006,identity,medium,2026-06-15T09:19:00Z,2026-06-15T10:33:00Z,closed,CSE-POWER-002-USR-02,TEST-007
ALRT-002723,CSE-TELECOM-002,CSE-TELECOM-002-A009,execution,medium,2026-08-23T02:04:00Z,2026-08-23T02:28:00Z,closed,CSE-TELECOM-002-USR-03,TEST-008
ALRT-002724,CSE-FINANCE-002,CSE-FINANCE-002-A002,defence-evasion,medium,2026-06-03T07:04:00Z,2026-06-03T07:43:00Z,closed,CSE-FINANCE-002-USR-04,TEST-009
ALRT-002725,CSE-POWER-001,CSE-POWER-001-A003,identity,medium,2026-06-17T14:21:00Z,2026-06-17T14:41:00Z,closed,CSE-POWER-001-USR-05,TEST-010
ALRT-002726,CSE-TELECOM-001,CSE-TELECOM-001-A009,execution,high,2026-08-10T14:32:00Z,2026-08-10T14:52:00Z,closed,CSE-TELECOM-001-USR-01,TEST-011
ALRT-002727,CSE-FINANCE-001,CSE-FINANCE-001-A008,defence-evasion,medium,2026-08-27T19:17:00Z,2026-08-27T19:32:00Z,closed,CSE-FINANCE-001-USR-02,TEST-012
ALRT-002728,CSE-POWER-002,CSE-POWER-002-A006,identity,medium,2026-06-14T11:11:00Z,2026-06-14T12:05:00Z,closed,CSE-POWER-002-USR-03,TEST-013
ALRT-002729,CSE-TELECOM-002,CSE-TELECOM-002-A004,execution,medium,2026-08-11T08:46:00Z,2026-08-11T08:53:00Z,closed,CSE-TELECOM-002-USR-04,TEST-014
ALRT-002730,CSE-FINANCE-002,CSE-FINANCE-002-A010,defence-evasion,medium,2026-06-14T02:10:00Z,2026-06-14T02:33:00Z,closed,CSE-FINANCE-002-USR-05,TEST-015
ALRT-002731,CSE-POWER-001,CSE-POWER-001-A006,identity,high,2026-06-23T16:52:00Z,2026-06-23T18:05:00Z,closed,CSE-POWER-001-USR-01,TEST-016
ALRT-002732,CSE-TELECOM-001,CSE-TELECOM-001-A004,execution,medium,2026-08-03T20:22:00Z,2026-08-03T20:30:00Z,closed,CSE-TELECOM-001-USR-02,TEST-017
ALRT-002733,CSE-FINANCE-001,CSE-FINANCE-001-A006,defence-evasion,medium,2026-07-22T13:06:00Z,2026-07-22T14:16:00Z,closed,CSE-FINANCE-001-USR-03,TEST-018
ALRT-002734,CSE-POWER-002,CSE-POWER-002-A007,identity,medium,2026-06-30T05:12:00Z,2026-06-30T06:18:00Z,closed,CSE-POWER-002-USR-04,TEST-019
ALRT-002735,CSE-TELECOM-002,CSE-TELECOM-002-A010,execution,medium,2026-08-31T02:47:00Z,2026-08-31T03:21:00Z,closed,CSE-TELECOM-002-USR-05,TEST-020
ALRT-002736,CSE-FINANCE-002,CSE-FINANCE-002-A008,defence-evasion,high,2026-08-13T14:24:00Z,2026-08-13T15:10:00Z,closed,CSE-FINANCE-002-USR-01,TEST-021
ALRT-002737,CSE-POWER-001,CSE-POWER-001-A006,identity,medium,2026-06-28T01:02:00Z,2026-06-28T02:04:00Z,closed,CSE-POWER-001-USR-02,TEST-022
ALRT-002738,CSE-TELECOM-001,CSE-TELECOM-001-A004,execution,critical,2026-06-03T18:22:00Z,2026-06-03T18:29:00Z,closed,CSE-TELECOM-001-USR-03,TEST-000
ALRT-002739,CSE-FINANCE-001,CSE-FINANCE-001-A006,defence-evasion,medium,2026-08-25T10:26:00Z,2026-08-25T10:31:00Z,closed,CSE-FINANCE-001-USR-04,TEST-001
ALRT-002740,CSE-POWER-002,CSE-POWER-002-A006,identity,medium,2026-08-01T02:08:00Z,2026-08-01T02:25:00Z,closed,CSE-POWER-002-USR-05,TEST-002
ALRT-002741,CSE-TELECOM-002,CSE-TELECOM-002-A010,execution,high,2026-08-08T17:49:00Z,2026-08-08T18:08:00Z,closed,CSE-TELECOM-002-USR-01,TEST-003
ALRT-002742,CSE-FINANCE-002,CSE-FINANCE-002-A010,defence-evasion,medium,2026-06-20T15:31:00Z,2026-06-20T16:46:00Z,closed,CSE-FINANCE-002-USR-02,TEST-004
ALRT-002743,CSE-POWER-001,CSE-POWER-001-A009,identity,medium,2026-07-16T03:39:00Z,2026-07-16T03:48:00Z,closed,CSE-POWER-001-USR-03,TEST-005
ALRT-002744,CSE-TELECOM-001,CSE-TELECOM-001-A006,execution,medium,2026-07-04T09:34:00Z,2026-07-04T10:33:00Z,closed,CSE-TELECOM-001-USR-04,TEST-006
ALRT-002745,CSE-FINANCE-001,CSE-FINANCE-001-A005,defence-evasion,medium,2026-06-07T03:03:00Z,2026-06-07T03:46:00Z,closed,CSE-FINANCE-001-USR-05,TEST-007
ALRT-002746,CSE-POWER-002,CSE-POWER-002-A003,identity,high,2026-08-31T08:52:00Z,2026-08-31T09:45:00Z,closed,CSE-POWER-002-USR-01,TEST-008
ALRT-002747,CSE-TELECOM-002,CSE-TELECOM-002-A003,execution,medium,2026-07-08T10:54:00Z,2026-07-08T11:51:00Z,closed,CSE-TELECOM-002-USR-02,TEST-009
ALRT-002748,CSE-FINANCE-002,CSE-FINANCE-002-A002,defence-evasion,medium,2026-08-09T11:04:00Z,2026-08-09T12:12:00Z,closed,CSE-FINANCE-002-USR-03,TEST-010
ALRT-002749,CSE-POWER-001,CSE-POWER-001-A005,identity,medium,2026-07-11T13:01:00Z,2026-07-11T13:09:00Z,closed,CSE-POWER-001-USR-04,TEST-011
ALRT-002750,CSE-TELECOM-001,CSE-TELECOM-001-A005,execution,medium,2026-07-14T05:45:00Z,2026-07-14T06:01:00Z,closed,CSE-TELECOM-001-USR-05,TEST-012
ALRT-002751,CSE-FINANCE-001,CSE-FINANCE-001-A003,defence-evasion,high,2026-08-09T19:38:00Z,2026-08-09T19:55:00Z,closed,CSE-FINANCE-001-USR-01,TEST-013
ALRT-002752,CSE-POWER-002,CSE-POWER-002-A006,identity,medium,2026-06-17T03:16:00Z,2026-06-17T04:03:00Z,closed,CSE-POWER-002-USR-02,TEST-014
ALRT-002753,CSE-TELECOM-002,CSE-TELECOM-002-A006,execution,medium,2026-06-18T05:36:00Z,2026-06-18T06:08:00Z,closed,CSE-TELECOM-002-USR-03,TEST-015
ALRT-002754,CSE-FINANCE-002,CSE-FINANCE-002-A010,defence-evasion,medium,2026-06-13T07:03:00Z,2026-06-13T07:43:00Z,closed,CSE-FINANCE-002-USR-04,TEST-016
ALRT-002755,CSE-POWER-001,CSE-POWER-001-A005,identity,critical,2026-08-12T17:58:00Z,2026-08-12T18:13:00Z,closed,CSE-POWER-001-USR-05,TEST-017
ALRT-002756,CSE-TELECOM-001,CSE-TELECOM-001-A009,execution,high,2026-08-15T22:34:00Z,2026-08-15T23:17:00Z,closed,CSE-TELECOM-001-USR-01,TEST-018
ALRT-002757,CSE-FINANCE-001,CSE-FINANCE-001-A009,defence-evasion,medium,2026-08-26T09:06:00Z,2026-08-26T10:02:00Z,closed,CSE-FINANCE-001-USR-02,TEST-019
ALRT-002758,CSE-POWER-002,CSE-POWER-002-A001,identity,medium,2026-07-12T13:05:00Z,2026-07-12T13:52:00Z,closed,CSE-POWER-002-USR-03,TEST-020
ALRT-002759,CSE-TELECOM-002,CSE-TELECOM-002-A005,execution,medium,2026-06-09T04:04:00Z,2026-06-09T04:21:00Z,closed,CSE-TELECOM-002-USR-04,TEST-021
ALRT-002760,CSE-FINANCE-002,CSE-FINANCE-002-A010,defence-evasion,medium,2026-06-03T03:57:00Z,2026-06-03T05:03:00Z,closed,CSE-FINANCE-002-USR-05,TEST-022
ALRT-002761,CSE-POWER-001,CSE-POWER-001-A001,identity,high,2026-08-02T11:25:00Z,2026-08-02T12:39:00Z,closed,CSE-POWER-001-USR-01,TEST-000
ALRT-002762,CSE-TELECOM-001,CSE-TELECOM-001-A002,execution,medium,2026-07-06T05:37:00Z,2026-07-06T06:53:00Z,closed,CSE-TELECOM-001-USR-02,TEST-001
ALRT-002763,CSE-FINANCE-001,CSE-FINANCE-001-A004,defence-evasion,medium,2026-06-13T10:10:00Z,2026-06-13T10:38:00Z,closed,CSE-FINANCE-001-USR-03,TEST-002
ALRT-002764,CSE-POWER-002,CSE-POWER-002-A010,identity,medium,2026-08-31T03:40:00Z,2026-08-31T03:47:00Z,closed,CSE-POWER-002-USR-04,TEST-003
ALRT-002765,CSE-TELECOM-002,CSE-TELECOM-002-A008,execution,medium,2026-06-30T23:45:00Z,2026-07-01T00:06:00Z,closed,CSE-TELECOM-002-USR-05,TEST-004
ALRT-002766,CSE-FINANCE-002,CSE-FINANCE-002-A003,defence-evasion,high,2026-08-29T16:15:00Z,2026-08-29T17:12:00Z,closed,CSE-FINANCE-002-USR-01,TEST-005
ALRT-002767,CSE-POWER-001,CSE-POWER-001-A001,identity,medium,2026-08-29T16:56:00Z,2026-08-29T17:35:00Z,closed,CSE-POWER-001-USR-02,TEST-006
ALRT-002768,CSE-TELECOM-001,CSE-TELECOM-001-A010,execution,medium,2026-06-27T15:35:00Z,2026-06-27T16:10:00Z,closed,CSE-TELECOM-001-USR-03,TEST-007
ALRT-002769,CSE-FINANCE-001,CSE-FINANCE-001-A001,defence-evasion,medium,2026-07-28T06:39:00Z,2026-07-28T07:33:00Z,closed,CSE-FINANCE-001-USR-04,TEST-008
ALRT-002770,CSE-POWER-002,CSE-POWER-002-A004,identity,medium,2026-08-09T09:22:00Z,2026-08-09T09:44:00Z,closed,CSE-POWER-002-USR-05,TEST-009
ALRT-002771,CSE-TELECOM-002,CSE-TELECOM-002-A007,execution,high,2026-08-17T13:58:00Z,2026-08-17T15:17:00Z,closed,CSE-TELECOM-002-USR-01,TEST-010
ALRT-002772,CSE-FINANCE-002,CSE-FINANCE-002-A005,defence-evasion,critical,2026-07-07T07:39:00Z,2026-07-07T07:59:00Z,closed,CSE-FINANCE-002-USR-02,TEST-011
ALRT-002773,CSE-POWER-001,CSE-POWER-001-A007,identity,medium,2026-07-05T20:38:00Z,2026-07-05T21:46:00Z,closed,CSE-POWER-001-USR-03,TEST-012
ALRT-002774,CSE-TELECOM-001,CSE-TELECOM-001-A001,execution,medium,2026-06-17T12:37:00Z,2026-06-17T13:06:00Z,closed,CSE-TELECOM-001-USR-04,TEST-013
ALRT-002775,CSE-FINANCE-001,CSE-FINANCE-001-A005,defence-evasion,medium,2026-08-30T04:36:00Z,2026-08-30T05:04:00Z,closed,CSE-FINANCE-001-USR-05,TEST-014
ALRT-002776,CSE-POWER-002,CSE-POWER-002-A010,identity,high,2026-06-18T21:15:00Z,2026-06-18T21:36:00Z,closed,CSE-POWER-002-USR-01,TEST-015
ALRT-002777,CSE-TELECOM-002,CSE-TELECOM-002-A001,execution,medium,2026-07-02T07:47:00Z,2026-07-02T07:57:00Z,closed,CSE-TELECOM-002-USR-02,TEST-016
ALRT-002778,CSE-FINANCE-002,CSE-FINANCE-002-A002,defence-evasion,medium,2026-08-29T12:08:00Z,2026-08-29T12:40:00Z,closed,CSE-FINANCE-002-USR-03,TEST-017
ALRT-002779,CSE-POWER-001,CSE-POWER-001-A005,identity,medium,2026-06-17T18:00:00Z,2026-06-17T18:31:00Z,closed,CSE-POWER-001-USR-04,TEST-018
ALRT-002780,CSE-TELECOM-001,CSE-TELECOM-001-A002,execution,medium,2026-08-31T00:26:00Z,2026-08-31T00:44:00Z,closed,CSE-TELECOM-001-USR-05,TEST-019
ALRT-002781,CSE-FINANCE-001,CSE-FINANCE-001-A006,defence-evasion,high,2026-06-29T14:09:00Z,2026-06-29T14:32:00Z,closed,CSE-FINANCE-001-USR-01,TEST-020
ALRT-002782,CSE-POWER-002,CSE-POWER-002-A002,identity,medium,2026-07-20T10:26:00Z,2026-07-20T11:19:00Z,closed,CSE-POWER-002-USR-02,TEST-021
ALRT-002783,CSE-TELECOM-002,CSE-TELECOM-002-A009,execution,medium,2026-08-29T08:28:00Z,2026-08-29T08:58:00Z,closed,CSE-TELECOM-002-USR-03,TEST-022
ALRT-002784,CSE-FINANCE-002,CSE-FINANCE-002-A003,defence-evasion,medium,2026-06-29T12:22:00Z,2026-06-29T12:51:00Z,closed,CSE-FINANCE-002-USR-04,TEST-000
ALRT-002785,CSE-POWER-001,CSE-POWER-001-A004,identity,medium,2026-08-04T15:17:00Z,2026-08-04T16:17:00Z,closed,CSE-POWER-001-USR-05,TEST-001
ALRT-002786,CSE-TELECOM-001,CSE-TELECOM-001-A001,execution,high,2026-07-05T00:27:00Z,2026-07-05T01:31:00Z,closed,CSE-TELECOM-001-USR-01,TEST-002
ALRT-002787,CSE-FINANCE-001,CSE-FINANCE-001-A003,defence-evasion,medium,2026-06-10T01:47:00Z,2026-06-10T02:50:00Z,closed,CSE-FINANCE-001-USR-02,TEST-003
ALRT-002788,CSE-POWER-002,CSE-POWER-002-A009,identity,medium,2026-07-10T06:26:00Z,2026-07-10T06:45:00Z,closed,CSE-POWER-002-USR-03,TEST-004
ALRT-002789,CSE-TELECOM-002,CSE-TELECOM-002-A005,execution,critical,2026-06-21T09:17:00Z,2026-06-21T09:44:00Z,closed,CSE-TELECOM-002-USR-04,TEST-005
ALRT-002790,CSE-FINANCE-002,CSE-FINANCE-002-A007,defence-evasion,medium,2026-06-04T15:50:00Z,2026-06-04T17:02:00Z,closed,CSE-FINANCE-002-USR-05,TEST-006
ALRT-002791,CSE-POWER-001,CSE-POWER-001-A002,identity,high,2026-08-17T14:22:00Z,2026-08-17T15:05:00Z,closed,CSE-POWER-001-USR-01,TEST-007
ALRT-002792,CSE-TELECOM-001,CSE-TELECOM-001-A004,execution,medium,2026-07-30T06:44:00Z,2026-07-30T07:24:00Z,closed,CSE-TELECOM-001-USR-02,TEST-008
ALRT-002793,CSE-FINANCE-001,CSE-FINANCE-001-A008,defence-evasion,medium,2026-07-22T08:10:00Z,2026-07-22T09:16:00Z,closed,CSE-FINANCE-001-USR-03,TEST-009
ALRT-002794,CSE-POWER-002,CSE-POWER-002-A004,identity,medium,2026-07-29T04:01:00Z,2026-07-29T04:36:00Z,closed,CSE-POWER-002-USR-04,TEST-010
ALRT-002795,CSE-TELECOM-002,CSE-TELECOM-002-A008,execution,medium,2026-07-22T07:35:00Z,2026-07-22T08:45:00Z,closed,CSE-TELECOM-002-USR-05,TEST-011
ALRT-002796,CSE-FINANCE-002,CSE-FINANCE-002-A003,defence-evasion,high,2026-06-17T08:46:00Z,2026-06-17T09:38:00Z,closed,CSE-FINANCE-002-USR-01,TEST-012
ALRT-002797,CSE-POWER-001,CSE-POWER-001-A009,identity,medium,2026-07-05T22:06:00Z,2026-07-05T22:45:00Z,closed,CSE-POWER-001-USR-02,TEST-013
ALRT-002798,CSE-TELECOM-001,CSE-TELECOM-001-A009,execution,medium,2026-07-12T23:25:00Z,2026-07-12T23:32:00Z,closed,CSE-TELECOM-001-USR-03,TEST-014
ALRT-002799,CSE-FINANCE-001,CSE-FINANCE-001-A002,defence-evasion,medium,2026-08-14T03:15:00Z,2026-08-14T03:56:00Z,closed,CSE-FINANCE-001-USR-04,TEST-015
ALRT-002800,CSE-POWER-002,CSE-POWER-002-A005,identity,medium,2026-07-04T21:59:00Z,2026-07-04T23:15:00Z,closed,CSE-POWER-002-USR-05,TEST-016
ALRT-002801,CSE-TELECOM-002,CSE-TELECOM-002-A010,execution,high,2026-08-15T16:58:00Z,2026-08-15T17:26:00Z,closed,CSE-TELECOM-002-USR-01,TEST-017
ALRT-002802,CSE-FINANCE-002,CSE-FINANCE-002-A008,defence-evasion,medium,2026-08-09T00:09:00Z,2026-08-09T00:16:00Z,closed,CSE-FINANCE-002-USR-02,TEST-018
ALRT-002803,CSE-POWER-001,CSE-POWER-001-A006,identity,medium,2026-08-30T17:26:00Z,2026-08-30T18:43:00Z,closed,CSE-POWER-001-USR-03,TEST-019
ALRT-002804,CSE-TELECOM-001,CSE-TELECOM-001-A006,execution,medium,2026-06-03T15:12:00Z,2026-06-03T15:40:00Z,closed,CSE-TELECOM-001-USR-04,TEST-020
ALRT-002805,CSE-FINANCE-001,CSE-FINANCE-001-A002,defence-evasion,medium,2026-07-12T23:48:00Z,2026-07-13T00:47:00Z,closed,CSE-FINANCE-001-USR-05,TEST-021
ALRT-002806,CSE-POWER-002,CSE-POWER-002-A005,identity,critical,2026-08-31T08:37:00Z,2026-08-31T09:07:00Z,closed,CSE-POWER-002-USR-01,TEST-022
ALRT-002807,CSE-TELECOM-002,CSE-TELECOM-002-A007,execution,medium,2026-08-27T19:36:00Z,2026-08-27T20:53:00Z,closed,CSE-TELECOM-002-USR-02,TEST-000
ALRT-002808,CSE-FINANCE-002,CSE-FINANCE-002-A006,defence-evasion,medium,2026-06-15T12:30:00Z,2026-06-15T13:00:00Z,closed,CSE-FINANCE-002-USR-03,TEST-001
ALRT-002809,CSE-POWER-001,CSE-POWER-001-A004,identity,medium,2026-07-14T01:54:00Z,2026-07-14T02:42:00Z,closed,CSE-POWER-001-USR-04,TEST-002
ALRT-002810,CSE-TELECOM-001,CSE-TELECOM-001-A006,execution,medium,2026-08-02T07:34:00Z,2026-08-02T08:21:00Z,closed,CSE-TELECOM-001-USR-05,TEST-003
ALRT-002811,CSE-FINANCE-001,CSE-FINANCE-001-A008,defence-evasion,high,2026-07-02T13:35:00Z,2026-07-02T13:42:00Z,closed,CSE-FINANCE-001-USR-01,TEST-004
ALRT-002812,CSE-POWER-002,CSE-POWER-002-A002,identity,medium,2026-06-16T18:57:00Z,2026-06-16T19:19:00Z,closed,CSE-POWER-002-USR-02,TEST-005
ALRT-002813,CSE-TELECOM-002,CSE-TELECOM-002-A004,execution,medium,2026-07-25T01:13:00Z,2026-07-25T02:17:00Z,closed,CSE-TELECOM-002-USR-03,TEST-006
ALRT-002814,CSE-FINANCE-002,CSE-FINANCE-002-A007,defence-evasion,medium,2026-08-10T23:04:00Z,2026-08-10T23:22:00Z,closed,CSE-FINANCE-002-USR-04,TEST-007
ALRT-002815,CSE-POWER-001,CSE-POWER-001-A009,identity,medium,2026-07-29T22:08:00Z,2026-07-29T22:41:00Z,closed,CSE-POWER-001-USR-05,TEST-008
ALRT-002816,CSE-TELECOM-001,CSE-TELECOM-001-A004,execution,high,2026-06-30T11:06:00Z,2026-06-30T11:15:00Z,closed,CSE-TELECOM-001-USR-01,TEST-009
ALRT-002817,CSE-FINANCE-001,CSE-FINANCE-001-A005,defence-evasion,medium,2026-06-04T18:26:00Z,2026-06-04T18:46:00Z,closed,CSE-FINANCE-001-USR-02,TEST-010
ALRT-002818,CSE-POWER-002,CSE-POWER-002-A005,identity,medium,2026-08-24T18:56:00Z,2026-08-24T19:58:00Z,closed,CSE-POWER-002-USR-03,TEST-011
ALRT-002819,CSE-TELECOM-002,CSE-TELECOM-002-A004,execution,medium,2026-06-14T10:59:00Z,2026-06-14T11:34:00Z,closed,CSE-TELECOM-002-USR-04,TEST-012
ALRT-002820,CSE-FINANCE-002,CSE-FINANCE-002-A010,defence-evasion,medium,2026-06-18T02:51:00Z,2026-06-18T03:28:00Z,closed,CSE-FINANCE-002-USR-05,TEST-013
ALRT-002821,CSE-POWER-001,CSE-POWER-001-A010,identity,high,2026-08-10T23:40:00Z,2026-08-11T00:15:00Z,closed,CSE-POWER-001-USR-01,TEST-014
ALRT-002822,CSE-TELECOM-001,CSE-TELECOM-001-A001,execution,medium,2026-08-02T22:17:00Z,2026-08-02T23:31:00Z,closed,CSE-TELECOM-001-USR-02,TEST-015
ALRT-002823,CSE-FINANCE-001,CSE-FINANCE-001-A003,defence-evasion,critical,2026-08-26T22:46:00Z,2026-08-26T22:51:00Z,closed,CSE-FINANCE-001-USR-03,TEST-016
ALRT-002824,CSE-POWER-002,CSE-POWER-002-A008,identity,medium,2026-06-30T13:56:00Z,2026-06-30T14:43:00Z,closed,CSE-POWER-002-USR-04,TEST-017
ALRT-002825,CSE-TELECOM-002,CSE-TELECOM-002-A002,execution,medium,2026-06-14T16:37:00Z,2026-06-14T17:11:00Z,closed,CSE-TELECOM-002-USR-05,TEST-018
ALRT-002826,CSE-FINANCE-002,CSE-FINANCE-002-A010,defence-evasion,high,2026-07-08T00:27:00Z,2026-07-08T01:16:00Z,closed,CSE-FINANCE-002-USR-01,TEST-019
ALRT-002827,CSE-POWER-001,CSE-POWER-001-A006,identity,medium,2026-07-30T17:44:00Z,2026-07-30T18:10:00Z,closed,CSE-POWER-001-USR-02,TEST-020
ALRT-002828,CSE-TELECOM-001,CSE-TELECOM-001-A001,execution,medium,2026-06-15T20:36:00Z,2026-06-15T20:43:00Z,closed,CSE-TELECOM-001-USR-03,TEST-021
ALRT-002829,CSE-FINANCE-001,CSE-FINANCE-001-A005,defence-evasion,medium,2026-06-27T05:52:00Z,2026-06-27T06:17:00Z,closed,CSE-FINANCE-001-USR-04,TEST-022
ALRT-002830,CSE-POWER-002,CSE-POWER-002-A004,identity,medium,2026-06-08T23:11:00Z,2026-06-08T23:41:00Z,closed,CSE-POWER-002-USR-05,TEST-000
ALRT-002831,CSE-TELECOM-002,CSE-TELECOM-002-A004,execution,high,2026-06-28T04:18:00Z,2026-06-28T05:21:00Z,closed,CSE-TELECOM-002-USR-01,TEST-001
ALRT-002832,CSE-FINANCE-002,CSE-FINANCE-002-A001,defence-evasion,medium,2026-08-26T14:14:00Z,2026-08-26T14:36:00Z,closed,CSE-FINANCE-002-USR-02,TEST-002
ALRT-002833,CSE-POWER-001,CSE-POWER-001-A001,identity,medium,2026-06-18T23:58:00Z,2026-06-19T00:29:00Z,closed,CSE-POWER-001-USR-03,TEST-003
ALRT-002834,CSE-TELECOM-001,CSE-TELECOM-001-A006,execution,medium,2026-08-22T09:53:00Z,2026-08-22T10:53:00Z,closed,CSE-TELECOM-001-USR-04,TEST-004
ALRT-002835,CSE-FINANCE-001,CSE-FINANCE-001-A003,defence-evasion,medium,2026-08-30T02:53:00Z,2026-08-30T03:18:00Z,closed,CSE-FINANCE-001-USR-05,TEST-005
ALRT-002836,CSE-POWER-002,CSE-POWER-002-A008,identity,high,2026-07-21T00:10:00Z,2026-07-21T01:02:00Z,closed,CSE-POWER-002-USR-01,TEST-006
ALRT-002837,CSE-TELECOM-002,CSE-TELECOM-002-A001,execution,medium,2026-08-10T05:43:00Z,2026-08-10T06:41:00Z,closed,CSE-TELECOM-002-USR-02,TEST-007
ALRT-002838,CSE-FINANCE-002,CSE-FINANCE-002-A002,defence-evasion,medium,2026-06-13T05:13:00Z,2026-06-13T05:27:00Z,closed,CSE-FINANCE-002-USR-03,TEST-008
ALRT-002839,CSE-POWER-001,CSE-POWER-001-A003,identity,medium,2026-07-26T03:27:00Z,2026-07-26T04:01:00Z,closed,CSE-POWER-001-USR-04,TEST-009
ALRT-002840,CSE-TELECOM-001,CSE-TELECOM-001-A003,execution,critical,2026-07-07T22:33:00Z,2026-07-07T23:49:00Z,closed,CSE-TELECOM-001-USR-05,TEST-010
ALRT-002841,CSE-FINANCE-001,CSE-FINANCE-001-A009,defence-evasion,high,2026-08-17T18:21:00Z,2026-08-17T19:23:00Z,closed,CSE-FINANCE-001-USR-01,TEST-011
ALRT-002842,CSE-POWER-002,CSE-POWER-002-A003,identity,medium,2026-08-18T17:42:00Z,2026-08-18T18:59:00Z,closed,CSE-POWER-002-USR-02,TEST-012
ALRT-002843,CSE-TELECOM-002,CSE-TELECOM-002-A004,execution,medium,2026-07-30T13:11:00Z,2026-07-30T14:12:00Z,closed,CSE-TELECOM-002-USR-03,TEST-013
ALRT-002844,CSE-FINANCE-002,CSE-FINANCE-002-A005,defence-evasion,medium,2026-07-13T08:38:00Z,2026-07-13T09:10:00Z,closed,CSE-FINANCE-002-USR-04,TEST-014
ALRT-002845,CSE-POWER-001,CSE-POWER-001-A001,identity,medium,2026-06-28T12:18:00Z,2026-06-28T13:11:00Z,closed,CSE-POWER-001-USR-05,TEST-015
ALRT-002846,CSE-TELECOM-001,CSE-TELECOM-001-A009,execution,high,2026-08-01T02:55:00Z,2026-08-01T04:14:00Z,closed,CSE-TELECOM-001-USR-01,TEST-016
ALRT-002847,CSE-FINANCE-001,CSE-FINANCE-001-A002,defence-evasion,medium,2026-08-30T04:57:00Z,2026-08-30T05:08:00Z,closed,CSE-FINANCE-001-USR-02,TEST-017
ALRT-002848,CSE-POWER-002,CSE-POWER-002-A004,identity,medium,2026-08-31T17:54:00Z,2026-08-31T18:13:00Z,closed,CSE-POWER-002-USR-03,TEST-018
ALRT-002849,CSE-TELECOM-002,CSE-TELECOM-002-A009,execution,medium,2026-08-03T12:58:00Z,2026-08-03T14:17:00Z,closed,CSE-TELECOM-002-USR-04,TEST-019
ALRT-002850,CSE-FINANCE-002,CSE-FINANCE-002-A003,defence-evasion,medium,2026-06-09T16:11:00Z,2026-06-09T17:24:00Z,closed,CSE-FINANCE-002-USR-05,TEST-020
ALRT-002851,CSE-POWER-001,CSE-POWER-001-A004,identity,high,2026-06-19T07:58:00Z,2026-06-19T08:09:00Z,closed,CSE-POWER-001-USR-01,TEST-021
ALRT-002852,CSE-TELECOM-001,CSE-TELECOM-001-A009,execution,medium,2026-08-19T17:56:00Z,2026-08-19T18:10:00Z,closed,CSE-TELECOM-001-USR-02,TEST-022
ALRT-002853,CSE-FINANCE-001,CSE-FINANCE-001-A004,defence-evasion,medium,2026-08-10T17:05:00Z,2026-08-10T17:53:00Z,closed,CSE-FINANCE-001-USR-03,TEST-000
ALRT-002854,CSE-POWER-002,CSE-POWER-002-A009,identity,medium,2026-08-10T02:16:00Z,2026-08-10T02:54:00Z,closed,CSE-POWER-002-USR-04,TEST-001
ALRT-002855,CSE-TELECOM-002,CSE-TELECOM-002-A006,execution,medium,2026-08-12T04:52:00Z,2026-08-12T05:19:00Z,closed,CSE-TELECOM-002-USR-05,TEST-002
ALRT-002856,CSE-FINANCE-002,CSE-FINANCE-002-A001,defence-evasion,high,2026-07-27T15:54:00Z,2026-07-27T16:25:00Z,closed,CSE-FINANCE-002-USR-01,TEST-003
ALRT-002857,CSE-POWER-001,CSE-POWER-001-A003,identity,critical,2026-07-01T22:40:00Z,2026-07-01T22:56:00Z,closed,CSE-POWER-001-USR-02,TEST-004
ALRT-002858,CSE-TELECOM-001,CSE-TELECOM-001-A009,execution,medium,2026-06-21T19:28:00Z,2026-06-21T19:42:00Z,closed,CSE-TELECOM-001-USR-03,TEST-005
ALRT-002859,CSE-FINANCE-001,CSE-FINANCE-001-A007,defence-evasion,medium,2026-08-23T17:05:00Z,2026-08-23T17:51:00Z,closed,CSE-FINANCE-001-USR-04,TEST-006
ALRT-002860,CSE-POWER-002,CSE-POWER-002-A008,identity,medium,2026-06-24T21:17:00Z,2026-06-24T22:05:00Z,closed,CSE-POWER-002-USR-05,TEST-007
ALRT-002861,CSE-TELECOM-002,CSE-TELECOM-002-A001,execution,high,2026-06-07T00:49:00Z,2026-06-07T00:57:00Z,closed,CSE-TELECOM-002-USR-01,TEST-008
ALRT-002862,CSE-FINANCE-002,CSE-FINANCE-002-A001,defence-evasion,medium,2026-06-06T02:20:00Z,2026-06-06T02:46:00Z,closed,CSE-FINANCE-002-USR-02,TEST-009
ALRT-002863,CSE-POWER-001,CSE-POWER-001-A010,identity,medium,2026-06-13T02:44:00Z,2026-06-13T03:13:00Z,closed,CSE-POWER-001-USR-03,TEST-010
ALRT-002864,CSE-TELECOM-001,CSE-TELECOM-001-A008,execution,medium,2026-06-15T14:50:00Z,2026-06-15T16:03:00Z,closed,CSE-TELECOM-001-USR-04,TEST-011
ALRT-002865,CSE-FINANCE-001,CSE-FINANCE-001-A006,defence-evasion,medium,2026-06-10T20:47:00Z,2026-06-10T20:55:00Z,closed,CSE-FINANCE-001-USR-05,TEST-012
ALRT-002866,CSE-POWER-002,CSE-POWER-002-A003,identity,high,2026-07-18T10:24:00Z,2026-07-18T10:43:00Z,closed,CSE-POWER-002-USR-01,TEST-013
ALRT-002867,CSE-TELECOM-002,CSE-TELECOM-002-A009,execution,medium,2026-08-24T09:48:00Z,2026-08-24T10:30:00Z,closed,CSE-TELECOM-002-USR-02,TEST-014
ALRT-002868,CSE-FINANCE-002,CSE-FINANCE-002-A005,defence-evasion,medium,2026-06-23T02:34:00Z,2026-06-23T02:57:00Z,closed,CSE-FINANCE-002-USR-03,TEST-015
ALRT-002869,CSE-POWER-001,CSE-POWER-001-A010,identity,medium,2026-08-27T18:34:00Z,2026-08-27T19:40:00Z,closed,CSE-POWER-001-USR-04,TEST-016
ALRT-002870,CSE-TELECOM-001,CSE-TELECOM-001-A005,execution,medium,2026-08-04T16:58:00Z,2026-08-04T17:12:00Z,closed,CSE-TELECOM-001-USR-05,TEST-017
ALRT-002871,CSE-FINANCE-001,CSE-FINANCE-001-A003,defence-evasion,high,2026-06-25T09:32:00Z,2026-06-25T09:42:00Z,closed,CSE-FINANCE-001-USR-01,TEST-018
ALRT-002872,CSE-POWER-002,CSE-POWER-002-A006,identity,medium,2026-07-21T15:02:00Z,2026-07-21T16:11:00Z,closed,CSE-POWER-002-USR-02,TEST-019
ALRT-002873,CSE-TELECOM-002,CSE-TELECOM-002-A007,execution,medium,2026-08-01T00:02:00Z,2026-08-01T00:13:00Z,closed,CSE-TELECOM-002-USR-03,TEST-020
ALRT-002874,CSE-FINANCE-002,CSE-FINANCE-002-A001,defence-evasion,critical,2026-08-26T08:56:00Z,2026-08-26T09:32:00Z,closed,CSE-FINANCE-002-USR-04,TEST-021
ALRT-002875,CSE-POWER-001,CSE-POWER-001-A007,identity,medium,2026-07-17T20:21:00Z,2026-07-17T20:37:00Z,closed,CSE-POWER-001-USR-05,TEST-022
ALRT-002876,CSE-TELECOM-001,CSE-TELECOM-001-A006,execution,high,2026-08-08T08:33:00Z,2026-08-08T08:57:00Z,closed,CSE-TELECOM-001-USR-01,TEST-000
ALRT-002877,CSE-FINANCE-001,CSE-FINANCE-001-A007,defence-evasion,medium,2026-07-21T18:07:00Z,2026-07-21T18:42:00Z,closed,CSE-FINANCE-001-USR-02,TEST-001
ALRT-002878,CSE-POWER-002,CSE-POWER-002-A007,identity,medium,2026-06-22T08:32:00Z,2026-06-22T09:06:00Z,closed,CSE-POWER-002-USR-03,TEST-002
ALRT-002879,CSE-TELECOM-002,CSE-TELECOM-002-A006,execution,medium,2026-07-20T21:03:00Z,2026-07-20T21:54:00Z,closed,CSE-TELECOM-002-USR-04,TEST-003
ALRT-002880,CSE-FINANCE-002,CSE-FINANCE-002-A005,defence-evasion,medium,2026-06-24T18:24:00Z,2026-06-24T18:34:00Z,closed,CSE-FINANCE-002-USR-05,TEST-004
ALRT-002881,CSE-POWER-001,CSE-POWER-001-A009,identity,high,2026-06-08T20:30:00Z,2026-06-08T20:41:00Z,closed,CSE-POWER-001-USR-01,TEST-005
ALRT-002882,CSE-TELECOM-001,CSE-TELECOM-001-A007,execution,medium,2026-06-29T07:26:00Z,2026-06-29T08:42:00Z,closed,CSE-TELECOM-001-USR-02,TEST-006
ALRT-002883,CSE-FINANCE-001,CSE-FINANCE-001-A008,defence-evasion,medium,2026-08-21T11:50:00Z,2026-08-21T11:57:00Z,closed,CSE-FINANCE-001-USR-03,TEST-007
ALRT-002884,CSE-POWER-002,CSE-POWER-002-A010,identity,medium,2026-08-23T16:11:00Z,2026-08-23T16:32:00Z,closed,CSE-POWER-002-USR-04,TEST-008
ALRT-002885,CSE-TELECOM-002,CSE-TELECOM-002-A002,execution,medium,2026-06-10T08:51:00Z,2026-06-10T09:02:00Z,closed,CSE-TELECOM-002-USR-05,TEST-009
ALRT-002886,CSE-FINANCE-002,CSE-FINANCE-002-A002,defence-evasion,high,2026-07-23T08:53:00Z,2026-07-23T10:05:00Z,closed,CSE-FINANCE-002-USR-01,TEST-010
ALRT-002887,CSE-POWER-001,CSE-POWER-001-A002,identity,medium,2026-08-13T16:47:00Z,2026-08-13T16:52:00Z,closed,CSE-POWER-001-USR-02,TEST-011
ALRT-002888,CSE-TELECOM-001,CSE-TELECOM-001-A005,execution,medium,2026-08-22T23:16:00Z,2026-08-22T23:43:00Z,closed,CSE-TELECOM-001-USR-03,TEST-012
ALRT-002889,CSE-FINANCE-001,CSE-FINANCE-001-A009,defence-evasion,medium,2026-08-02T15:56:00Z,2026-08-02T16:32:00Z,closed,CSE-FINANCE-001-USR-04,TEST-013
ALRT-002890,CSE-POWER-002,CSE-POWER-002-A009,identity,medium,2026-06-27T12:45:00Z,2026-06-27T13:14:00Z,closed,CSE-POWER-002-USR-05,TEST-014
ALRT-002891,CSE-TELECOM-002,CSE-TELECOM-002-A009,execution,critical,2026-08-24T02:25:00Z,2026-08-24T03:04:00Z,closed,CSE-TELECOM-002-USR-01,TEST-015
ALRT-002892,CSE-FINANCE-002,CSE-FINANCE-002-A004,defence-evasion,medium,2026-06-22T21:04:00Z,2026-06-22T21:27:00Z,closed,CSE-FINANCE-002-USR-02,TEST-016
ALRT-002893,CSE-POWER-001,CSE-POWER-001-A007,identity,medium,2026-08-21T21:18:00Z,2026-08-21T21:44:00Z,closed,CSE-POWER-001-USR-03,TEST-017
ALRT-002894,CSE-TELECOM-001,CSE-TELECOM-001-A009,execution,medium,2026-08-15T20:42:00Z,2026-08-15T21:26:00Z,closed,CSE-TELECOM-001-USR-04,TEST-018
ALRT-002895,CSE-FINANCE-001,CSE-FINANCE-001-A007,defence-evasion,medium,2026-07-11T05:01:00Z,2026-07-11T05:37:00Z,closed,CSE-FINANCE-001-USR-05,TEST-019
ALRT-002896,CSE-POWER-002,CSE-POWER-002-A007,identity,high,2026-06-19T11:46:00Z,2026-06-19T12:58:00Z,closed,CSE-POWER-002-USR-01,TEST-020
ALRT-002897,CSE-TELECOM-002,CSE-TELECOM-002-A007,execution,medium,2026-06-30T03:19:00Z,2026-06-30T03:56:00Z,closed,CSE-TELECOM-002-USR-02,TEST-021
ALRT-002898,CSE-FINANCE-002,CSE-FINANCE-002-A002,defence-evasion,medium,2026-08-01T01:52:00Z,2026-08-01T02:46:00Z,closed,CSE-FINANCE-002-USR-03,TEST-022
ALRT-002899,CSE-POWER-001,CSE-POWER-001-A005,identity,medium,2026-08-22T12:10:00Z,2026-08-22T13:00:00Z,closed,CSE-POWER-001-USR-04,TEST-000
ALRT-002900,CSE-TELECOM-001,CSE-TELECOM-001-A006,execution,medium,2026-07-10T01:11:00Z,2026-07-10T02:07:00Z,closed,CSE-TELECOM-001-USR-05,TEST-001
ALRT-002901,CSE-FINANCE-001,CSE-FINANCE-001-A004,defence-evasion,high,2026-08-28T11:21:00Z,2026-08-28T12:35:00Z,closed,CSE-FINANCE-001-USR-01,TEST-002
ALRT-002902,CSE-POWER-002,CSE-POWER-002-A003,identity,medium,2026-07-10T06:55:00Z,2026-07-10T07:02:00Z,closed,CSE-POWER-002-USR-02,TEST-003
ALRT-002903,CSE-TELECOM-002,CSE-TELECOM-002-A002,execution,medium,2026-08-02T12:19:00Z,2026-08-02T13:16:00Z,closed,CSE-TELECOM-002-USR-03,TEST-004
ALRT-002904,CSE-FINANCE-002,CSE-FINANCE-002-A005,defence-evasion,medium,2026-07-10T16:36:00Z,2026-07-10T17:48:00Z,closed,CSE-FINANCE-002-USR-04,TEST-005
ALRT-002905,CSE-POWER-001,CSE-POWER-001-A009,identity,medium,2026-06-05T07:46:00Z,2026-06-05T08:04:00Z,closed,CSE-POWER-001-USR-05,TEST-006
ALRT-002906,CSE-TELECOM-001,CSE-TELECOM-001-A006,execution,high,2026-07-03T17:44:00Z,2026-07-03T18:53:00Z,closed,CSE-TELECOM-001-USR-01,TEST-007
ALRT-002907,CSE-FINANCE-001,CSE-FINANCE-001-A009,defence-evasion,medium,2026-06-25T08:21:00Z,2026-06-25T08:43:00Z,closed,CSE-FINANCE-001-USR-02,TEST-008
ALRT-002908,CSE-POWER-002,CSE-POWER-002-A008,identity,critical,2026-08-20T22:03:00Z,2026-08-20T22:51:00Z,closed,CSE-POWER-002-USR-03,TEST-009
ALRT-002909,CSE-TELECOM-002,CSE-TELECOM-002-A001,execution,medium,2026-07-10T21:40:00Z,2026-07-10T21:52:00Z,closed,CSE-TELECOM-002-USR-04,TEST-010
ALRT-002910,CSE-FINANCE-002,CSE-FINANCE-002-A005,defence-evasion,medium,2026-07-03T06:58:00Z,2026-07-03T07:30:00Z,closed,CSE-FINANCE-002-USR-05,TEST-011
ALRT-002911,CSE-POWER-001,CSE-POWER-001-A004,identity,high,2026-07-18T06:53:00Z,2026-07-18T08:05:00Z,closed,CSE-POWER-001-USR-01,TEST-012
ALRT-002912,CSE-TELECOM-001,CSE-TELECOM-001-A005,execution,medium,2026-08-17T10:56:00Z,2026-08-17T11:16:00Z,closed,CSE-TELECOM-001-USR-02,TEST-013
ALRT-002913,CSE-FINANCE-001,CSE-FINANCE-001-A007,defence-evasion,medium,2026-07-01T04:51:00Z,2026-07-01T05:09:00Z,closed,CSE-FINANCE-001-USR-03,TEST-014
ALRT-002914,CSE-POWER-002,CSE-POWER-002-A002,identity,medium,2026-06-15T22:38:00Z,2026-06-15T23:41:00Z,closed,CSE-POWER-002-USR-04,TEST-015
ALRT-002915,CSE-TELECOM-002,CSE-TELECOM-002-A009,execution,medium,2026-08-01T23:56:00Z,2026-08-02T00:16:00Z,closed,CSE-TELECOM-002-USR-05,TEST-016
ALRT-002916,CSE-FINANCE-002,CSE-FINANCE-002-A009,defence-evasion,high,2026-06-09T19:12:00Z,2026-06-09T19:47:00Z,closed,CSE-FINANCE-002-USR-01,TEST-017
ALRT-002917,CSE-POWER-001,CSE-POWER-001-A010,identity,medium,2026-06-14T20:43:00Z,2026-06-14T21:13:00Z,closed,CSE-POWER-001-USR-02,TEST-018
ALRT-002918,CSE-TELECOM-001,CSE-TELECOM-001-A008,execution,medium,2026-06-30T04:25:00Z,2026-06-30T05:11:00Z,closed,CSE-TELECOM-001-USR-03,TEST-019
ALRT-002919,CSE-FINANCE-001,CSE-FINANCE-001-A004,defence-evasion,medium,2026-06-08T13:54:00Z,2026-06-08T14:03:00Z,closed,CSE-FINANCE-001-USR-04,TEST-020
ALRT-002920,CSE-POWER-002,CSE-POWER-002-A002,identity,medium,2026-06-13T19:48:00Z,2026-06-13T20:57:00Z,closed,CSE-POWER-002-USR-05,TEST-021
ALRT-002921,CSE-TELECOM-002,CSE-TELECOM-002-A008,execution,high,2026-07-14T12:06:00Z,2026-07-14T13:10:00Z,closed,CSE-TELECOM-002-USR-01,TEST-022
ALRT-002922,CSE-FINANCE-002,CSE-FINANCE-002-A009,defence-evasion,medium,2026-07-25T17:46:00Z,2026-07-25T18:58:00Z,closed,CSE-FINANCE-002-USR-02,TEST-000
ALRT-002923,CSE-POWER-001,CSE-POWER-001-A001,identity,medium,2026-06-04T05:13:00Z,2026-06-04T05:21:00Z,closed,CSE-POWER-001-USR-03,TEST-001
ALRT-002924,CSE-TELECOM-001,CSE-TELECOM-001-A001,execution,medium,2026-08-17T03:21:00Z,2026-08-17T04:19:00Z,closed,CSE-TELECOM-001-USR-04,TEST-002
ALRT-002925,CSE-FINANCE-001,CSE-FINANCE-001-A002,defence-evasion,critical,2026-08-12T04:53:00Z,2026-08-12T06:05:00Z,closed,CSE-FINANCE-001-USR-05,TEST-003
ALRT-002926,CSE-POWER-002,CSE-POWER-002-A001,identity,high,2026-07-04T22:24:00Z,2026-07-04T23:11:00Z,closed,CSE-POWER-002-USR-01,TEST-004
ALRT-002927,CSE-TELECOM-002,CSE-TELECOM-002-A008,execution,medium,2026-08-23T22:31:00Z,2026-08-23T23:09:00Z,closed,CSE-TELECOM-002-USR-02,TEST-005
ALRT-002928,CSE-FINANCE-002,CSE-FINANCE-002-A005,defence-evasion,medium,2026-08-18T03:46:00Z,2026-08-18T04:44:00Z,closed,CSE-FINANCE-002-USR-03,TEST-006
ALRT-002929,CSE-POWER-001,CSE-POWER-001-A001,identity,medium,2026-08-21T21:13:00Z,2026-08-21T22:08:00Z,closed,CSE-POWER-001-USR-04,TEST-007
ALRT-002930,CSE-TELECOM-001,CSE-TELECOM-001-A006,execution,medium,2026-08-20T11:08:00Z,2026-08-20T11:20:00Z,closed,CSE-TELECOM-001-USR-05,TEST-008
ALRT-002931,CSE-FINANCE-001,CSE-FINANCE-001-A002,defence-evasion,high,2026-07-12T19:04:00Z,2026-07-12T19:24:00Z,closed,CSE-FINANCE-001-USR-01,TEST-009
ALRT-002932,CSE-POWER-002,CSE-POWER-002-A009,identity,medium,2026-08-23T18:18:00Z,2026-08-23T18:36:00Z,closed,CSE-POWER-002-USR-02,TEST-010
ALRT-002933,CSE-TELECOM-002,CSE-TELECOM-002-A009,execution,medium,2026-07-10T07:14:00Z,2026-07-10T08:09:00Z,closed,CSE-TELECOM-002-USR-03,TEST-011
ALRT-002934,CSE-FINANCE-002,CSE-FINANCE-002-A009,defence-evasion,medium,2026-08-03T10:53:00Z,2026-08-03T11:01:00Z,closed,CSE-FINANCE-002-USR-04,TEST-012
ALRT-002935,CSE-POWER-001,CSE-POWER-001-A010,identity,medium,2026-06-20T13:12:00Z,2026-06-20T13:38:00Z,closed,CSE-POWER-001-USR-05,TEST-013
ALRT-002936,CSE-TELECOM-001,CSE-TELECOM-001-A003,execution,high,2026-06-30T19:38:00Z,2026-06-30T20:47:00Z,closed,CSE-TELECOM-001-USR-01,TEST-014
ALRT-002937,CSE-FINANCE-001,CSE-FINANCE-001-A003,defence-evasion,medium,2026-06-12T07:28:00Z,2026-06-12T08:08:00Z,closed,CSE-FINANCE-001-USR-02,TEST-015
ALRT-002938,CSE-POWER-002,CSE-POWER-002-A006,identity,medium,2026-07-16T13:04:00Z,2026-07-16T13:20:00Z,closed,CSE-POWER-002-USR-03,TEST-016
ALRT-002939,CSE-TELECOM-002,CSE-TELECOM-002-A005,execution,medium,2026-06-07T22:47:00Z,2026-06-07T23:29:00Z,closed,CSE-TELECOM-002-USR-04,TEST-017
ALRT-002940,CSE-FINANCE-002,CSE-FINANCE-002-A003,defence-evasion,medium,2026-08-08T17:26:00Z,2026-08-08T17:36:00Z,closed,CSE-FINANCE-002-USR-05,TEST-018
ALRT-002941,CSE-POWER-001,CSE-POWER-001-A006,identity,high,2026-08-22T00:49:00Z,2026-08-22T01:37:00Z,closed,CSE-POWER-001-USR-01,TEST-019
ALRT-002942,CSE-TELECOM-001,CSE-TELECOM-001-A004,execution,critical,2026-08-05T12:27:00Z,2026-08-05T13:27:00Z,closed,CSE-TELECOM-001-USR-02,TEST-020
ALRT-002943,CSE-FINANCE-001,CSE-FINANCE-001-A001,defence-evasion,medium,2026-08-08T22:06:00Z,2026-08-08T22:25:00Z,closed,CSE-FINANCE-001-USR-03,TEST-021
ALRT-002944,CSE-POWER-002,CSE-POWER-002-A003,identity,medium,2026-07-27T00:02:00Z,2026-07-27T00:31:00Z,closed,CSE-POWER-002-USR-04,TEST-022
ALRT-002945,CSE-TELECOM-002,CSE-TELECOM-002-A001,execution,medium,2026-08-08T06:23:00Z,2026-08-08T07:17:00Z,closed,CSE-TELECOM-002-USR-05,TEST-000
ALRT-002946,CSE-FINANCE-002,CSE-FINANCE-002-A007,defence-evasion,high,2026-08-19T02:52:00Z,2026-08-19T03:00:00Z,closed,CSE-FINANCE-002-USR-01,TEST-001
ALRT-002947,CSE-POWER-001,CSE-POWER-001-A007,identity,medium,2026-06-22T21:29:00Z,2026-06-22T21:43:00Z,closed,CSE-POWER-001-USR-02,TEST-002
ALRT-002948,CSE-TELECOM-001,CSE-TELECOM-001-A006,execution,medium,2026-06-30T03:11:00Z,2026-06-30T03:43:00Z,closed,CSE-TELECOM-001-USR-03,TEST-003
ALRT-002949,CSE-FINANCE-001,CSE-FINANCE-001-A005,defence-evasion,medium,2026-07-16T11:03:00Z,2026-07-16T12:03:00Z,closed,CSE-FINANCE-001-USR-04,TEST-004
ALRT-002950,CSE-POWER-002,CSE-POWER-002-A009,identity,medium,2026-08-12T05:27:00Z,2026-08-12T06:45:00Z,closed,CSE-POWER-002-USR-05,TEST-005
ALRT-002951,CSE-TELECOM-002,CSE-TELECOM-002-A002,execution,high,2026-08-04T20:54:00Z,2026-08-04T22:01:00Z,closed,CSE-TELECOM-002-USR-01,TEST-006
ALRT-002952,CSE-FINANCE-002,CSE-FINANCE-002-A007,defence-evasion,medium,2026-08-13T20:57:00Z,2026-08-13T21:20:00Z,closed,CSE-FINANCE-002-USR-02,TEST-007
ALRT-002953,CSE-POWER-001,CSE-POWER-001-A010,identity,medium,2026-06-29T16:53:00Z,2026-06-29T17:31:00Z,closed,CSE-POWER-001-USR-03,TEST-008
ALRT-002954,CSE-TELECOM-001,CSE-TELECOM-001-A005,execution,medium,2026-06-08T03:15:00Z,2026-06-08T03:58:00Z,closed,CSE-TELECOM-001-USR-04,TEST-009
ALRT-002955,CSE-FINANCE-001,CSE-FINANCE-001-A009,defence-evasion,medium,2026-06-03T16:28:00Z,2026-06-03T16:57:00Z,closed,CSE-FINANCE-001-USR-05,TEST-010
ALRT-002956,CSE-POWER-002,CSE-POWER-002-A006,identity,high,2026-07-11T07:30:00Z,2026-07-11T08:45:00Z,closed,CSE-POWER-002-USR-01,TEST-011
ALRT-002957,CSE-TELECOM-002,CSE-TELECOM-002-A009,execution,medium,2026-06-20T13:02:00Z,2026-06-20T13:34:00Z,closed,CSE-TELECOM-002-USR-02,TEST-012
ALRT-002958,CSE-FINANCE-002,CSE-FINANCE-002-A004,defence-evasion,medium,2026-08-24T11:39:00Z,2026-08-24T11:59:00Z,closed,CSE-FINANCE-002-USR-03,TEST-013
ALRT-002959,CSE-POWER-001,CSE-POWER-001-A001,identity,critical,2026-06-16T21:23:00Z,2026-06-16T22:25:00Z,closed,CSE-POWER-001-USR-04,TEST-014
ALRT-002960,CSE-TELECOM-001,CSE-TELECOM-001-A001,execution,medium,2026-08-19T01:32:00Z,2026-08-19T02:24:00Z,closed,CSE-TELECOM-001-USR-05,TEST-015
ALRT-002961,CSE-FINANCE-001,CSE-FINANCE-001-A010,defence-evasion,high,2026-08-16T22:04:00Z,2026-08-16T22:46:00Z,closed,CSE-FINANCE-001-USR-01,TEST-016
ALRT-002962,CSE-POWER-002,CSE-POWER-002-A005,identity,medium,2026-08-15T05:59:00Z,2026-08-15T06:06:00Z,closed,CSE-POWER-002-USR-02,TEST-017
ALRT-002963,CSE-TELECOM-002,CSE-TELECOM-002-A008,execution,medium,2026-07-05T18:51:00Z,2026-07-05T19:17:00Z,closed,CSE-TELECOM-002-USR-03,TEST-018
ALRT-002964,CSE-FINANCE-002,CSE-FINANCE-002-A007,defence-evasion,medium,2026-08-18T22:36:00Z,2026-08-18T23:34:00Z,closed,CSE-FINANCE-002-USR-04,TEST-019
ALRT-002965,CSE-POWER-001,CSE-POWER-001-A010,identity,medium,2026-08-15T12:55:00Z,2026-08-15T13:37:00Z,closed,CSE-POWER-001-USR-05,TEST-020
ALRT-002966,CSE-TELECOM-001,CSE-TELECOM-001-A009,execution,high,2026-08-24T19:48:00Z,2026-08-24T20:51:00Z,closed,CSE-TELECOM-001-USR-01,TEST-021
ALRT-002967,CSE-FINANCE-001,CSE-FINANCE-001-A002,defence-evasion,medium,2026-08-08T09:09:00Z,2026-08-08T10:22:00Z,closed,CSE-FINANCE-001-USR-02,TEST-022
ALRT-002968,CSE-POWER-002,CSE-POWER-002-A006,identity,medium,2026-08-16T12:40:00Z,2026-08-16T13:57:00Z,closed,CSE-POWER-002-USR-03,TEST-000
ALRT-002969,CSE-TELECOM-002,CSE-TELECOM-002-A004,execution,medium,2026-06-21T10:36:00Z,2026-06-21T10:54:00Z,closed,CSE-TELECOM-002-USR-04,TEST-001
ALRT-002970,CSE-FINANCE-002,CSE-FINANCE-002-A005,defence-evasion,medium,2026-06-05T16:56:00Z,2026-06-05T17:40:00Z,closed,CSE-FINANCE-002-USR-05,TEST-002
ALRT-002971,CSE-POWER-001,CSE-POWER-001-A010,identity,high,2026-08-21T06:11:00Z,2026-08-21T06:40:00Z,closed,CSE-POWER-001-USR-01,TEST-003
ALRT-002972,CSE-TELECOM-001,CSE-TELECOM-001-A002,execution,medium,2026-06-26T07:18:00Z,2026-06-26T07:41:00Z,closed,CSE-TELECOM-001-USR-02,TEST-004
ALRT-002973,CSE-FINANCE-001,CSE-FINANCE-001-A007,defence-evasion,medium,2026-07-24T18:35:00Z,2026-07-24T18:47:00Z,closed,CSE-FINANCE-001-USR-03,TEST-005
ALRT-002974,CSE-POWER-002,CSE-POWER-002-A007,identity,medium,2026-08-21T22:01:00Z,2026-08-21T23:17:00Z,closed,CSE-POWER-002-USR-04,TEST-006
ALRT-002975,CSE-TELECOM-002,CSE-TELECOM-002-A008,execution,medium,2026-06-22T12:40:00Z,2026-06-22T13:00:00Z,closed,CSE-TELECOM-002-USR-05,TEST-007
ALRT-002976,CSE-FINANCE-002,CSE-FINANCE-002-A008,defence-evasion,critical,2026-07-26T00:41:00Z,2026-07-26T01:42:00Z,closed,CSE-FINANCE-002-USR-01,TEST-008
ALRT-002977,CSE-POWER-001,CSE-POWER-001-A003,identity,medium,2026-06-30T09:35:00Z,2026-06-30T10:09:00Z,closed,CSE-POWER-001-USR-02,TEST-009
ALRT-002978,CSE-TELECOM-001,CSE-TELECOM-001-A009,execution,medium,2026-08-19T07:20:00Z,2026-08-19T08:11:00Z,closed,CSE-TELECOM-001-USR-03,TEST-010
ALRT-002979,CSE-FINANCE-001,CSE-FINANCE-001-A004,defence-evasion,medium,2026-08-08T04:42:00Z,2026-08-08T05:58:00Z,closed,CSE-FINANCE-001-USR-04,TEST-011
ALRT-002980,CSE-POWER-002,CSE-POWER-002-A001,identity,medium,2026-07-09T00:57:00Z,2026-07-09T01:46:00Z,closed,CSE-POWER-002-USR-05,TEST-012
ALRT-002981,CSE-TELECOM-002,CSE-TELECOM-002-A007,execution,high,2026-08-26T03:09:00Z,2026-08-26T04:26:00Z,closed,CSE-TELECOM-002-USR-01,TEST-013
ALRT-002982,CSE-FINANCE-002,CSE-FINANCE-002-A010,defence-evasion,medium,2026-07-28T10:01:00Z,2026-07-28T11:16:00Z,closed,CSE-FINANCE-002-USR-02,TEST-014
ALRT-002983,CSE-POWER-001,CSE-POWER-001-A003,identity,medium,2026-07-24T18:48:00Z,2026-07-24T19:38:00Z,closed,CSE-POWER-001-USR-03,TEST-015
ALRT-002984,CSE-TELECOM-001,CSE-TELECOM-001-A009,execution,medium,2026-08-28T04:27:00Z,2026-08-28T05:06:00Z,closed,CSE-TELECOM-001-USR-04,TEST-016
ALRT-002985,CSE-FINANCE-001,CSE-FINANCE-001-A002,defence-evasion,medium,2026-08-12T12:36:00Z,2026-08-12T13:29:00Z,closed,CSE-FINANCE-001-USR-05,TEST-017
ALRT-002986,CSE-POWER-002,CSE-POWER-002-A006,identity,high,2026-07-25T20:04:00Z,2026-07-25T20:36:00Z,closed,CSE-POWER-002-USR-01,TEST-018
ALRT-002987,CSE-TELECOM-002,CSE-TELECOM-002-A001,execution,medium,2026-08-13T15:51:00Z,2026-08-13T16:50:00Z,closed,CSE-TELECOM-002-USR-02,TEST-019
ALRT-002988,CSE-FINANCE-002,CSE-FINANCE-002-A002,defence-evasion,medium,2026-08-28T21:56:00Z,2026-08-28T22:19:00Z,closed,CSE-FINANCE-002-USR-03,TEST-020
ALRT-002989,CSE-POWER-001,CSE-POWER-001-A004,identity,medium,2026-08-09T10:36:00Z,2026-08-09T11:24:00Z,closed,CSE-POWER-001-USR-04,TEST-021
ALRT-002990,CSE-TELECOM-001,CSE-TELECOM-001-A002,execution,medium,2026-07-05T06:49:00Z,2026-07-05T07:28:00Z,closed,CSE-TELECOM-001-USR-05,TEST-022
ALRT-002991,CSE-FINANCE-001,CSE-FINANCE-001-A007,defence-evasion,high,2026-08-11T04:15:00Z,2026-08-11T04:59:00Z,closed,CSE-FINANCE-001-USR-01,TEST-000
ALRT-002992,CSE-POWER-002,CSE-POWER-002-A009,identity,medium,2026-07-07T20:57:00Z,2026-07-07T21:07:00Z,closed,CSE-POWER-002-USR-02,TEST-001
ALRT-002993,CSE-TELECOM-002,CSE-TELECOM-002-A001,execution,critical,2026-06-24T15:48:00Z,2026-06-24T16:21:00Z,closed,CSE-TELECOM-002-USR-03,TEST-002
ALRT-002994,CSE-FINANCE-002,CSE-FINANCE-002-A001,defence-evasion,medium,2026-06-03T21:54:00Z,2026-06-03T23:04:00Z,closed,CSE-FINANCE-002-USR-04,TEST-003
ALRT-002995,CSE-POWER-001,CSE-POWER-001-A007,identity,medium,2026-08-18T12:58:00Z,2026-08-18T13:52:00Z,closed,CSE-POWER-001-USR-05,TEST-004
ALRT-002996,CSE-TELECOM-001,CSE-TELECOM-001-A002,execution,high,2026-06-10T03:53:00Z,2026-06-10T04:47:00Z,closed,CSE-TELECOM-001-USR-01,TEST-005
ALRT-002997,CSE-FINANCE-001,CSE-FINANCE-001-A009,defence-evasion,medium,2026-06-28T02:05:00Z,2026-06-28T02:34:00Z,closed,CSE-FINANCE-001-USR-02,TEST-006
ALRT-002998,CSE-POWER-002,CSE-POWER-002-A010,identity,medium,2026-07-15T00:03:00Z,2026-07-15T00:16:00Z,closed,CSE-POWER-002-USR-03,TEST-007
ALRT-002999,CSE-TELECOM-002,CSE-TELECOM-002-A007,execution,medium,2026-08-09T01:39:00Z,2026-08-09T02:19:00Z,closed,CSE-TELECOM-002-USR-04,TEST-008
ALRT-003000,CSE-FINANCE-002,CSE-FINANCE-002-A002,defence-evasion,medium,2026-07-10T20:38:00Z,2026-07-10T20:52:00Z,closed,CSE-FINANCE-002-USR-05,TEST-009
