step_id,cse_id,case_id,step_type,completed_at,note_text,evidence_ref,source_user_id
STEP-CASE-DEMO-0002,CSE-FINANCE-002,CASE-DEMO-0002,investigate,2026-06-18T21:39:06.763093Z,Reviewed alert context and linked endpoint records.,alerts.csv#ALRT-000006,CSE-FINANCE-002-USR-01
STEP-CASE-DEMO-0003,CSE-TELECOM-002,CASE-DEMO-0003,investigate,2026-08-31T01:19:41.182218Z,Reviewed alert context and linked endpoint records.,alerts.csv#ALRT-000011,CSE-TELECOM-002-USR-01
STEP-CASE-DEMO-0004,CSE-POWER-002,CASE-DEMO-0004,investigate,2026-08-24T19:44:26.806996Z,Reviewed alert context and linked endpoint records.,alerts.csv#ALRT-000016,CSE-POWER-002-USR-01
STEP-CASE-DEMO-0005,CSE-FINANCE-001,CASE-DEMO-0005,investigate,2026-08-01T20:58:27.022207Z,Reviewed alert context and linked endpoint records.,alerts.csv#ALRT-000021,CSE-FINANCE-001-USR-01
STEP-CASE-DEMO-0006,CSE-TELECOM-001,CASE-DEMO-0006,investigate,2026-06-12T10:47:03.649613Z,Reviewed alert context and linked endpoint records.,alerts.csv#ALRT-000026,CSE-TELECOM-001-USR-01
STEP-CASE-DEMO-0007,CSE-POWER-001,CASE-DEMO-0007,investigate,2026-06-16T23:59:00.601144Z,Reviewed alert context and linked endpoint records.,alerts.csv#ALRT-000031,CSE-POWER-001-USR-01
STEP-CASE-DEMO-0008,CSE-FINANCE-002,CASE-DEMO-0008,investigate,2026-08-23T14:43:02.142546Z,Reviewed alert context and linked endpoint records.,alerts.csv#ALRT-000036,CSE-FINANCE-002-USR-01
STEP-CASE-DEMO-0009,CSE-TELECOM-002,CASE-DEMO-0009,investigate,2026-08-26T21:56:33.029690Z,Reviewed alert context and linked endpoint records.,alerts.csv#ALRT-000041,CSE-TELECOM-002-USR-01
STEP-CASE-DEMO-0010,CSE-POWER-002,CASE-DEMO-0010,investigate,2026-07-29T22:17:49.026561Z,Reviewed alert context and linked endpoint records.,alerts.csv#ALRT-000046,CSE-POWER-002-USR-01
STEP-CASE-DEMO-0011,CSE-FINANCE-001,CASE-DEMO-0011,investigate,2026-07-10T05:10:02.555224Z,Reviewed alert context and linked endpoint records.,alerts.csv#ALRT-000051,CSE-FINANCE-001-USR-01
STEP-CASE-DEMO-0012,CSE-TELECOM-001,CASE-DEMO-0012,investigate,2026-06-20T11:02:14.001300Z,Reviewed alert context and linked endpoint records.,alerts.csv#ALRT-000056,CSE-TELECOM-001-USR-01
STEP-CASE-DEMO-0013,CSE-POWER-001,CASE-DEMO-0013,investigate,2026-08-15T18:52:19.297491Z,Reviewed alert context and linked endpoint records.,alerts.csv#ALRT-000061,CSE-POWER-001-USR-01
STEP-CASE-DEMO-0014,CSE-FINANCE-002,CASE-DEMO-0014,investigate,2026-08-31T17:26:15.134830Z,Reviewed alert context and linked endpoint records.,alerts.csv#ALRT-000066,CSE-FINANCE-002-USR-01
STEP-CASE-DEMO-0015,CSE-TELECOM-002,CASE-DEMO-0015,investigate,2026-07-24T21:57:41.686550Z,Reviewed alert context and linked endpoint records.,alerts.csv#ALRT-000071,CSE-TELECOM-002-USR-01
STEP-CASE-DEMO-0016,CSE-POWER-002,CASE-DEMO-0016,investigate,2026-06-18T11:04:39.624579Z,Reviewed alert context and linked endpoint records.,alerts.csv#ALRT-000076,CSE-POWER-002-USR-01
STEP-CASE-DEMO-0017,CSE-FINANCE-001,CASE-DEMO-0017,investigate,2026-08-29T18:52:42.398939Z,Reviewed alert context and linked endpoint records.,alerts.csv#ALRT-000081,CSE-FINANCE-001-USR-01
STEP-CASE-DEMO-0018,CSE-TELECOM-001,CASE-DEMO-0018,investigate,2026-07-07T03:17:05.511172Z,Reviewed alert context and linked endpoint records.,alerts.csv#ALRT-000086,CSE-TELECOM-001-USR-01
STEP-CASE-DEMO-0019,CSE-POWER-001,CASE-DEMO-0019,investigate,2026-08-27T04:27:46.536851Z,Reviewed alert context and linked endpoint records.,alerts.csv#ALRT-000091,CSE-POWER-001-USR-01
STEP-CASE-DEMO-0020,CSE-FINANCE-002,CASE-DEMO-0020,investigate,2026-07-04T19:04:22.917553Z,Reviewed alert context and linked endpoint records.,alerts.csv#ALRT-000096,CSE-FINANCE-002-USR-01
STEP-CASE-DEMO-0021,CSE-TELECOM-002,CASE-DEMO-0021,investigate,2026-06-23T01:12:29.167651Z,Reviewed alert context and linked endpoint records.,alerts.csv#ALRT-000101,CSE-TELECOM-002-USR-01
STEP-CASE-DEMO-0022,CSE-POWER-002,CASE-DEMO-0022,investigate,2026-08-25T18:07:38.382111Z,Reviewed alert context and linked endpoint records.,alerts.csv#ALRT-000106,CSE-POWER-002-USR-01
STEP-CASE-DEMO-0023,CSE-FINANCE-001,CASE-DEMO-0023,investigate,2026-07-14T00:52:17.792669Z,Reviewed alert context and linked endpoint records.,alerts.csv#ALRT-000111,CSE-FINANCE-001-USR-01
STEP-CASE-DEMO-0024,CSE-TELECOM-001,CASE-DEMO-0024,investigate,2026-07-18T14:39:06.825468Z,Reviewed alert context and linked endpoint records.,alerts.csv#ALRT-000116,CSE-TELECOM-001-USR-01
STEP-CASE-DEMO-0025,CSE-POWER-001,CASE-DEMO-0025,investigate,2026-06-11T13:20:05.037616Z,Reviewed alert context and linked endpoint records.,alerts.csv#ALRT-000121,CSE-POWER-001-USR-01
STEP-CASE-DEMO-0026,CSE-FINANCE-002,CASE-DEMO-0026,investigate,2026-08-08T07:09:25.346963Z,Reviewed alert context and linked endpoint records.,alerts.csv#ALRT-000126,CSE-FINANCE-002-USR-01
STEP-CASE-DEMO-0027,CSE-TELECOM-002,CASE-DEMO-0027,investigate,2026-06-10T02:20:00.637486Z,Reviewed alert context and linked endpoint records.,alerts.csv#ALRT-000131,CSE-TELECOM-002-USR-01
STEP-CASE-DEMO-0028,CSE-POWER-002,CASE-DEMO-0028,investigate,2026-06-14T10:35:10.844311Z,Reviewed alert context and linked endpoint records.,alerts.csv#ALRT-000136,CSE-POWER-002-USR-01
STEP-CASE-DEMO-0029,CSE-FINANCE-001,CASE-DEMO-0029,investigate,2026-08-26T16:32:57.615573Z,Reviewed alert context and linked endpoint records.,alerts.csv#ALRT-000141,CSE-FINANCE-001-USR-01
STEP-CASE-DEMO-0030,CSE-TELECOM-001,CASE-DEMO-0030,investigate,2026-06-04T07:37:46.389311Z,Reviewed alert context and linked endpoint records.,alerts.csv#ALRT-000146,CSE-TELECOM-001-USR-01
STEP-CASE-DEMO-0031,CSE-POWER-001,CASE-DEMO-0031,investigate,2026-06-07T13:17:50.004110Z,Reviewed alert context and linked endpoint records.,alerts.csv#ALRT-000151,CSE-POWER-001-USR-01
STEP-CASE-DEMO-0032,CSE-FINANCE-002,CASE-DEMO-0032,investigate,2026-06-07T12:56:48.237324Z,Reviewed alert context and linked endpoint records.,alerts.csv#ALRT-000156,CSE-FINANCE-002-USR-01
STEP-CASE-DEMO-0033,CSE-TELECOM-002,CASE-DEMO-0033,investigate,2026-08-20T09:15:49.721793Z,Reviewed alert context and linked endpoint records.,alerts.csv#ALRT-000161,CSE-TELECOM-002-USR-01
STEP-CASE-DEMO-0034,CSE-POWER-002,CASE-DEMO-0034,investigate,2026-06-27T02:13:53.344903Z,Reviewed alert context and linked endpoint records.,alerts.csv#ALRT-000166,CSE-POWER-002-USR-01
STEP-CASE-DEMO-0035,CSE-FINANCE-001,CASE-DEMO-0035,investigate,2026-06-11T11:56:12.131385Z,Reviewed alert context and linked endpoint records.,alerts.csv#ALRT-000171,CSE-FINANCE-001-USR-01
STEP-CASE-DEMO-0036,CSE-TELECOM-001,CASE-DEMO-0036,investigate,2026-06-23T00:34:33.480692Z,Reviewed alert context and linked endpoint records.,alerts.csv#ALRT-000176,CSE-TELECOM-001-USR-01
STEP-CASE-DEMO-0037,CSE-POWER-001,CASE-DEMO-0037,investigate,2026-07-16T23:45:26.319027Z,Reviewed alert context and linked endpoint records.,alerts.csv#ALRT-000181,CSE-POWER-001-USR-01
STEP-CASE-DEMO-0038,CSE-FINANCE-002,CASE-DEMO-0038,investigate,2026-08-09T19:00:24.155393Z,Reviewed alert context and linked endpoint records.,alerts.csv#ALRT-000186,CSE-FINANCE-002-USR-01
STEP-CASE-DEMO-0039,CSE-TELECOM-002,CASE-DEMO-0039,investigate,2026-08-28T16:12:54.494796Z,Reviewed alert context and linked endpoint records.,alerts.csv#ALRT-000191,CSE-TELECOM-002-USR-01
STEP-CASE-DEMO-0040,CSE-POWER-002,CASE-DEMO-0040,investigate,2026-08-15T15:05:33.946760Z,Reviewed alert context and linked endpoint records.,alerts.csv#ALRT-000196,CSE-POWER-002-USR-01
STEP-CASE-DEMO-0041,CSE-FINANCE-001,CASE-DEMO-0041,investigate,2026-08-11T18:44:52.652728Z,Reviewed alert context and linked endpoint records.,alerts.csv#ALRT-000201,CSE-FINANCE-001-USR-01
STEP-CASE-DEMO-0042,CSE-TELECOM-001,CASE-DEMO-0042,investigate,2026-07-22T09:53:42.331491Z,Reviewed alert context and linked endpoint records.,alerts.csv#ALRT-000206,CSE-TELECOM-001-USR-01
STEP-CASE-DEMO-0043,CSE-POWER-001,CASE-DEMO-0043,investigate,2026-08-30T05:41:09.486033Z,Reviewed alert context and linked endpoint records.,alerts.csv#ALRT-000211,CSE-POWER-001-USR-01
STEP-CASE-DEMO-0044,CSE-FINANCE-002,CASE-DEMO-0044,investigate,2026-07-09T14:30:22.998861Z,Reviewed alert context and linked endpoint records.,alerts.csv#ALRT-000216,CSE-FINANCE-002-USR-01
STEP-CASE-DEMO-0045,CSE-TELECOM-002,CASE-DEMO-0045,investigate,2026-07-22T06:53:18.567118Z,Reviewed alert context and linked endpoint records.,alerts.csv#ALRT-000221,CSE-TELECOM-002-USR-01
STEP-CASE-DEMO-0046,CSE-POWER-002,CASE-DEMO-0046,investigate,2026-07-12T16:42:04.789509Z,Reviewed alert context and linked endpoint records.,alerts.csv#ALRT-000226,CSE-POWER-002-USR-01
STEP-CASE-DEMO-0047,CSE-FINANCE-001,CASE-DEMO-0047,investigate,2026-06-28T11:44:02.893139Z,Reviewed alert context and linked endpoint records.,alerts.csv#ALRT-000231,CSE-FINANCE-001-USR-01
STEP-CASE-DEMO-0048,CSE-TELECOM-001,CASE-DEMO-0048,investigate,2026-06-18T00:06:02.911062Z,Reviewed alert context and linked endpoint records.,alerts.csv#ALRT-000236,CSE-TELECOM-001-USR-01
STEP-CASE-DEMO-0049,CSE-POWER-001,CASE-DEMO-0049,investigate,2026-06-23T00:19:16.244045Z,Reviewed alert context and linked endpoint records.,alerts.csv#ALRT-000241,CSE-POWER-001-USR-01
STEP-CASE-DEMO-0050,CSE-FINANCE-002,CASE-DEMO-0050,investigate,2026-06-26T20:37:04.567051Z,Reviewed alert context and linked endpoint records.,alerts.csv#ALRT-000246,CSE-FINANCE-002-USR-01
STEP-CASE-DEMO-0051,CSE-TELECOM-002,CASE-DEMO-0051,investigate,2026-08-15T03:02:38.205032Z,Reviewed alert context and linked endpoint records.,alerts.csv#ALRT-000251,CSE-TELECOM-002-USR-01
STEP-CASE-DEMO-0052,CSE-POWER-002,CASE-DEMO-0052,investigate,2026-08-16T13:52:34.429315Z,Reviewed alert context and linked endpoint records.,alerts.csv#ALRT-000256,CSE-POWER-002-USR-01
STEP-CASE-DEMO-0053,CSE-FINANCE-001,CASE-DEMO-0053,investigate,2026-07-06T08:08:53.884430Z,Reviewed alert context and linked endpoint records.,alerts.csv#ALRT-000261,CSE-FINANCE-001-USR-01
STEP-CASE-DEMO-0054,CSE-TELECOM-001,CASE-DEMO-0054,investigate,2026-06-05T13:36:35.465223Z,Reviewed alert context and linked endpoint records.,alerts.csv#ALRT-000266,CSE-TELECOM-001-USR-01
STEP-CASE-DEMO-0055,CSE-POWER-001,CASE-DEMO-0055,investigate,2026-07-22T11:06:47.781860Z,Reviewed alert context and linked endpoint records.,alerts.csv#ALRT-000271,CSE-POWER-001-USR-01
STEP-CASE-DEMO-0056,CSE-FINANCE-002,CASE-DEMO-0056,investigate,2026-07-22T06:49:51.277440Z,Reviewed alert context and linked endpoint records.,alerts.csv#ALRT-000276,CSE-FINANCE-002-USR-01
STEP-CASE-DEMO-0057,CSE-TELECOM-002,CASE-DEMO-0057,investigate,2026-07-07T11:52:44.258806Z,Reviewed alert context and linked endpoint records.,alerts.csv#ALRT-000281,CSE-TELECOM-002-USR-01
STEP-CASE-DEMO-0058,CSE-POWER-002,CASE-DEMO-0058,investigate,2026-06-04T15:14:18.016709Z,Reviewed alert context and linked endpoint records.,alerts.csv#ALRT-000286,CSE-POWER-002-USR-01
STEP-CASE-DEMO-0059,CSE-FINANCE-001,CASE-DEMO-0059,investigate,2026-08-19T17:26:38.728756Z,Reviewed alert context and linked endpoint records.,alerts.csv#ALRT-000291,CSE-FINANCE-001-USR-01
STEP-CASE-DEMO-0060,CSE-TELECOM-001,CASE-DEMO-0060,investigate,2026-07-22T23:44:18.532276Z,Reviewed alert context and linked endpoint records.,alerts.csv#ALRT-000296,CSE-TELECOM-001-USR-01
STEP-CASE-DEMO-0061,CSE-POWER-001,CASE-DEMO-0061,investigate,2026-06-16T05:12:07.970419Z,Reviewed alert context and linked endpoint records.,alerts.csv#ALRT-000301,CSE-POWER-001-USR-01
STEP-CASE-DEMO-0062,CSE-FINANCE-002,CASE-DEMO-0062,investigate,2026-07-28T16:13:17.526854Z,Reviewed alert context and linked endpoint records.,alerts.csv#ALRT-000306,CSE-FINANCE-002-USR-01
STEP-CASE-DEMO-0063,CSE-TELECOM-002,CASE-DEMO-0063,investigate,2026-07-31T19:31:16.991645Z,Reviewed alert context and linked endpoint records.,alerts.csv#ALRT-000311,CSE-TELECOM-002-USR-01
STEP-CASE-DEMO-0064,CSE-POWER-002,CASE-DEMO-0064,investigate,2026-07-03T17:24:21.735896Z,Reviewed alert context and linked endpoint records.,alerts.csv#ALRT-000316,CSE-POWER-002-USR-01
STEP-CASE-DEMO-0065,CSE-FINANCE-001,CASE-DEMO-0065,investigate,2026-08-16T11:26:50.617287Z,Reviewed alert context and linked endpoint records.,alerts.csv#ALRT-000321,CSE-FINANCE-001-USR-01
STEP-CASE-DEMO-0066,CSE-TELECOM-001,CASE-DEMO-0066,investigate,2026-06-18T03:23:15.803347Z,Reviewed alert context and linked endpoint records.,alerts.csv#ALRT-000326,CSE-TELECOM-001-USR-01
STEP-CASE-DEMO-0067,CSE-POWER-001,CASE-DEMO-0067,investigate,2026-06-21T18:15:37.135507Z,Reviewed alert context and linked endpoint records.,alerts.csv#ALRT-000331,CSE-POWER-001-USR-01
STEP-CASE-DEMO-0068,CSE-FINANCE-002,CASE-DEMO-0068,investigate,2026-08-31T00:24:22.179251Z,Reviewed alert context and linked endpoint records.,alerts.csv#ALRT-000336,CSE-FINANCE-002-USR-01
STEP-CASE-DEMO-0069,CSE-TELECOM-002,CASE-DEMO-0069,investigate,2026-06-27T14:15:18.818634Z,Reviewed alert context and linked endpoint records.,alerts.csv#ALRT-000341,CSE-TELECOM-002-USR-01
STEP-CASE-DEMO-0070,CSE-POWER-002,CASE-DEMO-0070,investigate,2026-08-24T15:01:14.273653Z,Reviewed alert context and linked endpoint records.,alerts.csv#ALRT-000346,CSE-POWER-002-USR-01
STEP-CASE-DEMO-0071,CSE-FINANCE-001,CASE-DEMO-0071,investigate,2026-08-16T18:52:41.010349Z,Reviewed alert context and linked endpoint records.,alerts.csv#ALRT-000351,CSE-FINANCE-001-USR-01
STEP-CASE-DEMO-0072,CSE-TELECOM-001,CASE-DEMO-0072,investigate,2026-07-31T14:51:16.788378Z,Reviewed alert context and linked endpoint records.,alerts.csv#ALRT-000356,CSE-TELECOM-001-USR-01
STEP-CASE-DEMO-0073,CSE-POWER-001,CASE-DEMO-0073,investigate,2026-07-11T01:39:04.372404Z,Reviewed alert context and linked endpoint records.,alerts.csv#ALRT-000361,CSE-POWER-001-USR-01
STEP-CASE-DEMO-0074,CSE-FINANCE-002,CASE-DEMO-0074,investigate,2026-08-17T08:32:35.165180Z,Reviewed alert context and linked endpoint records.,alerts.csv#ALRT-000366,CSE-FINANCE-002-USR-01
STEP-CASE-DEMO-0075,CSE-TELECOM-002,CASE-DEMO-0075,investigate,2026-06-30T09:12:14.274104Z,Reviewed alert context and linked endpoint records.,alerts.csv#ALRT-000371,CSE-TELECOM-002-USR-01
STEP-CASE-DEMO-0076,CSE-POWER-002,CASE-DEMO-0076,investigate,2026-08-22T05:21:58.926496Z,Reviewed alert context and linked endpoint records.,alerts.csv#ALRT-000376,CSE-POWER-002-USR-01
STEP-CASE-DEMO-0077,CSE-FINANCE-001,CASE-DEMO-0077,investigate,2026-07-22T22:09:56.603160Z,Reviewed alert context and linked endpoint records.,alerts.csv#ALRT-000381,CSE-FINANCE-001-USR-01
STEP-CASE-DEMO-0078,CSE-TELECOM-001,CASE-DEMO-0078,investigate,2026-07-18T14:23:26.877832Z,Reviewed alert context and linked endpoint records.,alerts.csv#ALRT-000386,CSE-TELECOM-001-USR-01
STEP-CASE-DEMO-0079,CSE-POWER-001,CASE-DEMO-0079,investigate,2026-07-31T07:31:23.217851Z,Reviewed alert context and linked endpoint records.,alerts.csv#ALRT-000391,CSE-POWER-001-USR-01
STEP-CASE-DEMO-0080,CSE-FINANCE-002,CASE-DEMO-0080,investigate,2026-07-17T16:06:21.820960Z,Reviewed alert context and linked endpoint records.,alerts.csv#ALRT-000396,CSE-FINANCE-002-USR-01
STEP-CASE-DEMO-0081,CSE-TELECOM-002,CASE-DEMO-0081,investigate,2026-07-30T04:48:45.930639Z,Reviewed alert context and linked endpoint records.,alerts.csv#ALRT-000401,CSE-TELECOM-002-USR-01
STEP-CASE-DEMO-0082,CSE-POWER-002,CASE-DEMO-0082,investigate,2026-06-26T11:58:21.313387Z,Reviewed alert context and linked endpoint records.,alerts.csv#ALRT-000406,CSE-POWER-002-USR-01
STEP-CASE-DEMO-0083,CSE-FINANCE-001,CASE-DEMO-0083,investigate,2026-06-23T23:30:57.460673Z,Reviewed alert context and linked endpoint records.,alerts.csv#ALRT-000411,CSE-FINANCE-001-USR-01
STEP-CASE-DEMO-0084,CSE-TELECOM-001,CASE-DEMO-0084,investigate,2026-07-29T14:33:51.832957Z,Reviewed alert context and linked endpoint records.,alerts.csv#ALRT-000416,CSE-TELECOM-001-USR-01
STEP-CASE-DEMO-0085,CSE-POWER-001,CASE-DEMO-0085,investigate,2026-07-08T13:09:33.543753Z,Reviewed alert context and linked endpoint records.,alerts.csv#ALRT-000421,CSE-POWER-001-USR-01
STEP-CASE-DEMO-0086,CSE-FINANCE-002,CASE-DEMO-0086,investigate,2026-07-22T19:38:00.571485Z,Reviewed alert context and linked endpoint records.,alerts.csv#ALRT-000426,CSE-FINANCE-002-USR-01
STEP-CASE-DEMO-0087,CSE-TELECOM-002,CASE-DEMO-0087,investigate,2026-06-30T00:09:00.077071Z,Reviewed alert context and linked endpoint records.,alerts.csv#ALRT-000431,CSE-TELECOM-002-USR-01
STEP-CASE-DEMO-0088,CSE-POWER-002,CASE-DEMO-0088,investigate,2026-08-12T18:15:43.360185Z,Reviewed alert context and linked endpoint records.,alerts.csv#ALRT-000436,CSE-POWER-002-USR-01
STEP-CASE-DEMO-0089,CSE-FINANCE-001,CASE-DEMO-0089,investigate,2026-06-18T14:05:48.335396Z,Reviewed alert context and linked endpoint records.,alerts.csv#ALRT-000441,CSE-FINANCE-001-USR-01
STEP-CASE-DEMO-0090,CSE-TELECOM-001,CASE-DEMO-0090,investigate,2026-07-14T05:52:02.670279Z,Reviewed alert context and linked endpoint records.,alerts.csv#ALRT-000446,CSE-TELECOM-001-USR-01
STEP-CASE-DEMO-0091,CSE-POWER-001,CASE-DEMO-0091,investigate,2026-06-24T22:24:28.551400Z,Reviewed alert context and linked endpoint records.,alerts.csv#ALRT-000451,CSE-POWER-001-USR-01
STEP-CASE-DEMO-0092,CSE-FINANCE-002,CASE-DEMO-0092,investigate,2026-06-30T09:11:48.866782Z,Reviewed alert context and linked endpoint records.,alerts.csv#ALRT-000456,CSE-FINANCE-002-USR-01
STEP-CASE-DEMO-0093,CSE-TELECOM-002,CASE-DEMO-0093,investigate,2026-07-30T00:48:05.893801Z,Reviewed alert context and linked endpoint records.,alerts.csv#ALRT-000461,CSE-TELECOM-002-USR-01
STEP-CASE-DEMO-0094,CSE-POWER-002,CASE-DEMO-0094,investigate,2026-07-28T04:31:15.602561Z,Reviewed alert context and linked endpoint records.,alerts.csv#ALRT-000466,CSE-POWER-002-USR-01
STEP-CASE-DEMO-0095,CSE-FINANCE-001,CASE-DEMO-0095,investigate,2026-08-27T19:07:54.627697Z,Reviewed alert context and linked endpoint records.,alerts.csv#ALRT-000471,CSE-FINANCE-001-USR-01
STEP-CASE-DEMO-0096,CSE-TELECOM-001,CASE-DEMO-0096,investigate,2026-06-24T20:24:27.626508Z,Reviewed alert context and linked endpoint records.,alerts.csv#ALRT-000476,CSE-TELECOM-001-USR-01
STEP-CASE-DEMO-0097,CSE-POWER-001,CASE-DEMO-0097,investigate,2026-08-01T07:23:34.987890Z,Reviewed alert context and linked endpoint records.,alerts.csv#ALRT-000481,CSE-POWER-001-USR-01
STEP-CASE-DEMO-0098,CSE-FINANCE-002,CASE-DEMO-0098,investigate,2026-06-27T10:58:17.997850Z,Reviewed alert context and linked endpoint records.,alerts.csv#ALRT-000486,CSE-FINANCE-002-USR-01
STEP-CASE-DEMO-0099,CSE-TELECOM-002,CASE-DEMO-0099,investigate,2026-08-19T00:23:55.843360Z,Reviewed alert context and linked endpoint records.,alerts.csv#ALRT-000491,CSE-TELECOM-002-USR-01
STEP-CASE-DEMO-0100,CSE-POWER-002,CASE-DEMO-0100,investigate,2026-06-18T19:11:28.533483Z,Reviewed alert context and linked endpoint records.,alerts.csv#ALRT-000496,CSE-POWER-002-USR-01
STEP-CASE-DEMO-0101,CSE-FINANCE-001,CASE-DEMO-0101,investigate,2026-08-26T21:01:50.891437Z,Reviewed alert context and linked endpoint records.,alerts.csv#ALRT-000501,CSE-FINANCE-001-USR-01
STEP-CASE-DEMO-0102,CSE-TELECOM-001,CASE-DEMO-0102,investigate,2026-07-29T18:27:35.141596Z,Reviewed alert context and linked endpoint records.,alerts.csv#ALRT-000506,CSE-TELECOM-001-USR-01
STEP-CASE-DEMO-0103,CSE-POWER-001,CASE-DEMO-0103,investigate,2026-08-13T07:42:55.832742Z,Reviewed alert context and linked endpoint records.,alerts.csv#ALRT-000511,CSE-POWER-001-USR-01
STEP-CASE-DEMO-0104,CSE-FINANCE-002,CASE-DEMO-0104,investigate,2026-08-22T14:29:57.120662Z,Reviewed alert context and linked endpoint records.,alerts.csv#ALRT-000516,CSE-FINANCE-002-USR-01
STEP-CASE-DEMO-0105,CSE-TELECOM-002,CASE-DEMO-0105,investigate,2026-07-14T04:40:58.167698Z,Reviewed alert context and linked endpoint records.,alerts.csv#ALRT-000521,CSE-TELECOM-002-USR-01
STEP-CASE-DEMO-0106,CSE-POWER-002,CASE-DEMO-0106,investigate,2026-08-06T01:14:25.725430Z,Reviewed alert context and linked endpoint records.,alerts.csv#ALRT-000526,CSE-POWER-002-USR-01
STEP-CASE-DEMO-0107,CSE-FINANCE-001,CASE-DEMO-0107,investigate,2026-06-15T11:34:05.711853Z,Reviewed alert context and linked endpoint records.,alerts.csv#ALRT-000531,CSE-FINANCE-001-USR-01
STEP-CASE-DEMO-0108,CSE-TELECOM-001,CASE-DEMO-0108,investigate,2026-06-28T22:23:16.219023Z,Reviewed alert context and linked endpoint records.,alerts.csv#ALRT-000536,CSE-TELECOM-001-USR-01
STEP-CASE-DEMO-0109,CSE-POWER-001,CASE-DEMO-0109,investigate,2026-08-22T05:55:15.946038Z,Reviewed alert context and linked endpoint records.,alerts.csv#ALRT-000541,CSE-POWER-001-USR-01
STEP-CASE-DEMO-0110,CSE-FINANCE-002,CASE-DEMO-0110,investigate,2026-07-03T13:19:02.831398Z,Reviewed alert context and linked endpoint records.,alerts.csv#ALRT-000546,CSE-FINANCE-002-USR-01
STEP-CASE-DEMO-0111,CSE-TELECOM-002,CASE-DEMO-0111,investigate,2026-08-04T05:26:39.403546Z,Reviewed alert context and linked endpoint records.,alerts.csv#ALRT-000551,CSE-TELECOM-002-USR-01
STEP-CASE-DEMO-0112,CSE-POWER-002,CASE-DEMO-0112,investigate,2026-07-06T06:01:51.403302Z,Reviewed alert context and linked endpoint records.,alerts.csv#ALRT-000556,CSE-POWER-002-USR-01
STEP-CASE-DEMO-0113,CSE-FINANCE-001,CASE-DEMO-0113,investigate,2026-06-10T23:01:29.809551Z,Reviewed alert context and linked endpoint records.,alerts.csv#ALRT-000561,CSE-FINANCE-001-USR-01
STEP-CASE-DEMO-0114,CSE-TELECOM-001,CASE-DEMO-0114,investigate,2026-07-22T19:06:33.926206Z,Reviewed alert context and linked endpoint records.,alerts.csv#ALRT-000566,CSE-TELECOM-001-USR-01
STEP-CASE-DEMO-0115,CSE-POWER-001,CASE-DEMO-0115,investigate,2026-07-08T09:17:18.437537Z,Reviewed alert context and linked endpoint records.,alerts.csv#ALRT-000571,CSE-POWER-001-USR-01
STEP-CASE-DEMO-0116,CSE-FINANCE-002,CASE-DEMO-0116,investigate,2026-08-23T03:37:12.178546Z,Reviewed alert context and linked endpoint records.,alerts.csv#ALRT-000576,CSE-FINANCE-002-USR-01
STEP-CASE-DEMO-0117,CSE-TELECOM-002,CASE-DEMO-0117,investigate,2026-08-04T11:19:49.664722Z,Reviewed alert context and linked endpoint records.,alerts.csv#ALRT-000581,CSE-TELECOM-002-USR-01
STEP-CASE-DEMO-0118,CSE-POWER-002,CASE-DEMO-0118,investigate,2026-08-22T18:53:41.268214Z,Reviewed alert context and linked endpoint records.,alerts.csv#ALRT-000586,CSE-POWER-002-USR-01
STEP-CASE-DEMO-0119,CSE-FINANCE-001,CASE-DEMO-0119,investigate,2026-08-28T22:48:35.170937Z,Reviewed alert context and linked endpoint records.,alerts.csv#ALRT-000591,CSE-FINANCE-001-USR-01
STEP-CASE-DEMO-0120,CSE-TELECOM-001,CASE-DEMO-0120,investigate,2026-07-10T20:06:08.711727Z,Reviewed alert context and linked endpoint records.,alerts.csv#ALRT-000596,CSE-TELECOM-001-USR-01
STEP-CASE-DEMO-0121,CSE-POWER-001,CASE-DEMO-0121,investigate,2026-06-10T14:36:56.109311Z,Reviewed alert context and linked endpoint records.,alerts.csv#ALRT-000601,CSE-POWER-001-USR-01
STEP-CASE-DEMO-0122,CSE-FINANCE-002,CASE-DEMO-0122,investigate,2026-08-06T20:59:40.227700Z,Reviewed alert context and linked endpoint records.,alerts.csv#ALRT-000606,CSE-FINANCE-002-USR-01
STEP-CASE-DEMO-0123,CSE-TELECOM-002,CASE-DEMO-0123,investigate,2026-07-07T05:01:35.065016Z,Reviewed alert context and linked endpoint records.,alerts.csv#ALRT-000611,CSE-TELECOM-002-USR-01
STEP-CASE-DEMO-0124,CSE-POWER-002,CASE-DEMO-0124,investigate,2026-07-28T09:06:33.775561Z,Reviewed alert context and linked endpoint records.,alerts.csv#ALRT-000616,CSE-POWER-002-USR-01
STEP-CASE-DEMO-0125,CSE-FINANCE-001,CASE-DEMO-0125,investigate,2026-08-26T21:42:41.319756Z,Reviewed alert context and linked endpoint records.,alerts.csv#ALRT-000621,CSE-FINANCE-001-USR-01
STEP-CASE-DEMO-0126,CSE-TELECOM-001,CASE-DEMO-0126,investigate,2026-06-22T08:46:56.054624Z,Reviewed alert context and linked endpoint records.,alerts.csv#ALRT-000626,CSE-TELECOM-001-USR-01
STEP-CASE-DEMO-0127,CSE-POWER-001,CASE-DEMO-0127,investigate,2026-08-19T21:08:56.350059Z,Reviewed alert context and linked endpoint records.,alerts.csv#ALRT-000631,CSE-POWER-001-USR-01
STEP-CASE-DEMO-0128,CSE-FINANCE-002,CASE-DEMO-0128,investigate,2026-08-30T10:04:48.825047Z,Reviewed alert context and linked endpoint records.,alerts.csv#ALRT-000636,CSE-FINANCE-002-USR-01
STEP-CASE-DEMO-0129,CSE-TELECOM-002,CASE-DEMO-0129,investigate,2026-06-08T23:39:34.297835Z,Reviewed alert context and linked endpoint records.,alerts.csv#ALRT-000641,CSE-TELECOM-002-USR-01
STEP-CASE-DEMO-0130,CSE-POWER-002,CASE-DEMO-0130,investigate,2026-08-08T19:42:00.455567Z,Reviewed alert context and linked endpoint records.,alerts.csv#ALRT-000646,CSE-POWER-002-USR-01
STEP-CASE-DEMO-0131,CSE-FINANCE-001,CASE-DEMO-0131,investigate,2026-06-05T13:13:29.507016Z,Reviewed alert context and linked endpoint records.,alerts.csv#ALRT-000651,CSE-FINANCE-001-USR-01
STEP-CASE-DEMO-0132,CSE-TELECOM-001,CASE-DEMO-0132,investigate,2026-07-29T00:51:43.304984Z,Reviewed alert context and linked endpoint records.,alerts.csv#ALRT-000656,CSE-TELECOM-001-USR-01
STEP-CASE-DEMO-0133,CSE-POWER-001,CASE-DEMO-0133,investigate,2026-06-17T12:20:15.159912Z,Reviewed alert context and linked endpoint records.,alerts.csv#ALRT-000661,CSE-POWER-001-USR-01
STEP-CASE-DEMO-0134,CSE-FINANCE-002,CASE-DEMO-0134,investigate,2026-06-23T08:08:24.260903Z,Reviewed alert context and linked endpoint records.,alerts.csv#ALRT-000666,CSE-FINANCE-002-USR-01
STEP-CASE-DEMO-0135,CSE-TELECOM-002,CASE-DEMO-0135,investigate,2026-08-12T20:10:11.944268Z,Reviewed alert context and linked endpoint records.,alerts.csv#ALRT-000671,CSE-TELECOM-002-USR-01
STEP-CASE-DEMO-0136,CSE-POWER-002,CASE-DEMO-0136,investigate,2026-08-31T22:05:47.203306Z,Reviewed alert context and linked endpoint records.,alerts.csv#ALRT-000676,CSE-POWER-002-USR-01
STEP-CASE-DEMO-0137,CSE-FINANCE-001,CASE-DEMO-0137,investigate,2026-06-24T05:29:35.227287Z,Reviewed alert context and linked endpoint records.,alerts.csv#ALRT-000681,CSE-FINANCE-001-USR-01
STEP-CASE-DEMO-0138,CSE-TELECOM-001,CASE-DEMO-0138,investigate,2026-08-28T12:25:10.169273Z,Reviewed alert context and linked endpoint records.,alerts.csv#ALRT-000686,CSE-TELECOM-001-USR-01
STEP-CASE-DEMO-0139,CSE-POWER-001,CASE-DEMO-0139,investigate,2026-08-20T11:09:08.533623Z,Reviewed alert context and linked endpoint records.,alerts.csv#ALRT-000691,CSE-POWER-001-USR-01
STEP-CASE-DEMO-0140,CSE-FINANCE-002,CASE-DEMO-0140,investigate,2026-08-24T14:53:48.964225Z,Reviewed alert context and linked endpoint records.,alerts.csv#ALRT-000696,CSE-FINANCE-002-USR-01
STEP-CASE-DEMO-0141,CSE-TELECOM-002,CASE-DEMO-0141,investigate,2026-07-26T15:21:05.434594Z,Reviewed alert context and linked endpoint records.,alerts.csv#ALRT-000701,CSE-TELECOM-002-USR-01
STEP-CASE-DEMO-0143,CSE-FINANCE-001,CASE-DEMO-0143,investigate,2026-08-24T09:43:38.962626Z,Reviewed alert context and linked endpoint records.,alerts.csv#ALRT-000711,CSE-FINANCE-001-USR-01
STEP-CASE-DEMO-0144,CSE-TELECOM-001,CASE-DEMO-0144,investigate,2026-08-12T22:44:30.308955Z,Reviewed alert context and linked endpoint records.,alerts.csv#ALRT-000716,CSE-TELECOM-001-USR-01
STEP-CASE-DEMO-0145,CSE-POWER-001,CASE-DEMO-0145,investigate,2026-06-10T04:34:14.534072Z,Reviewed alert context and linked endpoint records.,alerts.csv#ALRT-000721,CSE-POWER-001-USR-01
STEP-CASE-DEMO-0146,CSE-FINANCE-002,CASE-DEMO-0146,investigate,2026-08-09T12:57:14.625755Z,Reviewed alert context and linked endpoint records.,alerts.csv#ALRT-000726,CSE-FINANCE-002-USR-01
STEP-CASE-DEMO-0147,CSE-TELECOM-002,CASE-DEMO-0147,investigate,2026-08-29T01:09:15.381162Z,Reviewed alert context and linked endpoint records.,alerts.csv#ALRT-000731,CSE-TELECOM-002-USR-01
STEP-CASE-DEMO-0148,CSE-POWER-002,CASE-DEMO-0148,investigate,2026-06-19T10:42:55.945007Z,Reviewed alert context and linked endpoint records.,alerts.csv#ALRT-000736,CSE-POWER-002-USR-01
STEP-CASE-DEMO-0149,CSE-FINANCE-001,CASE-DEMO-0149,investigate,2026-07-20T22:28:52.729493Z,Reviewed alert context and linked endpoint records.,alerts.csv#ALRT-000741,CSE-FINANCE-001-USR-01
STEP-CASE-DEMO-0150,CSE-TELECOM-001,CASE-DEMO-0150,investigate,2026-08-14T17:09:03.613530Z,Reviewed alert context and linked endpoint records.,alerts.csv#ALRT-000746,CSE-TELECOM-001-USR-01
STEP-CASE-DEMO-0151,CSE-POWER-001,CASE-DEMO-0151,investigate,2026-07-23T22:30:20.286232Z,Reviewed alert context and linked endpoint records.,alerts.csv#ALRT-000751,CSE-POWER-001-USR-01
STEP-CASE-DEMO-0152,CSE-FINANCE-002,CASE-DEMO-0152,investigate,2026-08-14T23:05:22.267698Z,Reviewed alert context and linked endpoint records.,alerts.csv#ALRT-000756,CSE-FINANCE-002-USR-01
STEP-CASE-DEMO-0153,CSE-TELECOM-002,CASE-DEMO-0153,investigate,2026-06-05T14:19:01.859526Z,Reviewed alert context and linked endpoint records.,alerts.csv#ALRT-000761,CSE-TELECOM-002-USR-01
STEP-CASE-DEMO-0154,CSE-POWER-002,CASE-DEMO-0154,investigate,2026-08-20T20:44:57.013344Z,Reviewed alert context and linked endpoint records.,alerts.csv#ALRT-000766,CSE-POWER-002-USR-01
STEP-CASE-DEMO-0155,CSE-FINANCE-001,CASE-DEMO-0155,investigate,2026-06-10T14:42:20.004468Z,Reviewed alert context and linked endpoint records.,alerts.csv#ALRT-000771,CSE-FINANCE-001-USR-01
STEP-CASE-DEMO-0156,CSE-TELECOM-001,CASE-DEMO-0156,investigate,2026-06-29T09:17:38.904368Z,Reviewed alert context and linked endpoint records.,alerts.csv#ALRT-000776,CSE-TELECOM-001-USR-01
STEP-CASE-DEMO-0157,CSE-POWER-001,CASE-DEMO-0157,investigate,2026-07-18T02:45:27.418506Z,Reviewed alert context and linked endpoint records.,alerts.csv#ALRT-000781,CSE-POWER-001-USR-01
STEP-CASE-DEMO-0158,CSE-FINANCE-002,CASE-DEMO-0158,investigate,2026-08-23T19:33:37.726130Z,Reviewed alert context and linked endpoint records.,alerts.csv#ALRT-000786,CSE-FINANCE-002-USR-01
STEP-CASE-DEMO-0159,CSE-TELECOM-002,CASE-DEMO-0159,investigate,2026-09-01T01:38:13.651209Z,Reviewed alert context and linked endpoint records.,alerts.csv#ALRT-000791,CSE-TELECOM-002-USR-01
STEP-CASE-DEMO-0160,CSE-POWER-002,CASE-DEMO-0160,investigate,2026-06-27T21:06:49.096737Z,Reviewed alert context and linked endpoint records.,alerts.csv#ALRT-000796,CSE-POWER-002-USR-01
STEP-CASE-DEMO-0161,CSE-FINANCE-001,CASE-DEMO-0161,investigate,2026-06-29T09:46:17.492825Z,Reviewed alert context and linked endpoint records.,alerts.csv#ALRT-000801,CSE-FINANCE-001-USR-01
STEP-CASE-DEMO-0162,CSE-TELECOM-001,CASE-DEMO-0162,investigate,2026-08-09T06:35:30.695312Z,Reviewed alert context and linked endpoint records.,alerts.csv#ALRT-000806,CSE-TELECOM-001-USR-01
STEP-CASE-DEMO-0163,CSE-POWER-001,CASE-DEMO-0163,investigate,2026-08-02T03:29:17.011791Z,Reviewed alert context and linked endpoint records.,alerts.csv#ALRT-000811,CSE-POWER-001-USR-01
STEP-CASE-DEMO-0164,CSE-FINANCE-002,CASE-DEMO-0164,investigate,2026-06-28T14:21:28.687777Z,Reviewed alert context and linked endpoint records.,alerts.csv#ALRT-000816,CSE-FINANCE-002-USR-01
STEP-CASE-DEMO-0165,CSE-TELECOM-002,CASE-DEMO-0165,investigate,2026-08-19T03:16:52.812985Z,Reviewed alert context and linked endpoint records.,alerts.csv#ALRT-000821,CSE-TELECOM-002-USR-01
STEP-CASE-DEMO-0166,CSE-POWER-002,CASE-DEMO-0166,investigate,2026-08-13T04:39:49.362895Z,Reviewed alert context and linked endpoint records.,alerts.csv#ALRT-000826,CSE-POWER-002-USR-01
STEP-CASE-DEMO-0167,CSE-FINANCE-001,CASE-DEMO-0167,investigate,2026-08-08T16:03:37.722824Z,Reviewed alert context and linked endpoint records.,alerts.csv#ALRT-000831,CSE-FINANCE-001-USR-01
STEP-CASE-DEMO-0168,CSE-TELECOM-001,CASE-DEMO-0168,investigate,2026-06-19T19:01:09.408137Z,Reviewed alert context and linked endpoint records.,alerts.csv#ALRT-000836,CSE-TELECOM-001-USR-01
STEP-CASE-DEMO-0169,CSE-POWER-001,CASE-DEMO-0169,investigate,2026-07-04T04:23:20.515434Z,Reviewed alert context and linked endpoint records.,alerts.csv#ALRT-000841,CSE-POWER-001-USR-01
STEP-CASE-DEMO-0170,CSE-FINANCE-002,CASE-DEMO-0170,investigate,2026-06-23T12:16:48.793008Z,Reviewed alert context and linked endpoint records.,alerts.csv#ALRT-000846,CSE-FINANCE-002-USR-01
STEP-CASE-DEMO-0171,CSE-TELECOM-002,CASE-DEMO-0171,investigate,2026-07-18T12:35:40.221687Z,Reviewed alert context and linked endpoint records.,alerts.csv#ALRT-000851,CSE-TELECOM-002-USR-01
STEP-CASE-DEMO-0172,CSE-POWER-002,CASE-DEMO-0172,investigate,2026-06-05T10:08:53.249304Z,Reviewed alert context and linked endpoint records.,alerts.csv#ALRT-000856,CSE-POWER-002-USR-01
STEP-CASE-DEMO-0173,CSE-FINANCE-001,CASE-DEMO-0173,investigate,2026-06-21T19:35:43.655538Z,Reviewed alert context and linked endpoint records.,alerts.csv#ALRT-000861,CSE-FINANCE-001-USR-01
STEP-CASE-DEMO-0174,CSE-TELECOM-001,CASE-DEMO-0174,investigate,2026-06-19T20:25:13.223340Z,Reviewed alert context and linked endpoint records.,alerts.csv#ALRT-000866,CSE-TELECOM-001-USR-01
STEP-CASE-DEMO-0175,CSE-POWER-001,CASE-DEMO-0175,investigate,2026-08-02T17:59:56.177292Z,Reviewed alert context and linked endpoint records.,alerts.csv#ALRT-000871,CSE-POWER-001-USR-01
STEP-CASE-DEMO-0176,CSE-FINANCE-002,CASE-DEMO-0176,investigate,2026-07-11T05:08:45.294015Z,Reviewed alert context and linked endpoint records.,alerts.csv#ALRT-000876,CSE-FINANCE-002-USR-01
STEP-CASE-DEMO-0177,CSE-TELECOM-002,CASE-DEMO-0177,investigate,2026-07-02T20:29:52.269101Z,Reviewed alert context and linked endpoint records.,alerts.csv#ALRT-000881,CSE-TELECOM-002-USR-01
STEP-CASE-DEMO-0178,CSE-POWER-002,CASE-DEMO-0178,investigate,2026-07-06T00:11:48.908749Z,Reviewed alert context and linked endpoint records.,alerts.csv#ALRT-000886,CSE-POWER-002-USR-01
STEP-CASE-DEMO-0179,CSE-FINANCE-001,CASE-DEMO-0179,investigate,2026-07-02T17:00:52.236176Z,Reviewed alert context and linked endpoint records.,alerts.csv#ALRT-000891,CSE-FINANCE-001-USR-01
STEP-CASE-DEMO-0180,CSE-TELECOM-001,CASE-DEMO-0180,investigate,2026-07-20T13:32:43.344781Z,Reviewed alert context and linked endpoint records.,alerts.csv#ALRT-000896,CSE-TELECOM-001-USR-01
STEP-CASE-DEMO-0181,CSE-POWER-001,CASE-DEMO-0181,investigate,2026-08-23T06:49:51.141537Z,Reviewed alert context and linked endpoint records.,alerts.csv#ALRT-000901,CSE-POWER-001-USR-01
STEP-CASE-DEMO-0182,CSE-FINANCE-002,CASE-DEMO-0182,investigate,2026-06-08T03:41:28.257801Z,Reviewed alert context and linked endpoint records.,alerts.csv#ALRT-000906,CSE-FINANCE-002-USR-01
STEP-CASE-DEMO-0183,CSE-TELECOM-002,CASE-DEMO-0183,investigate,2026-06-23T13:14:16.851571Z,Reviewed alert context and linked endpoint records.,alerts.csv#ALRT-000911,CSE-TELECOM-002-USR-01
STEP-CASE-DEMO-0184,CSE-POWER-002,CASE-DEMO-0184,investigate,2026-06-28T09:11:38.937534Z,Reviewed alert context and linked endpoint records.,alerts.csv#ALRT-000916,CSE-POWER-002-USR-01
STEP-CASE-DEMO-0185,CSE-FINANCE-001,CASE-DEMO-0185,investigate,2026-08-20T17:37:00.748729Z,Reviewed alert context and linked endpoint records.,alerts.csv#ALRT-000921,CSE-FINANCE-001-USR-01
STEP-CASE-DEMO-0186,CSE-TELECOM-001,CASE-DEMO-0186,investigate,2026-09-01T13:03:06.034057Z,Reviewed alert context and linked endpoint records.,alerts.csv#ALRT-000926,CSE-TELECOM-001-USR-01
STEP-CASE-DEMO-0187,CSE-POWER-001,CASE-DEMO-0187,investigate,2026-07-22T01:10:24.467218Z,Reviewed alert context and linked endpoint records.,alerts.csv#ALRT-000931,CSE-POWER-001-USR-01
STEP-CASE-DEMO-0188,CSE-FINANCE-002,CASE-DEMO-0188,investigate,2026-06-24T04:16:57.706990Z,Reviewed alert context and linked endpoint records.,alerts.csv#ALRT-000936,CSE-FINANCE-002-USR-01
STEP-CASE-DEMO-0189,CSE-TELECOM-002,CASE-DEMO-0189,investigate,2026-08-31T15:49:29.825199Z,Reviewed alert context and linked endpoint records.,alerts.csv#ALRT-000941,CSE-TELECOM-002-USR-01
STEP-CASE-DEMO-0190,CSE-POWER-002,CASE-DEMO-0190,investigate,2026-07-16T19:46:40.831104Z,Reviewed alert context and linked endpoint records.,alerts.csv#ALRT-000946,CSE-POWER-002-USR-01
STEP-CASE-DEMO-0191,CSE-FINANCE-001,CASE-DEMO-0191,investigate,2026-06-16T23:42:44.422625Z,Reviewed alert context and linked endpoint records.,alerts.csv#ALRT-000951,CSE-FINANCE-001-USR-01
STEP-CASE-DEMO-0192,CSE-TELECOM-001,CASE-DEMO-0192,investigate,2026-08-11T08:32:05.519367Z,Reviewed alert context and linked endpoint records.,alerts.csv#ALRT-000956,CSE-TELECOM-001-USR-01
STEP-CASE-DEMO-0193,CSE-POWER-001,CASE-DEMO-0193,investigate,2026-08-18T08:59:35.924961Z,Reviewed alert context and linked endpoint records.,alerts.csv#ALRT-000961,CSE-POWER-001-USR-01
STEP-CASE-DEMO-0194,CSE-FINANCE-002,CASE-DEMO-0194,investigate,2026-08-18T19:46:14.596333Z,Reviewed alert context and linked endpoint records.,alerts.csv#ALRT-000966,CSE-FINANCE-002-USR-01
STEP-CASE-DEMO-0195,CSE-TELECOM-002,CASE-DEMO-0195,investigate,2026-08-20T01:29:34.549952Z,Reviewed alert context and linked endpoint records.,alerts.csv#ALRT-000971,CSE-TELECOM-002-USR-01
STEP-CASE-DEMO-0196,CSE-POWER-002,CASE-DEMO-0196,investigate,2026-07-12T13:23:51.460828Z,Reviewed alert context and linked endpoint records.,alerts.csv#ALRT-000976,CSE-POWER-002-USR-01
STEP-CASE-DEMO-0197,CSE-FINANCE-001,CASE-DEMO-0197,investigate,2026-08-21T10:47:58.042416Z,Reviewed alert context and linked endpoint records.,alerts.csv#ALRT-000981,CSE-FINANCE-001-USR-01
STEP-CASE-DEMO-0198,CSE-TELECOM-001,CASE-DEMO-0198,investigate,2026-07-15T16:04:03.949565Z,Reviewed alert context and linked endpoint records.,alerts.csv#ALRT-000986,CSE-TELECOM-001-USR-01
STEP-CASE-DEMO-0199,CSE-POWER-001,CASE-DEMO-0199,investigate,2026-07-22T23:25:36.096970Z,Reviewed alert context and linked endpoint records.,alerts.csv#ALRT-000991,CSE-POWER-001-USR-01
STEP-CASE-DEMO-0200,CSE-FINANCE-002,CASE-DEMO-0200,investigate,2026-07-07T10:04:52.270839Z,Reviewed alert context and linked endpoint records.,alerts.csv#ALRT-000996,CSE-FINANCE-002-USR-01
STEP-CASE-DEMO-0201,CSE-TELECOM-002,CASE-DEMO-0201,investigate,2026-08-11T08:21:43.746624Z,Reviewed alert context and linked endpoint records.,alerts.csv#ALRT-001001,CSE-TELECOM-002-USR-01
STEP-CASE-DEMO-0202,CSE-POWER-002,CASE-DEMO-0202,investigate,2026-06-15T08:41:32.824191Z,Reviewed alert context and linked endpoint records.,alerts.csv#ALRT-001006,CSE-POWER-002-USR-01
STEP-CASE-DEMO-0203,CSE-FINANCE-001,CASE-DEMO-0203,investigate,2026-06-26T16:08:21.969208Z,Reviewed alert context and linked endpoint records.,alerts.csv#ALRT-001011,CSE-FINANCE-001-USR-01
STEP-CASE-DEMO-0204,CSE-TELECOM-001,CASE-DEMO-0204,investigate,2026-06-10T21:47:59.142915Z,Reviewed alert context and linked endpoint records.,alerts.csv#ALRT-001016,CSE-TELECOM-001-USR-01
STEP-CASE-DEMO-0205,CSE-POWER-001,CASE-DEMO-0205,investigate,2026-07-03T21:37:35.362682Z,Reviewed alert context and linked endpoint records.,alerts.csv#ALRT-001021,CSE-POWER-001-USR-01
STEP-CASE-DEMO-0206,CSE-FINANCE-002,CASE-DEMO-0206,investigate,2026-08-30T07:06:45.712612Z,Reviewed alert context and linked endpoint records.,alerts.csv#ALRT-001026,CSE-FINANCE-002-USR-01
STEP-CASE-DEMO-0207,CSE-TELECOM-002,CASE-DEMO-0207,investigate,2026-08-27T01:48:29.608117Z,Reviewed alert context and linked endpoint records.,alerts.csv#ALRT-001031,CSE-TELECOM-002-USR-01
STEP-CASE-DEMO-0208,CSE-POWER-002,CASE-DEMO-0208,investigate,2026-07-03T10:18:31.861157Z,Reviewed alert context and linked endpoint records.,alerts.csv#ALRT-001036,CSE-POWER-002-USR-01
STEP-CASE-DEMO-0209,CSE-FINANCE-001,CASE-DEMO-0209,investigate,2026-08-30T17:25:29.274618Z,Reviewed alert context and linked endpoint records.,alerts.csv#ALRT-001041,CSE-FINANCE-001-USR-01
STEP-CASE-DEMO-0210,CSE-TELECOM-001,CASE-DEMO-0210,investigate,2026-06-28T09:15:19.881634Z,Reviewed alert context and linked endpoint records.,alerts.csv#ALRT-001046,CSE-TELECOM-001-USR-01
STEP-CASE-DEMO-0211,CSE-POWER-001,CASE-DEMO-0211,investigate,2026-07-23T09:09:52.633424Z,Reviewed alert context and linked endpoint records.,alerts.csv#ALRT-001051,CSE-POWER-001-USR-01
STEP-CASE-DEMO-0212,CSE-FINANCE-002,CASE-DEMO-0212,investigate,2026-08-04T11:23:41.723599Z,Reviewed alert context and linked endpoint records.,alerts.csv#ALRT-001056,CSE-FINANCE-002-USR-01
STEP-CASE-DEMO-0213,CSE-TELECOM-002,CASE-DEMO-0213,investigate,2026-07-17T01:28:54.961436Z,Reviewed alert context and linked endpoint records.,alerts.csv#ALRT-001061,CSE-TELECOM-002-USR-01
STEP-CASE-DEMO-0214,CSE-POWER-002,CASE-DEMO-0214,investigate,2026-08-15T06:55:55.415603Z,Reviewed alert context and linked endpoint records.,alerts.csv#ALRT-001066,CSE-POWER-002-USR-01
STEP-CASE-DEMO-0215,CSE-FINANCE-001,CASE-DEMO-0215,investigate,2026-06-09T14:02:46.178459Z,Reviewed alert context and linked endpoint records.,alerts.csv#ALRT-001071,CSE-FINANCE-001-USR-01
STEP-CASE-DEMO-0216,CSE-TELECOM-001,CASE-DEMO-0216,investigate,2026-08-25T15:28:29.955237Z,Reviewed alert context and linked endpoint records.,alerts.csv#ALRT-001076,CSE-TELECOM-001-USR-01
STEP-CASE-DEMO-0217,CSE-POWER-001,CASE-DEMO-0217,investigate,2026-06-27T02:30:26.790261Z,Reviewed alert context and linked endpoint records.,alerts.csv#ALRT-001081,CSE-POWER-001-USR-01
STEP-CASE-DEMO-0218,CSE-FINANCE-002,CASE-DEMO-0218,investigate,2026-08-25T08:51:31.147185Z,Reviewed alert context and linked endpoint records.,alerts.csv#ALRT-001086,CSE-FINANCE-002-USR-01
STEP-CASE-DEMO-0219,CSE-TELECOM-002,CASE-DEMO-0219,investigate,2026-06-19T01:23:17.744709Z,Reviewed alert context and linked endpoint records.,alerts.csv#ALRT-001091,CSE-TELECOM-002-USR-01
STEP-CASE-DEMO-0220,CSE-POWER-002,CASE-DEMO-0220,investigate,2026-06-30T05:55:06.705188Z,Reviewed alert context and linked endpoint records.,alerts.csv#ALRT-001096,CSE-POWER-002-USR-01
STEP-CASE-DEMO-0221,CSE-FINANCE-001,CASE-DEMO-0221,investigate,2026-07-24T22:17:31.747054Z,Reviewed alert context and linked endpoint records.,alerts.csv#ALRT-001101,CSE-FINANCE-001-USR-01
STEP-CASE-DEMO-0222,CSE-TELECOM-001,CASE-DEMO-0222,investigate,2026-07-28T21:01:37.840739Z,Reviewed alert context and linked endpoint records.,alerts.csv#ALRT-001106,CSE-TELECOM-001-USR-01
STEP-CASE-DEMO-0223,CSE-POWER-001,CASE-DEMO-0223,investigate,2026-06-16T17:49:14.728505Z,Reviewed alert context and linked endpoint records.,alerts.csv#ALRT-001111,CSE-POWER-001-USR-01
STEP-CASE-DEMO-0224,CSE-FINANCE-002,CASE-DEMO-0224,investigate,2026-08-13T00:21:40.416518Z,Reviewed alert context and linked endpoint records.,alerts.csv#ALRT-001116,CSE-FINANCE-002-USR-01
STEP-CASE-DEMO-0225,CSE-TELECOM-002,CASE-DEMO-0225,investigate,2026-06-27T04:30:26.724134Z,Reviewed alert context and linked endpoint records.,alerts.csv#ALRT-001121,CSE-TELECOM-002-USR-01
STEP-CASE-DEMO-0226,CSE-POWER-002,CASE-DEMO-0226,investigate,2026-08-15T08:57:33.900296Z,Reviewed alert context and linked endpoint records.,alerts.csv#ALRT-001126,CSE-POWER-002-USR-01
STEP-CASE-DEMO-0227,CSE-FINANCE-001,CASE-DEMO-0227,investigate,2026-08-26T23:39:44.980207Z,Reviewed alert context and linked endpoint records.,alerts.csv#ALRT-001131,CSE-FINANCE-001-USR-01
STEP-CASE-DEMO-0228,CSE-TELECOM-001,CASE-DEMO-0228,investigate,2026-08-11T06:18:50.018948Z,Reviewed alert context and linked endpoint records.,alerts.csv#ALRT-001136,CSE-TELECOM-001-USR-01
STEP-CASE-DEMO-0229,CSE-POWER-001,CASE-DEMO-0229,investigate,2026-07-11T21:04:56.333258Z,Reviewed alert context and linked endpoint records.,alerts.csv#ALRT-001141,CSE-POWER-001-USR-01
STEP-CASE-DEMO-0230,CSE-FINANCE-002,CASE-DEMO-0230,investigate,2026-08-02T23:44:08.328349Z,Reviewed alert context and linked endpoint records.,alerts.csv#ALRT-001146,CSE-FINANCE-002-USR-01
STEP-CASE-DEMO-0231,CSE-TELECOM-002,CASE-DEMO-0231,investigate,2026-07-09T11:45:40.794890Z,Reviewed alert context and linked endpoint records.,alerts.csv#ALRT-001151,CSE-TELECOM-002-USR-01
STEP-CASE-DEMO-0232,CSE-POWER-002,CASE-DEMO-0232,investigate,2026-06-17T11:49:53.799576Z,Reviewed alert context and linked endpoint records.,alerts.csv#ALRT-001156,CSE-POWER-002-USR-01
STEP-CASE-DEMO-0233,CSE-FINANCE-001,CASE-DEMO-0233,investigate,2026-07-05T05:05:08.214250Z,Reviewed alert context and linked endpoint records.,alerts.csv#ALRT-001161,CSE-FINANCE-001-USR-01
STEP-CASE-DEMO-0234,CSE-TELECOM-001,CASE-DEMO-0234,investigate,2026-06-18T12:49:07.651049Z,Reviewed alert context and linked endpoint records.,alerts.csv#ALRT-001166,CSE-TELECOM-001-USR-01
STEP-CASE-DEMO-0235,CSE-POWER-001,CASE-DEMO-0235,investigate,2026-07-28T05:05:44.513342Z,Reviewed alert context and linked endpoint records.,alerts.csv#ALRT-001171,CSE-POWER-001-USR-01
STEP-CASE-DEMO-0236,CSE-FINANCE-002,CASE-DEMO-0236,investigate,2026-06-26T21:39:28.712217Z,Reviewed alert context and linked endpoint records.,alerts.csv#ALRT-001176,CSE-FINANCE-002-USR-01
STEP-CASE-DEMO-0237,CSE-TELECOM-002,CASE-DEMO-0237,investigate,2026-06-20T06:15:10.945751Z,Reviewed alert context and linked endpoint records.,alerts.csv#ALRT-001181,CSE-TELECOM-002-USR-01
STEP-CASE-DEMO-0238,CSE-POWER-002,CASE-DEMO-0238,investigate,2026-06-27T21:15:26.542074Z,Reviewed alert context and linked endpoint records.,alerts.csv#ALRT-001186,CSE-POWER-002-USR-01
STEP-CASE-DEMO-0239,CSE-FINANCE-001,CASE-DEMO-0239,investigate,2026-07-24T00:10:50.180530Z,Reviewed alert context and linked endpoint records.,alerts.csv#ALRT-001191,CSE-FINANCE-001-USR-01
STEP-CASE-DEMO-0240,CSE-TELECOM-001,CASE-DEMO-0240,investigate,2026-08-07T11:45:29.927958Z,Reviewed alert context and linked endpoint records.,alerts.csv#ALRT-001196,CSE-TELECOM-001-USR-01
STEP-CASE-DEMO-0241,CSE-POWER-001,CASE-DEMO-0241,investigate,2026-06-30T05:59:53.706244Z,Reviewed alert context and linked endpoint records.,alerts.csv#ALRT-001201,CSE-POWER-001-USR-01
STEP-CASE-DEMO-0242,CSE-FINANCE-002,CASE-DEMO-0242,investigate,2026-07-05T04:15:00.015790Z,Reviewed alert context and linked endpoint records.,alerts.csv#ALRT-001206,CSE-FINANCE-002-USR-01
STEP-CASE-DEMO-0243,CSE-TELECOM-002,CASE-DEMO-0243,investigate,2026-06-21T23:47:34.269133Z,Reviewed alert context and linked endpoint records.,alerts.csv#ALRT-001211,CSE-TELECOM-002-USR-01
STEP-CASE-DEMO-0244,CSE-POWER-002,CASE-DEMO-0244,investigate,2026-06-12T17:47:59.987770Z,Reviewed alert context and linked endpoint records.,alerts.csv#ALRT-001216,CSE-POWER-002-USR-01
STEP-CASE-DEMO-0245,CSE-FINANCE-001,CASE-DEMO-0245,investigate,2026-06-04T15:45:28.181177Z,Reviewed alert context and linked endpoint records.,alerts.csv#ALRT-001221,CSE-FINANCE-001-USR-01
STEP-CASE-DEMO-0246,CSE-TELECOM-001,CASE-DEMO-0246,investigate,2026-06-18T03:21:46.820491Z,Reviewed alert context and linked endpoint records.,alerts.csv#ALRT-001226,CSE-TELECOM-001-USR-01
STEP-CASE-DEMO-0247,CSE-POWER-001,CASE-DEMO-0247,investigate,2026-08-04T15:28:46.704692Z,Reviewed alert context and linked endpoint records.,alerts.csv#ALRT-001231,CSE-POWER-001-USR-01
STEP-CASE-DEMO-0248,CSE-FINANCE-002,CASE-DEMO-0248,investigate,2026-08-28T03:27:14.280531Z,Reviewed alert context and linked endpoint records.,alerts.csv#ALRT-001236,CSE-FINANCE-002-USR-01
STEP-CASE-DEMO-0249,CSE-TELECOM-002,CASE-DEMO-0249,investigate,2026-06-18T03:16:01.300535Z,Reviewed alert context and linked endpoint records.,alerts.csv#ALRT-001241,CSE-TELECOM-002-USR-01
STEP-CASE-DEMO-0250,CSE-POWER-002,CASE-DEMO-0250,investigate,2026-08-06T00:44:54.183010Z,Reviewed alert context and linked endpoint records.,alerts.csv#ALRT-001246,CSE-POWER-002-USR-01
STEP-CASE-DEMO-0251,CSE-FINANCE-001,CASE-DEMO-0251,investigate,2026-06-10T15:48:15.900203Z,Reviewed alert context and linked endpoint records.,alerts.csv#ALRT-001251,CSE-FINANCE-001-USR-01
STEP-CASE-DEMO-0252,CSE-TELECOM-001,CASE-DEMO-0252,investigate,2026-08-31T13:49:39.367408Z,Reviewed alert context and linked endpoint records.,alerts.csv#ALRT-001256,CSE-TELECOM-001-USR-01
STEP-CASE-DEMO-0253,CSE-POWER-001,CASE-DEMO-0253,investigate,2026-08-31T14:35:14.140127Z,Reviewed alert context and linked endpoint records.,alerts.csv#ALRT-001261,CSE-POWER-001-USR-01
STEP-CASE-DEMO-0254,CSE-FINANCE-002,CASE-DEMO-0254,investigate,2026-07-06T21:12:27.610544Z,Reviewed alert context and linked endpoint records.,alerts.csv#ALRT-001266,CSE-FINANCE-002-USR-01
STEP-CASE-DEMO-0255,CSE-TELECOM-002,CASE-DEMO-0255,investigate,2026-08-03T16:11:04.513661Z,Reviewed alert context and linked endpoint records.,alerts.csv#ALRT-001271,CSE-TELECOM-002-USR-01
STEP-CASE-DEMO-0256,CSE-POWER-002,CASE-DEMO-0256,investigate,2026-06-11T09:01:19.214904Z,Reviewed alert context and linked endpoint records.,alerts.csv#ALRT-001276,CSE-POWER-002-USR-01
STEP-CASE-DEMO-0257,CSE-FINANCE-001,CASE-DEMO-0257,investigate,2026-07-24T05:49:52.743021Z,Reviewed alert context and linked endpoint records.,alerts.csv#ALRT-001281,CSE-FINANCE-001-USR-01
STEP-CASE-DEMO-0258,CSE-TELECOM-001,CASE-DEMO-0258,investigate,2026-08-29T20:46:04.720134Z,Reviewed alert context and linked endpoint records.,alerts.csv#ALRT-001286,CSE-TELECOM-001-USR-01
STEP-CASE-DEMO-0259,CSE-POWER-001,CASE-DEMO-0259,investigate,2026-06-30T10:33:41.337716Z,Reviewed alert context and linked endpoint records.,alerts.csv#ALRT-001291,CSE-POWER-001-USR-01
STEP-CASE-DEMO-0260,CSE-FINANCE-002,CASE-DEMO-0260,investigate,2026-07-18T09:01:07.954141Z,Reviewed alert context and linked endpoint records.,alerts.csv#ALRT-001296,CSE-FINANCE-002-USR-01
STEP-CASE-DEMO-0261,CSE-TELECOM-002,CASE-DEMO-0261,investigate,2026-06-14T07:29:14.432643Z,Reviewed alert context and linked endpoint records.,alerts.csv#ALRT-001301,CSE-TELECOM-002-USR-01
STEP-CASE-DEMO-0262,CSE-POWER-002,CASE-DEMO-0262,investigate,2026-07-18T01:23:46.660962Z,Reviewed alert context and linked endpoint records.,alerts.csv#ALRT-001306,CSE-POWER-002-USR-01
STEP-CASE-DEMO-0263,CSE-FINANCE-001,CASE-DEMO-0263,investigate,2026-07-31T10:57:58.254990Z,Reviewed alert context and linked endpoint records.,alerts.csv#ALRT-001311,CSE-FINANCE-001-USR-01
STEP-CASE-DEMO-0264,CSE-TELECOM-001,CASE-DEMO-0264,investigate,2026-07-05T22:34:53.677753Z,Reviewed alert context and linked endpoint records.,alerts.csv#ALRT-001316,CSE-TELECOM-001-USR-01
STEP-CASE-DEMO-0265,CSE-POWER-001,CASE-DEMO-0265,investigate,2026-08-03T19:11:21.832410Z,Reviewed alert context and linked endpoint records.,alerts.csv#ALRT-001321,CSE-POWER-001-USR-01
STEP-CASE-DEMO-0266,CSE-FINANCE-002,CASE-DEMO-0266,investigate,2026-07-13T09:28:05.143716Z,Reviewed alert context and linked endpoint records.,alerts.csv#ALRT-001326,CSE-FINANCE-002-USR-01
STEP-CASE-DEMO-0267,CSE-TELECOM-002,CASE-DEMO-0267,investigate,2026-07-21T15:24:34.840420Z,Reviewed alert context and linked endpoint records.,alerts.csv#ALRT-001331,CSE-TELECOM-002-USR-01
STEP-CASE-DEMO-0268,CSE-POWER-002,CASE-DEMO-0268,investigate,2026-08-08T22:14:08.140981Z,Reviewed alert context and linked endpoint records.,alerts.csv#ALRT-001336,CSE-POWER-002-USR-01
STEP-CASE-DEMO-0269,CSE-FINANCE-001,CASE-DEMO-0269,investigate,2026-06-16T09:08:15.153636Z,Reviewed alert context and linked endpoint records.,alerts.csv#ALRT-001341,CSE-FINANCE-001-USR-01
STEP-CASE-DEMO-0270,CSE-TELECOM-001,CASE-DEMO-0270,investigate,2026-06-28T21:59:07.971433Z,Reviewed alert context and linked endpoint records.,alerts.csv#ALRT-001346,CSE-TELECOM-001-USR-01
STEP-CASE-DEMO-0271,CSE-POWER-001,CASE-DEMO-0271,investigate,2026-06-22T17:08:56.428457Z,Reviewed alert context and linked endpoint records.,alerts.csv#ALRT-001351,CSE-POWER-001-USR-01
STEP-CASE-DEMO-0272,CSE-FINANCE-002,CASE-DEMO-0272,investigate,2026-07-25T00:41:42.004271Z,Reviewed alert context and linked endpoint records.,alerts.csv#ALRT-001356,CSE-FINANCE-002-USR-01
STEP-CASE-DEMO-0273,CSE-TELECOM-002,CASE-DEMO-0273,investigate,2026-06-22T07:45:40.513377Z,Reviewed alert context and linked endpoint records.,alerts.csv#ALRT-001361,CSE-TELECOM-002-USR-01
STEP-CASE-DEMO-0274,CSE-POWER-002,CASE-DEMO-0274,investigate,2026-07-07T06:46:00.242214Z,Reviewed alert context and linked endpoint records.,alerts.csv#ALRT-001366,CSE-POWER-002-USR-01
STEP-CASE-DEMO-0275,CSE-FINANCE-001,CASE-DEMO-0275,investigate,2026-07-23T08:03:57.819161Z,Reviewed alert context and linked endpoint records.,alerts.csv#ALRT-001371,CSE-FINANCE-001-USR-01
STEP-CASE-DEMO-0276,CSE-TELECOM-001,CASE-DEMO-0276,investigate,2026-07-16T18:05:21.332683Z,Reviewed alert context and linked endpoint records.,alerts.csv#ALRT-001376,CSE-TELECOM-001-USR-01
STEP-CASE-DEMO-0277,CSE-POWER-001,CASE-DEMO-0277,investigate,2026-07-14T16:49:52.604027Z,Reviewed alert context and linked endpoint records.,alerts.csv#ALRT-001381,CSE-POWER-001-USR-01
STEP-CASE-DEMO-0278,CSE-FINANCE-002,CASE-DEMO-0278,investigate,2026-06-17T00:39:26.869428Z,Reviewed alert context and linked endpoint records.,alerts.csv#ALRT-001386,CSE-FINANCE-002-USR-01
STEP-CASE-DEMO-0279,CSE-TELECOM-002,CASE-DEMO-0279,investigate,2026-07-30T16:13:52.496998Z,Reviewed alert context and linked endpoint records.,alerts.csv#ALRT-001391,CSE-TELECOM-002-USR-01
STEP-CASE-DEMO-0280,CSE-POWER-002,CASE-DEMO-0280,investigate,2026-08-26T21:37:28.814073Z,Reviewed alert context and linked endpoint records.,alerts.csv#ALRT-001396,CSE-POWER-002-USR-01
STEP-CASE-DEMO-0281,CSE-FINANCE-001,CASE-DEMO-0281,investigate,2026-07-09T02:21:48.982049Z,Reviewed alert context and linked endpoint records.,alerts.csv#ALRT-001401,CSE-FINANCE-001-USR-01
STEP-CASE-DEMO-0282,CSE-TELECOM-001,CASE-DEMO-0282,investigate,2026-07-22T16:31:30.505414Z,Reviewed alert context and linked endpoint records.,alerts.csv#ALRT-001406,CSE-TELECOM-001-USR-01
STEP-CASE-DEMO-0283,CSE-POWER-001,CASE-DEMO-0283,investigate,2026-07-08T20:17:19.289807Z,Reviewed alert context and linked endpoint records.,alerts.csv#ALRT-001411,CSE-POWER-001-USR-01
STEP-CASE-DEMO-0284,CSE-FINANCE-002,CASE-DEMO-0284,investigate,2026-06-04T09:36:01.015599Z,Reviewed alert context and linked endpoint records.,alerts.csv#ALRT-001416,CSE-FINANCE-002-USR-01
STEP-CASE-DEMO-0285,CSE-TELECOM-002,CASE-DEMO-0285,investigate,2026-08-31T13:04:16.834861Z,Reviewed alert context and linked endpoint records.,alerts.csv#ALRT-001421,CSE-TELECOM-002-USR-01
STEP-CASE-DEMO-0286,CSE-POWER-002,CASE-DEMO-0286,investigate,2026-07-01T15:31:46.250319Z,Reviewed alert context and linked endpoint records.,alerts.csv#ALRT-001426,CSE-POWER-002-USR-01
STEP-CASE-DEMO-0287,CSE-FINANCE-001,CASE-DEMO-0287,investigate,2026-06-30T08:03:42.471847Z,Reviewed alert context and linked endpoint records.,alerts.csv#ALRT-001431,CSE-FINANCE-001-USR-01
STEP-CASE-DEMO-0288,CSE-TELECOM-001,CASE-DEMO-0288,investigate,2026-06-25T01:50:45.773559Z,Reviewed alert context and linked endpoint records.,alerts.csv#ALRT-001436,CSE-TELECOM-001-USR-01
STEP-CASE-DEMO-0289,CSE-POWER-001,CASE-DEMO-0289,investigate,2026-07-19T03:42:10.215913Z,Reviewed alert context and linked endpoint records.,alerts.csv#ALRT-001441,CSE-POWER-001-USR-01
STEP-CASE-DEMO-0290,CSE-FINANCE-002,CASE-DEMO-0290,investigate,2026-07-09T06:38:32.491434Z,Reviewed alert context and linked endpoint records.,alerts.csv#ALRT-001446,CSE-FINANCE-002-USR-01
STEP-CASE-DEMO-0291,CSE-TELECOM-002,CASE-DEMO-0291,investigate,2026-07-23T17:22:56.299601Z,Reviewed alert context and linked endpoint records.,alerts.csv#ALRT-001451,CSE-TELECOM-002-USR-01
STEP-CASE-DEMO-0292,CSE-POWER-002,CASE-DEMO-0292,investigate,2026-06-24T11:46:20.708073Z,Reviewed alert context and linked endpoint records.,alerts.csv#ALRT-001456,CSE-POWER-002-USR-01
STEP-CASE-DEMO-0293,CSE-FINANCE-001,CASE-DEMO-0293,investigate,2026-06-17T06:00:14.927628Z,Reviewed alert context and linked endpoint records.,alerts.csv#ALRT-001461,CSE-FINANCE-001-USR-01
STEP-CASE-DEMO-0294,CSE-TELECOM-001,CASE-DEMO-0294,investigate,2026-08-26T18:18:05.605163Z,Reviewed alert context and linked endpoint records.,alerts.csv#ALRT-001466,CSE-TELECOM-001-USR-01
STEP-CASE-DEMO-0295,CSE-POWER-001,CASE-DEMO-0295,investigate,2026-08-05T11:05:48.780108Z,Reviewed alert context and linked endpoint records.,alerts.csv#ALRT-001471,CSE-POWER-001-USR-01
STEP-CASE-DEMO-0296,CSE-FINANCE-002,CASE-DEMO-0296,investigate,2026-07-12T12:17:44.815218Z,Reviewed alert context and linked endpoint records.,alerts.csv#ALRT-001476,CSE-FINANCE-002-USR-01
STEP-CASE-DEMO-0297,CSE-TELECOM-002,CASE-DEMO-0297,investigate,2026-08-14T06:05:46.283865Z,Reviewed alert context and linked endpoint records.,alerts.csv#ALRT-001481,CSE-TELECOM-002-USR-01
STEP-CASE-DEMO-0298,CSE-POWER-002,CASE-DEMO-0298,investigate,2026-07-05T10:45:33.155626Z,Reviewed alert context and linked endpoint records.,alerts.csv#ALRT-001486,CSE-POWER-002-USR-01
STEP-CASE-DEMO-0299,CSE-FINANCE-001,CASE-DEMO-0299,investigate,2026-07-24T18:48:43.037420Z,Reviewed alert context and linked endpoint records.,alerts.csv#ALRT-001491,CSE-FINANCE-001-USR-01
STEP-CASE-DEMO-0300,CSE-TELECOM-001,CASE-DEMO-0300,investigate,2026-07-12T03:15:58.572932Z,Reviewed alert context and linked endpoint records.,alerts.csv#ALRT-001496,CSE-TELECOM-001-USR-01
STEP-CASE-DEMO-0301,CSE-POWER-001,CASE-DEMO-0301,investigate,2026-06-07T06:53:53.040076Z,Reviewed alert context and linked endpoint records.,alerts.csv#ALRT-001501,CSE-POWER-001-USR-01
STEP-CASE-DEMO-0302,CSE-FINANCE-002,CASE-DEMO-0302,investigate,2026-08-08T21:20:48.811549Z,Reviewed alert context and linked endpoint records.,alerts.csv#ALRT-001506,CSE-FINANCE-002-USR-01
STEP-CASE-DEMO-0303,CSE-TELECOM-002,CASE-DEMO-0303,investigate,2026-08-08T08:45:47.392736Z,Reviewed alert context and linked endpoint records.,alerts.csv#ALRT-001511,CSE-TELECOM-002-USR-01
STEP-CASE-DEMO-0304,CSE-POWER-002,CASE-DEMO-0304,investigate,2026-06-15T16:41:50.764172Z,Reviewed alert context and linked endpoint records.,alerts.csv#ALRT-001516,CSE-POWER-002-USR-01
STEP-CASE-DEMO-0305,CSE-FINANCE-001,CASE-DEMO-0305,investigate,2026-06-22T06:56:50.885915Z,Reviewed alert context and linked endpoint records.,alerts.csv#ALRT-001521,CSE-FINANCE-001-USR-01
STEP-CASE-DEMO-0306,CSE-TELECOM-001,CASE-DEMO-0306,investigate,2026-07-26T22:48:31.014160Z,Reviewed alert context and linked endpoint records.,alerts.csv#ALRT-001526,CSE-TELECOM-001-USR-01
STEP-CASE-DEMO-0307,CSE-POWER-001,CASE-DEMO-0307,investigate,2026-06-30T01:14:18.045172Z,Reviewed alert context and linked endpoint records.,alerts.csv#ALRT-001531,CSE-POWER-001-USR-01
STEP-CASE-DEMO-0308,CSE-FINANCE-002,CASE-DEMO-0308,investigate,2026-08-20T02:04:22.256203Z,Reviewed alert context and linked endpoint records.,alerts.csv#ALRT-001536,CSE-FINANCE-002-USR-01
STEP-CASE-DEMO-0309,CSE-TELECOM-002,CASE-DEMO-0309,investigate,2026-08-29T00:13:11.875020Z,Reviewed alert context and linked endpoint records.,alerts.csv#ALRT-001541,CSE-TELECOM-002-USR-01
STEP-CASE-DEMO-0310,CSE-POWER-002,CASE-DEMO-0310,investigate,2026-07-14T15:53:42.744668Z,Reviewed alert context and linked endpoint records.,alerts.csv#ALRT-001546,CSE-POWER-002-USR-01
STEP-CASE-DEMO-0311,CSE-FINANCE-001,CASE-DEMO-0311,investigate,2026-08-23T03:54:38.428168Z,Reviewed alert context and linked endpoint records.,alerts.csv#ALRT-001551,CSE-FINANCE-001-USR-01
STEP-CASE-DEMO-0312,CSE-TELECOM-001,CASE-DEMO-0312,investigate,2026-08-13T09:45:22.311124Z,Reviewed alert context and linked endpoint records.,alerts.csv#ALRT-001556,CSE-TELECOM-001-USR-01
STEP-CASE-DEMO-0313,CSE-POWER-001,CASE-DEMO-0313,investigate,2026-07-10T23:17:18.890132Z,Reviewed alert context and linked endpoint records.,alerts.csv#ALRT-001561,CSE-POWER-001-USR-01
STEP-CASE-DEMO-0314,CSE-FINANCE-002,CASE-DEMO-0314,investigate,2026-06-07T18:59:29.722121Z,Reviewed alert context and linked endpoint records.,alerts.csv#ALRT-001566,CSE-FINANCE-002-USR-01
STEP-CASE-DEMO-0315,CSE-TELECOM-002,CASE-DEMO-0315,investigate,2026-08-19T08:55:44.888675Z,Reviewed alert context and linked endpoint records.,alerts.csv#ALRT-001571,CSE-TELECOM-002-USR-01
STEP-CASE-DEMO-0316,CSE-POWER-002,CASE-DEMO-0316,investigate,2026-08-19T19:48:09.063858Z,Reviewed alert context and linked endpoint records.,alerts.csv#ALRT-001576,CSE-POWER-002-USR-01
STEP-CASE-DEMO-0317,CSE-FINANCE-001,CASE-DEMO-0317,investigate,2026-07-02T09:22:19.637400Z,Reviewed alert context and linked endpoint records.,alerts.csv#ALRT-001581,CSE-FINANCE-001-USR-01
STEP-CASE-DEMO-0318,CSE-TELECOM-001,CASE-DEMO-0318,investigate,2026-08-25T21:40:16.206992Z,Reviewed alert context and linked endpoint records.,alerts.csv#ALRT-001586,CSE-TELECOM-001-USR-01
STEP-CASE-DEMO-0319,CSE-POWER-001,CASE-DEMO-0319,investigate,2026-07-07T19:05:54.782803Z,Reviewed alert context and linked endpoint records.,alerts.csv#ALRT-001591,CSE-POWER-001-USR-01
STEP-CASE-DEMO-0320,CSE-FINANCE-002,CASE-DEMO-0320,investigate,2026-07-04T03:53:01.349717Z,Reviewed alert context and linked endpoint records.,alerts.csv#ALRT-001596,CSE-FINANCE-002-USR-01
STEP-CASE-DEMO-0321,CSE-TELECOM-002,CASE-DEMO-0321,investigate,2026-07-01T13:25:17.861452Z,Reviewed alert context and linked endpoint records.,alerts.csv#ALRT-001601,CSE-TELECOM-002-USR-01
STEP-CASE-DEMO-0322,CSE-POWER-002,CASE-DEMO-0322,investigate,2026-06-10T16:38:05.721524Z,Reviewed alert context and linked endpoint records.,alerts.csv#ALRT-001606,CSE-POWER-002-USR-01
STEP-CASE-DEMO-0323,CSE-FINANCE-001,CASE-DEMO-0323,investigate,2026-07-10T16:49:00.813285Z,Reviewed alert context and linked endpoint records.,alerts.csv#ALRT-001611,CSE-FINANCE-001-USR-01
STEP-CASE-DEMO-0324,CSE-TELECOM-001,CASE-DEMO-0324,investigate,2026-08-01T11:17:42.564400Z,Reviewed alert context and linked endpoint records.,alerts.csv#ALRT-001616,CSE-TELECOM-001-USR-01
STEP-CASE-DEMO-0325,CSE-POWER-001,CASE-DEMO-0325,investigate,2026-08-22T07:52:40.233774Z,Reviewed alert context and linked endpoint records.,alerts.csv#ALRT-001621,CSE-POWER-001-USR-01
STEP-CASE-DEMO-0326,CSE-FINANCE-002,CASE-DEMO-0326,investigate,2026-07-03T23:08:56.551657Z,Reviewed alert context and linked endpoint records.,alerts.csv#ALRT-001626,CSE-FINANCE-002-USR-01
STEP-CASE-DEMO-0327,CSE-TELECOM-002,CASE-DEMO-0327,investigate,2026-07-26T02:07:05.862313Z,Reviewed alert context and linked endpoint records.,alerts.csv#ALRT-001631,CSE-TELECOM-002-USR-01
STEP-CASE-DEMO-0328,CSE-POWER-002,CASE-DEMO-0328,investigate,2026-07-21T23:26:07.888047Z,Reviewed alert context and linked endpoint records.,alerts.csv#ALRT-001636,CSE-POWER-002-USR-01
STEP-CASE-DEMO-0329,CSE-FINANCE-001,CASE-DEMO-0329,investigate,2026-07-29T12:22:55.788951Z,Reviewed alert context and linked endpoint records.,alerts.csv#ALRT-001641,CSE-FINANCE-001-USR-01
STEP-CASE-DEMO-0330,CSE-TELECOM-001,CASE-DEMO-0330,investigate,2026-07-20T02:29:09.784921Z,Reviewed alert context and linked endpoint records.,alerts.csv#ALRT-001646,CSE-TELECOM-001-USR-01
STEP-CASE-DEMO-0331,CSE-POWER-001,CASE-DEMO-0331,investigate,2026-08-06T14:42:04.837733Z,Reviewed alert context and linked endpoint records.,alerts.csv#ALRT-001651,CSE-POWER-001-USR-01
STEP-CASE-DEMO-0332,CSE-FINANCE-002,CASE-DEMO-0332,investigate,2026-08-08T06:22:38.703111Z,Reviewed alert context and linked endpoint records.,alerts.csv#ALRT-001656,CSE-FINANCE-002-USR-01
STEP-CASE-DEMO-0333,CSE-TELECOM-002,CASE-DEMO-0333,investigate,2026-07-28T23:25:12.981750Z,Reviewed alert context and linked endpoint records.,alerts.csv#ALRT-001661,CSE-TELECOM-002-USR-01
STEP-CASE-DEMO-0334,CSE-POWER-002,CASE-DEMO-0334,investigate,2026-07-12T04:03:58.577350Z,Reviewed alert context and linked endpoint records.,alerts.csv#ALRT-001666,CSE-POWER-002-USR-01
STEP-CASE-DEMO-0335,CSE-FINANCE-001,CASE-DEMO-0335,investigate,2026-07-17T12:08:07.051268Z,Reviewed alert context and linked endpoint records.,alerts.csv#ALRT-001671,CSE-FINANCE-001-USR-01
STEP-CASE-DEMO-0336,CSE-TELECOM-001,CASE-DEMO-0336,investigate,2026-08-18T14:46:16.185172Z,Reviewed alert context and linked endpoint records.,alerts.csv#ALRT-001676,CSE-TELECOM-001-USR-01
STEP-CASE-DEMO-0337,CSE-POWER-001,CASE-DEMO-0337,investigate,2026-07-29T05:08:49.602556Z,Reviewed alert context and linked endpoint records.,alerts.csv#ALRT-001681,CSE-POWER-001-USR-01
STEP-CASE-DEMO-0338,CSE-FINANCE-002,CASE-DEMO-0338,investigate,2026-08-30T20:44:13.248960Z,Reviewed alert context and linked endpoint records.,alerts.csv#ALRT-001686,CSE-FINANCE-002-USR-01
STEP-CASE-DEMO-0339,CSE-TELECOM-002,CASE-DEMO-0339,investigate,2026-08-04T09:54:33.336842Z,Reviewed alert context and linked endpoint records.,alerts.csv#ALRT-001691,CSE-TELECOM-002-USR-01
STEP-CASE-DEMO-0340,CSE-POWER-002,CASE-DEMO-0340,investigate,2026-07-04T00:57:20.117831Z,Reviewed alert context and linked endpoint records.,alerts.csv#ALRT-001696,CSE-POWER-002-USR-01
STEP-CASE-DEMO-0341,CSE-FINANCE-001,CASE-DEMO-0341,investigate,2026-07-30T23:04:45.547976Z,Reviewed alert context and linked endpoint records.,alerts.csv#ALRT-001701,CSE-FINANCE-001-USR-01
STEP-CASE-DEMO-0342,CSE-TELECOM-001,CASE-DEMO-0342,investigate,2026-06-11T00:09:13.188365Z,Reviewed alert context and linked endpoint records.,alerts.csv#ALRT-001706,CSE-TELECOM-001-USR-01
STEP-CASE-DEMO-0343,CSE-POWER-001,CASE-DEMO-0343,investigate,2026-06-24T22:17:05.642938Z,Reviewed alert context and linked endpoint records.,alerts.csv#ALRT-001711,CSE-POWER-001-USR-01
STEP-CASE-DEMO-0344,CSE-FINANCE-002,CASE-DEMO-0344,investigate,2026-08-11T01:13:53.530001Z,Reviewed alert context and linked endpoint records.,alerts.csv#ALRT-001716,CSE-FINANCE-002-USR-01
STEP-CASE-DEMO-0345,CSE-TELECOM-002,CASE-DEMO-0345,investigate,2026-06-06T10:47:05.276038Z,Reviewed alert context and linked endpoint records.,alerts.csv#ALRT-001721,CSE-TELECOM-002-USR-01
STEP-CASE-DEMO-0346,CSE-POWER-002,CASE-DEMO-0346,investigate,2026-06-22T10:31:05.668362Z,Reviewed alert context and linked endpoint records.,alerts.csv#ALRT-001726,CSE-POWER-002-USR-01
STEP-CASE-DEMO-0347,CSE-FINANCE-001,CASE-DEMO-0347,investigate,2026-07-01T20:42:44.039245Z,Reviewed alert context and linked endpoint records.,alerts.csv#ALRT-001731,CSE-FINANCE-001-USR-01
STEP-CASE-DEMO-0348,CSE-TELECOM-001,CASE-DEMO-0348,investigate,2026-07-20T18:44:48.099522Z,Reviewed alert context and linked endpoint records.,alerts.csv#ALRT-001736,CSE-TELECOM-001-USR-01
STEP-CASE-DEMO-0349,CSE-POWER-001,CASE-DEMO-0349,investigate,2026-06-10T21:05:02.819521Z,Reviewed alert context and linked endpoint records.,alerts.csv#ALRT-001741,CSE-POWER-001-USR-01
STEP-CASE-DEMO-0350,CSE-FINANCE-002,CASE-DEMO-0350,investigate,2026-08-02T01:53:52.059161Z,Reviewed alert context and linked endpoint records.,alerts.csv#ALRT-001746,CSE-FINANCE-002-USR-01
STEP-CASE-DEMO-0351,CSE-TELECOM-002,CASE-DEMO-0351,investigate,2026-06-21T12:40:31.649188Z,Reviewed alert context and linked endpoint records.,alerts.csv#ALRT-001751,CSE-TELECOM-002-USR-01
STEP-CASE-DEMO-0352,CSE-POWER-002,CASE-DEMO-0352,investigate,2026-08-29T11:28:47.508452Z,Reviewed alert context and linked endpoint records.,alerts.csv#ALRT-001756,CSE-POWER-002-USR-01
STEP-CASE-DEMO-0353,CSE-FINANCE-001,CASE-DEMO-0353,investigate,2026-06-11T05:07:56.686773Z,Reviewed alert context and linked endpoint records.,alerts.csv#ALRT-001761,CSE-FINANCE-001-USR-01
STEP-CASE-DEMO-0354,CSE-TELECOM-001,CASE-DEMO-0354,investigate,2026-07-09T17:52:20.252093Z,Reviewed alert context and linked endpoint records.,alerts.csv#ALRT-001766,CSE-TELECOM-001-USR-01
STEP-CASE-DEMO-0355,CSE-POWER-001,CASE-DEMO-0355,investigate,2026-08-09T04:44:06.961864Z,Reviewed alert context and linked endpoint records.,alerts.csv#ALRT-001771,CSE-POWER-001-USR-01
STEP-CASE-DEMO-0356,CSE-FINANCE-002,CASE-DEMO-0356,investigate,2026-06-12T05:55:17.083616Z,Reviewed alert context and linked endpoint records.,alerts.csv#ALRT-001776,CSE-FINANCE-002-USR-01
STEP-CASE-DEMO-0357,CSE-TELECOM-002,CASE-DEMO-0357,investigate,2026-08-19T13:37:11.837972Z,Reviewed alert context and linked endpoint records.,alerts.csv#ALRT-001781,CSE-TELECOM-002-USR-01
STEP-CASE-DEMO-0358,CSE-POWER-002,CASE-DEMO-0358,investigate,2026-08-21T05:23:42.990001Z,Reviewed alert context and linked endpoint records.,alerts.csv#ALRT-001786,CSE-POWER-002-USR-01
STEP-CASE-DEMO-0359,CSE-FINANCE-001,CASE-DEMO-0359,investigate,2026-07-07T16:02:29.143945Z,Reviewed alert context and linked endpoint records.,alerts.csv#ALRT-001791,CSE-FINANCE-001-USR-01
STEP-CASE-DEMO-0360,CSE-TELECOM-001,CASE-DEMO-0360,investigate,2026-06-07T14:16:57.285282Z,Reviewed alert context and linked endpoint records.,alerts.csv#ALRT-001796,CSE-TELECOM-001-USR-01
STEP-CASE-DEMO-0361,CSE-POWER-001,CASE-DEMO-0361,investigate,2026-08-18T11:46:04.014797Z,Reviewed alert context and linked endpoint records.,alerts.csv#ALRT-001801,CSE-POWER-001-USR-01
STEP-CASE-DEMO-0362,CSE-FINANCE-002,CASE-DEMO-0362,investigate,2026-08-24T07:41:54.897058Z,Reviewed alert context and linked endpoint records.,alerts.csv#ALRT-001806,CSE-FINANCE-002-USR-01
STEP-CASE-DEMO-0363,CSE-TELECOM-002,CASE-DEMO-0363,investigate,2026-06-04T12:47:30.587017Z,Reviewed alert context and linked endpoint records.,alerts.csv#ALRT-001811,CSE-TELECOM-002-USR-01
STEP-CASE-DEMO-0364,CSE-POWER-002,CASE-DEMO-0364,investigate,2026-06-28T07:30:31.456408Z,Reviewed alert context and linked endpoint records.,alerts.csv#ALRT-001816,CSE-POWER-002-USR-01
STEP-CASE-DEMO-0365,CSE-FINANCE-001,CASE-DEMO-0365,investigate,2026-06-30T08:31:12.073399Z,Reviewed alert context and linked endpoint records.,alerts.csv#ALRT-001821,CSE-FINANCE-001-USR-01
STEP-CASE-DEMO-0366,CSE-TELECOM-001,CASE-DEMO-0366,investigate,2026-06-21T05:00:07.792191Z,Reviewed alert context and linked endpoint records.,alerts.csv#ALRT-001826,CSE-TELECOM-001-USR-01
STEP-CASE-DEMO-0367,CSE-POWER-001,CASE-DEMO-0367,investigate,2026-06-23T18:30:45.328115Z,Reviewed alert context and linked endpoint records.,alerts.csv#ALRT-001831,CSE-POWER-001-USR-01
STEP-CASE-DEMO-0368,CSE-FINANCE-002,CASE-DEMO-0368,investigate,2026-06-17T02:41:07.313271Z,Reviewed alert context and linked endpoint records.,alerts.csv#ALRT-001836,CSE-FINANCE-002-USR-01
STEP-CASE-DEMO-0369,CSE-TELECOM-002,CASE-DEMO-0369,investigate,2026-08-01T00:35:51.502385Z,Reviewed alert context and linked endpoint records.,alerts.csv#ALRT-001841,CSE-TELECOM-002-USR-01
STEP-CASE-DEMO-0370,CSE-POWER-002,CASE-DEMO-0370,investigate,2026-08-03T11:03:06.808007Z,Reviewed alert context and linked endpoint records.,alerts.csv#ALRT-001846,CSE-POWER-002-USR-01
STEP-CASE-DEMO-0371,CSE-FINANCE-001,CASE-DEMO-0371,investigate,2026-08-19T00:34:24.738880Z,Reviewed alert context and linked endpoint records.,alerts.csv#ALRT-001851,CSE-FINANCE-001-USR-01
STEP-CASE-DEMO-0372,CSE-TELECOM-001,CASE-DEMO-0372,investigate,2026-06-20T18:19:58.012950Z,Reviewed alert context and linked endpoint records.,alerts.csv#ALRT-001856,CSE-TELECOM-001-USR-01
STEP-CASE-DEMO-0373,CSE-POWER-001,CASE-DEMO-0373,investigate,2026-08-30T04:58:32.417498Z,Reviewed alert context and linked endpoint records.,alerts.csv#ALRT-001861,CSE-POWER-001-USR-01
STEP-CASE-DEMO-0374,CSE-FINANCE-002,CASE-DEMO-0374,investigate,2026-06-09T13:45:18.798437Z,Reviewed alert context and linked endpoint records.,alerts.csv#ALRT-001866,CSE-FINANCE-002-USR-01
STEP-CASE-DEMO-0375,CSE-TELECOM-002,CASE-DEMO-0375,investigate,2026-08-08T02:44:41.235940Z,Reviewed alert context and linked endpoint records.,alerts.csv#ALRT-001871,CSE-TELECOM-002-USR-01
STEP-CASE-DEMO-0376,CSE-POWER-002,CASE-DEMO-0376,investigate,2026-07-07T14:10:47.127067Z,Reviewed alert context and linked endpoint records.,alerts.csv#ALRT-001876,CSE-POWER-002-USR-01
STEP-CASE-DEMO-0377,CSE-FINANCE-001,CASE-DEMO-0377,investigate,2026-07-28T23:20:07.375481Z,Reviewed alert context and linked endpoint records.,alerts.csv#ALRT-001881,CSE-FINANCE-001-USR-01
STEP-CASE-DEMO-0378,CSE-TELECOM-001,CASE-DEMO-0378,investigate,2026-07-27T23:03:56.491169Z,Reviewed alert context and linked endpoint records.,alerts.csv#ALRT-001886,CSE-TELECOM-001-USR-01
STEP-CASE-DEMO-0379,CSE-POWER-001,CASE-DEMO-0379,investigate,2026-07-09T08:32:30.142712Z,Reviewed alert context and linked endpoint records.,alerts.csv#ALRT-001891,CSE-POWER-001-USR-01
STEP-CASE-DEMO-0380,CSE-FINANCE-002,CASE-DEMO-0380,investigate,2026-07-01T16:18:57.525914Z,Reviewed alert context and linked endpoint records.,alerts.csv#ALRT-001896,CSE-FINANCE-002-USR-01
STEP-CASE-DEMO-0381,CSE-TELECOM-002,CASE-DEMO-0381,investigate,2026-06-23T00:45:57.358657Z,Reviewed alert context and linked endpoint records.,alerts.csv#ALRT-001901,CSE-TELECOM-002-USR-01
STEP-CASE-DEMO-0382,CSE-POWER-002,CASE-DEMO-0382,investigate,2026-07-10T23:19:13.888717Z,Reviewed alert context and linked endpoint records.,alerts.csv#ALRT-001906,CSE-POWER-002-USR-01
STEP-CASE-DEMO-0383,CSE-FINANCE-001,CASE-DEMO-0383,investigate,2026-06-18T15:16:03.392871Z,Reviewed alert context and linked endpoint records.,alerts.csv#ALRT-001911,CSE-FINANCE-001-USR-01
STEP-CASE-DEMO-0384,CSE-TELECOM-001,CASE-DEMO-0384,investigate,2026-08-10T19:30:14.801499Z,Reviewed alert context and linked endpoint records.,alerts.csv#ALRT-001916,CSE-TELECOM-001-USR-01
STEP-CASE-DEMO-0385,CSE-POWER-001,CASE-DEMO-0385,investigate,2026-07-25T13:21:34.172475Z,Reviewed alert context and linked endpoint records.,alerts.csv#ALRT-001921,CSE-POWER-001-USR-01
STEP-CASE-DEMO-0386,CSE-FINANCE-002,CASE-DEMO-0386,investigate,2026-06-06T04:41:18.465067Z,Reviewed alert context and linked endpoint records.,alerts.csv#ALRT-001926,CSE-FINANCE-002-USR-01
STEP-CASE-DEMO-0387,CSE-TELECOM-002,CASE-DEMO-0387,investigate,2026-08-15T23:10:07.170199Z,Reviewed alert context and linked endpoint records.,alerts.csv#ALRT-001931,CSE-TELECOM-002-USR-01
STEP-CASE-DEMO-0388,CSE-POWER-002,CASE-DEMO-0388,investigate,2026-08-02T21:19:05.265314Z,Reviewed alert context and linked endpoint records.,alerts.csv#ALRT-001936,CSE-POWER-002-USR-01
STEP-CASE-DEMO-0389,CSE-FINANCE-001,CASE-DEMO-0389,investigate,2026-07-27T15:04:14.941320Z,Reviewed alert context and linked endpoint records.,alerts.csv#ALRT-001941,CSE-FINANCE-001-USR-01
STEP-CASE-DEMO-0390,CSE-TELECOM-001,CASE-DEMO-0390,investigate,2026-07-04T15:34:42.660813Z,Reviewed alert context and linked endpoint records.,alerts.csv#ALRT-001946,CSE-TELECOM-001-USR-01
STEP-CASE-DEMO-0391,CSE-POWER-001,CASE-DEMO-0391,investigate,2026-06-24T08:14:20.669833Z,Reviewed alert context and linked endpoint records.,alerts.csv#ALRT-001951,CSE-POWER-001-USR-01
STEP-CASE-DEMO-0392,CSE-FINANCE-002,CASE-DEMO-0392,investigate,2026-07-20T13:41:26.142072Z,Reviewed alert context and linked endpoint records.,alerts.csv#ALRT-001956,CSE-FINANCE-002-USR-01
STEP-CASE-DEMO-0393,CSE-TELECOM-002,CASE-DEMO-0393,investigate,2026-06-05T06:18:46.628317Z,Reviewed alert context and linked endpoint records.,alerts.csv#ALRT-001961,CSE-TELECOM-002-USR-01
STEP-CASE-DEMO-0394,CSE-POWER-002,CASE-DEMO-0394,investigate,2026-08-27T15:17:03.385580Z,Reviewed alert context and linked endpoint records.,alerts.csv#ALRT-001966,CSE-POWER-002-USR-01
STEP-CASE-DEMO-0395,CSE-FINANCE-001,CASE-DEMO-0395,investigate,2026-08-31T10:34:10.207197Z,Reviewed alert context and linked endpoint records.,alerts.csv#ALRT-001971,CSE-FINANCE-001-USR-01
STEP-CASE-DEMO-0396,CSE-TELECOM-001,CASE-DEMO-0396,investigate,2026-08-01T10:58:32.689330Z,Reviewed alert context and linked endpoint records.,alerts.csv#ALRT-001976,CSE-TELECOM-001-USR-01
STEP-CASE-DEMO-0397,CSE-POWER-001,CASE-DEMO-0397,investigate,2026-07-30T10:37:19.555661Z,Reviewed alert context and linked endpoint records.,alerts.csv#ALRT-001981,CSE-POWER-001-USR-01
STEP-CASE-DEMO-0398,CSE-FINANCE-002,CASE-DEMO-0398,investigate,2026-08-06T22:53:56.810858Z,Reviewed alert context and linked endpoint records.,alerts.csv#ALRT-001986,CSE-FINANCE-002-USR-01
STEP-CASE-DEMO-0399,CSE-TELECOM-002,CASE-DEMO-0399,investigate,2026-06-27T13:23:10.941399Z,Reviewed alert context and linked endpoint records.,alerts.csv#ALRT-001991,CSE-TELECOM-002-USR-01
STEP-CASE-DEMO-0400,CSE-POWER-002,CASE-DEMO-0400,investigate,2026-06-24T03:06:05.993050Z,Reviewed alert context and linked endpoint records.,alerts.csv#ALRT-001996,CSE-POWER-002-USR-01
STEP-CASE-DEMO-0401,CSE-FINANCE-001,CASE-DEMO-0401,investigate,2026-07-26T12:36:20.771790Z,Reviewed alert context and linked endpoint records.,alerts.csv#ALRT-002001,CSE-FINANCE-001-USR-01
STEP-CASE-DEMO-0402,CSE-TELECOM-001,CASE-DEMO-0402,investigate,2026-08-14T02:47:21.217313Z,Reviewed alert context and linked endpoint records.,alerts.csv#ALRT-002006,CSE-TELECOM-001-USR-01
STEP-CASE-DEMO-0403,CSE-POWER-001,CASE-DEMO-0403,investigate,2026-06-15T07:18:02.382253Z,Reviewed alert context and linked endpoint records.,alerts.csv#ALRT-002011,CSE-POWER-001-USR-01
STEP-CASE-DEMO-0404,CSE-FINANCE-002,CASE-DEMO-0404,investigate,2026-07-29T20:32:49.337587Z,Reviewed alert context and linked endpoint records.,alerts.csv#ALRT-002016,CSE-FINANCE-002-USR-01
STEP-CASE-DEMO-0405,CSE-TELECOM-002,CASE-DEMO-0405,investigate,2026-07-15T10:30:48.652110Z,Reviewed alert context and linked endpoint records.,alerts.csv#ALRT-002021,CSE-TELECOM-002-USR-01
STEP-CASE-DEMO-0406,CSE-POWER-002,CASE-DEMO-0406,investigate,2026-06-08T04:05:45.557268Z,Reviewed alert context and linked endpoint records.,alerts.csv#ALRT-002026,CSE-POWER-002-USR-01
STEP-CASE-DEMO-0407,CSE-FINANCE-001,CASE-DEMO-0407,investigate,2026-08-29T22:29:57.751405Z,Reviewed alert context and linked endpoint records.,alerts.csv#ALRT-002031,CSE-FINANCE-001-USR-01
STEP-CASE-DEMO-0408,CSE-TELECOM-001,CASE-DEMO-0408,investigate,2026-07-22T14:46:51.603918Z,Reviewed alert context and linked endpoint records.,alerts.csv#ALRT-002036,CSE-TELECOM-001-USR-01
STEP-CASE-DEMO-0409,CSE-POWER-001,CASE-DEMO-0409,investigate,2026-06-15T14:10:40.401173Z,Reviewed alert context and linked endpoint records.,alerts.csv#ALRT-002041,CSE-POWER-001-USR-01
STEP-CASE-DEMO-0410,CSE-FINANCE-002,CASE-DEMO-0410,investigate,2026-07-21T06:06:05.923604Z,Reviewed alert context and linked endpoint records.,alerts.csv#ALRT-002046,CSE-FINANCE-002-USR-01
STEP-CASE-DEMO-0411,CSE-TELECOM-002,CASE-DEMO-0411,investigate,2026-08-05T09:51:05.668357Z,Reviewed alert context and linked endpoint records.,alerts.csv#ALRT-002051,CSE-TELECOM-002-USR-01
STEP-CASE-DEMO-0412,CSE-POWER-002,CASE-DEMO-0412,investigate,2026-06-12T01:25:39.149107Z,Reviewed alert context and linked endpoint records.,alerts.csv#ALRT-002056,CSE-POWER-002-USR-01
STEP-CASE-DEMO-0413,CSE-FINANCE-001,CASE-DEMO-0413,investigate,2026-06-07T09:07:07.944346Z,Reviewed alert context and linked endpoint records.,alerts.csv#ALRT-002061,CSE-FINANCE-001-USR-01
STEP-CASE-DEMO-0414,CSE-TELECOM-001,CASE-DEMO-0414,investigate,2026-08-22T18:41:41.616823Z,Reviewed alert context and linked endpoint records.,alerts.csv#ALRT-002066,CSE-TELECOM-001-USR-01
STEP-CASE-DEMO-0415,CSE-POWER-001,CASE-DEMO-0415,investigate,2026-06-15T02:20:05.944553Z,Reviewed alert context and linked endpoint records.,alerts.csv#ALRT-002071,CSE-POWER-001-USR-01
STEP-CASE-DEMO-0416,CSE-FINANCE-002,CASE-DEMO-0416,investigate,2026-08-28T10:20:20.044427Z,Reviewed alert context and linked endpoint records.,alerts.csv#ALRT-002076,CSE-FINANCE-002-USR-01
STEP-CASE-DEMO-0417,CSE-TELECOM-002,CASE-DEMO-0417,investigate,2026-08-02T10:33:25.772824Z,Reviewed alert context and linked endpoint records.,alerts.csv#ALRT-002081,CSE-TELECOM-002-USR-01
STEP-CASE-DEMO-0418,CSE-POWER-002,CASE-DEMO-0418,investigate,2026-07-03T11:09:39.926732Z,Reviewed alert context and linked endpoint records.,alerts.csv#ALRT-002086,CSE-POWER-002-USR-01
STEP-CASE-DEMO-0419,CSE-FINANCE-001,CASE-DEMO-0419,investigate,2026-07-16T13:47:35.058444Z,Reviewed alert context and linked endpoint records.,alerts.csv#ALRT-002091,CSE-FINANCE-001-USR-01
STEP-CASE-DEMO-0420,CSE-TELECOM-001,CASE-DEMO-0420,investigate,2026-08-13T04:15:32.552223Z,Reviewed alert context and linked endpoint records.,alerts.csv#ALRT-002096,CSE-TELECOM-001-USR-01
STEP-CASE-DEMO-0421,CSE-POWER-001,CASE-DEMO-0421,investigate,2026-08-10T02:02:13.102268Z,Reviewed alert context and linked endpoint records.,alerts.csv#ALRT-002101,CSE-POWER-001-USR-01
STEP-CASE-DEMO-0422,CSE-FINANCE-002,CASE-DEMO-0422,investigate,2026-07-10T16:29:33.183869Z,Reviewed alert context and linked endpoint records.,alerts.csv#ALRT-002106,CSE-FINANCE-002-USR-01
STEP-CASE-DEMO-0423,CSE-TELECOM-002,CASE-DEMO-0423,investigate,2026-07-04T15:54:43.364535Z,Reviewed alert context and linked endpoint records.,alerts.csv#ALRT-002111,CSE-TELECOM-002-USR-01
STEP-CASE-DEMO-0424,CSE-POWER-002,CASE-DEMO-0424,investigate,2026-06-05T07:07:40.835065Z,Reviewed alert context and linked endpoint records.,alerts.csv#ALRT-002116,CSE-POWER-002-USR-01
STEP-CASE-DEMO-0425,CSE-FINANCE-001,CASE-DEMO-0425,investigate,2026-08-23T05:15:36.069057Z,Reviewed alert context and linked endpoint records.,alerts.csv#ALRT-002121,CSE-FINANCE-001-USR-01
STEP-CASE-DEMO-0426,CSE-TELECOM-001,CASE-DEMO-0426,investigate,2026-07-05T22:51:48.520846Z,Reviewed alert context and linked endpoint records.,alerts.csv#ALRT-002126,CSE-TELECOM-001-USR-01
STEP-CASE-DEMO-0427,CSE-POWER-001,CASE-DEMO-0427,investigate,2026-08-15T02:45:24.487740Z,Reviewed alert context and linked endpoint records.,alerts.csv#ALRT-002131,CSE-POWER-001-USR-01
STEP-CASE-DEMO-0428,CSE-FINANCE-002,CASE-DEMO-0428,investigate,2026-08-15T18:06:52.853598Z,Reviewed alert context and linked endpoint records.,alerts.csv#ALRT-002136,CSE-FINANCE-002-USR-01
STEP-CASE-DEMO-0429,CSE-TELECOM-002,CASE-DEMO-0429,investigate,2026-07-08T17:20:44.022360Z,Reviewed alert context and linked endpoint records.,alerts.csv#ALRT-002141,CSE-TELECOM-002-USR-01
STEP-CASE-DEMO-0430,CSE-POWER-002,CASE-DEMO-0430,investigate,2026-07-13T13:07:38.138901Z,Reviewed alert context and linked endpoint records.,alerts.csv#ALRT-002146,CSE-POWER-002-USR-01
STEP-CASE-DEMO-0431,CSE-FINANCE-001,CASE-DEMO-0431,investigate,2026-08-16T15:57:20.171525Z,Reviewed alert context and linked endpoint records.,alerts.csv#ALRT-002151,CSE-FINANCE-001-USR-01
STEP-CASE-DEMO-0432,CSE-TELECOM-001,CASE-DEMO-0432,investigate,2026-07-23T15:16:32.923783Z,Reviewed alert context and linked endpoint records.,alerts.csv#ALRT-002156,CSE-TELECOM-001-USR-01
STEP-CASE-DEMO-0433,CSE-POWER-001,CASE-DEMO-0433,investigate,2026-07-02T00:18:20.306132Z,Reviewed alert context and linked endpoint records.,alerts.csv#ALRT-002161,CSE-POWER-001-USR-01
STEP-CASE-DEMO-0434,CSE-FINANCE-002,CASE-DEMO-0434,investigate,2026-07-07T12:15:09.481574Z,Reviewed alert context and linked endpoint records.,alerts.csv#ALRT-002166,CSE-FINANCE-002-USR-01
STEP-CASE-DEMO-0435,CSE-TELECOM-002,CASE-DEMO-0435,investigate,2026-08-10T13:02:44.614309Z,Reviewed alert context and linked endpoint records.,alerts.csv#ALRT-002171,CSE-TELECOM-002-USR-01
STEP-CASE-DEMO-0436,CSE-POWER-002,CASE-DEMO-0436,investigate,2026-08-25T07:01:24.514537Z,Reviewed alert context and linked endpoint records.,alerts.csv#ALRT-002176,CSE-POWER-002-USR-01
STEP-CASE-DEMO-0437,CSE-FINANCE-001,CASE-DEMO-0437,investigate,2026-09-01T07:40:16.043354Z,Reviewed alert context and linked endpoint records.,alerts.csv#ALRT-002181,CSE-FINANCE-001-USR-01
STEP-CASE-DEMO-0438,CSE-TELECOM-001,CASE-DEMO-0438,investigate,2026-07-26T11:54:08.256312Z,Reviewed alert context and linked endpoint records.,alerts.csv#ALRT-002186,CSE-TELECOM-001-USR-01
STEP-CASE-DEMO-0439,CSE-POWER-001,CASE-DEMO-0439,investigate,2026-07-16T19:59:08.166218Z,Reviewed alert context and linked endpoint records.,alerts.csv#ALRT-002191,CSE-POWER-001-USR-01
STEP-CASE-DEMO-0440,CSE-FINANCE-002,CASE-DEMO-0440,investigate,2026-08-19T05:05:16.330023Z,Reviewed alert context and linked endpoint records.,alerts.csv#ALRT-002196,CSE-FINANCE-002-USR-01
STEP-CASE-DEMO-0441,CSE-TELECOM-002,CASE-DEMO-0441,investigate,2026-08-10T12:36:15.802943Z,Reviewed alert context and linked endpoint records.,alerts.csv#ALRT-002201,CSE-TELECOM-002-USR-01
STEP-CASE-DEMO-0442,CSE-POWER-002,CASE-DEMO-0442,investigate,2026-08-17T22:17:33.239489Z,Reviewed alert context and linked endpoint records.,alerts.csv#ALRT-002206,CSE-POWER-002-USR-01
STEP-CASE-DEMO-0443,CSE-FINANCE-001,CASE-DEMO-0443,investigate,2026-06-27T16:44:30.495603Z,Reviewed alert context and linked endpoint records.,alerts.csv#ALRT-002211,CSE-FINANCE-001-USR-01
STEP-CASE-DEMO-0444,CSE-TELECOM-001,CASE-DEMO-0444,investigate,2026-07-14T10:40:42.104588Z,Reviewed alert context and linked endpoint records.,alerts.csv#ALRT-002216,CSE-TELECOM-001-USR-01
STEP-CASE-DEMO-0445,CSE-POWER-001,CASE-DEMO-0445,investigate,2026-06-08T14:19:48.766062Z,Reviewed alert context and linked endpoint records.,alerts.csv#ALRT-002221,CSE-POWER-001-USR-01
STEP-CASE-DEMO-0446,CSE-FINANCE-002,CASE-DEMO-0446,investigate,2026-07-21T06:30:59.627264Z,Reviewed alert context and linked endpoint records.,alerts.csv#ALRT-002226,CSE-FINANCE-002-USR-01
STEP-CASE-DEMO-0447,CSE-TELECOM-002,CASE-DEMO-0447,investigate,2026-06-03T17:56:03.955356Z,Reviewed alert context and linked endpoint records.,alerts.csv#ALRT-002231,CSE-TELECOM-002-USR-01
STEP-CASE-DEMO-0448,CSE-POWER-002,CASE-DEMO-0448,investigate,2026-08-30T07:58:01.956536Z,Reviewed alert context and linked endpoint records.,alerts.csv#ALRT-002236,CSE-POWER-002-USR-01
STEP-CASE-DEMO-0449,CSE-FINANCE-001,CASE-DEMO-0449,investigate,2026-06-11T17:09:45.659290Z,Reviewed alert context and linked endpoint records.,alerts.csv#ALRT-002241,CSE-FINANCE-001-USR-01
STEP-CASE-DEMO-0450,CSE-TELECOM-001,CASE-DEMO-0450,investigate,2026-06-08T02:21:57.363103Z,Reviewed alert context and linked endpoint records.,alerts.csv#ALRT-002246,CSE-TELECOM-001-USR-01
STEP-CASE-DEMO-0451,CSE-POWER-001,CASE-DEMO-0451,investigate,2026-06-27T12:27:26.963643Z,Reviewed alert context and linked endpoint records.,alerts.csv#ALRT-002251,CSE-POWER-001-USR-01
STEP-CASE-DEMO-0452,CSE-FINANCE-002,CASE-DEMO-0452,investigate,2026-08-27T05:09:48.187028Z,Reviewed alert context and linked endpoint records.,alerts.csv#ALRT-002256,CSE-FINANCE-002-USR-01
STEP-CASE-DEMO-0453,CSE-TELECOM-002,CASE-DEMO-0453,investigate,2026-07-20T09:54:27.061741Z,Reviewed alert context and linked endpoint records.,alerts.csv#ALRT-002261,CSE-TELECOM-002-USR-01
STEP-CASE-DEMO-0454,CSE-POWER-002,CASE-DEMO-0454,investigate,2026-07-23T00:59:11.320983Z,Reviewed alert context and linked endpoint records.,alerts.csv#ALRT-002266,CSE-POWER-002-USR-01
STEP-CASE-DEMO-0455,CSE-FINANCE-001,CASE-DEMO-0455,investigate,2026-07-11T11:02:56.640224Z,Reviewed alert context and linked endpoint records.,alerts.csv#ALRT-002271,CSE-FINANCE-001-USR-01
STEP-CASE-DEMO-0456,CSE-TELECOM-001,CASE-DEMO-0456,investigate,2026-08-09T16:18:34.234121Z,Reviewed alert context and linked endpoint records.,alerts.csv#ALRT-002276,CSE-TELECOM-001-USR-01
STEP-CASE-DEMO-0457,CSE-POWER-001,CASE-DEMO-0457,investigate,2026-06-28T17:40:03.315233Z,Reviewed alert context and linked endpoint records.,alerts.csv#ALRT-002281,CSE-POWER-001-USR-01
STEP-CASE-DEMO-0458,CSE-FINANCE-002,CASE-DEMO-0458,investigate,2026-06-22T17:12:22.587380Z,Reviewed alert context and linked endpoint records.,alerts.csv#ALRT-002286,CSE-FINANCE-002-USR-01
STEP-CASE-DEMO-0459,CSE-TELECOM-002,CASE-DEMO-0459,investigate,2026-06-22T20:50:12.858937Z,Reviewed alert context and linked endpoint records.,alerts.csv#ALRT-002291,CSE-TELECOM-002-USR-01
STEP-CASE-DEMO-0460,CSE-POWER-002,CASE-DEMO-0460,investigate,2026-08-14T04:38:28.878785Z,Reviewed alert context and linked endpoint records.,alerts.csv#ALRT-002296,CSE-POWER-002-USR-01
STEP-CASE-DEMO-0461,CSE-FINANCE-001,CASE-DEMO-0461,investigate,2026-08-15T19:38:35.366201Z,Reviewed alert context and linked endpoint records.,alerts.csv#ALRT-002301,CSE-FINANCE-001-USR-01
STEP-CASE-DEMO-0462,CSE-TELECOM-001,CASE-DEMO-0462,investigate,2026-06-13T19:07:59.785231Z,Reviewed alert context and linked endpoint records.,alerts.csv#ALRT-002306,CSE-TELECOM-001-USR-01
STEP-CASE-DEMO-0463,CSE-POWER-001,CASE-DEMO-0463,investigate,2026-07-31T03:02:07.058282Z,Reviewed alert context and linked endpoint records.,alerts.csv#ALRT-002311,CSE-POWER-001-USR-01
STEP-CASE-DEMO-0464,CSE-FINANCE-002,CASE-DEMO-0464,investigate,2026-07-16T00:06:17.133837Z,Reviewed alert context and linked endpoint records.,alerts.csv#ALRT-002316,CSE-FINANCE-002-USR-01
STEP-CASE-DEMO-0465,CSE-TELECOM-002,CASE-DEMO-0465,investigate,2026-06-05T16:12:06.084659Z,Reviewed alert context and linked endpoint records.,alerts.csv#ALRT-002321,CSE-TELECOM-002-USR-01
STEP-CASE-DEMO-0466,CSE-POWER-002,CASE-DEMO-0466,investigate,2026-08-27T09:27:16.871335Z,Reviewed alert context and linked endpoint records.,alerts.csv#ALRT-002326,CSE-POWER-002-USR-01
STEP-CASE-DEMO-0467,CSE-FINANCE-001,CASE-DEMO-0467,investigate,2026-08-02T14:07:21.478379Z,Reviewed alert context and linked endpoint records.,alerts.csv#ALRT-002331,CSE-FINANCE-001-USR-01
STEP-CASE-DEMO-0468,CSE-TELECOM-001,CASE-DEMO-0468,investigate,2026-06-26T22:30:34.925217Z,Reviewed alert context and linked endpoint records.,alerts.csv#ALRT-002336,CSE-TELECOM-001-USR-01
STEP-CASE-DEMO-0469,CSE-POWER-001,CASE-DEMO-0469,investigate,2026-06-23T05:44:11.671024Z,Reviewed alert context and linked endpoint records.,alerts.csv#ALRT-002341,CSE-POWER-001-USR-01
STEP-CASE-DEMO-0470,CSE-FINANCE-002,CASE-DEMO-0470,investigate,2026-07-31T00:46:51.080145Z,Reviewed alert context and linked endpoint records.,alerts.csv#ALRT-002346,CSE-FINANCE-002-USR-01
STEP-CASE-DEMO-0471,CSE-TELECOM-002,CASE-DEMO-0471,investigate,2026-08-02T04:57:08.170738Z,Reviewed alert context and linked endpoint records.,alerts.csv#ALRT-002351,CSE-TELECOM-002-USR-01
STEP-CASE-DEMO-0472,CSE-POWER-002,CASE-DEMO-0472,investigate,2026-07-24T02:17:52.425656Z,Reviewed alert context and linked endpoint records.,alerts.csv#ALRT-002356,CSE-POWER-002-USR-01
STEP-CASE-DEMO-0473,CSE-FINANCE-001,CASE-DEMO-0473,investigate,2026-06-16T16:17:00.483634Z,Reviewed alert context and linked endpoint records.,alerts.csv#ALRT-002361,CSE-FINANCE-001-USR-01
STEP-CASE-DEMO-0474,CSE-TELECOM-001,CASE-DEMO-0474,investigate,2026-07-09T16:30:34.340774Z,Reviewed alert context and linked endpoint records.,alerts.csv#ALRT-002366,CSE-TELECOM-001-USR-01
STEP-CASE-DEMO-0475,CSE-POWER-001,CASE-DEMO-0475,investigate,2026-08-31T21:17:46.107731Z,Reviewed alert context and linked endpoint records.,alerts.csv#ALRT-002371,CSE-POWER-001-USR-01
STEP-CASE-DEMO-0476,CSE-FINANCE-002,CASE-DEMO-0476,investigate,2026-07-14T05:27:16.962575Z,Reviewed alert context and linked endpoint records.,alerts.csv#ALRT-002376,CSE-FINANCE-002-USR-01
STEP-CASE-DEMO-0477,CSE-TELECOM-002,CASE-DEMO-0477,investigate,2026-08-03T21:59:22.928295Z,Reviewed alert context and linked endpoint records.,alerts.csv#ALRT-002381,CSE-TELECOM-002-USR-01
STEP-CASE-DEMO-0478,CSE-POWER-002,CASE-DEMO-0478,investigate,2026-08-31T12:53:34.947057Z,Reviewed alert context and linked endpoint records.,alerts.csv#ALRT-002386,CSE-POWER-002-USR-01
STEP-CASE-DEMO-0479,CSE-FINANCE-001,CASE-DEMO-0479,investigate,2026-07-08T17:56:54.079251Z,Reviewed alert context and linked endpoint records.,alerts.csv#ALRT-002391,CSE-FINANCE-001-USR-01
STEP-CASE-DEMO-0480,CSE-TELECOM-001,CASE-DEMO-0480,investigate,2026-07-23T17:50:01.724382Z,Reviewed alert context and linked endpoint records.,alerts.csv#ALRT-002396,CSE-TELECOM-001-USR-01
STEP-CASE-DEMO-0481,CSE-POWER-001,CASE-DEMO-0481,investigate,2026-07-19T14:43:34.304156Z,Reviewed alert context and linked endpoint records.,alerts.csv#ALRT-002401,CSE-POWER-001-USR-01
STEP-CASE-DEMO-0482,CSE-FINANCE-002,CASE-DEMO-0482,investigate,2026-07-03T05:25:18.366791Z,Reviewed alert context and linked endpoint records.,alerts.csv#ALRT-002406,CSE-FINANCE-002-USR-01
STEP-CASE-DEMO-0483,CSE-TELECOM-002,CASE-DEMO-0483,investigate,2026-07-11T03:53:20.649385Z,Reviewed alert context and linked endpoint records.,alerts.csv#ALRT-002411,CSE-TELECOM-002-USR-01
STEP-CASE-DEMO-0484,CSE-POWER-002,CASE-DEMO-0484,investigate,2026-06-04T00:25:30.625611Z,Reviewed alert context and linked endpoint records.,alerts.csv#ALRT-002416,CSE-POWER-002-USR-01
STEP-CASE-DEMO-0485,CSE-FINANCE-001,CASE-DEMO-0485,investigate,2026-06-29T15:00:07.908327Z,Reviewed alert context and linked endpoint records.,alerts.csv#ALRT-002421,CSE-FINANCE-001-USR-01
STEP-CASE-DEMO-0486,CSE-TELECOM-001,CASE-DEMO-0486,investigate,2026-07-01T05:26:21.476276Z,Reviewed alert context and linked endpoint records.,alerts.csv#ALRT-002426,CSE-TELECOM-001-USR-01
STEP-CASE-DEMO-0487,CSE-POWER-001,CASE-DEMO-0487,investigate,2026-06-13T05:29:12.921248Z,Reviewed alert context and linked endpoint records.,alerts.csv#ALRT-002431,CSE-POWER-001-USR-01
STEP-CASE-DEMO-0488,CSE-FINANCE-002,CASE-DEMO-0488,investigate,2026-07-08T23:49:59.479860Z,Reviewed alert context and linked endpoint records.,alerts.csv#ALRT-002436,CSE-FINANCE-002-USR-01
STEP-CASE-DEMO-0489,CSE-TELECOM-002,CASE-DEMO-0489,investigate,2026-07-07T10:50:46.375780Z,Reviewed alert context and linked endpoint records.,alerts.csv#ALRT-002441,CSE-TELECOM-002-USR-01
STEP-CASE-DEMO-0490,CSE-POWER-002,CASE-DEMO-0490,investigate,2026-07-09T01:04:00.474182Z,Reviewed alert context and linked endpoint records.,alerts.csv#ALRT-002446,CSE-POWER-002-USR-01
STEP-CASE-DEMO-0491,CSE-FINANCE-001,CASE-DEMO-0491,investigate,2026-07-21T02:27:52.273825Z,Reviewed alert context and linked endpoint records.,alerts.csv#ALRT-002451,CSE-FINANCE-001-USR-01
STEP-CASE-DEMO-0492,CSE-TELECOM-001,CASE-DEMO-0492,investigate,2026-07-26T00:57:40.563829Z,Reviewed alert context and linked endpoint records.,alerts.csv#ALRT-002456,CSE-TELECOM-001-USR-01
STEP-CASE-DEMO-0493,CSE-POWER-001,CASE-DEMO-0493,investigate,2026-06-20T15:37:16.839879Z,Reviewed alert context and linked endpoint records.,alerts.csv#ALRT-002461,CSE-POWER-001-USR-01
STEP-CASE-DEMO-0495,CSE-TELECOM-002,CASE-DEMO-0495,investigate,2026-07-03T19:42:59.222406Z,Reviewed alert context and linked endpoint records.,alerts.csv#ALRT-002471,CSE-TELECOM-002-USR-01
STEP-CASE-DEMO-0496,CSE-POWER-002,CASE-DEMO-0496,investigate,2026-06-05T06:59:50.371437Z,Reviewed alert context and linked endpoint records.,alerts.csv#ALRT-002476,CSE-POWER-002-USR-01
STEP-CASE-DEMO-0497,CSE-FINANCE-001,CASE-DEMO-0497,investigate,2026-08-31T20:34:05.189193Z,Reviewed alert context and linked endpoint records.,alerts.csv#ALRT-002481,CSE-FINANCE-001-USR-01
STEP-CASE-DEMO-0498,CSE-TELECOM-001,CASE-DEMO-0498,investigate,2026-07-22T08:32:08.512515Z,Reviewed alert context and linked endpoint records.,alerts.csv#ALRT-002486,CSE-TELECOM-001-USR-01
STEP-CASE-DEMO-0499,CSE-POWER-001,CASE-DEMO-0499,investigate,2026-07-09T05:05:06.332252Z,Reviewed alert context and linked endpoint records.,alerts.csv#ALRT-002491,CSE-POWER-001-USR-01
STEP-CASE-DEMO-0500,CSE-FINANCE-002,CASE-DEMO-0500,investigate,2026-08-29T13:48:21.613691Z,Reviewed alert context and linked endpoint records.,alerts.csv#ALRT-002496,CSE-FINANCE-002-USR-01
STEP-CASE-DEMO-0501,CSE-TELECOM-002,CASE-DEMO-0501,investigate,2026-06-15T17:06:12.558784Z,Reviewed alert context and linked endpoint records.,alerts.csv#ALRT-002501,CSE-TELECOM-002-USR-01
STEP-CASE-DEMO-0502,CSE-POWER-002,CASE-DEMO-0502,investigate,2026-06-11T09:20:08.386724Z,Reviewed alert context and linked endpoint records.,alerts.csv#ALRT-002506,CSE-POWER-002-USR-01
STEP-CASE-DEMO-0503,CSE-FINANCE-001,CASE-DEMO-0503,investigate,2026-08-26T16:47:48.601220Z,Reviewed alert context and linked endpoint records.,alerts.csv#ALRT-002511,CSE-FINANCE-001-USR-01
STEP-CASE-DEMO-0504,CSE-TELECOM-001,CASE-DEMO-0504,investigate,2026-06-04T20:34:49.361949Z,Reviewed alert context and linked endpoint records.,alerts.csv#ALRT-002516,CSE-TELECOM-001-USR-01
STEP-CASE-DEMO-0505,CSE-POWER-001,CASE-DEMO-0505,investigate,2026-06-21T06:48:00.846393Z,Reviewed alert context and linked endpoint records.,alerts.csv#ALRT-002521,CSE-POWER-001-USR-01
STEP-CASE-DEMO-0506,CSE-FINANCE-002,CASE-DEMO-0506,investigate,2026-07-31T00:13:55.131439Z,Reviewed alert context and linked endpoint records.,alerts.csv#ALRT-002526,CSE-FINANCE-002-USR-01
STEP-CASE-DEMO-0507,CSE-TELECOM-002,CASE-DEMO-0507,investigate,2026-06-14T05:30:04.104634Z,Reviewed alert context and linked endpoint records.,alerts.csv#ALRT-002531,CSE-TELECOM-002-USR-01
STEP-CASE-DEMO-0508,CSE-POWER-002,CASE-DEMO-0508,investigate,2026-08-19T05:52:07.434920Z,Reviewed alert context and linked endpoint records.,alerts.csv#ALRT-002536,CSE-POWER-002-USR-01
STEP-CASE-DEMO-0509,CSE-FINANCE-001,CASE-DEMO-0509,investigate,2026-07-03T23:35:03.943186Z,Reviewed alert context and linked endpoint records.,alerts.csv#ALRT-002541,CSE-FINANCE-001-USR-01
STEP-CASE-DEMO-0510,CSE-TELECOM-001,CASE-DEMO-0510,investigate,2026-08-17T06:50:10.254045Z,Reviewed alert context and linked endpoint records.,alerts.csv#ALRT-002546,CSE-TELECOM-001-USR-01
STEP-CASE-DEMO-0511,CSE-POWER-001,CASE-DEMO-0511,investigate,2026-06-12T17:25:23.532944Z,Reviewed alert context and linked endpoint records.,alerts.csv#ALRT-002551,CSE-POWER-001-USR-01
STEP-CASE-DEMO-0512,CSE-FINANCE-002,CASE-DEMO-0512,investigate,2026-06-16T20:54:11.498783Z,Reviewed alert context and linked endpoint records.,alerts.csv#ALRT-002556,CSE-FINANCE-002-USR-01
STEP-CASE-DEMO-0513,CSE-TELECOM-002,CASE-DEMO-0513,investigate,2026-06-09T01:21:49.198819Z,Reviewed alert context and linked endpoint records.,alerts.csv#ALRT-002561,CSE-TELECOM-002-USR-01
STEP-CASE-DEMO-0514,CSE-POWER-002,CASE-DEMO-0514,investigate,2026-08-16T14:48:42.530989Z,Reviewed alert context and linked endpoint records.,alerts.csv#ALRT-002566,CSE-POWER-002-USR-01
STEP-CASE-DEMO-0515,CSE-FINANCE-001,CASE-DEMO-0515,investigate,2026-07-01T17:31:33.040682Z,Reviewed alert context and linked endpoint records.,alerts.csv#ALRT-002571,CSE-FINANCE-001-USR-01
STEP-CASE-DEMO-0516,CSE-TELECOM-001,CASE-DEMO-0516,investigate,2026-07-21T02:59:30.068714Z,Reviewed alert context and linked endpoint records.,alerts.csv#ALRT-002576,CSE-TELECOM-001-USR-01
STEP-CASE-DEMO-0517,CSE-POWER-001,CASE-DEMO-0517,investigate,2026-07-24T10:04:06.462038Z,Reviewed alert context and linked endpoint records.,alerts.csv#ALRT-002581,CSE-POWER-001-USR-01
STEP-CASE-DEMO-0518,CSE-FINANCE-002,CASE-DEMO-0518,investigate,2026-07-21T03:41:22.954004Z,Reviewed alert context and linked endpoint records.,alerts.csv#ALRT-002586,CSE-FINANCE-002-USR-01
STEP-CASE-DEMO-0519,CSE-TELECOM-002,CASE-DEMO-0519,investigate,2026-07-21T23:40:00.062499Z,Reviewed alert context and linked endpoint records.,alerts.csv#ALRT-002591,CSE-TELECOM-002-USR-01
STEP-CASE-DEMO-0520,CSE-POWER-002,CASE-DEMO-0520,investigate,2026-08-08T15:20:48.345072Z,Reviewed alert context and linked endpoint records.,alerts.csv#ALRT-002596,CSE-POWER-002-USR-01
STEP-CASE-DEMO-0521,CSE-FINANCE-001,CASE-DEMO-0521,investigate,2026-06-19T02:13:40.982781Z,Reviewed alert context and linked endpoint records.,alerts.csv#ALRT-002601,CSE-FINANCE-001-USR-01
STEP-CASE-DEMO-0522,CSE-TELECOM-001,CASE-DEMO-0522,investigate,2026-06-22T11:13:16.918247Z,Reviewed alert context and linked endpoint records.,alerts.csv#ALRT-002606,CSE-TELECOM-001-USR-01
STEP-CASE-DEMO-0523,CSE-POWER-001,CASE-DEMO-0523,investigate,2026-08-13T04:18:59.323997Z,Reviewed alert context and linked endpoint records.,alerts.csv#ALRT-002611,CSE-POWER-001-USR-01
STEP-CASE-DEMO-0524,CSE-FINANCE-002,CASE-DEMO-0524,investigate,2026-07-20T14:15:02.962726Z,Reviewed alert context and linked endpoint records.,alerts.csv#ALRT-002616,CSE-FINANCE-002-USR-01
STEP-CASE-DEMO-0525,CSE-TELECOM-002,CASE-DEMO-0525,investigate,2026-07-04T07:20:45.297456Z,Reviewed alert context and linked endpoint records.,alerts.csv#ALRT-002621,CSE-TELECOM-002-USR-01
STEP-CASE-DEMO-0526,CSE-POWER-002,CASE-DEMO-0526,investigate,2026-08-25T15:45:24.914441Z,Reviewed alert context and linked endpoint records.,alerts.csv#ALRT-002626,CSE-POWER-002-USR-01
STEP-CASE-DEMO-0527,CSE-FINANCE-001,CASE-DEMO-0527,investigate,2026-07-01T09:50:50.620743Z,Reviewed alert context and linked endpoint records.,alerts.csv#ALRT-002631,CSE-FINANCE-001-USR-01
STEP-CASE-DEMO-0528,CSE-TELECOM-001,CASE-DEMO-0528,investigate,2026-08-06T13:29:15.929319Z,Reviewed alert context and linked endpoint records.,alerts.csv#ALRT-002636,CSE-TELECOM-001-USR-01
STEP-CASE-DEMO-0529,CSE-POWER-001,CASE-DEMO-0529,investigate,2026-06-28T04:20:04.407210Z,Reviewed alert context and linked endpoint records.,alerts.csv#ALRT-002641,CSE-POWER-001-USR-01
STEP-CASE-DEMO-0530,CSE-FINANCE-002,CASE-DEMO-0530,investigate,2026-07-17T06:09:25.670109Z,Reviewed alert context and linked endpoint records.,alerts.csv#ALRT-002646,CSE-FINANCE-002-USR-01
STEP-CASE-DEMO-0531,CSE-TELECOM-002,CASE-DEMO-0531,investigate,2026-08-03T12:37:55.692897Z,Reviewed alert context and linked endpoint records.,alerts.csv#ALRT-002651,CSE-TELECOM-002-USR-01
STEP-CASE-DEMO-0532,CSE-POWER-002,CASE-DEMO-0532,investigate,2026-07-19T21:43:35.403267Z,Reviewed alert context and linked endpoint records.,alerts.csv#ALRT-002656,CSE-POWER-002-USR-01
STEP-CASE-DEMO-0533,CSE-FINANCE-001,CASE-DEMO-0533,investigate,2026-06-18T14:02:45.206764Z,Reviewed alert context and linked endpoint records.,alerts.csv#ALRT-002661,CSE-FINANCE-001-USR-01
STEP-CASE-DEMO-0534,CSE-TELECOM-001,CASE-DEMO-0534,investigate,2026-08-11T21:16:27.640868Z,Reviewed alert context and linked endpoint records.,alerts.csv#ALRT-002666,CSE-TELECOM-001-USR-01
STEP-CASE-DEMO-0535,CSE-POWER-001,CASE-DEMO-0535,investigate,2026-06-13T12:58:24.695767Z,Reviewed alert context and linked endpoint records.,alerts.csv#ALRT-002671,CSE-POWER-001-USR-01
STEP-CASE-DEMO-0536,CSE-FINANCE-002,CASE-DEMO-0536,investigate,2026-08-06T00:03:28.232570Z,Reviewed alert context and linked endpoint records.,alerts.csv#ALRT-002676,CSE-FINANCE-002-USR-01
STEP-CASE-DEMO-0537,CSE-TELECOM-002,CASE-DEMO-0537,investigate,2026-07-03T23:29:17.890491Z,Reviewed alert context and linked endpoint records.,alerts.csv#ALRT-002681,CSE-TELECOM-002-USR-01
STEP-CASE-DEMO-0538,CSE-POWER-002,CASE-DEMO-0538,investigate,2026-06-19T06:16:23.547302Z,Reviewed alert context and linked endpoint records.,alerts.csv#ALRT-002686,CSE-POWER-002-USR-01
STEP-CASE-DEMO-0539,CSE-FINANCE-001,CASE-DEMO-0539,investigate,2026-07-30T09:17:11.747086Z,Reviewed alert context and linked endpoint records.,alerts.csv#ALRT-002691,CSE-FINANCE-001-USR-01
STEP-CASE-DEMO-0540,CSE-TELECOM-001,CASE-DEMO-0540,investigate,2026-06-29T12:04:31.895541Z,Reviewed alert context and linked endpoint records.,alerts.csv#ALRT-002696,CSE-TELECOM-001-USR-01
STEP-CASE-DEMO-0541,CSE-POWER-001,CASE-DEMO-0541,investigate,2026-08-09T15:18:49.675056Z,Reviewed alert context and linked endpoint records.,alerts.csv#ALRT-002701,CSE-POWER-001-USR-01
STEP-CASE-DEMO-0542,CSE-FINANCE-002,CASE-DEMO-0542,investigate,2026-07-26T19:19:47.737271Z,Reviewed alert context and linked endpoint records.,alerts.csv#ALRT-002706,CSE-FINANCE-002-USR-01
STEP-CASE-DEMO-0543,CSE-TELECOM-002,CASE-DEMO-0543,investigate,2026-07-30T11:26:02.969188Z,Reviewed alert context and linked endpoint records.,alerts.csv#ALRT-002711,CSE-TELECOM-002-USR-01
STEP-CASE-DEMO-0544,CSE-POWER-002,CASE-DEMO-0544,investigate,2026-06-17T22:24:03.023092Z,Reviewed alert context and linked endpoint records.,alerts.csv#ALRT-002716,CSE-POWER-002-USR-01
STEP-CASE-DEMO-0545,CSE-FINANCE-001,CASE-DEMO-0545,investigate,2026-06-24T03:02:31.223661Z,Reviewed alert context and linked endpoint records.,alerts.csv#ALRT-002721,CSE-FINANCE-001-USR-01
STEP-CASE-DEMO-0546,CSE-TELECOM-001,CASE-DEMO-0546,investigate,2026-08-10T19:18:59.809627Z,Reviewed alert context and linked endpoint records.,alerts.csv#ALRT-002726,CSE-TELECOM-001-USR-01
STEP-CASE-DEMO-0547,CSE-POWER-001,CASE-DEMO-0547,investigate,2026-06-24T00:13:18.804905Z,Reviewed alert context and linked endpoint records.,alerts.csv#ALRT-002731,CSE-POWER-001-USR-01
STEP-CASE-DEMO-0548,CSE-FINANCE-002,CASE-DEMO-0548,investigate,2026-08-13T18:37:31.812680Z,Reviewed alert context and linked endpoint records.,alerts.csv#ALRT-002736,CSE-FINANCE-002-USR-01
STEP-CASE-DEMO-0549,CSE-TELECOM-002,CASE-DEMO-0549,investigate,2026-08-08T21:07:37.910292Z,Reviewed alert context and linked endpoint records.,alerts.csv#ALRT-002741,CSE-TELECOM-002-USR-01
STEP-CASE-DEMO-0550,CSE-POWER-002,CASE-DEMO-0550,investigate,2026-08-31T16:25:08.282500Z,Reviewed alert context and linked endpoint records.,alerts.csv#ALRT-002746,CSE-POWER-002-USR-01
STEP-CASE-DEMO-0551,CSE-FINANCE-001,CASE-DEMO-0551,investigate,2026-08-10T01:53:01.480192Z,Reviewed alert context and linked endpoint records.,alerts.csv#ALRT-002751,CSE-FINANCE-001-USR-01
STEP-CASE-DEMO-0552,CSE-TELECOM-001,CASE-DEMO-0552,investigate,2026-08-16T11:40:00.997160Z,Reviewed alert context and linked endpoint records.,alerts.csv#ALRT-002756,CSE-TELECOM-001-USR-01
STEP-CASE-DEMO-0553,CSE-POWER-001,CASE-DEMO-0553,investigate,2026-08-02T14:23:46.982474Z,Reviewed alert context and linked endpoint records.,alerts.csv#ALRT-002761,CSE-POWER-001-USR-01
STEP-CASE-DEMO-0554,CSE-FINANCE-002,CASE-DEMO-0554,investigate,2026-08-29T22:11:29.692043Z,Reviewed alert context and linked endpoint records.,alerts.csv#ALRT-002766,CSE-FINANCE-002-USR-01
STEP-CASE-DEMO-0555,CSE-TELECOM-002,CASE-DEMO-0555,investigate,2026-08-17T23:09:26.783404Z,Reviewed alert context and linked endpoint records.,alerts.csv#ALRT-002771,CSE-TELECOM-002-USR-01
STEP-CASE-DEMO-0556,CSE-POWER-002,CASE-DEMO-0556,investigate,2026-06-19T01:07:13.254327Z,Reviewed alert context and linked endpoint records.,alerts.csv#ALRT-002776,CSE-POWER-002-USR-01
STEP-CASE-DEMO-0557,CSE-FINANCE-001,CASE-DEMO-0557,investigate,2026-06-30T03:48:25.867008Z,Reviewed alert context and linked endpoint records.,alerts.csv#ALRT-002781,CSE-FINANCE-001-USR-01
STEP-CASE-DEMO-0558,CSE-TELECOM-001,CASE-DEMO-0558,investigate,2026-07-05T06:40:34.797605Z,Reviewed alert context and linked endpoint records.,alerts.csv#ALRT-002786,CSE-TELECOM-001-USR-01
STEP-CASE-DEMO-0559,CSE-POWER-001,CASE-DEMO-0559,investigate,2026-08-17T21:05:40.799468Z,Reviewed alert context and linked endpoint records.,alerts.csv#ALRT-002791,CSE-POWER-001-USR-01
STEP-CASE-DEMO-0560,CSE-FINANCE-002,CASE-DEMO-0560,investigate,2026-06-17T23:18:02.290363Z,Reviewed alert context and linked endpoint records.,alerts.csv#ALRT-002796,CSE-FINANCE-002-USR-01
STEP-CASE-DEMO-0561,CSE-TELECOM-002,CASE-DEMO-0561,investigate,2026-08-16T05:13:41.659145Z,Reviewed alert context and linked endpoint records.,alerts.csv#ALRT-002801,CSE-TELECOM-002-USR-01
STEP-CASE-DEMO-0562,CSE-POWER-002,CASE-DEMO-0562,investigate,2026-08-31T21:44:26.712246Z,Reviewed alert context and linked endpoint records.,alerts.csv#ALRT-002806,CSE-POWER-002-USR-01
STEP-CASE-DEMO-0563,CSE-FINANCE-001,CASE-DEMO-0563,investigate,2026-07-02T22:36:19.654410Z,Reviewed alert context and linked endpoint records.,alerts.csv#ALRT-002811,CSE-FINANCE-001-USR-01
STEP-CASE-DEMO-0564,CSE-TELECOM-001,CASE-DEMO-0564,investigate,2026-06-30T17:15:45.533315Z,Reviewed alert context and linked endpoint records.,alerts.csv#ALRT-002816,CSE-TELECOM-001-USR-01
STEP-CASE-DEMO-0565,CSE-POWER-001,CASE-DEMO-0565,investigate,2026-08-11T13:52:57.778790Z,Reviewed alert context and linked endpoint records.,alerts.csv#ALRT-002821,CSE-POWER-001-USR-01
STEP-CASE-DEMO-0566,CSE-FINANCE-002,CASE-DEMO-0566,investigate,2026-07-08T05:55:05.222736Z,Reviewed alert context and linked endpoint records.,alerts.csv#ALRT-002826,CSE-FINANCE-002-USR-01
STEP-CASE-DEMO-0567,CSE-TELECOM-002,CASE-DEMO-0567,investigate,2026-06-28T07:53:16.926501Z,Reviewed alert context and linked endpoint records.,alerts.csv#ALRT-002831,CSE-TELECOM-002-USR-01
STEP-CASE-DEMO-0568,CSE-POWER-002,CASE-DEMO-0568,investigate,2026-07-21T11:35:19.987742Z,Reviewed alert context and linked endpoint records.,alerts.csv#ALRT-002836,CSE-POWER-002-USR-01
STEP-CASE-DEMO-0569,CSE-FINANCE-001,CASE-DEMO-0569,investigate,2026-08-18T02:22:09.684450Z,Reviewed alert context and linked endpoint records.,alerts.csv#ALRT-002841,CSE-FINANCE-001-USR-01
STEP-CASE-DEMO-0570,CSE-TELECOM-001,CASE-DEMO-0570,investigate,2026-08-01T14:35:03.288446Z,Reviewed alert context and linked endpoint records.,alerts.csv#ALRT-002846,CSE-TELECOM-001-USR-01
STEP-CASE-DEMO-0571,CSE-POWER-001,CASE-DEMO-0571,investigate,2026-06-19T16:22:37.163525Z,Reviewed alert context and linked endpoint records.,alerts.csv#ALRT-002851,CSE-POWER-001-USR-01
STEP-CASE-DEMO-0572,CSE-FINANCE-002,CASE-DEMO-0572,investigate,2026-07-27T20:00:01.087038Z,Reviewed alert context and linked endpoint records.,alerts.csv#ALRT-002856,CSE-FINANCE-002-USR-01
STEP-CASE-DEMO-0573,CSE-TELECOM-002,CASE-DEMO-0573,investigate,2026-06-07T07:55:36.228301Z,Reviewed alert context and linked endpoint records.,alerts.csv#ALRT-002861,CSE-TELECOM-002-USR-01
STEP-CASE-DEMO-0574,CSE-POWER-002,CASE-DEMO-0574,investigate,2026-07-18T15:36:45.932203Z,Reviewed alert context and linked endpoint records.,alerts.csv#ALRT-002866,CSE-POWER-002-USR-01
STEP-CASE-DEMO-0575,CSE-FINANCE-001,CASE-DEMO-0575,investigate,2026-06-25T11:47:15.422579Z,Reviewed alert context and linked endpoint records.,alerts.csv#ALRT-002871,CSE-FINANCE-001-USR-01
STEP-CASE-DEMO-0576,CSE-TELECOM-001,CASE-DEMO-0576,investigate,2026-08-08T14:52:26.811116Z,Reviewed alert context and linked endpoint records.,alerts.csv#ALRT-002876,CSE-TELECOM-001-USR-01
STEP-CASE-DEMO-0577,CSE-POWER-001,CASE-DEMO-0577,investigate,2026-06-09T09:45:02.272510Z,Reviewed alert context and linked endpoint records.,alerts.csv#ALRT-002881,CSE-POWER-001-USR-01
STEP-CASE-DEMO-0578,CSE-FINANCE-002,CASE-DEMO-0578,investigate,2026-07-23T18:23:32.097768Z,Reviewed alert context and linked endpoint records.,alerts.csv#ALRT-002886,CSE-FINANCE-002-USR-01
STEP-CASE-DEMO-0579,CSE-TELECOM-002,CASE-DEMO-0579,investigate,2026-08-24T16:48:24.022857Z,Reviewed alert context and linked endpoint records.,alerts.csv#ALRT-002891,CSE-TELECOM-002-USR-01
STEP-CASE-DEMO-0580,CSE-POWER-002,CASE-DEMO-0580,investigate,2026-06-19T20:14:31.893590Z,Reviewed alert context and linked endpoint records.,alerts.csv#ALRT-002896,CSE-POWER-002-USR-01
STEP-CASE-DEMO-0581,CSE-FINANCE-001,CASE-DEMO-0581,investigate,2026-08-28T22:39:04.973675Z,Reviewed alert context and linked endpoint records.,alerts.csv#ALRT-002901,CSE-FINANCE-001-USR-01
STEP-CASE-DEMO-0582,CSE-TELECOM-001,CASE-DEMO-0582,investigate,2026-07-03T21:14:51.212821Z,Reviewed alert context and linked endpoint records.,alerts.csv#ALRT-002906,CSE-TELECOM-001-USR-01
STEP-CASE-DEMO-0583,CSE-POWER-001,CASE-DEMO-0583,investigate,2026-07-18T20:29:45.125109Z,Reviewed alert context and linked endpoint records.,alerts.csv#ALRT-002911,CSE-POWER-001-USR-01
STEP-CASE-DEMO-0584,CSE-FINANCE-002,CASE-DEMO-0584,investigate,2026-06-10T05:02:48.827364Z,Reviewed alert context and linked endpoint records.,alerts.csv#ALRT-002916,CSE-FINANCE-002-USR-01
STEP-CASE-DEMO-0585,CSE-TELECOM-002,CASE-DEMO-0585,investigate,2026-07-15T01:07:23.773171Z,Reviewed alert context and linked endpoint records.,alerts.csv#ALRT-002921,CSE-TELECOM-002-USR-01
STEP-CASE-DEMO-0586,CSE-POWER-002,CASE-DEMO-0586,investigate,2026-07-05T07:58:10.038976Z,Reviewed alert context and linked endpoint records.,alerts.csv#ALRT-002926,CSE-POWER-002-USR-01
STEP-CASE-DEMO-0587,CSE-FINANCE-001,CASE-DEMO-0587,investigate,2026-07-12T21:06:05.802213Z,Reviewed alert context and linked endpoint records.,alerts.csv#ALRT-002931,CSE-FINANCE-001-USR-01
STEP-CASE-DEMO-0588,CSE-TELECOM-001,CASE-DEMO-0588,investigate,2026-07-01T05:03:24.822206Z,Reviewed alert context and linked endpoint records.,alerts.csv#ALRT-002936,CSE-TELECOM-001-USR-01
STEP-CASE-DEMO-0589,CSE-POWER-001,CASE-DEMO-0589,investigate,2026-08-22T08:32:18.631594Z,Reviewed alert context and linked endpoint records.,alerts.csv#ALRT-002941,CSE-POWER-001-USR-01
STEP-CASE-DEMO-0590,CSE-FINANCE-002,CASE-DEMO-0590,investigate,2026-08-19T06:58:25.791959Z,Reviewed alert context and linked endpoint records.,alerts.csv#ALRT-002946,CSE-FINANCE-002-USR-01
STEP-CASE-DEMO-0591,CSE-TELECOM-002,CASE-DEMO-0591,investigate,2026-08-05T03:12:15.935213Z,Reviewed alert context and linked endpoint records.,alerts.csv#ALRT-002951,CSE-TELECOM-002-USR-01
STEP-CASE-DEMO-0592,CSE-POWER-002,CASE-DEMO-0592,investigate,2026-07-11T18:10:02.520509Z,Reviewed alert context and linked endpoint records.,alerts.csv#ALRT-002956,CSE-POWER-002-USR-01
STEP-CASE-DEMO-0593,CSE-FINANCE-001,CASE-DEMO-0593,investigate,2026-08-17T07:48:47.922766Z,Reviewed alert context and linked endpoint records.,alerts.csv#ALRT-002961,CSE-FINANCE-001-USR-01
STEP-CASE-DEMO-0594,CSE-TELECOM-001,CASE-DEMO-0594,investigate,2026-08-25T07:40:36.095557Z,Reviewed alert context and linked endpoint records.,alerts.csv#ALRT-002966,CSE-TELECOM-001-USR-01
STEP-CASE-DEMO-0595,CSE-POWER-001,CASE-DEMO-0595,investigate,2026-08-21T20:01:19.050948Z,Reviewed alert context and linked endpoint records.,alerts.csv#ALRT-002971,CSE-POWER-001-USR-01
STEP-CASE-DEMO-0596,CSE-FINANCE-002,CASE-DEMO-0596,investigate,2026-07-26T12:01:38.184163Z,Reviewed alert context and linked endpoint records.,alerts.csv#ALRT-002976,CSE-FINANCE-002-USR-01
STEP-CASE-DEMO-0597,CSE-TELECOM-002,CASE-DEMO-0597,investigate,2026-08-26T07:56:06.300700Z,Reviewed alert context and linked endpoint records.,alerts.csv#ALRT-002981,CSE-TELECOM-002-USR-01
STEP-CASE-DEMO-0598,CSE-POWER-002,CASE-DEMO-0598,investigate,2026-07-26T07:16:10.592849Z,Reviewed alert context and linked endpoint records.,alerts.csv#ALRT-002986,CSE-POWER-002-USR-01
STEP-CASE-DEMO-0599,CSE-FINANCE-001,CASE-DEMO-0599,investigate,2026-08-11T16:52:39.011397Z,Reviewed alert context and linked endpoint records.,alerts.csv#ALRT-002991,CSE-FINANCE-001-USR-01
STEP-CASE-DEMO-0600,CSE-TELECOM-001,CASE-DEMO-0600,investigate,2026-06-10T07:40:51.287169Z,Reviewed alert context and linked endpoint records.,alerts.csv#ALRT-002996,CSE-TELECOM-001-USR-01
