link_id,cse_id,source_user_id,record_type,record_id,relationship_role
L-ALRT-000001,CSE-POWER-001,CSE-POWER-001-USR-01,alert,ALRT-000001,analyst
L-ALRT-000002,CSE-TELECOM-001,CSE-TELECOM-001-USR-02,alert,ALRT-000002,analyst
L-ALRT-000003,CSE-FINANCE-001,CSE-FINANCE-001-USR-03,alert,ALRT-000003,analyst
L-ALRT-000004,CSE-POWER-002,CSE-POWER-002-USR-04,alert,ALRT-000004,analyst
L-ALRT-000005,CSE-TELECOM-002,CSE-TELECOM-002-USR-05,alert,ALRT-000005,analyst
L-ALRT-000006,CSE-FINANCE-002,CSE-FINANCE-002-USR-01,alert,ALRT-000006,analyst
L-ALRT-000007,CSE-POWER-001,CSE-POWER-001-USR-02,alert,ALRT-000007,analyst
L-ALRT-000008,CSE-TELECOM-001,CSE-TELECOM-001-USR-03,alert,ALRT-000008,analyst
L-ALRT-000009,CSE-FINANCE-001,CSE-FINANCE-001-USR-04,alert,ALRT-000009,analyst
L-ALRT-000010,CSE-POWER-002,CSE-POWER-002-USR-05,alert,ALRT-000010,analyst
L-ALRT-000011,CSE-TELECOM-002,CSE-TELECOM-002-USR-01,alert,ALRT-000011,analyst
L-ALRT-000012,CSE-FINANCE-002,CSE-FINANCE-002-USR-02,alert,ALRT-000012,analyst
L-ALRT-000013,CSE-POWER-001,CSE-POWER-001-USR-03,alert,ALRT-000013,analyst
L-ALRT-000014,CSE-TELECOM-001,CSE-TELECOM-001-USR-04,alert,ALRT-000014,analyst
L-ALRT-000015,CSE-FINANCE-001,CSE-FINANCE-001-USR-05,alert,ALRT-000015,analyst
L-ALRT-000016,CSE-POWER-002,CSE-POWER-002-USR-01,alert,ALRT-000016,analyst
L-ALRT-000017,CSE-TELECOM-002,CSE-TELECOM-002-USR-02,alert,ALRT-000017,analyst
L-ALRT-000018,CSE-FINANCE-002,CSE-FINANCE-002-USR-03,alert,ALRT-000018,analyst
L-ALRT-000019,CSE-POWER-001,CSE-POWER-001-USR-04,alert,ALRT-000019,analyst
L-ALRT-000020,CSE-TELECOM-001,CSE-TELECOM-001-USR-05,alert,ALRT-000020,analyst
L-ALRT-000021,CSE-FINANCE-001,CSE-FINANCE-001-USR-01,alert,ALRT-000021,analyst
L-ALRT-000022,CSE-POWER-002,CSE-POWER-002-USR-02,alert,ALRT-000022,analyst
L-ALRT-000023,CSE-TELECOM-002,CSE-TELECOM-002-USR-03,alert,ALRT-000023,analyst
L-ALRT-000024,CSE-FINANCE-002,CSE-FINANCE-002-USR-04,alert,ALRT-000024,analyst
L-ALRT-000025,CSE-POWER-001,CSE-POWER-001-USR-05,alert,ALRT-000025,analyst
L-ALRT-000026,CSE-TELECOM-001,CSE-TELECOM-001-USR-01,alert,ALRT-000026,analyst
L-ALRT-000027,CSE-FINANCE-001,CSE-FINANCE-001-USR-02,alert,ALRT-000027,analyst
L-ALRT-000028,CSE-POWER-002,CSE-POWER-002-USR-03,alert,ALRT-000028,analyst
L-ALRT-000029,CSE-TELECOM-002,CSE-TELECOM-002-USR-04,alert,ALRT-000029,analyst
L-ALRT-000030,CSE-FINANCE-002,CSE-FINANCE-002-USR-05,alert,ALRT-000030,analyst
L-ALRT-000031,CSE-POWER-001,CSE-POWER-001-USR-01,alert,ALRT-000031,analyst
L-ALRT-000032,CSE-TELECOM-001,CSE-TELECOM-001-USR-02,alert,ALRT-000032,analyst
L-ALRT-000033,CSE-FINANCE-001,CSE-FINANCE-001-USR-03,alert,ALRT-000033,analyst
L-ALRT-000034,CSE-POWER-002,CSE-POWER-002-USR-04,alert,ALRT-000034,analyst
L-ALRT-000035,CSE-TELECOM-002,CSE-TELECOM-002-USR-05,alert,ALRT-000035,analyst
L-ALRT-000036,CSE-FINANCE-002,CSE-FINANCE-002-USR-01,alert,ALRT-000036,analyst
L-ALRT-000037,CSE-POWER-001,CSE-POWER-001-USR-02,alert,ALRT-000037,analyst
L-ALRT-000038,CSE-TELECOM-001,CSE-TELECOM-001-USR-03,alert,ALRT-000038,analyst
L-ALRT-000039,CSE-FINANCE-001,CSE-FINANCE-001-USR-04,alert,ALRT-000039,analyst
L-ALRT-000040,CSE-POWER-002,CSE-POWER-002-USR-05,alert,ALRT-000040,analyst
L-ALRT-000041,CSE-TELECOM-002,CSE-TELECOM-002-USR-01,alert,ALRT-000041,analyst
L-ALRT-000042,CSE-FINANCE-002,CSE-FINANCE-002-USR-02,alert,ALRT-000042,analyst
L-ALRT-000043,CSE-POWER-001,CSE-POWER-001-USR-03,alert,ALRT-000043,analyst
L-ALRT-000044,CSE-TELECOM-001,CSE-TELECOM-001-USR-04,alert,ALRT-000044,analyst
L-ALRT-000045,CSE-FINANCE-001,CSE-FINANCE-001-USR-05,alert,ALRT-000045,analyst
L-ALRT-000046,CSE-POWER-002,CSE-POWER-002-USR-01,alert,ALRT-000046,analyst
L-ALRT-000047,CSE-TELECOM-002,CSE-TELECOM-002-USR-02,alert,ALRT-000047,analyst
L-ALRT-000048,CSE-FINANCE-002,CSE-FINANCE-002-USR-03,alert,ALRT-000048,analyst
L-ALRT-000049,CSE-POWER-001,CSE-POWER-001-USR-04,alert,ALRT-000049,analyst
L-ALRT-000050,CSE-TELECOM-001,CSE-TELECOM-001-USR-05,alert,ALRT-000050,analyst
L-ALRT-000051,CSE-FINANCE-001,CSE-FINANCE-001-USR-01,alert,ALRT-000051,analyst
L-ALRT-000052,CSE-POWER-002,CSE-POWER-002-USR-02,alert,ALRT-000052,analyst
L-ALRT-000053,CSE-TELECOM-002,CSE-TELECOM-002-USR-03,alert,ALRT-000053,analyst
L-ALRT-000054,CSE-FINANCE-002,CSE-FINANCE-002-USR-04,alert,ALRT-000054,analyst
L-ALRT-000055,CSE-POWER-001,CSE-POWER-001-USR-05,alert,ALRT-000055,analyst
L-ALRT-000056,CSE-TELECOM-001,CSE-TELECOM-001-USR-01,alert,ALRT-000056,analyst
L-ALRT-000057,CSE-FINANCE-001,CSE-FINANCE-001-USR-02,alert,ALRT-000057,analyst
L-ALRT-000058,CSE-POWER-002,CSE-POWER-002-USR-03,alert,ALRT-000058,analyst
L-ALRT-000059,CSE-TELECOM-002,CSE-TELECOM-002-USR-04,alert,ALRT-000059,analyst
L-ALRT-000060,CSE-FINANCE-002,CSE-FINANCE-002-USR-05,alert,ALRT-000060,analyst
L-ALRT-000061,CSE-POWER-001,CSE-POWER-001-USR-01,alert,ALRT-000061,analyst
L-ALRT-000062,CSE-TELECOM-001,CSE-TELECOM-001-USR-02,alert,ALRT-000062,analyst
L-ALRT-000063,CSE-FINANCE-001,CSE-FINANCE-001-USR-03,alert,ALRT-000063,analyst
L-ALRT-000064,CSE-POWER-002,CSE-POWER-002-USR-04,alert,ALRT-000064,analyst
L-ALRT-000065,CSE-TELECOM-002,CSE-TELECOM-002-USR-05,alert,ALRT-000065,analyst
L-ALRT-000066,CSE-FINANCE-002,CSE-FINANCE-002-USR-01,alert,ALRT-000066,analyst
L-ALRT-000067,CSE-POWER-001,CSE-POWER-001-USR-02,alert,ALRT-000067,analyst
L-ALRT-000068,CSE-TELECOM-001,CSE-TELECOM-001-USR-03,alert,ALRT-000068,analyst
L-ALRT-000069,CSE-FINANCE-001,CSE-FINANCE-001-USR-04,alert,ALRT-000069,analyst
L-ALRT-000070,CSE-POWER-002,CSE-POWER-002-USR-05,alert,ALRT-000070,analyst
L-ALRT-000071,CSE-TELECOM-002,CSE-TELECOM-002-USR-01,alert,ALRT-000071,analyst
L-ALRT-000072,CSE-FINANCE-002,CSE-FINANCE-002-USR-02,alert,ALRT-000072,analyst
L-ALRT-000073,CSE-POWER-001,CSE-POWER-001-USR-03,alert,ALRT-000073,analyst
L-ALRT-000074,CSE-TELECOM-001,CSE-TELECOM-001-USR-04,alert,ALRT-000074,analyst
L-ALRT-000075,CSE-FINANCE-001,CSE-FINANCE-001-USR-05,alert,ALRT-000075,analyst
L-ALRT-000076,CSE-POWER-002,CSE-POWER-002-USR-01,alert,ALRT-000076,analyst
L-ALRT-000077,CSE-TELECOM-002,CSE-TELECOM-002-USR-02,alert,ALRT-000077,analyst
L-ALRT-000078,CSE-FINANCE-002,CSE-FINANCE-002-USR-03,alert,ALRT-000078,analyst
L-ALRT-000079,CSE-POWER-001,CSE-POWER-001-USR-04,alert,ALRT-000079,analyst
L-ALRT-000080,CSE-TELECOM-001,CSE-TELECOM-001-USR-05,alert,ALRT-000080,analyst
L-ALRT-000081,CSE-FINANCE-001,CSE-FINANCE-001-USR-01,alert,ALRT-000081,analyst
L-ALRT-000082,CSE-POWER-002,CSE-POWER-002-USR-02,alert,ALRT-000082,analyst
L-ALRT-000083,CSE-TELECOM-002,CSE-TELECOM-002-USR-03,alert,ALRT-000083,analyst
L-ALRT-000084,CSE-FINANCE-002,CSE-FINANCE-002-USR-04,alert,ALRT-000084,analyst
L-ALRT-000085,CSE-POWER-001,CSE-POWER-001-USR-05,alert,ALRT-000085,analyst
L-ALRT-000086,CSE-TELECOM-001,CSE-TELECOM-001-USR-01,alert,ALRT-000086,analyst
L-ALRT-000087,CSE-FINANCE-001,CSE-FINANCE-001-USR-02,alert,ALRT-000087,analyst
L-ALRT-000088,CSE-POWER-002,CSE-POWER-002-USR-03,alert,ALRT-000088,analyst
L-ALRT-000089,CSE-TELECOM-002,CSE-TELECOM-002-USR-04,alert,ALRT-000089,analyst
L-ALRT-000090,CSE-FINANCE-002,CSE-FINANCE-002-USR-05,alert,ALRT-000090,analyst
L-ALRT-000091,CSE-POWER-001,CSE-POWER-001-USR-01,alert,ALRT-000091,analyst
L-ALRT-000092,CSE-TELECOM-001,CSE-TELECOM-001-USR-02,alert,ALRT-000092,analyst
L-ALRT-000093,CSE-FINANCE-001,CSE-FINANCE-001-USR-03,alert,ALRT-000093,analyst
L-ALRT-000094,CSE-POWER-002,CSE-POWER-002-USR-04,alert,ALRT-000094,analyst
L-ALRT-000095,CSE-TELECOM-002,CSE-TELECOM-002-USR-05,alert,ALRT-000095,analyst
L-ALRT-000096,CSE-FINANCE-002,CSE-FINANCE-002-USR-01,alert,ALRT-000096,analyst
L-ALRT-000097,CSE-POWER-001,CSE-POWER-001-USR-02,alert,ALRT-000097,analyst
L-ALRT-000098,CSE-TELECOM-001,CSE-TELECOM-001-USR-03,alert,ALRT-000098,analyst
L-ALRT-000099,CSE-FINANCE-001,CSE-FINANCE-001-USR-04,alert,ALRT-000099,analyst
L-ALRT-000100,CSE-POWER-002,CSE-POWER-002-USR-05,alert,ALRT-000100,analyst
L-ALRT-000101,CSE-TELECOM-002,CSE-TELECOM-002-USR-01,alert,ALRT-000101,analyst
L-ALRT-000102,CSE-FINANCE-002,CSE-FINANCE-002-USR-02,alert,ALRT-000102,analyst
L-ALRT-000103,CSE-POWER-001,CSE-POWER-001-USR-03,alert,ALRT-000103,analyst
L-ALRT-000104,CSE-TELECOM-001,CSE-TELECOM-001-USR-04,alert,ALRT-000104,analyst
L-ALRT-000105,CSE-FINANCE-001,CSE-FINANCE-001-USR-05,alert,ALRT-000105,analyst
L-ALRT-000106,CSE-POWER-002,CSE-POWER-002-USR-01,alert,ALRT-000106,analyst
L-ALRT-000107,CSE-TELECOM-002,CSE-TELECOM-002-USR-02,alert,ALRT-000107,analyst
L-ALRT-000108,CSE-FINANCE-002,CSE-FINANCE-002-USR-03,alert,ALRT-000108,analyst
L-ALRT-000109,CSE-POWER-001,CSE-POWER-001-USR-04,alert,ALRT-000109,analyst
L-ALRT-000110,CSE-TELECOM-001,CSE-TELECOM-001-USR-05,alert,ALRT-000110,analyst
L-ALRT-000111,CSE-FINANCE-001,CSE-FINANCE-001-USR-01,alert,ALRT-000111,analyst
L-ALRT-000112,CSE-POWER-002,CSE-POWER-002-USR-02,alert,ALRT-000112,analyst
L-ALRT-000113,CSE-TELECOM-002,CSE-TELECOM-002-USR-03,alert,ALRT-000113,analyst
L-ALRT-000114,CSE-FINANCE-002,CSE-FINANCE-002-USR-04,alert,ALRT-000114,analyst
L-ALRT-000115,CSE-POWER-001,CSE-POWER-001-USR-05,alert,ALRT-000115,analyst
L-ALRT-000116,CSE-TELECOM-001,CSE-TELECOM-001-USR-01,alert,ALRT-000116,analyst
L-ALRT-000117,CSE-FINANCE-001,CSE-FINANCE-001-USR-02,alert,ALRT-000117,analyst
L-ALRT-000118,CSE-POWER-002,CSE-POWER-002-USR-03,alert,ALRT-000118,analyst
L-ALRT-000119,CSE-TELECOM-002,CSE-TELECOM-002-USR-04,alert,ALRT-000119,analyst
L-ALRT-000120,CSE-FINANCE-002,CSE-FINANCE-002-USR-05,alert,ALRT-000120,analyst
L-ALRT-000121,CSE-POWER-001,CSE-POWER-001-USR-01,alert,ALRT-000121,analyst
L-ALRT-000122,CSE-TELECOM-001,CSE-TELECOM-001-USR-02,alert,ALRT-000122,analyst
L-ALRT-000123,CSE-FINANCE-001,CSE-FINANCE-001-USR-03,alert,ALRT-000123,analyst
L-ALRT-000124,CSE-POWER-002,CSE-POWER-002-USR-04,alert,ALRT-000124,analyst
L-ALRT-000125,CSE-TELECOM-002,CSE-TELECOM-002-USR-05,alert,ALRT-000125,analyst
L-ALRT-000126,CSE-FINANCE-002,CSE-FINANCE-002-USR-01,alert,ALRT-000126,analyst
L-ALRT-000127,CSE-POWER-001,CSE-POWER-001-USR-02,alert,ALRT-000127,analyst
L-ALRT-000128,CSE-TELECOM-001,CSE-TELECOM-001-USR-03,alert,ALRT-000128,analyst
L-ALRT-000129,CSE-FINANCE-001,CSE-FINANCE-001-USR-04,alert,ALRT-000129,analyst
L-ALRT-000130,CSE-POWER-002,CSE-POWER-002-USR-05,alert,ALRT-000130,analyst
L-ALRT-000131,CSE-TELECOM-002,CSE-TELECOM-002-USR-01,alert,ALRT-000131,analyst
L-ALRT-000132,CSE-FINANCE-002,CSE-FINANCE-002-USR-02,alert,ALRT-000132,analyst
L-ALRT-000133,CSE-POWER-001,CSE-POWER-001-USR-03,alert,ALRT-000133,analyst
L-ALRT-000134,CSE-TELECOM-001,CSE-TELECOM-001-USR-04,alert,ALRT-000134,analyst
L-ALRT-000135,CSE-FINANCE-001,CSE-FINANCE-001-USR-05,alert,ALRT-000135,analyst
L-ALRT-000136,CSE-POWER-002,CSE-POWER-002-USR-01,alert,ALRT-000136,analyst
L-ALRT-000137,CSE-TELECOM-002,CSE-TELECOM-002-USR-02,alert,ALRT-000137,analyst
L-ALRT-000138,CSE-FINANCE-002,CSE-FINANCE-002-USR-03,alert,ALRT-000138,analyst
L-ALRT-000139,CSE-POWER-001,CSE-POWER-001-USR-04,alert,ALRT-000139,analyst
L-ALRT-000140,CSE-TELECOM-001,CSE-TELECOM-001-USR-05,alert,ALRT-000140,analyst
L-ALRT-000141,CSE-FINANCE-001,CSE-FINANCE-001-USR-01,alert,ALRT-000141,analyst
L-ALRT-000142,CSE-POWER-002,CSE-POWER-002-USR-02,alert,ALRT-000142,analyst
L-ALRT-000143,CSE-TELECOM-002,CSE-TELECOM-002-USR-03,alert,ALRT-000143,analyst
L-ALRT-000144,CSE-FINANCE-002,CSE-FINANCE-002-USR-04,alert,ALRT-000144,analyst
L-ALRT-000145,CSE-POWER-001,CSE-POWER-001-USR-05,alert,ALRT-000145,analyst
L-ALRT-000146,CSE-TELECOM-001,CSE-TELECOM-001-USR-01,alert,ALRT-000146,analyst
L-ALRT-000147,CSE-FINANCE-001,CSE-FINANCE-001-USR-02,alert,ALRT-000147,analyst
L-ALRT-000148,CSE-POWER-002,CSE-POWER-002-USR-03,alert,ALRT-000148,analyst
L-ALRT-000149,CSE-TELECOM-002,CSE-TELECOM-002-USR-04,alert,ALRT-000149,analyst
L-ALRT-000150,CSE-FINANCE-002,CSE-FINANCE-002-USR-05,alert,ALRT-000150,analyst
L-ALRT-000151,CSE-POWER-001,CSE-POWER-001-USR-01,alert,ALRT-000151,analyst
L-ALRT-000152,CSE-TELECOM-001,CSE-TELECOM-001-USR-02,alert,ALRT-000152,analyst
L-ALRT-000153,CSE-FINANCE-001,CSE-FINANCE-001-USR-03,alert,ALRT-000153,analyst
L-ALRT-000154,CSE-POWER-002,CSE-POWER-002-USR-04,alert,ALRT-000154,analyst
L-ALRT-000155,CSE-TELECOM-002,CSE-TELECOM-002-USR-05,alert,ALRT-000155,analyst
L-ALRT-000156,CSE-FINANCE-002,CSE-FINANCE-002-USR-01,alert,ALRT-000156,analyst
L-ALRT-000157,CSE-POWER-001,CSE-POWER-001-USR-02,alert,ALRT-000157,analyst
L-ALRT-000158,CSE-TELECOM-001,CSE-TELECOM-001-USR-03,alert,ALRT-000158,analyst
L-ALRT-000159,CSE-FINANCE-001,CSE-FINANCE-001-USR-04,alert,ALRT-000159,analyst
L-ALRT-000160,CSE-POWER-002,CSE-POWER-002-USR-05,alert,ALRT-000160,analyst
L-ALRT-000161,CSE-TELECOM-002,CSE-TELECOM-002-USR-01,alert,ALRT-000161,analyst
L-ALRT-000162,CSE-FINANCE-002,CSE-FINANCE-002-USR-02,alert,ALRT-000162,analyst
L-ALRT-000163,CSE-POWER-001,CSE-POWER-001-USR-03,alert,ALRT-000163,analyst
L-ALRT-000164,CSE-TELECOM-001,CSE-TELECOM-001-USR-04,alert,ALRT-000164,analyst
L-ALRT-000165,CSE-FINANCE-001,CSE-FINANCE-001-USR-05,alert,ALRT-000165,analyst
L-ALRT-000166,CSE-POWER-002,CSE-POWER-002-USR-01,alert,ALRT-000166,analyst
L-ALRT-000167,CSE-TELECOM-002,CSE-TELECOM-002-USR-02,alert,ALRT-000167,analyst
L-ALRT-000168,CSE-FINANCE-002,CSE-FINANCE-002-USR-03,alert,ALRT-000168,analyst
L-ALRT-000169,CSE-POWER-001,CSE-POWER-001-USR-04,alert,ALRT-000169,analyst
L-ALRT-000170,CSE-TELECOM-001,CSE-TELECOM-001-USR-05,alert,ALRT-000170,analyst
L-ALRT-000171,CSE-FINANCE-001,CSE-FINANCE-001-USR-01,alert,ALRT-000171,analyst
L-ALRT-000172,CSE-POWER-002,CSE-POWER-002-USR-02,alert,ALRT-000172,analyst
L-ALRT-000173,CSE-TELECOM-002,CSE-TELECOM-002-USR-03,alert,ALRT-000173,analyst
L-ALRT-000174,CSE-FINANCE-002,CSE-FINANCE-002-USR-04,alert,ALRT-000174,analyst
L-ALRT-000175,CSE-POWER-001,CSE-POWER-001-USR-05,alert,ALRT-000175,analyst
L-ALRT-000176,CSE-TELECOM-001,CSE-TELECOM-001-USR-01,alert,ALRT-000176,analyst
L-ALRT-000177,CSE-FINANCE-001,CSE-FINANCE-001-USR-02,alert,ALRT-000177,analyst
L-ALRT-000178,CSE-POWER-002,CSE-POWER-002-USR-03,alert,ALRT-000178,analyst
L-ALRT-000179,CSE-TELECOM-002,CSE-TELECOM-002-USR-04,alert,ALRT-000179,analyst
L-ALRT-000180,CSE-FINANCE-002,CSE-FINANCE-002-USR-05,alert,ALRT-000180,analyst
L-ALRT-000181,CSE-POWER-001,CSE-POWER-001-USR-01,alert,ALRT-000181,analyst
L-ALRT-000182,CSE-TELECOM-001,CSE-TELECOM-001-USR-02,alert,ALRT-000182,analyst
L-ALRT-000183,CSE-FINANCE-001,CSE-FINANCE-001-USR-03,alert,ALRT-000183,analyst
L-ALRT-000184,CSE-POWER-002,CSE-POWER-002-USR-04,alert,ALRT-000184,analyst
L-ALRT-000185,CSE-TELECOM-002,CSE-TELECOM-002-USR-05,alert,ALRT-000185,analyst
L-ALRT-000186,CSE-FINANCE-002,CSE-FINANCE-002-USR-01,alert,ALRT-000186,analyst
L-ALRT-000187,CSE-POWER-001,CSE-POWER-001-USR-02,alert,ALRT-000187,analyst
L-ALRT-000188,CSE-TELECOM-001,CSE-TELECOM-001-USR-03,alert,ALRT-000188,analyst
L-ALRT-000189,CSE-FINANCE-001,CSE-FINANCE-001-USR-04,alert,ALRT-000189,analyst
L-ALRT-000190,CSE-POWER-002,CSE-POWER-002-USR-05,alert,ALRT-000190,analyst
L-ALRT-000191,CSE-TELECOM-002,CSE-TELECOM-002-USR-01,alert,ALRT-000191,analyst
L-ALRT-000192,CSE-FINANCE-002,CSE-FINANCE-002-USR-02,alert,ALRT-000192,analyst
L-ALRT-000193,CSE-POWER-001,CSE-POWER-001-USR-03,alert,ALRT-000193,analyst
L-ALRT-000194,CSE-TELECOM-001,CSE-TELECOM-001-USR-04,alert,ALRT-000194,analyst
L-ALRT-000195,CSE-FINANCE-001,CSE-FINANCE-001-USR-05,alert,ALRT-000195,analyst
L-ALRT-000196,CSE-POWER-002,CSE-POWER-002-USR-01,alert,ALRT-000196,analyst
L-ALRT-000197,CSE-TELECOM-002,CSE-TELECOM-002-USR-02,alert,ALRT-000197,analyst
L-ALRT-000198,CSE-FINANCE-002,CSE-FINANCE-002-USR-03,alert,ALRT-000198,analyst
L-ALRT-000199,CSE-POWER-001,CSE-POWER-001-USR-04,alert,ALRT-000199,analyst
L-ALRT-000200,CSE-TELECOM-001,CSE-TELECOM-001-USR-05,alert,ALRT-000200,analyst
L-ALRT-000201,CSE-FINANCE-001,CSE-FINANCE-001-USR-01,alert,ALRT-000201,analyst
L-ALRT-000202,CSE-POWER-002,CSE-POWER-002-USR-02,alert,ALRT-000202,analyst
L-ALRT-000203,CSE-TELECOM-002,CSE-TELECOM-002-USR-03,alert,ALRT-000203,analyst
L-ALRT-000204,CSE-FINANCE-002,CSE-FINANCE-002-USR-04,alert,ALRT-000204,analyst
L-ALRT-000205,CSE-POWER-001,CSE-POWER-001-USR-05,alert,ALRT-000205,analyst
L-ALRT-000206,CSE-TELECOM-001,CSE-TELECOM-001-USR-01,alert,ALRT-000206,analyst
L-ALRT-000207,CSE-FINANCE-001,CSE-FINANCE-001-USR-02,alert,ALRT-000207,analyst
L-ALRT-000208,CSE-POWER-002,CSE-POWER-002-USR-03,alert,ALRT-000208,analyst
L-ALRT-000209,CSE-TELECOM-002,CSE-TELECOM-002-USR-04,alert,ALRT-000209,analyst
L-ALRT-000210,CSE-FINANCE-002,CSE-FINANCE-002-USR-05,alert,ALRT-000210,analyst
L-ALRT-000211,CSE-POWER-001,CSE-POWER-001-USR-01,alert,ALRT-000211,analyst
L-ALRT-000212,CSE-TELECOM-001,CSE-TELECOM-001-USR-02,alert,ALRT-000212,analyst
L-ALRT-000213,CSE-FINANCE-001,CSE-FINANCE-001-USR-03,alert,ALRT-000213,analyst
L-ALRT-000214,CSE-POWER-002,CSE-POWER-002-USR-04,alert,ALRT-000214,analyst
L-ALRT-000215,CSE-TELECOM-002,CSE-TELECOM-002-USR-05,alert,ALRT-000215,analyst
L-ALRT-000216,CSE-FINANCE-002,CSE-FINANCE-002-USR-01,alert,ALRT-000216,analyst
L-ALRT-000217,CSE-POWER-001,CSE-POWER-001-USR-02,alert,ALRT-000217,analyst
L-ALRT-000218,CSE-TELECOM-001,CSE-TELECOM-001-USR-03,alert,ALRT-000218,analyst
L-ALRT-000219,CSE-FINANCE-001,CSE-FINANCE-001-USR-04,alert,ALRT-000219,analyst
L-ALRT-000220,CSE-POWER-002,CSE-POWER-002-USR-05,alert,ALRT-000220,analyst
L-ALRT-000221,CSE-TELECOM-002,CSE-TELECOM-002-USR-01,alert,ALRT-000221,analyst
L-ALRT-000222,CSE-FINANCE-002,CSE-FINANCE-002-USR-02,alert,ALRT-000222,analyst
L-ALRT-000223,CSE-POWER-001,CSE-POWER-001-USR-03,alert,ALRT-000223,analyst
L-ALRT-000224,CSE-TELECOM-001,CSE-TELECOM-001-USR-04,alert,ALRT-000224,analyst
L-ALRT-000225,CSE-FINANCE-001,CSE-FINANCE-001-USR-05,alert,ALRT-000225,analyst
L-ALRT-000226,CSE-POWER-002,CSE-POWER-002-USR-01,alert,ALRT-000226,analyst
L-ALRT-000227,CSE-TELECOM-002,CSE-TELECOM-002-USR-02,alert,ALRT-000227,analyst
L-ALRT-000228,CSE-FINANCE-002,CSE-FINANCE-002-USR-03,alert,ALRT-000228,analyst
L-ALRT-000229,CSE-POWER-001,CSE-POWER-001-USR-04,alert,ALRT-000229,analyst
L-ALRT-000230,CSE-TELECOM-001,CSE-TELECOM-001-USR-05,alert,ALRT-000230,analyst
L-ALRT-000231,CSE-FINANCE-001,CSE-FINANCE-001-USR-01,alert,ALRT-000231,analyst
L-ALRT-000232,CSE-POWER-002,CSE-POWER-002-USR-02,alert,ALRT-000232,analyst
L-ALRT-000233,CSE-TELECOM-002,CSE-TELECOM-002-USR-03,alert,ALRT-000233,analyst
L-ALRT-000234,CSE-FINANCE-002,CSE-FINANCE-002-USR-04,alert,ALRT-000234,analyst
L-ALRT-000235,CSE-POWER-001,CSE-POWER-001-USR-05,alert,ALRT-000235,analyst
L-ALRT-000236,CSE-TELECOM-001,CSE-TELECOM-001-USR-01,alert,ALRT-000236,analyst
L-ALRT-000237,CSE-FINANCE-001,CSE-FINANCE-001-USR-02,alert,ALRT-000237,analyst
L-ALRT-000238,CSE-POWER-002,CSE-POWER-002-USR-03,alert,ALRT-000238,analyst
L-ALRT-000239,CSE-TELECOM-002,CSE-TELECOM-002-USR-04,alert,ALRT-000239,analyst
L-ALRT-000240,CSE-FINANCE-002,CSE-FINANCE-002-USR-05,alert,ALRT-000240,analyst
L-ALRT-000241,CSE-POWER-001,CSE-POWER-001-USR-01,alert,ALRT-000241,analyst
L-ALRT-000242,CSE-TELECOM-001,CSE-TELECOM-001-USR-02,alert,ALRT-000242,analyst
L-ALRT-000243,CSE-FINANCE-001,CSE-FINANCE-001-USR-03,alert,ALRT-000243,analyst
L-ALRT-000244,CSE-POWER-002,CSE-POWER-002-USR-04,alert,ALRT-000244,analyst
L-ALRT-000245,CSE-TELECOM-002,CSE-TELECOM-002-USR-05,alert,ALRT-000245,analyst
L-ALRT-000246,CSE-FINANCE-002,CSE-FINANCE-002-USR-01,alert,ALRT-000246,analyst
L-ALRT-000247,CSE-POWER-001,CSE-POWER-001-USR-02,alert,ALRT-000247,analyst
L-ALRT-000248,CSE-TELECOM-001,CSE-TELECOM-001-USR-03,alert,ALRT-000248,analyst
L-ALRT-000249,CSE-FINANCE-001,CSE-FINANCE-001-USR-04,alert,ALRT-000249,analyst
L-ALRT-000250,CSE-POWER-002,CSE-POWER-002-USR-05,alert,ALRT-000250,analyst
L-ALRT-000251,CSE-TELECOM-002,CSE-TELECOM-002-USR-01,alert,ALRT-000251,analyst
L-ALRT-000252,CSE-FINANCE-002,CSE-FINANCE-002-USR-02,alert,ALRT-000252,analyst
L-ALRT-000253,CSE-POWER-001,CSE-POWER-001-USR-03,alert,ALRT-000253,analyst
L-ALRT-000254,CSE-TELECOM-001,CSE-TELECOM-001-USR-04,alert,ALRT-000254,analyst
L-ALRT-000255,CSE-FINANCE-001,CSE-FINANCE-001-USR-05,alert,ALRT-000255,analyst
L-ALRT-000256,CSE-POWER-002,CSE-POWER-002-USR-01,alert,ALRT-000256,analyst
L-ALRT-000257,CSE-TELECOM-002,CSE-TELECOM-002-USR-02,alert,ALRT-000257,analyst
L-ALRT-000258,CSE-FINANCE-002,CSE-FINANCE-002-USR-03,alert,ALRT-000258,analyst
L-ALRT-000259,CSE-POWER-001,CSE-POWER-001-USR-04,alert,ALRT-000259,analyst
L-ALRT-000260,CSE-TELECOM-001,CSE-TELECOM-001-USR-05,alert,ALRT-000260,analyst
L-ALRT-000261,CSE-FINANCE-001,CSE-FINANCE-001-USR-01,alert,ALRT-000261,analyst
L-ALRT-000262,CSE-POWER-002,CSE-POWER-002-USR-02,alert,ALRT-000262,analyst
L-ALRT-000263,CSE-TELECOM-002,CSE-TELECOM-002-USR-03,alert,ALRT-000263,analyst
L-ALRT-000264,CSE-FINANCE-002,CSE-FINANCE-002-USR-04,alert,ALRT-000264,analyst
L-ALRT-000265,CSE-POWER-001,CSE-POWER-001-USR-05,alert,ALRT-000265,analyst
L-ALRT-000266,CSE-TELECOM-001,CSE-TELECOM-001-USR-01,alert,ALRT-000266,analyst
L-ALRT-000267,CSE-FINANCE-001,CSE-FINANCE-001-USR-02,alert,ALRT-000267,analyst
L-ALRT-000268,CSE-POWER-002,CSE-POWER-002-USR-03,alert,ALRT-000268,analyst
L-ALRT-000269,CSE-TELECOM-002,CSE-TELECOM-002-USR-04,alert,ALRT-000269,analyst
L-ALRT-000270,CSE-FINANCE-002,CSE-FINANCE-002-USR-05,alert,ALRT-000270,analyst
L-ALRT-000271,CSE-POWER-001,CSE-POWER-001-USR-01,alert,ALRT-000271,analyst
L-ALRT-000272,CSE-TELECOM-001,CSE-TELECOM-001-USR-02,alert,ALRT-000272,analyst
L-ALRT-000273,CSE-FINANCE-001,CSE-FINANCE-001-USR-03,alert,ALRT-000273,analyst
L-ALRT-000274,CSE-POWER-002,CSE-POWER-002-USR-04,alert,ALRT-000274,analyst
L-ALRT-000275,CSE-TELECOM-002,CSE-TELECOM-002-USR-05,alert,ALRT-000275,analyst
L-ALRT-000276,CSE-FINANCE-002,CSE-FINANCE-002-USR-01,alert,ALRT-000276,analyst
L-ALRT-000277,CSE-POWER-001,CSE-POWER-001-USR-02,alert,ALRT-000277,analyst
L-ALRT-000278,CSE-TELECOM-001,CSE-TELECOM-001-USR-03,alert,ALRT-000278,analyst
L-ALRT-000279,CSE-FINANCE-001,CSE-FINANCE-001-USR-04,alert,ALRT-000279,analyst
L-ALRT-000280,CSE-POWER-002,CSE-POWER-002-USR-05,alert,ALRT-000280,analyst
L-ALRT-000281,CSE-TELECOM-002,CSE-TELECOM-002-USR-01,alert,ALRT-000281,analyst
L-ALRT-000282,CSE-FINANCE-002,CSE-FINANCE-002-USR-02,alert,ALRT-000282,analyst
L-ALRT-000283,CSE-POWER-001,CSE-POWER-001-USR-03,alert,ALRT-000283,analyst
L-ALRT-000284,CSE-TELECOM-001,CSE-TELECOM-001-USR-04,alert,ALRT-000284,analyst
L-ALRT-000285,CSE-FINANCE-001,CSE-FINANCE-001-USR-05,alert,ALRT-000285,analyst
L-ALRT-000286,CSE-POWER-002,CSE-POWER-002-USR-01,alert,ALRT-000286,analyst
L-ALRT-000287,CSE-TELECOM-002,CSE-TELECOM-002-USR-02,alert,ALRT-000287,analyst
L-ALRT-000288,CSE-FINANCE-002,CSE-FINANCE-002-USR-03,alert,ALRT-000288,analyst
L-ALRT-000289,CSE-POWER-001,CSE-POWER-001-USR-04,alert,ALRT-000289,analyst
L-ALRT-000290,CSE-TELECOM-001,CSE-TELECOM-001-USR-05,alert,ALRT-000290,analyst
L-ALRT-000291,CSE-FINANCE-001,CSE-FINANCE-001-USR-01,alert,ALRT-000291,analyst
L-ALRT-000292,CSE-POWER-002,CSE-POWER-002-USR-02,alert,ALRT-000292,analyst
L-ALRT-000293,CSE-TELECOM-002,CSE-TELECOM-002-USR-03,alert,ALRT-000293,analyst
L-ALRT-000294,CSE-FINANCE-002,CSE-FINANCE-002-USR-04,alert,ALRT-000294,analyst
L-ALRT-000295,CSE-POWER-001,CSE-POWER-001-USR-05,alert,ALRT-000295,analyst
L-ALRT-000296,CSE-TELECOM-001,CSE-TELECOM-001-USR-01,alert,ALRT-000296,analyst
L-ALRT-000297,CSE-FINANCE-001,CSE-FINANCE-001-USR-02,alert,ALRT-000297,analyst
L-ALRT-000298,CSE-POWER-002,CSE-POWER-002-USR-03,alert,ALRT-000298,analyst
L-ALRT-000299,CSE-TELECOM-002,CSE-TELECOM-002-USR-04,alert,ALRT-000299,analyst
L-ALRT-000300,CSE-FINANCE-002,CSE-FINANCE-002-USR-05,alert,ALRT-000300,analyst
L-ALRT-000301,CSE-POWER-001,CSE-POWER-001-USR-01,alert,ALRT-000301,analyst
L-ALRT-000302,CSE-TELECOM-001,CSE-TELECOM-001-USR-02,alert,ALRT-000302,analyst
L-ALRT-000303,CSE-FINANCE-001,CSE-FINANCE-001-USR-03,alert,ALRT-000303,analyst
L-ALRT-000304,CSE-POWER-002,CSE-POWER-002-USR-04,alert,ALRT-000304,analyst
L-ALRT-000305,CSE-TELECOM-002,CSE-TELECOM-002-USR-05,alert,ALRT-000305,analyst
L-ALRT-000306,CSE-FINANCE-002,CSE-FINANCE-002-USR-01,alert,ALRT-000306,analyst
L-ALRT-000307,CSE-POWER-001,CSE-POWER-001-USR-02,alert,ALRT-000307,analyst
L-ALRT-000308,CSE-TELECOM-001,CSE-TELECOM-001-USR-03,alert,ALRT-000308,analyst
L-ALRT-000309,CSE-FINANCE-001,CSE-FINANCE-001-USR-04,alert,ALRT-000309,analyst
L-ALRT-000310,CSE-POWER-002,CSE-POWER-002-USR-05,alert,ALRT-000310,analyst
L-ALRT-000311,CSE-TELECOM-002,CSE-TELECOM-002-USR-01,alert,ALRT-000311,analyst
L-ALRT-000312,CSE-FINANCE-002,CSE-FINANCE-002-USR-02,alert,ALRT-000312,analyst
L-ALRT-000313,CSE-POWER-001,CSE-POWER-001-USR-03,alert,ALRT-000313,analyst
L-ALRT-000314,CSE-TELECOM-001,CSE-TELECOM-001-USR-04,alert,ALRT-000314,analyst
L-ALRT-000315,CSE-FINANCE-001,CSE-FINANCE-001-USR-05,alert,ALRT-000315,analyst
L-ALRT-000316,CSE-POWER-002,CSE-POWER-002-USR-01,alert,ALRT-000316,analyst
L-ALRT-000317,CSE-TELECOM-002,CSE-TELECOM-002-USR-02,alert,ALRT-000317,analyst
L-ALRT-000318,CSE-FINANCE-002,CSE-FINANCE-002-USR-03,alert,ALRT-000318,analyst
L-ALRT-000319,CSE-POWER-001,CSE-POWER-001-USR-04,alert,ALRT-000319,analyst
L-ALRT-000320,CSE-TELECOM-001,CSE-TELECOM-001-USR-05,alert,ALRT-000320,analyst
L-ALRT-000321,CSE-FINANCE-001,CSE-FINANCE-001-USR-01,alert,ALRT-000321,analyst
L-ALRT-000322,CSE-POWER-002,CSE-POWER-002-USR-02,alert,ALRT-000322,analyst
L-ALRT-000323,CSE-TELECOM-002,CSE-TELECOM-002-USR-03,alert,ALRT-000323,analyst
L-ALRT-000324,CSE-FINANCE-002,CSE-FINANCE-002-USR-04,alert,ALRT-000324,analyst
L-ALRT-000325,CSE-POWER-001,CSE-POWER-001-USR-05,alert,ALRT-000325,analyst
L-ALRT-000326,CSE-TELECOM-001,CSE-TELECOM-001-USR-01,alert,ALRT-000326,analyst
L-ALRT-000327,CSE-FINANCE-001,CSE-FINANCE-001-USR-02,alert,ALRT-000327,analyst
L-ALRT-000328,CSE-POWER-002,CSE-POWER-002-USR-03,alert,ALRT-000328,analyst
L-ALRT-000329,CSE-TELECOM-002,CSE-TELECOM-002-USR-04,alert,ALRT-000329,analyst
L-ALRT-000330,CSE-FINANCE-002,CSE-FINANCE-002-USR-05,alert,ALRT-000330,analyst
L-ALRT-000331,CSE-POWER-001,CSE-POWER-001-USR-01,alert,ALRT-000331,analyst
L-ALRT-000332,CSE-TELECOM-001,CSE-TELECOM-001-USR-02,alert,ALRT-000332,analyst
L-ALRT-000333,CSE-FINANCE-001,CSE-FINANCE-001-USR-03,alert,ALRT-000333,analyst
L-ALRT-000334,CSE-POWER-002,CSE-POWER-002-USR-04,alert,ALRT-000334,analyst
L-ALRT-000335,CSE-TELECOM-002,CSE-TELECOM-002-USR-05,alert,ALRT-000335,analyst
L-ALRT-000336,CSE-FINANCE-002,CSE-FINANCE-002-USR-01,alert,ALRT-000336,analyst
L-ALRT-000337,CSE-POWER-001,CSE-POWER-001-USR-02,alert,ALRT-000337,analyst
L-ALRT-000338,CSE-TELECOM-001,CSE-TELECOM-001-USR-03,alert,ALRT-000338,analyst
L-ALRT-000339,CSE-FINANCE-001,CSE-FINANCE-001-USR-04,alert,ALRT-000339,analyst
L-ALRT-000340,CSE-POWER-002,CSE-POWER-002-USR-05,alert,ALRT-000340,analyst
L-ALRT-000341,CSE-TELECOM-002,CSE-TELECOM-002-USR-01,alert,ALRT-000341,analyst
L-ALRT-000342,CSE-FINANCE-002,CSE-FINANCE-002-USR-02,alert,ALRT-000342,analyst
L-ALRT-000343,CSE-POWER-001,CSE-POWER-001-USR-03,alert,ALRT-000343,analyst
L-ALRT-000344,CSE-TELECOM-001,CSE-TELECOM-001-USR-04,alert,ALRT-000344,analyst
L-ALRT-000345,CSE-FINANCE-001,CSE-FINANCE-001-USR-05,alert,ALRT-000345,analyst
L-ALRT-000346,CSE-POWER-002,CSE-POWER-002-USR-01,alert,ALRT-000346,analyst
L-ALRT-000347,CSE-TELECOM-002,CSE-TELECOM-002-USR-02,alert,ALRT-000347,analyst
L-ALRT-000348,CSE-FINANCE-002,CSE-FINANCE-002-USR-03,alert,ALRT-000348,analyst
L-ALRT-000349,CSE-POWER-001,CSE-POWER-001-USR-04,alert,ALRT-000349,analyst
L-ALRT-000350,CSE-TELECOM-001,CSE-TELECOM-001-USR-05,alert,ALRT-000350,analyst
L-ALRT-000351,CSE-FINANCE-001,CSE-FINANCE-001-USR-01,alert,ALRT-000351,analyst
L-ALRT-000352,CSE-POWER-002,CSE-POWER-002-USR-02,alert,ALRT-000352,analyst
L-ALRT-000353,CSE-TELECOM-002,CSE-TELECOM-002-USR-03,alert,ALRT-000353,analyst
L-ALRT-000354,CSE-FINANCE-002,CSE-FINANCE-002-USR-04,alert,ALRT-000354,analyst
L-ALRT-000355,CSE-POWER-001,CSE-POWER-001-USR-05,alert,ALRT-000355,analyst
L-ALRT-000356,CSE-TELECOM-001,CSE-TELECOM-001-USR-01,alert,ALRT-000356,analyst
L-ALRT-000357,CSE-FINANCE-001,CSE-FINANCE-001-USR-02,alert,ALRT-000357,analyst
L-ALRT-000358,CSE-POWER-002,CSE-POWER-002-USR-03,alert,ALRT-000358,analyst
L-ALRT-000359,CSE-TELECOM-002,CSE-TELECOM-002-USR-04,alert,ALRT-000359,analyst
L-ALRT-000360,CSE-FINANCE-002,CSE-FINANCE-002-USR-05,alert,ALRT-000360,analyst
L-ALRT-000361,CSE-POWER-001,CSE-POWER-001-USR-01,alert,ALRT-000361,analyst
L-ALRT-000362,CSE-TELECOM-001,CSE-TELECOM-001-USR-02,alert,ALRT-000362,analyst
L-ALRT-000363,CSE-FINANCE-001,CSE-FINANCE-001-USR-03,alert,ALRT-000363,analyst
L-ALRT-000364,CSE-POWER-002,CSE-POWER-002-USR-04,alert,ALRT-000364,analyst
L-ALRT-000365,CSE-TELECOM-002,CSE-TELECOM-002-USR-05,alert,ALRT-000365,analyst
L-ALRT-000366,CSE-FINANCE-002,CSE-FINANCE-002-USR-01,alert,ALRT-000366,analyst
L-ALRT-000367,CSE-POWER-001,CSE-POWER-001-USR-02,alert,ALRT-000367,analyst
L-ALRT-000368,CSE-TELECOM-001,CSE-TELECOM-001-USR-03,alert,ALRT-000368,analyst
L-ALRT-000369,CSE-FINANCE-001,CSE-FINANCE-001-USR-04,alert,ALRT-000369,analyst
L-ALRT-000370,CSE-POWER-002,CSE-POWER-002-USR-05,alert,ALRT-000370,analyst
L-ALRT-000371,CSE-TELECOM-002,CSE-TELECOM-002-USR-01,alert,ALRT-000371,analyst
L-ALRT-000372,CSE-FINANCE-002,CSE-FINANCE-002-USR-02,alert,ALRT-000372,analyst
L-ALRT-000373,CSE-POWER-001,CSE-POWER-001-USR-03,alert,ALRT-000373,analyst
L-ALRT-000374,CSE-TELECOM-001,CSE-TELECOM-001-USR-04,alert,ALRT-000374,analyst
L-ALRT-000375,CSE-FINANCE-001,CSE-FINANCE-001-USR-05,alert,ALRT-000375,analyst
L-ALRT-000376,CSE-POWER-002,CSE-POWER-002-USR-01,alert,ALRT-000376,analyst
L-ALRT-000377,CSE-TELECOM-002,CSE-TELECOM-002-USR-02,alert,ALRT-000377,analyst
L-ALRT-000378,CSE-FINANCE-002,CSE-FINANCE-002-USR-03,alert,ALRT-000378,analyst
L-ALRT-000379,CSE-POWER-001,CSE-POWER-001-USR-04,alert,ALRT-000379,analyst
L-ALRT-000380,CSE-TELECOM-001,CSE-TELECOM-001-USR-05,alert,ALRT-000380,analyst
L-ALRT-000381,CSE-FINANCE-001,CSE-FINANCE-001-USR-01,alert,ALRT-000381,analyst
L-ALRT-000382,CSE-POWER-002,CSE-POWER-002-USR-02,alert,ALRT-000382,analyst
L-ALRT-000383,CSE-TELECOM-002,CSE-TELECOM-002-USR-03,alert,ALRT-000383,analyst
L-ALRT-000384,CSE-FINANCE-002,CSE-FINANCE-002-USR-04,alert,ALRT-000384,analyst
L-ALRT-000385,CSE-POWER-001,CSE-POWER-001-USR-05,alert,ALRT-000385,analyst
L-ALRT-000386,CSE-TELECOM-001,CSE-TELECOM-001-USR-01,alert,ALRT-000386,analyst
L-ALRT-000387,CSE-FINANCE-001,CSE-FINANCE-001-USR-02,alert,ALRT-000387,analyst
L-ALRT-000388,CSE-POWER-002,CSE-POWER-002-USR-03,alert,ALRT-000388,analyst
L-ALRT-000389,CSE-TELECOM-002,CSE-TELECOM-002-USR-04,alert,ALRT-000389,analyst
L-ALRT-000390,CSE-FINANCE-002,CSE-FINANCE-002-USR-05,alert,ALRT-000390,analyst
L-ALRT-000391,CSE-POWER-001,CSE-POWER-001-USR-01,alert,ALRT-000391,analyst
L-ALRT-000392,CSE-TELECOM-001,CSE-TELECOM-001-USR-02,alert,ALRT-000392,analyst
L-ALRT-000393,CSE-FINANCE-001,CSE-FINANCE-001-USR-03,alert,ALRT-000393,analyst
L-ALRT-000394,CSE-POWER-002,CSE-POWER-002-USR-04,alert,ALRT-000394,analyst
L-ALRT-000395,CSE-TELECOM-002,CSE-TELECOM-002-USR-05,alert,ALRT-000395,analyst
L-ALRT-000396,CSE-FINANCE-002,CSE-FINANCE-002-USR-01,alert,ALRT-000396,analyst
L-ALRT-000397,CSE-POWER-001,CSE-POWER-001-USR-02,alert,ALRT-000397,analyst
L-ALRT-000398,CSE-TELECOM-001,CSE-TELECOM-001-USR-03,alert,ALRT-000398,analyst
L-ALRT-000399,CSE-FINANCE-001,CSE-FINANCE-001-USR-04,alert,ALRT-000399,analyst
L-ALRT-000400,CSE-POWER-002,CSE-POWER-002-USR-05,alert,ALRT-000400,analyst
L-ALRT-000401,CSE-TELECOM-002,CSE-TELECOM-002-USR-01,alert,ALRT-000401,analyst
L-ALRT-000402,CSE-FINANCE-002,CSE-FINANCE-002-USR-02,alert,ALRT-000402,analyst
L-ALRT-000403,CSE-POWER-001,CSE-POWER-001-USR-03,alert,ALRT-000403,analyst
L-ALRT-000404,CSE-TELECOM-001,CSE-TELECOM-001-USR-04,alert,ALRT-000404,analyst
L-ALRT-000405,CSE-FINANCE-001,CSE-FINANCE-001-USR-05,alert,ALRT-000405,analyst
L-ALRT-000406,CSE-POWER-002,CSE-POWER-002-USR-01,alert,ALRT-000406,analyst
L-ALRT-000407,CSE-TELECOM-002,CSE-TELECOM-002-USR-02,alert,ALRT-000407,analyst
L-ALRT-000408,CSE-FINANCE-002,CSE-FINANCE-002-USR-03,alert,ALRT-000408,analyst
L-ALRT-000409,CSE-POWER-001,CSE-POWER-001-USR-04,alert,ALRT-000409,analyst
L-ALRT-000410,CSE-TELECOM-001,CSE-TELECOM-001-USR-05,alert,ALRT-000410,analyst
L-ALRT-000411,CSE-FINANCE-001,CSE-FINANCE-001-USR-01,alert,ALRT-000411,analyst
L-ALRT-000412,CSE-POWER-002,CSE-POWER-002-USR-02,alert,ALRT-000412,analyst
L-ALRT-000413,CSE-TELECOM-002,CSE-TELECOM-002-USR-03,alert,ALRT-000413,analyst
L-ALRT-000414,CSE-FINANCE-002,CSE-FINANCE-002-USR-04,alert,ALRT-000414,analyst
L-ALRT-000415,CSE-POWER-001,CSE-POWER-001-USR-05,alert,ALRT-000415,analyst
L-ALRT-000416,CSE-TELECOM-001,CSE-TELECOM-001-USR-01,alert,ALRT-000416,analyst
L-ALRT-000417,CSE-FINANCE-001,CSE-FINANCE-001-USR-02,alert,ALRT-000417,analyst
L-ALRT-000418,CSE-POWER-002,CSE-POWER-002-USR-03,alert,ALRT-000418,analyst
L-ALRT-000419,CSE-TELECOM-002,CSE-TELECOM-002-USR-04,alert,ALRT-000419,analyst
L-ALRT-000420,CSE-FINANCE-002,CSE-FINANCE-002-USR-05,alert,ALRT-000420,analyst
L-ALRT-000421,CSE-POWER-001,CSE-POWER-001-USR-01,alert,ALRT-000421,analyst
L-ALRT-000422,CSE-TELECOM-001,CSE-TELECOM-001-USR-02,alert,ALRT-000422,analyst
L-ALRT-000423,CSE-FINANCE-001,CSE-FINANCE-001-USR-03,alert,ALRT-000423,analyst
L-ALRT-000424,CSE-POWER-002,CSE-POWER-002-USR-04,alert,ALRT-000424,analyst
L-ALRT-000425,CSE-TELECOM-002,CSE-TELECOM-002-USR-05,alert,ALRT-000425,analyst
L-ALRT-000426,CSE-FINANCE-002,CSE-FINANCE-002-USR-01,alert,ALRT-000426,analyst
L-ALRT-000427,CSE-POWER-001,CSE-POWER-001-USR-02,alert,ALRT-000427,analyst
L-ALRT-000428,CSE-TELECOM-001,CSE-TELECOM-001-USR-03,alert,ALRT-000428,analyst
L-ALRT-000429,CSE-FINANCE-001,CSE-FINANCE-001-USR-04,alert,ALRT-000429,analyst
L-ALRT-000430,CSE-POWER-002,CSE-POWER-002-USR-05,alert,ALRT-000430,analyst
L-ALRT-000431,CSE-TELECOM-002,CSE-TELECOM-002-USR-01,alert,ALRT-000431,analyst
L-ALRT-000432,CSE-FINANCE-002,CSE-FINANCE-002-USR-02,alert,ALRT-000432,analyst
L-ALRT-000433,CSE-POWER-001,CSE-POWER-001-USR-03,alert,ALRT-000433,analyst
L-ALRT-000434,CSE-TELECOM-001,CSE-TELECOM-001-USR-04,alert,ALRT-000434,analyst
L-ALRT-000435,CSE-FINANCE-001,CSE-FINANCE-001-USR-05,alert,ALRT-000435,analyst
L-ALRT-000436,CSE-POWER-002,CSE-POWER-002-USR-01,alert,ALRT-000436,analyst
L-ALRT-000437,CSE-TELECOM-002,CSE-TELECOM-002-USR-02,alert,ALRT-000437,analyst
L-ALRT-000438,CSE-FINANCE-002,CSE-FINANCE-002-USR-03,alert,ALRT-000438,analyst
L-ALRT-000439,CSE-POWER-001,CSE-POWER-001-USR-04,alert,ALRT-000439,analyst
L-ALRT-000440,CSE-TELECOM-001,CSE-TELECOM-001-USR-05,alert,ALRT-000440,analyst
L-ALRT-000441,CSE-FINANCE-001,CSE-FINANCE-001-USR-01,alert,ALRT-000441,analyst
L-ALRT-000442,CSE-POWER-002,CSE-POWER-002-USR-02,alert,ALRT-000442,analyst
L-ALRT-000443,CSE-TELECOM-002,CSE-TELECOM-002-USR-03,alert,ALRT-000443,analyst
L-ALRT-000444,CSE-FINANCE-002,CSE-FINANCE-002-USR-04,alert,ALRT-000444,analyst
L-ALRT-000445,CSE-POWER-001,CSE-POWER-001-USR-05,alert,ALRT-000445,analyst
L-ALRT-000446,CSE-TELECOM-001,CSE-TELECOM-001-USR-01,alert,ALRT-000446,analyst
L-ALRT-000447,CSE-FINANCE-001,CSE-FINANCE-001-USR-02,alert,ALRT-000447,analyst
L-ALRT-000448,CSE-POWER-002,CSE-POWER-002-USR-03,alert,ALRT-000448,analyst
L-ALRT-000449,CSE-TELECOM-002,CSE-TELECOM-002-USR-04,alert,ALRT-000449,analyst
L-ALRT-000450,CSE-FINANCE-002,CSE-FINANCE-002-USR-05,alert,ALRT-000450,analyst
L-ALRT-000451,CSE-POWER-001,CSE-POWER-001-USR-01,alert,ALRT-000451,analyst
L-ALRT-000452,CSE-TELECOM-001,CSE-TELECOM-001-USR-02,alert,ALRT-000452,analyst
L-ALRT-000453,CSE-FINANCE-001,CSE-FINANCE-001-USR-03,alert,ALRT-000453,analyst
L-ALRT-000454,CSE-POWER-002,CSE-POWER-002-USR-04,alert,ALRT-000454,analyst
L-ALRT-000455,CSE-TELECOM-002,CSE-TELECOM-002-USR-05,alert,ALRT-000455,analyst
L-ALRT-000456,CSE-FINANCE-002,CSE-FINANCE-002-USR-01,alert,ALRT-000456,analyst
L-ALRT-000457,CSE-POWER-001,CSE-POWER-001-USR-02,alert,ALRT-000457,analyst
L-ALRT-000458,CSE-TELECOM-001,CSE-TELECOM-001-USR-03,alert,ALRT-000458,analyst
L-ALRT-000459,CSE-FINANCE-001,CSE-FINANCE-001-USR-04,alert,ALRT-000459,analyst
L-ALRT-000460,CSE-POWER-002,CSE-POWER-002-USR-05,alert,ALRT-000460,analyst
L-ALRT-000461,CSE-TELECOM-002,CSE-TELECOM-002-USR-01,alert,ALRT-000461,analyst
L-ALRT-000462,CSE-FINANCE-002,CSE-FINANCE-002-USR-02,alert,ALRT-000462,analyst
L-ALRT-000463,CSE-POWER-001,CSE-POWER-001-USR-03,alert,ALRT-000463,analyst
L-ALRT-000464,CSE-TELECOM-001,CSE-TELECOM-001-USR-04,alert,ALRT-000464,analyst
L-ALRT-000465,CSE-FINANCE-001,CSE-FINANCE-001-USR-05,alert,ALRT-000465,analyst
L-ALRT-000466,CSE-POWER-002,CSE-POWER-002-USR-01,alert,ALRT-000466,analyst
L-ALRT-000467,CSE-TELECOM-002,CSE-TELECOM-002-USR-02,alert,ALRT-000467,analyst
L-ALRT-000468,CSE-FINANCE-002,CSE-FINANCE-002-USR-03,alert,ALRT-000468,analyst
L-ALRT-000469,CSE-POWER-001,CSE-POWER-001-USR-04,alert,ALRT-000469,analyst
L-ALRT-000470,CSE-TELECOM-001,CSE-TELECOM-001-USR-05,alert,ALRT-000470,analyst
L-ALRT-000471,CSE-FINANCE-001,CSE-FINANCE-001-USR-01,alert,ALRT-000471,analyst
L-ALRT-000472,CSE-POWER-002,CSE-POWER-002-USR-02,alert,ALRT-000472,analyst
L-ALRT-000473,CSE-TELECOM-002,CSE-TELECOM-002-USR-03,alert,ALRT-000473,analyst
L-ALRT-000474,CSE-FINANCE-002,CSE-FINANCE-002-USR-04,alert,ALRT-000474,analyst
L-ALRT-000475,CSE-POWER-001,CSE-POWER-001-USR-05,alert,ALRT-000475,analyst
L-ALRT-000476,CSE-TELECOM-001,CSE-TELECOM-001-USR-01,alert,ALRT-000476,analyst
L-ALRT-000477,CSE-FINANCE-001,CSE-FINANCE-001-USR-02,alert,ALRT-000477,analyst
L-ALRT-000478,CSE-POWER-002,CSE-POWER-002-USR-03,alert,ALRT-000478,analyst
L-ALRT-000479,CSE-TELECOM-002,CSE-TELECOM-002-USR-04,alert,ALRT-000479,analyst
L-ALRT-000480,CSE-FINANCE-002,CSE-FINANCE-002-USR-05,alert,ALRT-000480,analyst
L-ALRT-000481,CSE-POWER-001,CSE-POWER-001-USR-01,alert,ALRT-000481,analyst
L-ALRT-000482,CSE-TELECOM-001,CSE-TELECOM-001-USR-02,alert,ALRT-000482,analyst
L-ALRT-000483,CSE-FINANCE-001,CSE-FINANCE-001-USR-03,alert,ALRT-000483,analyst
L-ALRT-000484,CSE-POWER-002,CSE-POWER-002-USR-04,alert,ALRT-000484,analyst
L-ALRT-000485,CSE-TELECOM-002,CSE-TELECOM-002-USR-05,alert,ALRT-000485,analyst
L-ALRT-000486,CSE-FINANCE-002,CSE-FINANCE-002-USR-01,alert,ALRT-000486,analyst
L-ALRT-000487,CSE-POWER-001,CSE-POWER-001-USR-02,alert,ALRT-000487,analyst
L-ALRT-000488,CSE-TELECOM-001,CSE-TELECOM-001-USR-03,alert,ALRT-000488,analyst
L-ALRT-000489,CSE-FINANCE-001,CSE-FINANCE-001-USR-04,alert,ALRT-000489,analyst
L-ALRT-000490,CSE-POWER-002,CSE-POWER-002-USR-05,alert,ALRT-000490,analyst
L-ALRT-000491,CSE-TELECOM-002,CSE-TELECOM-002-USR-01,alert,ALRT-000491,analyst
L-ALRT-000492,CSE-FINANCE-002,CSE-FINANCE-002-USR-02,alert,ALRT-000492,analyst
L-ALRT-000493,CSE-POWER-001,CSE-POWER-001-USR-03,alert,ALRT-000493,analyst
L-ALRT-000494,CSE-TELECOM-001,CSE-TELECOM-001-USR-04,alert,ALRT-000494,analyst
L-ALRT-000495,CSE-FINANCE-001,CSE-FINANCE-001-USR-05,alert,ALRT-000495,analyst
L-ALRT-000496,CSE-POWER-002,CSE-POWER-002-USR-01,alert,ALRT-000496,analyst
L-ALRT-000497,CSE-TELECOM-002,CSE-TELECOM-002-USR-02,alert,ALRT-000497,analyst
L-ALRT-000498,CSE-FINANCE-002,CSE-FINANCE-002-USR-03,alert,ALRT-000498,analyst
L-ALRT-000499,CSE-POWER-001,CSE-POWER-001-USR-04,alert,ALRT-000499,analyst
L-ALRT-000500,CSE-TELECOM-001,CSE-TELECOM-001-USR-05,alert,ALRT-000500,analyst
L-ALRT-000501,CSE-FINANCE-001,CSE-FINANCE-001-USR-01,alert,ALRT-000501,analyst
L-ALRT-000502,CSE-POWER-002,CSE-POWER-002-USR-02,alert,ALRT-000502,analyst
L-ALRT-000503,CSE-TELECOM-002,CSE-TELECOM-002-USR-03,alert,ALRT-000503,analyst
L-ALRT-000504,CSE-FINANCE-002,CSE-FINANCE-002-USR-04,alert,ALRT-000504,analyst
L-ALRT-000505,CSE-POWER-001,CSE-POWER-001-USR-05,alert,ALRT-000505,analyst
L-ALRT-000506,CSE-TELECOM-001,CSE-TELECOM-001-USR-01,alert,ALRT-000506,analyst
L-ALRT-000507,CSE-FINANCE-001,CSE-FINANCE-001-USR-02,alert,ALRT-000507,analyst
L-ALRT-000508,CSE-POWER-002,CSE-POWER-002-USR-03,alert,ALRT-000508,analyst
L-ALRT-000509,CSE-TELECOM-002,CSE-TELECOM-002-USR-04,alert,ALRT-000509,analyst
L-ALRT-000510,CSE-FINANCE-002,CSE-FINANCE-002-USR-05,alert,ALRT-000510,analyst
L-ALRT-000511,CSE-POWER-001,CSE-POWER-001-USR-01,alert,ALRT-000511,analyst
L-ALRT-000512,CSE-TELECOM-001,CSE-TELECOM-001-USR-02,alert,ALRT-000512,analyst
L-ALRT-000513,CSE-FINANCE-001,CSE-FINANCE-001-USR-03,alert,ALRT-000513,analyst
L-ALRT-000514,CSE-POWER-002,CSE-POWER-002-USR-04,alert,ALRT-000514,analyst
L-ALRT-000515,CSE-TELECOM-002,CSE-TELECOM-002-USR-05,alert,ALRT-000515,analyst
L-ALRT-000516,CSE-FINANCE-002,CSE-FINANCE-002-USR-01,alert,ALRT-000516,analyst
L-ALRT-000517,CSE-POWER-001,CSE-POWER-001-USR-02,alert,ALRT-000517,analyst
L-ALRT-000518,CSE-TELECOM-001,CSE-TELECOM-001-USR-03,alert,ALRT-000518,analyst
L-ALRT-000519,CSE-FINANCE-001,CSE-FINANCE-001-USR-04,alert,ALRT-000519,analyst
L-ALRT-000520,CSE-POWER-002,CSE-POWER-002-USR-05,alert,ALRT-000520,analyst
L-ALRT-000521,CSE-TELECOM-002,CSE-TELECOM-002-USR-01,alert,ALRT-000521,analyst
L-ALRT-000522,CSE-FINANCE-002,CSE-FINANCE-002-USR-02,alert,ALRT-000522,analyst
L-ALRT-000523,CSE-POWER-001,CSE-POWER-001-USR-03,alert,ALRT-000523,analyst
L-ALRT-000524,CSE-TELECOM-001,CSE-TELECOM-001-USR-04,alert,ALRT-000524,analyst
L-ALRT-000525,CSE-FINANCE-001,CSE-FINANCE-001-USR-05,alert,ALRT-000525,analyst
L-ALRT-000526,CSE-POWER-002,CSE-POWER-002-USR-01,alert,ALRT-000526,analyst
L-ALRT-000527,CSE-TELECOM-002,CSE-TELECOM-002-USR-02,alert,ALRT-000527,analyst
L-ALRT-000528,CSE-FINANCE-002,CSE-FINANCE-002-USR-03,alert,ALRT-000528,analyst
L-ALRT-000529,CSE-POWER-001,CSE-POWER-001-USR-04,alert,ALRT-000529,analyst
L-ALRT-000530,CSE-TELECOM-001,CSE-TELECOM-001-USR-05,alert,ALRT-000530,analyst
L-ALRT-000531,CSE-FINANCE-001,CSE-FINANCE-001-USR-01,alert,ALRT-000531,analyst
L-ALRT-000532,CSE-POWER-002,CSE-POWER-002-USR-02,alert,ALRT-000532,analyst
L-ALRT-000533,CSE-TELECOM-002,CSE-TELECOM-002-USR-03,alert,ALRT-000533,analyst
L-ALRT-000534,CSE-FINANCE-002,CSE-FINANCE-002-USR-04,alert,ALRT-000534,analyst
L-ALRT-000535,CSE-POWER-001,CSE-POWER-001-USR-05,alert,ALRT-000535,analyst
L-ALRT-000536,CSE-TELECOM-001,CSE-TELECOM-001-USR-01,alert,ALRT-000536,analyst
L-ALRT-000537,CSE-FINANCE-001,CSE-FINANCE-001-USR-02,alert,ALRT-000537,analyst
L-ALRT-000538,CSE-POWER-002,CSE-POWER-002-USR-03,alert,ALRT-000538,analyst
L-ALRT-000539,CSE-TELECOM-002,CSE-TELECOM-002-USR-04,alert,ALRT-000539,analyst
L-ALRT-000540,CSE-FINANCE-002,CSE-FINANCE-002-USR-05,alert,ALRT-000540,analyst
L-ALRT-000541,CSE-POWER-001,CSE-POWER-001-USR-01,alert,ALRT-000541,analyst
L-ALRT-000542,CSE-TELECOM-001,CSE-TELECOM-001-USR-02,alert,ALRT-000542,analyst
L-ALRT-000543,CSE-FINANCE-001,CSE-FINANCE-001-USR-03,alert,ALRT-000543,analyst
L-ALRT-000544,CSE-POWER-002,CSE-POWER-002-USR-04,alert,ALRT-000544,analyst
L-ALRT-000545,CSE-TELECOM-002,CSE-TELECOM-002-USR-05,alert,ALRT-000545,analyst
L-ALRT-000546,CSE-FINANCE-002,CSE-FINANCE-002-USR-01,alert,ALRT-000546,analyst
L-ALRT-000547,CSE-POWER-001,CSE-POWER-001-USR-02,alert,ALRT-000547,analyst
L-ALRT-000548,CSE-TELECOM-001,CSE-TELECOM-001-USR-03,alert,ALRT-000548,analyst
L-ALRT-000549,CSE-FINANCE-001,CSE-FINANCE-001-USR-04,alert,ALRT-000549,analyst
L-ALRT-000550,CSE-POWER-002,CSE-POWER-002-USR-05,alert,ALRT-000550,analyst
L-ALRT-000551,CSE-TELECOM-002,CSE-TELECOM-002-USR-01,alert,ALRT-000551,analyst
L-ALRT-000552,CSE-FINANCE-002,CSE-FINANCE-002-USR-02,alert,ALRT-000552,analyst
L-ALRT-000553,CSE-POWER-001,CSE-POWER-001-USR-03,alert,ALRT-000553,analyst
L-ALRT-000554,CSE-TELECOM-001,CSE-TELECOM-001-USR-04,alert,ALRT-000554,analyst
L-ALRT-000555,CSE-FINANCE-001,CSE-FINANCE-001-USR-05,alert,ALRT-000555,analyst
L-ALRT-000556,CSE-POWER-002,CSE-POWER-002-USR-01,alert,ALRT-000556,analyst
L-ALRT-000557,CSE-TELECOM-002,CSE-TELECOM-002-USR-02,alert,ALRT-000557,analyst
L-ALRT-000558,CSE-FINANCE-002,CSE-FINANCE-002-USR-03,alert,ALRT-000558,analyst
L-ALRT-000559,CSE-POWER-001,CSE-POWER-001-USR-04,alert,ALRT-000559,analyst
L-ALRT-000560,CSE-TELECOM-001,CSE-TELECOM-001-USR-05,alert,ALRT-000560,analyst
L-ALRT-000561,CSE-FINANCE-001,CSE-FINANCE-001-USR-01,alert,ALRT-000561,analyst
L-ALRT-000562,CSE-POWER-002,CSE-POWER-002-USR-02,alert,ALRT-000562,analyst
L-ALRT-000563,CSE-TELECOM-002,CSE-TELECOM-002-USR-03,alert,ALRT-000563,analyst
L-ALRT-000564,CSE-FINANCE-002,CSE-FINANCE-002-USR-04,alert,ALRT-000564,analyst
L-ALRT-000565,CSE-POWER-001,CSE-POWER-001-USR-05,alert,ALRT-000565,analyst
L-ALRT-000566,CSE-TELECOM-001,CSE-TELECOM-001-USR-01,alert,ALRT-000566,analyst
L-ALRT-000567,CSE-FINANCE-001,CSE-FINANCE-001-USR-02,alert,ALRT-000567,analyst
L-ALRT-000568,CSE-POWER-002,CSE-POWER-002-USR-03,alert,ALRT-000568,analyst
L-ALRT-000569,CSE-TELECOM-002,CSE-TELECOM-002-USR-04,alert,ALRT-000569,analyst
L-ALRT-000570,CSE-FINANCE-002,CSE-FINANCE-002-USR-05,alert,ALRT-000570,analyst
L-ALRT-000571,CSE-POWER-001,CSE-POWER-001-USR-01,alert,ALRT-000571,analyst
L-ALRT-000572,CSE-TELECOM-001,CSE-TELECOM-001-USR-02,alert,ALRT-000572,analyst
L-ALRT-000573,CSE-FINANCE-001,CSE-FINANCE-001-USR-03,alert,ALRT-000573,analyst
L-ALRT-000574,CSE-POWER-002,CSE-POWER-002-USR-04,alert,ALRT-000574,analyst
L-ALRT-000575,CSE-TELECOM-002,CSE-TELECOM-002-USR-05,alert,ALRT-000575,analyst
L-ALRT-000576,CSE-FINANCE-002,CSE-FINANCE-002-USR-01,alert,ALRT-000576,analyst
L-ALRT-000577,CSE-POWER-001,CSE-POWER-001-USR-02,alert,ALRT-000577,analyst
L-ALRT-000578,CSE-TELECOM-001,CSE-TELECOM-001-USR-03,alert,ALRT-000578,analyst
L-ALRT-000579,CSE-FINANCE-001,CSE-FINANCE-001-USR-04,alert,ALRT-000579,analyst
L-ALRT-000580,CSE-POWER-002,CSE-POWER-002-USR-05,alert,ALRT-000580,analyst
L-ALRT-000581,CSE-TELECOM-002,CSE-TELECOM-002-USR-01,alert,ALRT-000581,analyst
L-ALRT-000582,CSE-FINANCE-002,CSE-FINANCE-002-USR-02,alert,ALRT-000582,analyst
L-ALRT-000583,CSE-POWER-001,CSE-POWER-001-USR-03,alert,ALRT-000583,analyst
L-ALRT-000584,CSE-TELECOM-001,CSE-TELECOM-001-USR-04,alert,ALRT-000584,analyst
L-ALRT-000585,CSE-FINANCE-001,CSE-FINANCE-001-USR-05,alert,ALRT-000585,analyst
L-ALRT-000586,CSE-POWER-002,CSE-POWER-002-USR-01,alert,ALRT-000586,analyst
L-ALRT-000587,CSE-TELECOM-002,CSE-TELECOM-002-USR-02,alert,ALRT-000587,analyst
L-ALRT-000588,CSE-FINANCE-002,CSE-FINANCE-002-USR-03,alert,ALRT-000588,analyst
L-ALRT-000589,CSE-POWER-001,CSE-POWER-001-USR-04,alert,ALRT-000589,analyst
L-ALRT-000590,CSE-TELECOM-001,CSE-TELECOM-001-USR-05,alert,ALRT-000590,analyst
L-ALRT-000591,CSE-FINANCE-001,CSE-FINANCE-001-USR-01,alert,ALRT-000591,analyst
L-ALRT-000592,CSE-POWER-002,CSE-POWER-002-USR-02,alert,ALRT-000592,analyst
L-ALRT-000593,CSE-TELECOM-002,CSE-TELECOM-002-USR-03,alert,ALRT-000593,analyst
L-ALRT-000594,CSE-FINANCE-002,CSE-FINANCE-002-USR-04,alert,ALRT-000594,analyst
L-ALRT-000595,CSE-POWER-001,CSE-POWER-001-USR-05,alert,ALRT-000595,analyst
L-ALRT-000596,CSE-TELECOM-001,CSE-TELECOM-001-USR-01,alert,ALRT-000596,analyst
L-ALRT-000597,CSE-FINANCE-001,CSE-FINANCE-001-USR-02,alert,ALRT-000597,analyst
L-ALRT-000598,CSE-POWER-002,CSE-POWER-002-USR-03,alert,ALRT-000598,analyst
L-ALRT-000599,CSE-TELECOM-002,CSE-TELECOM-002-USR-04,alert,ALRT-000599,analyst
L-ALRT-000600,CSE-FINANCE-002,CSE-FINANCE-002-USR-05,alert,ALRT-000600,analyst
L-ALRT-000601,CSE-POWER-001,CSE-POWER-001-USR-01,alert,ALRT-000601,analyst
L-ALRT-000602,CSE-TELECOM-001,CSE-TELECOM-001-USR-02,alert,ALRT-000602,analyst
L-ALRT-000603,CSE-FINANCE-001,CSE-FINANCE-001-USR-03,alert,ALRT-000603,analyst
L-ALRT-000604,CSE-POWER-002,CSE-POWER-002-USR-04,alert,ALRT-000604,analyst
L-ALRT-000605,CSE-TELECOM-002,CSE-TELECOM-002-USR-05,alert,ALRT-000605,analyst
L-ALRT-000606,CSE-FINANCE-002,CSE-FINANCE-002-USR-01,alert,ALRT-000606,analyst
L-ALRT-000607,CSE-POWER-001,CSE-POWER-001-USR-02,alert,ALRT-000607,analyst
L-ALRT-000608,CSE-TELECOM-001,CSE-TELECOM-001-USR-03,alert,ALRT-000608,analyst
L-ALRT-000609,CSE-FINANCE-001,CSE-FINANCE-001-USR-04,alert,ALRT-000609,analyst
L-ALRT-000610,CSE-POWER-002,CSE-POWER-002-USR-05,alert,ALRT-000610,analyst
L-ALRT-000611,CSE-TELECOM-002,CSE-TELECOM-002-USR-01,alert,ALRT-000611,analyst
L-ALRT-000612,CSE-FINANCE-002,CSE-FINANCE-002-USR-02,alert,ALRT-000612,analyst
L-ALRT-000613,CSE-POWER-001,CSE-POWER-001-USR-03,alert,ALRT-000613,analyst
L-ALRT-000614,CSE-TELECOM-001,CSE-TELECOM-001-USR-04,alert,ALRT-000614,analyst
L-ALRT-000615,CSE-FINANCE-001,CSE-FINANCE-001-USR-05,alert,ALRT-000615,analyst
L-ALRT-000616,CSE-POWER-002,CSE-POWER-002-USR-01,alert,ALRT-000616,analyst
L-ALRT-000617,CSE-TELECOM-002,CSE-TELECOM-002-USR-02,alert,ALRT-000617,analyst
L-ALRT-000618,CSE-FINANCE-002,CSE-FINANCE-002-USR-03,alert,ALRT-000618,analyst
L-ALRT-000619,CSE-POWER-001,CSE-POWER-001-USR-04,alert,ALRT-000619,analyst
L-ALRT-000620,CSE-TELECOM-001,CSE-TELECOM-001-USR-05,alert,ALRT-000620,analyst
L-ALRT-000621,CSE-FINANCE-001,CSE-FINANCE-001-USR-01,alert,ALRT-000621,analyst
L-ALRT-000622,CSE-POWER-002,CSE-POWER-002-USR-02,alert,ALRT-000622,analyst
L-ALRT-000623,CSE-TELECOM-002,CSE-TELECOM-002-USR-03,alert,ALRT-000623,analyst
L-ALRT-000624,CSE-FINANCE-002,CSE-FINANCE-002-USR-04,alert,ALRT-000624,analyst
L-ALRT-000625,CSE-POWER-001,CSE-POWER-001-USR-05,alert,ALRT-000625,analyst
L-ALRT-000626,CSE-TELECOM-001,CSE-TELECOM-001-USR-01,alert,ALRT-000626,analyst
L-ALRT-000627,CSE-FINANCE-001,CSE-FINANCE-001-USR-02,alert,ALRT-000627,analyst
L-ALRT-000628,CSE-POWER-002,CSE-POWER-002-USR-03,alert,ALRT-000628,analyst
L-ALRT-000629,CSE-TELECOM-002,CSE-TELECOM-002-USR-04,alert,ALRT-000629,analyst
L-ALRT-000630,CSE-FINANCE-002,CSE-FINANCE-002-USR-05,alert,ALRT-000630,analyst
L-ALRT-000631,CSE-POWER-001,CSE-POWER-001-USR-01,alert,ALRT-000631,analyst
L-ALRT-000632,CSE-TELECOM-001,CSE-TELECOM-001-USR-02,alert,ALRT-000632,analyst
L-ALRT-000633,CSE-FINANCE-001,CSE-FINANCE-001-USR-03,alert,ALRT-000633,analyst
L-ALRT-000634,CSE-POWER-002,CSE-POWER-002-USR-04,alert,ALRT-000634,analyst
L-ALRT-000635,CSE-TELECOM-002,CSE-TELECOM-002-USR-05,alert,ALRT-000635,analyst
L-ALRT-000636,CSE-FINANCE-002,CSE-FINANCE-002-USR-01,alert,ALRT-000636,analyst
L-ALRT-000637,CSE-POWER-001,CSE-POWER-001-USR-02,alert,ALRT-000637,analyst
L-ALRT-000638,CSE-TELECOM-001,CSE-TELECOM-001-USR-03,alert,ALRT-000638,analyst
L-ALRT-000639,CSE-FINANCE-001,CSE-FINANCE-001-USR-04,alert,ALRT-000639,analyst
L-ALRT-000640,CSE-POWER-002,CSE-POWER-002-USR-05,alert,ALRT-000640,analyst
L-ALRT-000641,CSE-TELECOM-002,CSE-TELECOM-002-USR-01,alert,ALRT-000641,analyst
L-ALRT-000642,CSE-FINANCE-002,CSE-FINANCE-002-USR-02,alert,ALRT-000642,analyst
L-ALRT-000643,CSE-POWER-001,CSE-POWER-001-USR-03,alert,ALRT-000643,analyst
L-ALRT-000644,CSE-TELECOM-001,CSE-TELECOM-001-USR-04,alert,ALRT-000644,analyst
L-ALRT-000645,CSE-FINANCE-001,CSE-FINANCE-001-USR-05,alert,ALRT-000645,analyst
L-ALRT-000646,CSE-POWER-002,CSE-POWER-002-USR-01,alert,ALRT-000646,analyst
L-ALRT-000647,CSE-TELECOM-002,CSE-TELECOM-002-USR-02,alert,ALRT-000647,analyst
L-ALRT-000648,CSE-FINANCE-002,CSE-FINANCE-002-USR-03,alert,ALRT-000648,analyst
L-ALRT-000649,CSE-POWER-001,CSE-POWER-001-USR-04,alert,ALRT-000649,analyst
L-ALRT-000650,CSE-TELECOM-001,CSE-TELECOM-001-USR-05,alert,ALRT-000650,analyst
L-ALRT-000651,CSE-FINANCE-001,CSE-FINANCE-001-USR-01,alert,ALRT-000651,analyst
L-ALRT-000652,CSE-POWER-002,CSE-POWER-002-USR-02,alert,ALRT-000652,analyst
L-ALRT-000653,CSE-TELECOM-002,CSE-TELECOM-002-USR-03,alert,ALRT-000653,analyst
L-ALRT-000654,CSE-FINANCE-002,CSE-FINANCE-002-USR-04,alert,ALRT-000654,analyst
L-ALRT-000655,CSE-POWER-001,CSE-POWER-001-USR-05,alert,ALRT-000655,analyst
L-ALRT-000656,CSE-TELECOM-001,CSE-TELECOM-001-USR-01,alert,ALRT-000656,analyst
L-ALRT-000657,CSE-FINANCE-001,CSE-FINANCE-001-USR-02,alert,ALRT-000657,analyst
L-ALRT-000658,CSE-POWER-002,CSE-POWER-002-USR-03,alert,ALRT-000658,analyst
L-ALRT-000659,CSE-TELECOM-002,CSE-TELECOM-002-USR-04,alert,ALRT-000659,analyst
L-ALRT-000660,CSE-FINANCE-002,CSE-FINANCE-002-USR-05,alert,ALRT-000660,analyst
L-ALRT-000661,CSE-POWER-001,CSE-POWER-001-USR-01,alert,ALRT-000661,analyst
L-ALRT-000662,CSE-TELECOM-001,CSE-TELECOM-001-USR-02,alert,ALRT-000662,analyst
L-ALRT-000663,CSE-FINANCE-001,CSE-FINANCE-001-USR-03,alert,ALRT-000663,analyst
L-ALRT-000664,CSE-POWER-002,CSE-POWER-002-USR-04,alert,ALRT-000664,analyst
L-ALRT-000665,CSE-TELECOM-002,CSE-TELECOM-002-USR-05,alert,ALRT-000665,analyst
L-ALRT-000666,CSE-FINANCE-002,CSE-FINANCE-002-USR-01,alert,ALRT-000666,analyst
L-ALRT-000667,CSE-POWER-001,CSE-POWER-001-USR-02,alert,ALRT-000667,analyst
L-ALRT-000668,CSE-TELECOM-001,CSE-TELECOM-001-USR-03,alert,ALRT-000668,analyst
L-ALRT-000669,CSE-FINANCE-001,CSE-FINANCE-001-USR-04,alert,ALRT-000669,analyst
L-ALRT-000670,CSE-POWER-002,CSE-POWER-002-USR-05,alert,ALRT-000670,analyst
L-ALRT-000671,CSE-TELECOM-002,CSE-TELECOM-002-USR-01,alert,ALRT-000671,analyst
L-ALRT-000672,CSE-FINANCE-002,CSE-FINANCE-002-USR-02,alert,ALRT-000672,analyst
L-ALRT-000673,CSE-POWER-001,CSE-POWER-001-USR-03,alert,ALRT-000673,analyst
L-ALRT-000674,CSE-TELECOM-001,CSE-TELECOM-001-USR-04,alert,ALRT-000674,analyst
L-ALRT-000675,CSE-FINANCE-001,CSE-FINANCE-001-USR-05,alert,ALRT-000675,analyst
L-ALRT-000676,CSE-POWER-002,CSE-POWER-002-USR-01,alert,ALRT-000676,analyst
L-ALRT-000677,CSE-TELECOM-002,CSE-TELECOM-002-USR-02,alert,ALRT-000677,analyst
L-ALRT-000678,CSE-FINANCE-002,CSE-FINANCE-002-USR-03,alert,ALRT-000678,analyst
L-ALRT-000679,CSE-POWER-001,CSE-POWER-001-USR-04,alert,ALRT-000679,analyst
L-ALRT-000680,CSE-TELECOM-001,CSE-TELECOM-001-USR-05,alert,ALRT-000680,analyst
L-ALRT-000681,CSE-FINANCE-001,CSE-FINANCE-001-USR-01,alert,ALRT-000681,analyst
L-ALRT-000682,CSE-POWER-002,CSE-POWER-002-USR-02,alert,ALRT-000682,analyst
L-ALRT-000683,CSE-TELECOM-002,CSE-TELECOM-002-USR-03,alert,ALRT-000683,analyst
L-ALRT-000684,CSE-FINANCE-002,CSE-FINANCE-002-USR-04,alert,ALRT-000684,analyst
L-ALRT-000685,CSE-POWER-001,CSE-POWER-001-USR-05,alert,ALRT-000685,analyst
L-ALRT-000686,CSE-TELECOM-001,CSE-TELECOM-001-USR-01,alert,ALRT-000686,analyst
L-ALRT-000687,CSE-FINANCE-001,CSE-FINANCE-001-USR-02,alert,ALRT-000687,analyst
L-ALRT-000688,CSE-POWER-002,CSE-POWER-002-USR-03,alert,ALRT-000688,analyst
L-ALRT-000689,CSE-TELECOM-002,CSE-TELECOM-002-USR-04,alert,ALRT-000689,analyst
L-ALRT-000690,CSE-FINANCE-002,CSE-FINANCE-002-USR-05,alert,ALRT-000690,analyst
L-ALRT-000691,CSE-POWER-001,CSE-POWER-001-USR-01,alert,ALRT-000691,analyst
L-ALRT-000692,CSE-TELECOM-001,CSE-TELECOM-001-USR-02,alert,ALRT-000692,analyst
L-ALRT-000693,CSE-FINANCE-001,CSE-FINANCE-001-USR-03,alert,ALRT-000693,analyst
L-ALRT-000694,CSE-POWER-002,CSE-POWER-002-USR-04,alert,ALRT-000694,analyst
L-ALRT-000695,CSE-TELECOM-002,CSE-TELECOM-002-USR-05,alert,ALRT-000695,analyst
L-ALRT-000696,CSE-FINANCE-002,CSE-FINANCE-002-USR-01,alert,ALRT-000696,analyst
L-ALRT-000697,CSE-POWER-001,CSE-POWER-001-USR-02,alert,ALRT-000697,analyst
L-ALRT-000698,CSE-TELECOM-001,CSE-TELECOM-001-USR-03,alert,ALRT-000698,analyst
L-ALRT-000699,CSE-FINANCE-001,CSE-FINANCE-001-USR-04,alert,ALRT-000699,analyst
L-ALRT-000700,CSE-POWER-002,CSE-POWER-002-USR-05,alert,ALRT-000700,analyst
L-ALRT-000701,CSE-TELECOM-002,CSE-TELECOM-002-USR-01,alert,ALRT-000701,analyst
L-ALRT-000702,CSE-FINANCE-002,CSE-FINANCE-002-USR-02,alert,ALRT-000702,analyst
L-ALRT-000703,CSE-POWER-001,CSE-POWER-001-USR-03,alert,ALRT-000703,analyst
L-ALRT-000704,CSE-TELECOM-001,CSE-TELECOM-001-USR-04,alert,ALRT-000704,analyst
L-ALRT-000705,CSE-FINANCE-001,CSE-FINANCE-001-USR-05,alert,ALRT-000705,analyst
L-ALRT-000706,CSE-POWER-002,CSE-POWER-002-USR-01,alert,ALRT-000706,analyst
L-ALRT-000707,CSE-TELECOM-002,CSE-TELECOM-002-USR-02,alert,ALRT-000707,analyst
L-ALRT-000708,CSE-FINANCE-002,CSE-FINANCE-002-USR-03,alert,ALRT-000708,analyst
L-ALRT-000709,CSE-POWER-001,CSE-POWER-001-USR-04,alert,ALRT-000709,analyst
L-ALRT-000710,CSE-TELECOM-001,CSE-TELECOM-001-USR-05,alert,ALRT-000710,analyst
L-ALRT-000711,CSE-FINANCE-001,CSE-FINANCE-001-USR-01,alert,ALRT-000711,analyst
L-ALRT-000712,CSE-POWER-002,CSE-POWER-002-USR-02,alert,ALRT-000712,analyst
L-ALRT-000713,CSE-TELECOM-002,CSE-TELECOM-002-USR-03,alert,ALRT-000713,analyst
L-ALRT-000714,CSE-FINANCE-002,CSE-FINANCE-002-USR-04,alert,ALRT-000714,analyst
L-ALRT-000715,CSE-POWER-001,CSE-POWER-001-USR-05,alert,ALRT-000715,analyst
L-ALRT-000716,CSE-TELECOM-001,CSE-TELECOM-001-USR-01,alert,ALRT-000716,analyst
L-ALRT-000717,CSE-FINANCE-001,CSE-FINANCE-001-USR-02,alert,ALRT-000717,analyst
L-ALRT-000718,CSE-POWER-002,CSE-POWER-002-USR-03,alert,ALRT-000718,analyst
L-ALRT-000719,CSE-TELECOM-002,CSE-TELECOM-002-USR-04,alert,ALRT-000719,analyst
L-ALRT-000720,CSE-FINANCE-002,CSE-FINANCE-002-USR-05,alert,ALRT-000720,analyst
L-ALRT-000721,CSE-POWER-001,CSE-POWER-001-USR-01,alert,ALRT-000721,analyst
L-ALRT-000722,CSE-TELECOM-001,CSE-TELECOM-001-USR-02,alert,ALRT-000722,analyst
L-ALRT-000723,CSE-FINANCE-001,CSE-FINANCE-001-USR-03,alert,ALRT-000723,analyst
L-ALRT-000724,CSE-POWER-002,CSE-POWER-002-USR-04,alert,ALRT-000724,analyst
L-ALRT-000725,CSE-TELECOM-002,CSE-TELECOM-002-USR-05,alert,ALRT-000725,analyst
L-ALRT-000726,CSE-FINANCE-002,CSE-FINANCE-002-USR-01,alert,ALRT-000726,analyst
L-ALRT-000727,CSE-POWER-001,CSE-POWER-001-USR-02,alert,ALRT-000727,analyst
L-ALRT-000728,CSE-TELECOM-001,CSE-TELECOM-001-USR-03,alert,ALRT-000728,analyst
L-ALRT-000729,CSE-FINANCE-001,CSE-FINANCE-001-USR-04,alert,ALRT-000729,analyst
L-ALRT-000730,CSE-POWER-002,CSE-POWER-002-USR-05,alert,ALRT-000730,analyst
L-ALRT-000731,CSE-TELECOM-002,CSE-TELECOM-002-USR-01,alert,ALRT-000731,analyst
L-ALRT-000732,CSE-FINANCE-002,CSE-FINANCE-002-USR-02,alert,ALRT-000732,analyst
L-ALRT-000733,CSE-POWER-001,CSE-POWER-001-USR-03,alert,ALRT-000733,analyst
L-ALRT-000734,CSE-TELECOM-001,CSE-TELECOM-001-USR-04,alert,ALRT-000734,analyst
L-ALRT-000735,CSE-FINANCE-001,CSE-FINANCE-001-USR-05,alert,ALRT-000735,analyst
L-ALRT-000736,CSE-POWER-002,CSE-POWER-002-USR-01,alert,ALRT-000736,analyst
L-ALRT-000737,CSE-TELECOM-002,CSE-TELECOM-002-USR-02,alert,ALRT-000737,analyst
L-ALRT-000738,CSE-FINANCE-002,CSE-FINANCE-002-USR-03,alert,ALRT-000738,analyst
L-ALRT-000739,CSE-POWER-001,CSE-POWER-001-USR-04,alert,ALRT-000739,analyst
L-ALRT-000740,CSE-TELECOM-001,CSE-TELECOM-001-USR-05,alert,ALRT-000740,analyst
L-ALRT-000741,CSE-FINANCE-001,CSE-FINANCE-001-USR-01,alert,ALRT-000741,analyst
L-ALRT-000742,CSE-POWER-002,CSE-POWER-002-USR-02,alert,ALRT-000742,analyst
L-ALRT-000743,CSE-TELECOM-002,CSE-TELECOM-002-USR-03,alert,ALRT-000743,analyst
L-ALRT-000744,CSE-FINANCE-002,CSE-FINANCE-002-USR-04,alert,ALRT-000744,analyst
L-ALRT-000745,CSE-POWER-001,CSE-POWER-001-USR-05,alert,ALRT-000745,analyst
L-ALRT-000746,CSE-TELECOM-001,CSE-TELECOM-001-USR-01,alert,ALRT-000746,analyst
L-ALRT-000747,CSE-FINANCE-001,CSE-FINANCE-001-USR-02,alert,ALRT-000747,analyst
L-ALRT-000748,CSE-POWER-002,CSE-POWER-002-USR-03,alert,ALRT-000748,analyst
L-ALRT-000749,CSE-TELECOM-002,CSE-TELECOM-002-USR-04,alert,ALRT-000749,analyst
L-ALRT-000750,CSE-FINANCE-002,CSE-FINANCE-002-USR-05,alert,ALRT-000750,analyst
L-ALRT-000751,CSE-POWER-001,CSE-POWER-001-USR-01,alert,ALRT-000751,analyst
L-ALRT-000752,CSE-TELECOM-001,CSE-TELECOM-001-USR-02,alert,ALRT-000752,analyst
L-ALRT-000753,CSE-FINANCE-001,CSE-FINANCE-001-USR-03,alert,ALRT-000753,analyst
L-ALRT-000754,CSE-POWER-002,CSE-POWER-002-USR-04,alert,ALRT-000754,analyst
L-ALRT-000755,CSE-TELECOM-002,CSE-TELECOM-002-USR-05,alert,ALRT-000755,analyst
L-ALRT-000756,CSE-FINANCE-002,CSE-FINANCE-002-USR-01,alert,ALRT-000756,analyst
L-ALRT-000757,CSE-POWER-001,CSE-POWER-001-USR-02,alert,ALRT-000757,analyst
L-ALRT-000758,CSE-TELECOM-001,CSE-TELECOM-001-USR-03,alert,ALRT-000758,analyst
L-ALRT-000759,CSE-FINANCE-001,CSE-FINANCE-001-USR-04,alert,ALRT-000759,analyst
L-ALRT-000760,CSE-POWER-002,CSE-POWER-002-USR-05,alert,ALRT-000760,analyst
L-ALRT-000761,CSE-TELECOM-002,CSE-TELECOM-002-USR-01,alert,ALRT-000761,analyst
L-ALRT-000762,CSE-FINANCE-002,CSE-FINANCE-002-USR-02,alert,ALRT-000762,analyst
L-ALRT-000763,CSE-POWER-001,CSE-POWER-001-USR-03,alert,ALRT-000763,analyst
L-ALRT-000764,CSE-TELECOM-001,CSE-TELECOM-001-USR-04,alert,ALRT-000764,analyst
L-ALRT-000765,CSE-FINANCE-001,CSE-FINANCE-001-USR-05,alert,ALRT-000765,analyst
L-ALRT-000766,CSE-POWER-002,CSE-POWER-002-USR-01,alert,ALRT-000766,analyst
L-ALRT-000767,CSE-TELECOM-002,CSE-TELECOM-002-USR-02,alert,ALRT-000767,analyst
L-ALRT-000768,CSE-FINANCE-002,CSE-FINANCE-002-USR-03,alert,ALRT-000768,analyst
L-ALRT-000769,CSE-POWER-001,CSE-POWER-001-USR-04,alert,ALRT-000769,analyst
L-ALRT-000770,CSE-TELECOM-001,CSE-TELECOM-001-USR-05,alert,ALRT-000770,analyst
L-ALRT-000771,CSE-FINANCE-001,CSE-FINANCE-001-USR-01,alert,ALRT-000771,analyst
L-ALRT-000772,CSE-POWER-002,CSE-POWER-002-USR-02,alert,ALRT-000772,analyst
L-ALRT-000773,CSE-TELECOM-002,CSE-TELECOM-002-USR-03,alert,ALRT-000773,analyst
L-ALRT-000774,CSE-FINANCE-002,CSE-FINANCE-002-USR-04,alert,ALRT-000774,analyst
L-ALRT-000775,CSE-POWER-001,CSE-POWER-001-USR-05,alert,ALRT-000775,analyst
L-ALRT-000776,CSE-TELECOM-001,CSE-TELECOM-001-USR-01,alert,ALRT-000776,analyst
L-ALRT-000777,CSE-FINANCE-001,CSE-FINANCE-001-USR-02,alert,ALRT-000777,analyst
L-ALRT-000778,CSE-POWER-002,CSE-POWER-002-USR-03,alert,ALRT-000778,analyst
L-ALRT-000779,CSE-TELECOM-002,CSE-TELECOM-002-USR-04,alert,ALRT-000779,analyst
L-ALRT-000780,CSE-FINANCE-002,CSE-FINANCE-002-USR-05,alert,ALRT-000780,analyst
L-ALRT-000781,CSE-POWER-001,CSE-POWER-001-USR-01,alert,ALRT-000781,analyst
L-ALRT-000782,CSE-TELECOM-001,CSE-TELECOM-001-USR-02,alert,ALRT-000782,analyst
L-ALRT-000783,CSE-FINANCE-001,CSE-FINANCE-001-USR-03,alert,ALRT-000783,analyst
L-ALRT-000784,CSE-POWER-002,CSE-POWER-002-USR-04,alert,ALRT-000784,analyst
L-ALRT-000785,CSE-TELECOM-002,CSE-TELECOM-002-USR-05,alert,ALRT-000785,analyst
L-ALRT-000786,CSE-FINANCE-002,CSE-FINANCE-002-USR-01,alert,ALRT-000786,analyst
L-ALRT-000787,CSE-POWER-001,CSE-POWER-001-USR-02,alert,ALRT-000787,analyst
L-ALRT-000788,CSE-TELECOM-001,CSE-TELECOM-001-USR-03,alert,ALRT-000788,analyst
L-ALRT-000789,CSE-FINANCE-001,CSE-FINANCE-001-USR-04,alert,ALRT-000789,analyst
L-ALRT-000790,CSE-POWER-002,CSE-POWER-002-USR-05,alert,ALRT-000790,analyst
L-ALRT-000791,CSE-TELECOM-002,CSE-TELECOM-002-USR-01,alert,ALRT-000791,analyst
L-ALRT-000792,CSE-FINANCE-002,CSE-FINANCE-002-USR-02,alert,ALRT-000792,analyst
L-ALRT-000793,CSE-POWER-001,CSE-POWER-001-USR-03,alert,ALRT-000793,analyst
L-ALRT-000794,CSE-TELECOM-001,CSE-TELECOM-001-USR-04,alert,ALRT-000794,analyst
L-ALRT-000795,CSE-FINANCE-001,CSE-FINANCE-001-USR-05,alert,ALRT-000795,analyst
L-ALRT-000796,CSE-POWER-002,CSE-POWER-002-USR-01,alert,ALRT-000796,analyst
L-ALRT-000797,CSE-TELECOM-002,CSE-TELECOM-002-USR-02,alert,ALRT-000797,analyst
L-ALRT-000798,CSE-FINANCE-002,CSE-FINANCE-002-USR-03,alert,ALRT-000798,analyst
L-ALRT-000799,CSE-POWER-001,CSE-POWER-001-USR-04,alert,ALRT-000799,analyst
L-ALRT-000800,CSE-TELECOM-001,CSE-TELECOM-001-USR-05,alert,ALRT-000800,analyst
L-ALRT-000801,CSE-FINANCE-001,CSE-FINANCE-001-USR-01,alert,ALRT-000801,analyst
L-ALRT-000802,CSE-POWER-002,CSE-POWER-002-USR-02,alert,ALRT-000802,analyst
L-ALRT-000803,CSE-TELECOM-002,CSE-TELECOM-002-USR-03,alert,ALRT-000803,analyst
L-ALRT-000804,CSE-FINANCE-002,CSE-FINANCE-002-USR-04,alert,ALRT-000804,analyst
L-ALRT-000805,CSE-POWER-001,CSE-POWER-001-USR-05,alert,ALRT-000805,analyst
L-ALRT-000806,CSE-TELECOM-001,CSE-TELECOM-001-USR-01,alert,ALRT-000806,analyst
L-ALRT-000807,CSE-FINANCE-001,CSE-FINANCE-001-USR-02,alert,ALRT-000807,analyst
L-ALRT-000808,CSE-POWER-002,CSE-POWER-002-USR-03,alert,ALRT-000808,analyst
L-ALRT-000809,CSE-TELECOM-002,CSE-TELECOM-002-USR-04,alert,ALRT-000809,analyst
L-ALRT-000810,CSE-FINANCE-002,CSE-FINANCE-002-USR-05,alert,ALRT-000810,analyst
L-ALRT-000811,CSE-POWER-001,CSE-POWER-001-USR-01,alert,ALRT-000811,analyst
L-ALRT-000812,CSE-TELECOM-001,CSE-TELECOM-001-USR-02,alert,ALRT-000812,analyst
L-ALRT-000813,CSE-FINANCE-001,CSE-FINANCE-001-USR-03,alert,ALRT-000813,analyst
L-ALRT-000814,CSE-POWER-002,CSE-POWER-002-USR-04,alert,ALRT-000814,analyst
L-ALRT-000815,CSE-TELECOM-002,CSE-TELECOM-002-USR-05,alert,ALRT-000815,analyst
L-ALRT-000816,CSE-FINANCE-002,CSE-FINANCE-002-USR-01,alert,ALRT-000816,analyst
L-ALRT-000817,CSE-POWER-001,CSE-POWER-001-USR-02,alert,ALRT-000817,analyst
L-ALRT-000818,CSE-TELECOM-001,CSE-TELECOM-001-USR-03,alert,ALRT-000818,analyst
L-ALRT-000819,CSE-FINANCE-001,CSE-FINANCE-001-USR-04,alert,ALRT-000819,analyst
L-ALRT-000820,CSE-POWER-002,CSE-POWER-002-USR-05,alert,ALRT-000820,analyst
L-ALRT-000821,CSE-TELECOM-002,CSE-TELECOM-002-USR-01,alert,ALRT-000821,analyst
L-ALRT-000822,CSE-FINANCE-002,CSE-FINANCE-002-USR-02,alert,ALRT-000822,analyst
L-ALRT-000823,CSE-POWER-001,CSE-POWER-001-USR-03,alert,ALRT-000823,analyst
L-ALRT-000824,CSE-TELECOM-001,CSE-TELECOM-001-USR-04,alert,ALRT-000824,analyst
L-ALRT-000825,CSE-FINANCE-001,CSE-FINANCE-001-USR-05,alert,ALRT-000825,analyst
L-ALRT-000826,CSE-POWER-002,CSE-POWER-002-USR-01,alert,ALRT-000826,analyst
L-ALRT-000827,CSE-TELECOM-002,CSE-TELECOM-002-USR-02,alert,ALRT-000827,analyst
L-ALRT-000828,CSE-FINANCE-002,CSE-FINANCE-002-USR-03,alert,ALRT-000828,analyst
L-ALRT-000829,CSE-POWER-001,CSE-POWER-001-USR-04,alert,ALRT-000829,analyst
L-ALRT-000830,CSE-TELECOM-001,CSE-TELECOM-001-USR-05,alert,ALRT-000830,analyst
L-ALRT-000831,CSE-FINANCE-001,CSE-FINANCE-001-USR-01,alert,ALRT-000831,analyst
L-ALRT-000832,CSE-POWER-002,CSE-POWER-002-USR-02,alert,ALRT-000832,analyst
L-ALRT-000833,CSE-TELECOM-002,CSE-TELECOM-002-USR-03,alert,ALRT-000833,analyst
L-ALRT-000834,CSE-FINANCE-002,CSE-FINANCE-002-USR-04,alert,ALRT-000834,analyst
L-ALRT-000835,CSE-POWER-001,CSE-POWER-001-USR-05,alert,ALRT-000835,analyst
L-ALRT-000836,CSE-TELECOM-001,CSE-TELECOM-001-USR-01,alert,ALRT-000836,analyst
L-ALRT-000837,CSE-FINANCE-001,CSE-FINANCE-001-USR-02,alert,ALRT-000837,analyst
L-ALRT-000838,CSE-POWER-002,CSE-POWER-002-USR-03,alert,ALRT-000838,analyst
L-ALRT-000839,CSE-TELECOM-002,CSE-TELECOM-002-USR-04,alert,ALRT-000839,analyst
L-ALRT-000840,CSE-FINANCE-002,CSE-FINANCE-002-USR-05,alert,ALRT-000840,analyst
L-ALRT-000841,CSE-POWER-001,CSE-POWER-001-USR-01,alert,ALRT-000841,analyst
L-ALRT-000842,CSE-TELECOM-001,CSE-TELECOM-001-USR-02,alert,ALRT-000842,analyst
L-ALRT-000843,CSE-FINANCE-001,CSE-FINANCE-001-USR-03,alert,ALRT-000843,analyst
L-ALRT-000844,CSE-POWER-002,CSE-POWER-002-USR-04,alert,ALRT-000844,analyst
L-ALRT-000845,CSE-TELECOM-002,CSE-TELECOM-002-USR-05,alert,ALRT-000845,analyst
L-ALRT-000846,CSE-FINANCE-002,CSE-FINANCE-002-USR-01,alert,ALRT-000846,analyst
L-ALRT-000847,CSE-POWER-001,CSE-POWER-001-USR-02,alert,ALRT-000847,analyst
L-ALRT-000848,CSE-TELECOM-001,CSE-TELECOM-001-USR-03,alert,ALRT-000848,analyst
L-ALRT-000849,CSE-FINANCE-001,CSE-FINANCE-001-USR-04,alert,ALRT-000849,analyst
L-ALRT-000850,CSE-POWER-002,CSE-POWER-002-USR-05,alert,ALRT-000850,analyst
L-ALRT-000851,CSE-TELECOM-002,CSE-TELECOM-002-USR-01,alert,ALRT-000851,analyst
L-ALRT-000852,CSE-FINANCE-002,CSE-FINANCE-002-USR-02,alert,ALRT-000852,analyst
L-ALRT-000853,CSE-POWER-001,CSE-POWER-001-USR-03,alert,ALRT-000853,analyst
L-ALRT-000854,CSE-TELECOM-001,CSE-TELECOM-001-USR-04,alert,ALRT-000854,analyst
L-ALRT-000855,CSE-FINANCE-001,CSE-FINANCE-001-USR-05,alert,ALRT-000855,analyst
L-ALRT-000856,CSE-POWER-002,CSE-POWER-002-USR-01,alert,ALRT-000856,analyst
L-ALRT-000857,CSE-TELECOM-002,CSE-TELECOM-002-USR-02,alert,ALRT-000857,analyst
L-ALRT-000858,CSE-FINANCE-002,CSE-FINANCE-002-USR-03,alert,ALRT-000858,analyst
L-ALRT-000859,CSE-POWER-001,CSE-POWER-001-USR-04,alert,ALRT-000859,analyst
L-ALRT-000860,CSE-TELECOM-001,CSE-TELECOM-001-USR-05,alert,ALRT-000860,analyst
L-ALRT-000861,CSE-FINANCE-001,CSE-FINANCE-001-USR-01,alert,ALRT-000861,analyst
L-ALRT-000862,CSE-POWER-002,CSE-POWER-002-USR-02,alert,ALRT-000862,analyst
L-ALRT-000863,CSE-TELECOM-002,CSE-TELECOM-002-USR-03,alert,ALRT-000863,analyst
L-ALRT-000864,CSE-FINANCE-002,CSE-FINANCE-002-USR-04,alert,ALRT-000864,analyst
L-ALRT-000865,CSE-POWER-001,CSE-POWER-001-USR-05,alert,ALRT-000865,analyst
L-ALRT-000866,CSE-TELECOM-001,CSE-TELECOM-001-USR-01,alert,ALRT-000866,analyst
L-ALRT-000867,CSE-FINANCE-001,CSE-FINANCE-001-USR-02,alert,ALRT-000867,analyst
L-ALRT-000868,CSE-POWER-002,CSE-POWER-002-USR-03,alert,ALRT-000868,analyst
L-ALRT-000869,CSE-TELECOM-002,CSE-TELECOM-002-USR-04,alert,ALRT-000869,analyst
L-ALRT-000870,CSE-FINANCE-002,CSE-FINANCE-002-USR-05,alert,ALRT-000870,analyst
L-ALRT-000871,CSE-POWER-001,CSE-POWER-001-USR-01,alert,ALRT-000871,analyst
L-ALRT-000872,CSE-TELECOM-001,CSE-TELECOM-001-USR-02,alert,ALRT-000872,analyst
L-ALRT-000873,CSE-FINANCE-001,CSE-FINANCE-001-USR-03,alert,ALRT-000873,analyst
L-ALRT-000874,CSE-POWER-002,CSE-POWER-002-USR-04,alert,ALRT-000874,analyst
L-ALRT-000875,CSE-TELECOM-002,CSE-TELECOM-002-USR-05,alert,ALRT-000875,analyst
L-ALRT-000876,CSE-FINANCE-002,CSE-FINANCE-002-USR-01,alert,ALRT-000876,analyst
L-ALRT-000877,CSE-POWER-001,CSE-POWER-001-USR-02,alert,ALRT-000877,analyst
L-ALRT-000878,CSE-TELECOM-001,CSE-TELECOM-001-USR-03,alert,ALRT-000878,analyst
L-ALRT-000879,CSE-FINANCE-001,CSE-FINANCE-001-USR-04,alert,ALRT-000879,analyst
L-ALRT-000880,CSE-POWER-002,CSE-POWER-002-USR-05,alert,ALRT-000880,analyst
L-ALRT-000881,CSE-TELECOM-002,CSE-TELECOM-002-USR-01,alert,ALRT-000881,analyst
L-ALRT-000882,CSE-FINANCE-002,CSE-FINANCE-002-USR-02,alert,ALRT-000882,analyst
L-ALRT-000883,CSE-POWER-001,CSE-POWER-001-USR-03,alert,ALRT-000883,analyst
L-ALRT-000884,CSE-TELECOM-001,CSE-TELECOM-001-USR-04,alert,ALRT-000884,analyst
L-ALRT-000885,CSE-FINANCE-001,CSE-FINANCE-001-USR-05,alert,ALRT-000885,analyst
L-ALRT-000886,CSE-POWER-002,CSE-POWER-002-USR-01,alert,ALRT-000886,analyst
L-ALRT-000887,CSE-TELECOM-002,CSE-TELECOM-002-USR-02,alert,ALRT-000887,analyst
L-ALRT-000888,CSE-FINANCE-002,CSE-FINANCE-002-USR-03,alert,ALRT-000888,analyst
L-ALRT-000889,CSE-POWER-001,CSE-POWER-001-USR-04,alert,ALRT-000889,analyst
L-ALRT-000890,CSE-TELECOM-001,CSE-TELECOM-001-USR-05,alert,ALRT-000890,analyst
L-ALRT-000891,CSE-FINANCE-001,CSE-FINANCE-001-USR-01,alert,ALRT-000891,analyst
L-ALRT-000892,CSE-POWER-002,CSE-POWER-002-USR-02,alert,ALRT-000892,analyst
L-ALRT-000893,CSE-TELECOM-002,CSE-TELECOM-002-USR-03,alert,ALRT-000893,analyst
L-ALRT-000894,CSE-FINANCE-002,CSE-FINANCE-002-USR-04,alert,ALRT-000894,analyst
L-ALRT-000895,CSE-POWER-001,CSE-POWER-001-USR-05,alert,ALRT-000895,analyst
L-ALRT-000896,CSE-TELECOM-001,CSE-TELECOM-001-USR-01,alert,ALRT-000896,analyst
L-ALRT-000897,CSE-FINANCE-001,CSE-FINANCE-001-USR-02,alert,ALRT-000897,analyst
L-ALRT-000898,CSE-POWER-002,CSE-POWER-002-USR-03,alert,ALRT-000898,analyst
L-ALRT-000899,CSE-TELECOM-002,CSE-TELECOM-002-USR-04,alert,ALRT-000899,analyst
L-ALRT-000900,CSE-FINANCE-002,CSE-FINANCE-002-USR-05,alert,ALRT-000900,analyst
L-ALRT-000901,CSE-POWER-001,CSE-POWER-001-USR-01,alert,ALRT-000901,analyst
L-ALRT-000902,CSE-TELECOM-001,CSE-TELECOM-001-USR-02,alert,ALRT-000902,analyst
L-ALRT-000903,CSE-FINANCE-001,CSE-FINANCE-001-USR-03,alert,ALRT-000903,analyst
L-ALRT-000904,CSE-POWER-002,CSE-POWER-002-USR-04,alert,ALRT-000904,analyst
L-ALRT-000905,CSE-TELECOM-002,CSE-TELECOM-002-USR-05,alert,ALRT-000905,analyst
L-ALRT-000906,CSE-FINANCE-002,CSE-FINANCE-002-USR-01,alert,ALRT-000906,analyst
L-ALRT-000907,CSE-POWER-001,CSE-POWER-001-USR-02,alert,ALRT-000907,analyst
L-ALRT-000908,CSE-TELECOM-001,CSE-TELECOM-001-USR-03,alert,ALRT-000908,analyst
L-ALRT-000909,CSE-FINANCE-001,CSE-FINANCE-001-USR-04,alert,ALRT-000909,analyst
L-ALRT-000910,CSE-POWER-002,CSE-POWER-002-USR-05,alert,ALRT-000910,analyst
L-ALRT-000911,CSE-TELECOM-002,CSE-TELECOM-002-USR-01,alert,ALRT-000911,analyst
L-ALRT-000912,CSE-FINANCE-002,CSE-FINANCE-002-USR-02,alert,ALRT-000912,analyst
L-ALRT-000913,CSE-POWER-001,CSE-POWER-001-USR-03,alert,ALRT-000913,analyst
L-ALRT-000914,CSE-TELECOM-001,CSE-TELECOM-001-USR-04,alert,ALRT-000914,analyst
L-ALRT-000915,CSE-FINANCE-001,CSE-FINANCE-001-USR-05,alert,ALRT-000915,analyst
L-ALRT-000916,CSE-POWER-002,CSE-POWER-002-USR-01,alert,ALRT-000916,analyst
L-ALRT-000917,CSE-TELECOM-002,CSE-TELECOM-002-USR-02,alert,ALRT-000917,analyst
L-ALRT-000918,CSE-FINANCE-002,CSE-FINANCE-002-USR-03,alert,ALRT-000918,analyst
L-ALRT-000919,CSE-POWER-001,CSE-POWER-001-USR-04,alert,ALRT-000919,analyst
L-ALRT-000920,CSE-TELECOM-001,CSE-TELECOM-001-USR-05,alert,ALRT-000920,analyst
L-ALRT-000921,CSE-FINANCE-001,CSE-FINANCE-001-USR-01,alert,ALRT-000921,analyst
L-ALRT-000922,CSE-POWER-002,CSE-POWER-002-USR-02,alert,ALRT-000922,analyst
L-ALRT-000923,CSE-TELECOM-002,CSE-TELECOM-002-USR-03,alert,ALRT-000923,analyst
L-ALRT-000924,CSE-FINANCE-002,CSE-FINANCE-002-USR-04,alert,ALRT-000924,analyst
L-ALRT-000925,CSE-POWER-001,CSE-POWER-001-USR-05,alert,ALRT-000925,analyst
L-ALRT-000926,CSE-TELECOM-001,CSE-TELECOM-001-USR-01,alert,ALRT-000926,analyst
L-ALRT-000927,CSE-FINANCE-001,CSE-FINANCE-001-USR-02,alert,ALRT-000927,analyst
L-ALRT-000928,CSE-POWER-002,CSE-POWER-002-USR-03,alert,ALRT-000928,analyst
L-ALRT-000929,CSE-TELECOM-002,CSE-TELECOM-002-USR-04,alert,ALRT-000929,analyst
L-ALRT-000930,CSE-FINANCE-002,CSE-FINANCE-002-USR-05,alert,ALRT-000930,analyst
L-ALRT-000931,CSE-POWER-001,CSE-POWER-001-USR-01,alert,ALRT-000931,analyst
L-ALRT-000932,CSE-TELECOM-001,CSE-TELECOM-001-USR-02,alert,ALRT-000932,analyst
L-ALRT-000933,CSE-FINANCE-001,CSE-FINANCE-001-USR-03,alert,ALRT-000933,analyst
L-ALRT-000934,CSE-POWER-002,CSE-POWER-002-USR-04,alert,ALRT-000934,analyst
L-ALRT-000935,CSE-TELECOM-002,CSE-TELECOM-002-USR-05,alert,ALRT-000935,analyst
L-ALRT-000936,CSE-FINANCE-002,CSE-FINANCE-002-USR-01,alert,ALRT-000936,analyst
L-ALRT-000937,CSE-POWER-001,CSE-POWER-001-USR-02,alert,ALRT-000937,analyst
L-ALRT-000938,CSE-TELECOM-001,CSE-TELECOM-001-USR-03,alert,ALRT-000938,analyst
L-ALRT-000939,CSE-FINANCE-001,CSE-FINANCE-001-USR-04,alert,ALRT-000939,analyst
L-ALRT-000940,CSE-POWER-002,CSE-POWER-002-USR-05,alert,ALRT-000940,analyst
L-ALRT-000941,CSE-TELECOM-002,CSE-TELECOM-002-USR-01,alert,ALRT-000941,analyst
L-ALRT-000942,CSE-FINANCE-002,CSE-FINANCE-002-USR-02,alert,ALRT-000942,analyst
L-ALRT-000943,CSE-POWER-001,CSE-POWER-001-USR-03,alert,ALRT-000943,analyst
L-ALRT-000944,CSE-TELECOM-001,CSE-TELECOM-001-USR-04,alert,ALRT-000944,analyst
L-ALRT-000945,CSE-FINANCE-001,CSE-FINANCE-001-USR-05,alert,ALRT-000945,analyst
L-ALRT-000946,CSE-POWER-002,CSE-POWER-002-USR-01,alert,ALRT-000946,analyst
L-ALRT-000947,CSE-TELECOM-002,CSE-TELECOM-002-USR-02,alert,ALRT-000947,analyst
L-ALRT-000948,CSE-FINANCE-002,CSE-FINANCE-002-USR-03,alert,ALRT-000948,analyst
L-ALRT-000949,CSE-POWER-001,CSE-POWER-001-USR-04,alert,ALRT-000949,analyst
L-ALRT-000950,CSE-TELECOM-001,CSE-TELECOM-001-USR-05,alert,ALRT-000950,analyst
L-ALRT-000951,CSE-FINANCE-001,CSE-FINANCE-001-USR-01,alert,ALRT-000951,analyst
L-ALRT-000952,CSE-POWER-002,CSE-POWER-002-USR-02,alert,ALRT-000952,analyst
L-ALRT-000953,CSE-TELECOM-002,CSE-TELECOM-002-USR-03,alert,ALRT-000953,analyst
L-ALRT-000954,CSE-FINANCE-002,CSE-FINANCE-002-USR-04,alert,ALRT-000954,analyst
L-ALRT-000955,CSE-POWER-001,CSE-POWER-001-USR-05,alert,ALRT-000955,analyst
L-ALRT-000956,CSE-TELECOM-001,CSE-TELECOM-001-USR-01,alert,ALRT-000956,analyst
L-ALRT-000957,CSE-FINANCE-001,CSE-FINANCE-001-USR-02,alert,ALRT-000957,analyst
L-ALRT-000958,CSE-POWER-002,CSE-POWER-002-USR-03,alert,ALRT-000958,analyst
L-ALRT-000959,CSE-TELECOM-002,CSE-TELECOM-002-USR-04,alert,ALRT-000959,analyst
L-ALRT-000960,CSE-FINANCE-002,CSE-FINANCE-002-USR-05,alert,ALRT-000960,analyst
L-ALRT-000961,CSE-POWER-001,CSE-POWER-001-USR-01,alert,ALRT-000961,analyst
L-ALRT-000962,CSE-TELECOM-001,CSE-TELECOM-001-USR-02,alert,ALRT-000962,analyst
L-ALRT-000963,CSE-FINANCE-001,CSE-FINANCE-001-USR-03,alert,ALRT-000963,analyst
L-ALRT-000964,CSE-POWER-002,CSE-POWER-002-USR-04,alert,ALRT-000964,analyst
L-ALRT-000965,CSE-TELECOM-002,CSE-TELECOM-002-USR-05,alert,ALRT-000965,analyst
L-ALRT-000966,CSE-FINANCE-002,CSE-FINANCE-002-USR-01,alert,ALRT-000966,analyst
L-ALRT-000967,CSE-POWER-001,CSE-POWER-001-USR-02,alert,ALRT-000967,analyst
L-ALRT-000968,CSE-TELECOM-001,CSE-TELECOM-001-USR-03,alert,ALRT-000968,analyst
L-ALRT-000969,CSE-FINANCE-001,CSE-FINANCE-001-USR-04,alert,ALRT-000969,analyst
L-ALRT-000970,CSE-POWER-002,CSE-POWER-002-USR-05,alert,ALRT-000970,analyst
L-ALRT-000971,CSE-TELECOM-002,CSE-TELECOM-002-USR-01,alert,ALRT-000971,analyst
L-ALRT-000972,CSE-FINANCE-002,CSE-FINANCE-002-USR-02,alert,ALRT-000972,analyst
L-ALRT-000973,CSE-POWER-001,CSE-POWER-001-USR-03,alert,ALRT-000973,analyst
L-ALRT-000974,CSE-TELECOM-001,CSE-TELECOM-001-USR-04,alert,ALRT-000974,analyst
L-ALRT-000975,CSE-FINANCE-001,CSE-FINANCE-001-USR-05,alert,ALRT-000975,analyst
L-ALRT-000976,CSE-POWER-002,CSE-POWER-002-USR-01,alert,ALRT-000976,analyst
L-ALRT-000977,CSE-TELECOM-002,CSE-TELECOM-002-USR-02,alert,ALRT-000977,analyst
L-ALRT-000978,CSE-FINANCE-002,CSE-FINANCE-002-USR-03,alert,ALRT-000978,analyst
L-ALRT-000979,CSE-POWER-001,CSE-POWER-001-USR-04,alert,ALRT-000979,analyst
L-ALRT-000980,CSE-TELECOM-001,CSE-TELECOM-001-USR-05,alert,ALRT-000980,analyst
L-ALRT-000981,CSE-FINANCE-001,CSE-FINANCE-001-USR-01,alert,ALRT-000981,analyst
L-ALRT-000982,CSE-POWER-002,CSE-POWER-002-USR-02,alert,ALRT-000982,analyst
L-ALRT-000983,CSE-TELECOM-002,CSE-TELECOM-002-USR-03,alert,ALRT-000983,analyst
L-ALRT-000984,CSE-FINANCE-002,CSE-FINANCE-002-USR-04,alert,ALRT-000984,analyst
L-ALRT-000985,CSE-POWER-001,CSE-POWER-001-USR-05,alert,ALRT-000985,analyst
L-ALRT-000986,CSE-TELECOM-001,CSE-TELECOM-001-USR-01,alert,ALRT-000986,analyst
L-ALRT-000987,CSE-FINANCE-001,CSE-FINANCE-001-USR-02,alert,ALRT-000987,analyst
L-ALRT-000988,CSE-POWER-002,CSE-POWER-002-USR-03,alert,ALRT-000988,analyst
L-ALRT-000989,CSE-TELECOM-002,CSE-TELECOM-002-USR-04,alert,ALRT-000989,analyst
L-ALRT-000990,CSE-FINANCE-002,CSE-FINANCE-002-USR-05,alert,ALRT-000990,analyst
L-ALRT-000991,CSE-POWER-001,CSE-POWER-001-USR-01,alert,ALRT-000991,analyst
L-ALRT-000992,CSE-TELECOM-001,CSE-TELECOM-001-USR-02,alert,ALRT-000992,analyst
L-ALRT-000993,CSE-FINANCE-001,CSE-FINANCE-001-USR-03,alert,ALRT-000993,analyst
L-ALRT-000994,CSE-POWER-002,CSE-POWER-002-USR-04,alert,ALRT-000994,analyst
L-ALRT-000995,CSE-TELECOM-002,CSE-TELECOM-002-USR-05,alert,ALRT-000995,analyst
L-ALRT-000996,CSE-FINANCE-002,CSE-FINANCE-002-USR-01,alert,ALRT-000996,analyst
L-ALRT-000997,CSE-POWER-001,CSE-POWER-001-USR-02,alert,ALRT-000997,analyst
L-ALRT-000998,CSE-TELECOM-001,CSE-TELECOM-001-USR-03,alert,ALRT-000998,analyst
L-ALRT-000999,CSE-FINANCE-001,CSE-FINANCE-001-USR-04,alert,ALRT-000999,analyst
L-ALRT-001000,CSE-POWER-002,CSE-POWER-002-USR-05,alert,ALRT-001000,analyst
L-ALRT-001001,CSE-TELECOM-002,CSE-TELECOM-002-USR-01,alert,ALRT-001001,analyst
L-ALRT-001002,CSE-FINANCE-002,CSE-FINANCE-002-USR-02,alert,ALRT-001002,analyst
L-ALRT-001003,CSE-POWER-001,CSE-POWER-001-USR-03,alert,ALRT-001003,analyst
L-ALRT-001004,CSE-TELECOM-001,CSE-TELECOM-001-USR-04,alert,ALRT-001004,analyst
L-ALRT-001005,CSE-FINANCE-001,CSE-FINANCE-001-USR-05,alert,ALRT-001005,analyst
L-ALRT-001006,CSE-POWER-002,CSE-POWER-002-USR-01,alert,ALRT-001006,analyst
L-ALRT-001007,CSE-TELECOM-002,CSE-TELECOM-002-USR-02,alert,ALRT-001007,analyst
L-ALRT-001008,CSE-FINANCE-002,CSE-FINANCE-002-USR-03,alert,ALRT-001008,analyst
L-ALRT-001009,CSE-POWER-001,CSE-POWER-001-USR-04,alert,ALRT-001009,analyst
L-ALRT-001010,CSE-TELECOM-001,CSE-TELECOM-001-USR-05,alert,ALRT-001010,analyst
L-ALRT-001011,CSE-FINANCE-001,CSE-FINANCE-001-USR-01,alert,ALRT-001011,analyst
L-ALRT-001012,CSE-POWER-002,CSE-POWER-002-USR-02,alert,ALRT-001012,analyst
L-ALRT-001013,CSE-TELECOM-002,CSE-TELECOM-002-USR-03,alert,ALRT-001013,analyst
L-ALRT-001014,CSE-FINANCE-002,CSE-FINANCE-002-USR-04,alert,ALRT-001014,analyst
L-ALRT-001015,CSE-POWER-001,CSE-POWER-001-USR-05,alert,ALRT-001015,analyst
L-ALRT-001016,CSE-TELECOM-001,CSE-TELECOM-001-USR-01,alert,ALRT-001016,analyst
L-ALRT-001017,CSE-FINANCE-001,CSE-FINANCE-001-USR-02,alert,ALRT-001017,analyst
L-ALRT-001018,CSE-POWER-002,CSE-POWER-002-USR-03,alert,ALRT-001018,analyst
L-ALRT-001019,CSE-TELECOM-002,CSE-TELECOM-002-USR-04,alert,ALRT-001019,analyst
L-ALRT-001020,CSE-FINANCE-002,CSE-FINANCE-002-USR-05,alert,ALRT-001020,analyst
L-ALRT-001021,CSE-POWER-001,CSE-POWER-001-USR-01,alert,ALRT-001021,analyst
L-ALRT-001022,CSE-TELECOM-001,CSE-TELECOM-001-USR-02,alert,ALRT-001022,analyst
L-ALRT-001023,CSE-FINANCE-001,CSE-FINANCE-001-USR-03,alert,ALRT-001023,analyst
L-ALRT-001024,CSE-POWER-002,CSE-POWER-002-USR-04,alert,ALRT-001024,analyst
L-ALRT-001025,CSE-TELECOM-002,CSE-TELECOM-002-USR-05,alert,ALRT-001025,analyst
L-ALRT-001026,CSE-FINANCE-002,CSE-FINANCE-002-USR-01,alert,ALRT-001026,analyst
L-ALRT-001027,CSE-POWER-001,CSE-POWER-001-USR-02,alert,ALRT-001027,analyst
L-ALRT-001028,CSE-TELECOM-001,CSE-TELECOM-001-USR-03,alert,ALRT-001028,analyst
L-ALRT-001029,CSE-FINANCE-001,CSE-FINANCE-001-USR-04,alert,ALRT-001029,analyst
L-ALRT-001030,CSE-POWER-002,CSE-POWER-002-USR-05,alert,ALRT-001030,analyst
L-ALRT-001031,CSE-TELECOM-002,CSE-TELECOM-002-USR-01,alert,ALRT-001031,analyst
L-ALRT-001032,CSE-FINANCE-002,CSE-FINANCE-002-USR-02,alert,ALRT-001032,analyst
L-ALRT-001033,CSE-POWER-001,CSE-POWER-001-USR-03,alert,ALRT-001033,analyst
L-ALRT-001034,CSE-TELECOM-001,CSE-TELECOM-001-USR-04,alert,ALRT-001034,analyst
L-ALRT-001035,CSE-FINANCE-001,CSE-FINANCE-001-USR-05,alert,ALRT-001035,analyst
L-ALRT-001036,CSE-POWER-002,CSE-POWER-002-USR-01,alert,ALRT-001036,analyst
L-ALRT-001037,CSE-TELECOM-002,CSE-TELECOM-002-USR-02,alert,ALRT-001037,analyst
L-ALRT-001038,CSE-FINANCE-002,CSE-FINANCE-002-USR-03,alert,ALRT-001038,analyst
L-ALRT-001039,CSE-POWER-001,CSE-POWER-001-USR-04,alert,ALRT-001039,analyst
L-ALRT-001040,CSE-TELECOM-001,CSE-TELECOM-001-USR-05,alert,ALRT-001040,analyst
L-ALRT-001041,CSE-FINANCE-001,CSE-FINANCE-001-USR-01,alert,ALRT-001041,analyst
L-ALRT-001042,CSE-POWER-002,CSE-POWER-002-USR-02,alert,ALRT-001042,analyst
L-ALRT-001043,CSE-TELECOM-002,CSE-TELECOM-002-USR-03,alert,ALRT-001043,analyst
L-ALRT-001044,CSE-FINANCE-002,CSE-FINANCE-002-USR-04,alert,ALRT-001044,analyst
L-ALRT-001045,CSE-POWER-001,CSE-POWER-001-USR-05,alert,ALRT-001045,analyst
L-ALRT-001046,CSE-TELECOM-001,CSE-TELECOM-001-USR-01,alert,ALRT-001046,analyst
L-ALRT-001047,CSE-FINANCE-001,CSE-FINANCE-001-USR-02,alert,ALRT-001047,analyst
L-ALRT-001048,CSE-POWER-002,CSE-POWER-002-USR-03,alert,ALRT-001048,analyst
L-ALRT-001049,CSE-TELECOM-002,CSE-TELECOM-002-USR-04,alert,ALRT-001049,analyst
L-ALRT-001050,CSE-FINANCE-002,CSE-FINANCE-002-USR-05,alert,ALRT-001050,analyst
L-ALRT-001051,CSE-POWER-001,CSE-POWER-001-USR-01,alert,ALRT-001051,analyst
L-ALRT-001052,CSE-TELECOM-001,CSE-TELECOM-001-USR-02,alert,ALRT-001052,analyst
L-ALRT-001053,CSE-FINANCE-001,CSE-FINANCE-001-USR-03,alert,ALRT-001053,analyst
L-ALRT-001054,CSE-POWER-002,CSE-POWER-002-USR-04,alert,ALRT-001054,analyst
L-ALRT-001055,CSE-TELECOM-002,CSE-TELECOM-002-USR-05,alert,ALRT-001055,analyst
L-ALRT-001056,CSE-FINANCE-002,CSE-FINANCE-002-USR-01,alert,ALRT-001056,analyst
L-ALRT-001057,CSE-POWER-001,CSE-POWER-001-USR-02,alert,ALRT-001057,analyst
L-ALRT-001058,CSE-TELECOM-001,CSE-TELECOM-001-USR-03,alert,ALRT-001058,analyst
L-ALRT-001059,CSE-FINANCE-001,CSE-FINANCE-001-USR-04,alert,ALRT-001059,analyst
L-ALRT-001060,CSE-POWER-002,CSE-POWER-002-USR-05,alert,ALRT-001060,analyst
L-ALRT-001061,CSE-TELECOM-002,CSE-TELECOM-002-USR-01,alert,ALRT-001061,analyst
L-ALRT-001062,CSE-FINANCE-002,CSE-FINANCE-002-USR-02,alert,ALRT-001062,analyst
L-ALRT-001063,CSE-POWER-001,CSE-POWER-001-USR-03,alert,ALRT-001063,analyst
L-ALRT-001064,CSE-TELECOM-001,CSE-TELECOM-001-USR-04,alert,ALRT-001064,analyst
L-ALRT-001065,CSE-FINANCE-001,CSE-FINANCE-001-USR-05,alert,ALRT-001065,analyst
L-ALRT-001066,CSE-POWER-002,CSE-POWER-002-USR-01,alert,ALRT-001066,analyst
L-ALRT-001067,CSE-TELECOM-002,CSE-TELECOM-002-USR-02,alert,ALRT-001067,analyst
L-ALRT-001068,CSE-FINANCE-002,CSE-FINANCE-002-USR-03,alert,ALRT-001068,analyst
L-ALRT-001069,CSE-POWER-001,CSE-POWER-001-USR-04,alert,ALRT-001069,analyst
L-ALRT-001070,CSE-TELECOM-001,CSE-TELECOM-001-USR-05,alert,ALRT-001070,analyst
L-ALRT-001071,CSE-FINANCE-001,CSE-FINANCE-001-USR-01,alert,ALRT-001071,analyst
L-ALRT-001072,CSE-POWER-002,CSE-POWER-002-USR-02,alert,ALRT-001072,analyst
L-ALRT-001073,CSE-TELECOM-002,CSE-TELECOM-002-USR-03,alert,ALRT-001073,analyst
L-ALRT-001074,CSE-FINANCE-002,CSE-FINANCE-002-USR-04,alert,ALRT-001074,analyst
L-ALRT-001075,CSE-POWER-001,CSE-POWER-001-USR-05,alert,ALRT-001075,analyst
L-ALRT-001076,CSE-TELECOM-001,CSE-TELECOM-001-USR-01,alert,ALRT-001076,analyst
L-ALRT-001077,CSE-FINANCE-001,CSE-FINANCE-001-USR-02,alert,ALRT-001077,analyst
L-ALRT-001078,CSE-POWER-002,CSE-POWER-002-USR-03,alert,ALRT-001078,analyst
L-ALRT-001079,CSE-TELECOM-002,CSE-TELECOM-002-USR-04,alert,ALRT-001079,analyst
L-ALRT-001080,CSE-FINANCE-002,CSE-FINANCE-002-USR-05,alert,ALRT-001080,analyst
L-ALRT-001081,CSE-POWER-001,CSE-POWER-001-USR-01,alert,ALRT-001081,analyst
L-ALRT-001082,CSE-TELECOM-001,CSE-TELECOM-001-USR-02,alert,ALRT-001082,analyst
L-ALRT-001083,CSE-FINANCE-001,CSE-FINANCE-001-USR-03,alert,ALRT-001083,analyst
L-ALRT-001084,CSE-POWER-002,CSE-POWER-002-USR-04,alert,ALRT-001084,analyst
L-ALRT-001085,CSE-TELECOM-002,CSE-TELECOM-002-USR-05,alert,ALRT-001085,analyst
L-ALRT-001086,CSE-FINANCE-002,CSE-FINANCE-002-USR-01,alert,ALRT-001086,analyst
L-ALRT-001087,CSE-POWER-001,CSE-POWER-001-USR-02,alert,ALRT-001087,analyst
L-ALRT-001088,CSE-TELECOM-001,CSE-TELECOM-001-USR-03,alert,ALRT-001088,analyst
L-ALRT-001089,CSE-FINANCE-001,CSE-FINANCE-001-USR-04,alert,ALRT-001089,analyst
L-ALRT-001090,CSE-POWER-002,CSE-POWER-002-USR-05,alert,ALRT-001090,analyst
L-ALRT-001091,CSE-TELECOM-002,CSE-TELECOM-002-USR-01,alert,ALRT-001091,analyst
L-ALRT-001092,CSE-FINANCE-002,CSE-FINANCE-002-USR-02,alert,ALRT-001092,analyst
L-ALRT-001093,CSE-POWER-001,CSE-POWER-001-USR-03,alert,ALRT-001093,analyst
L-ALRT-001094,CSE-TELECOM-001,CSE-TELECOM-001-USR-04,alert,ALRT-001094,analyst
L-ALRT-001095,CSE-FINANCE-001,CSE-FINANCE-001-USR-05,alert,ALRT-001095,analyst
L-ALRT-001096,CSE-POWER-002,CSE-POWER-002-USR-01,alert,ALRT-001096,analyst
L-ALRT-001097,CSE-TELECOM-002,CSE-TELECOM-002-USR-02,alert,ALRT-001097,analyst
L-ALRT-001098,CSE-FINANCE-002,CSE-FINANCE-002-USR-03,alert,ALRT-001098,analyst
L-ALRT-001099,CSE-POWER-001,CSE-POWER-001-USR-04,alert,ALRT-001099,analyst
L-ALRT-001100,CSE-TELECOM-001,CSE-TELECOM-001-USR-05,alert,ALRT-001100,analyst
L-ALRT-001101,CSE-FINANCE-001,CSE-FINANCE-001-USR-01,alert,ALRT-001101,analyst
L-ALRT-001102,CSE-POWER-002,CSE-POWER-002-USR-02,alert,ALRT-001102,analyst
L-ALRT-001103,CSE-TELECOM-002,CSE-TELECOM-002-USR-03,alert,ALRT-001103,analyst
L-ALRT-001104,CSE-FINANCE-002,CSE-FINANCE-002-USR-04,alert,ALRT-001104,analyst
L-ALRT-001105,CSE-POWER-001,CSE-POWER-001-USR-05,alert,ALRT-001105,analyst
L-ALRT-001106,CSE-TELECOM-001,CSE-TELECOM-001-USR-01,alert,ALRT-001106,analyst
L-ALRT-001107,CSE-FINANCE-001,CSE-FINANCE-001-USR-02,alert,ALRT-001107,analyst
L-ALRT-001108,CSE-POWER-002,CSE-POWER-002-USR-03,alert,ALRT-001108,analyst
L-ALRT-001109,CSE-TELECOM-002,CSE-TELECOM-002-USR-04,alert,ALRT-001109,analyst
L-ALRT-001110,CSE-FINANCE-002,CSE-FINANCE-002-USR-05,alert,ALRT-001110,analyst
L-ALRT-001111,CSE-POWER-001,CSE-POWER-001-USR-01,alert,ALRT-001111,analyst
L-ALRT-001112,CSE-TELECOM-001,CSE-TELECOM-001-USR-02,alert,ALRT-001112,analyst
L-ALRT-001113,CSE-FINANCE-001,CSE-FINANCE-001-USR-03,alert,ALRT-001113,analyst
L-ALRT-001114,CSE-POWER-002,CSE-POWER-002-USR-04,alert,ALRT-001114,analyst
L-ALRT-001115,CSE-TELECOM-002,CSE-TELECOM-002-USR-05,alert,ALRT-001115,analyst
L-ALRT-001116,CSE-FINANCE-002,CSE-FINANCE-002-USR-01,alert,ALRT-001116,analyst
L-ALRT-001117,CSE-POWER-001,CSE-POWER-001-USR-02,alert,ALRT-001117,analyst
L-ALRT-001118,CSE-TELECOM-001,CSE-TELECOM-001-USR-03,alert,ALRT-001118,analyst
L-ALRT-001119,CSE-FINANCE-001,CSE-FINANCE-001-USR-04,alert,ALRT-001119,analyst
L-ALRT-001120,CSE-POWER-002,CSE-POWER-002-USR-05,alert,ALRT-001120,analyst
L-ALRT-001121,CSE-TELECOM-002,CSE-TELECOM-002-USR-01,alert,ALRT-001121,analyst
L-ALRT-001122,CSE-FINANCE-002,CSE-FINANCE-002-USR-02,alert,ALRT-001122,analyst
L-ALRT-001123,CSE-POWER-001,CSE-POWER-001-USR-03,alert,ALRT-001123,analyst
L-ALRT-001124,CSE-TELECOM-001,CSE-TELECOM-001-USR-04,alert,ALRT-001124,analyst
L-ALRT-001125,CSE-FINANCE-001,CSE-FINANCE-001-USR-05,alert,ALRT-001125,analyst
L-ALRT-001126,CSE-POWER-002,CSE-POWER-002-USR-01,alert,ALRT-001126,analyst
L-ALRT-001127,CSE-TELECOM-002,CSE-TELECOM-002-USR-02,alert,ALRT-001127,analyst
L-ALRT-001128,CSE-FINANCE-002,CSE-FINANCE-002-USR-03,alert,ALRT-001128,analyst
L-ALRT-001129,CSE-POWER-001,CSE-POWER-001-USR-04,alert,ALRT-001129,analyst
L-ALRT-001130,CSE-TELECOM-001,CSE-TELECOM-001-USR-05,alert,ALRT-001130,analyst
L-ALRT-001131,CSE-FINANCE-001,CSE-FINANCE-001-USR-01,alert,ALRT-001131,analyst
L-ALRT-001132,CSE-POWER-002,CSE-POWER-002-USR-02,alert,ALRT-001132,analyst
L-ALRT-001133,CSE-TELECOM-002,CSE-TELECOM-002-USR-03,alert,ALRT-001133,analyst
L-ALRT-001134,CSE-FINANCE-002,CSE-FINANCE-002-USR-04,alert,ALRT-001134,analyst
L-ALRT-001135,CSE-POWER-001,CSE-POWER-001-USR-05,alert,ALRT-001135,analyst
L-ALRT-001136,CSE-TELECOM-001,CSE-TELECOM-001-USR-01,alert,ALRT-001136,analyst
L-ALRT-001137,CSE-FINANCE-001,CSE-FINANCE-001-USR-02,alert,ALRT-001137,analyst
L-ALRT-001138,CSE-POWER-002,CSE-POWER-002-USR-03,alert,ALRT-001138,analyst
L-ALRT-001139,CSE-TELECOM-002,CSE-TELECOM-002-USR-04,alert,ALRT-001139,analyst
L-ALRT-001140,CSE-FINANCE-002,CSE-FINANCE-002-USR-05,alert,ALRT-001140,analyst
L-ALRT-001141,CSE-POWER-001,CSE-POWER-001-USR-01,alert,ALRT-001141,analyst
L-ALRT-001142,CSE-TELECOM-001,CSE-TELECOM-001-USR-02,alert,ALRT-001142,analyst
L-ALRT-001143,CSE-FINANCE-001,CSE-FINANCE-001-USR-03,alert,ALRT-001143,analyst
L-ALRT-001144,CSE-POWER-002,CSE-POWER-002-USR-04,alert,ALRT-001144,analyst
L-ALRT-001145,CSE-TELECOM-002,CSE-TELECOM-002-USR-05,alert,ALRT-001145,analyst
L-ALRT-001146,CSE-FINANCE-002,CSE-FINANCE-002-USR-01,alert,ALRT-001146,analyst
L-ALRT-001147,CSE-POWER-001,CSE-POWER-001-USR-02,alert,ALRT-001147,analyst
L-ALRT-001148,CSE-TELECOM-001,CSE-TELECOM-001-USR-03,alert,ALRT-001148,analyst
L-ALRT-001149,CSE-FINANCE-001,CSE-FINANCE-001-USR-04,alert,ALRT-001149,analyst
L-ALRT-001150,CSE-POWER-002,CSE-POWER-002-USR-05,alert,ALRT-001150,analyst
L-ALRT-001151,CSE-TELECOM-002,CSE-TELECOM-002-USR-01,alert,ALRT-001151,analyst
L-ALRT-001152,CSE-FINANCE-002,CSE-FINANCE-002-USR-02,alert,ALRT-001152,analyst
L-ALRT-001153,CSE-POWER-001,CSE-POWER-001-USR-03,alert,ALRT-001153,analyst
L-ALRT-001154,CSE-TELECOM-001,CSE-TELECOM-001-USR-04,alert,ALRT-001154,analyst
L-ALRT-001155,CSE-FINANCE-001,CSE-FINANCE-001-USR-05,alert,ALRT-001155,analyst
L-ALRT-001156,CSE-POWER-002,CSE-POWER-002-USR-01,alert,ALRT-001156,analyst
L-ALRT-001157,CSE-TELECOM-002,CSE-TELECOM-002-USR-02,alert,ALRT-001157,analyst
L-ALRT-001158,CSE-FINANCE-002,CSE-FINANCE-002-USR-03,alert,ALRT-001158,analyst
L-ALRT-001159,CSE-POWER-001,CSE-POWER-001-USR-04,alert,ALRT-001159,analyst
L-ALRT-001160,CSE-TELECOM-001,CSE-TELECOM-001-USR-05,alert,ALRT-001160,analyst
L-ALRT-001161,CSE-FINANCE-001,CSE-FINANCE-001-USR-01,alert,ALRT-001161,analyst
L-ALRT-001162,CSE-POWER-002,CSE-POWER-002-USR-02,alert,ALRT-001162,analyst
L-ALRT-001163,CSE-TELECOM-002,CSE-TELECOM-002-USR-03,alert,ALRT-001163,analyst
L-ALRT-001164,CSE-FINANCE-002,CSE-FINANCE-002-USR-04,alert,ALRT-001164,analyst
L-ALRT-001165,CSE-POWER-001,CSE-POWER-001-USR-05,alert,ALRT-001165,analyst
L-ALRT-001166,CSE-TELECOM-001,CSE-TELECOM-001-USR-01,alert,ALRT-001166,analyst
L-ALRT-001167,CSE-FINANCE-001,CSE-FINANCE-001-USR-02,alert,ALRT-001167,analyst
L-ALRT-001168,CSE-POWER-002,CSE-POWER-002-USR-03,alert,ALRT-001168,analyst
L-ALRT-001169,CSE-TELECOM-002,CSE-TELECOM-002-USR-04,alert,ALRT-001169,analyst
L-ALRT-001170,CSE-FINANCE-002,CSE-FINANCE-002-USR-05,alert,ALRT-001170,analyst
L-ALRT-001171,CSE-POWER-001,CSE-POWER-001-USR-01,alert,ALRT-001171,analyst
L-ALRT-001172,CSE-TELECOM-001,CSE-TELECOM-001-USR-02,alert,ALRT-001172,analyst
L-ALRT-001173,CSE-FINANCE-001,CSE-FINANCE-001-USR-03,alert,ALRT-001173,analyst
L-ALRT-001174,CSE-POWER-002,CSE-POWER-002-USR-04,alert,ALRT-001174,analyst
L-ALRT-001175,CSE-TELECOM-002,CSE-TELECOM-002-USR-05,alert,ALRT-001175,analyst
L-ALRT-001176,CSE-FINANCE-002,CSE-FINANCE-002-USR-01,alert,ALRT-001176,analyst
L-ALRT-001177,CSE-POWER-001,CSE-POWER-001-USR-02,alert,ALRT-001177,analyst
L-ALRT-001178,CSE-TELECOM-001,CSE-TELECOM-001-USR-03,alert,ALRT-001178,analyst
L-ALRT-001179,CSE-FINANCE-001,CSE-FINANCE-001-USR-04,alert,ALRT-001179,analyst
L-ALRT-001180,CSE-POWER-002,CSE-POWER-002-USR-05,alert,ALRT-001180,analyst
L-ALRT-001181,CSE-TELECOM-002,CSE-TELECOM-002-USR-01,alert,ALRT-001181,analyst
L-ALRT-001182,CSE-FINANCE-002,CSE-FINANCE-002-USR-02,alert,ALRT-001182,analyst
L-ALRT-001183,CSE-POWER-001,CSE-POWER-001-USR-03,alert,ALRT-001183,analyst
L-ALRT-001184,CSE-TELECOM-001,CSE-TELECOM-001-USR-04,alert,ALRT-001184,analyst
L-ALRT-001185,CSE-FINANCE-001,CSE-FINANCE-001-USR-05,alert,ALRT-001185,analyst
L-ALRT-001186,CSE-POWER-002,CSE-POWER-002-USR-01,alert,ALRT-001186,analyst
L-ALRT-001187,CSE-TELECOM-002,CSE-TELECOM-002-USR-02,alert,ALRT-001187,analyst
L-ALRT-001188,CSE-FINANCE-002,CSE-FINANCE-002-USR-03,alert,ALRT-001188,analyst
L-ALRT-001189,CSE-POWER-001,CSE-POWER-001-USR-04,alert,ALRT-001189,analyst
L-ALRT-001190,CSE-TELECOM-001,CSE-TELECOM-001-USR-05,alert,ALRT-001190,analyst
L-ALRT-001191,CSE-FINANCE-001,CSE-FINANCE-001-USR-01,alert,ALRT-001191,analyst
L-ALRT-001192,CSE-POWER-002,CSE-POWER-002-USR-02,alert,ALRT-001192,analyst
L-ALRT-001193,CSE-TELECOM-002,CSE-TELECOM-002-USR-03,alert,ALRT-001193,analyst
L-ALRT-001194,CSE-FINANCE-002,CSE-FINANCE-002-USR-04,alert,ALRT-001194,analyst
L-ALRT-001195,CSE-POWER-001,CSE-POWER-001-USR-05,alert,ALRT-001195,analyst
L-ALRT-001196,CSE-TELECOM-001,CSE-TELECOM-001-USR-01,alert,ALRT-001196,analyst
L-ALRT-001197,CSE-FINANCE-001,CSE-FINANCE-001-USR-02,alert,ALRT-001197,analyst
L-ALRT-001198,CSE-POWER-002,CSE-POWER-002-USR-03,alert,ALRT-001198,analyst
L-ALRT-001199,CSE-TELECOM-002,CSE-TELECOM-002-USR-04,alert,ALRT-001199,analyst
L-ALRT-001200,CSE-FINANCE-002,CSE-FINANCE-002-USR-05,alert,ALRT-001200,analyst
L-ALRT-001201,CSE-POWER-001,CSE-POWER-001-USR-01,alert,ALRT-001201,analyst
L-ALRT-001202,CSE-TELECOM-001,CSE-TELECOM-001-USR-02,alert,ALRT-001202,analyst
L-ALRT-001203,CSE-FINANCE-001,CSE-FINANCE-001-USR-03,alert,ALRT-001203,analyst
L-ALRT-001204,CSE-POWER-002,CSE-POWER-002-USR-04,alert,ALRT-001204,analyst
L-ALRT-001205,CSE-TELECOM-002,CSE-TELECOM-002-USR-05,alert,ALRT-001205,analyst
L-ALRT-001206,CSE-FINANCE-002,CSE-FINANCE-002-USR-01,alert,ALRT-001206,analyst
L-ALRT-001207,CSE-POWER-001,CSE-POWER-001-USR-02,alert,ALRT-001207,analyst
L-ALRT-001208,CSE-TELECOM-001,CSE-TELECOM-001-USR-03,alert,ALRT-001208,analyst
L-ALRT-001209,CSE-FINANCE-001,CSE-FINANCE-001-USR-04,alert,ALRT-001209,analyst
L-ALRT-001210,CSE-POWER-002,CSE-POWER-002-USR-05,alert,ALRT-001210,analyst
L-ALRT-001211,CSE-TELECOM-002,CSE-TELECOM-002-USR-01,alert,ALRT-001211,analyst
L-ALRT-001212,CSE-FINANCE-002,CSE-FINANCE-002-USR-02,alert,ALRT-001212,analyst
L-ALRT-001213,CSE-POWER-001,CSE-POWER-001-USR-03,alert,ALRT-001213,analyst
L-ALRT-001214,CSE-TELECOM-001,CSE-TELECOM-001-USR-04,alert,ALRT-001214,analyst
L-ALRT-001215,CSE-FINANCE-001,CSE-FINANCE-001-USR-05,alert,ALRT-001215,analyst
L-ALRT-001216,CSE-POWER-002,CSE-POWER-002-USR-01,alert,ALRT-001216,analyst
L-ALRT-001217,CSE-TELECOM-002,CSE-TELECOM-002-USR-02,alert,ALRT-001217,analyst
L-ALRT-001218,CSE-FINANCE-002,CSE-FINANCE-002-USR-03,alert,ALRT-001218,analyst
L-ALRT-001219,CSE-POWER-001,CSE-POWER-001-USR-04,alert,ALRT-001219,analyst
L-ALRT-001220,CSE-TELECOM-001,CSE-TELECOM-001-USR-05,alert,ALRT-001220,analyst
L-ALRT-001221,CSE-FINANCE-001,CSE-FINANCE-001-USR-01,alert,ALRT-001221,analyst
L-ALRT-001222,CSE-POWER-002,CSE-POWER-002-USR-02,alert,ALRT-001222,analyst
L-ALRT-001223,CSE-TELECOM-002,CSE-TELECOM-002-USR-03,alert,ALRT-001223,analyst
L-ALRT-001224,CSE-FINANCE-002,CSE-FINANCE-002-USR-04,alert,ALRT-001224,analyst
L-ALRT-001225,CSE-POWER-001,CSE-POWER-001-USR-05,alert,ALRT-001225,analyst
L-ALRT-001226,CSE-TELECOM-001,CSE-TELECOM-001-USR-01,alert,ALRT-001226,analyst
L-ALRT-001227,CSE-FINANCE-001,CSE-FINANCE-001-USR-02,alert,ALRT-001227,analyst
L-ALRT-001228,CSE-POWER-002,CSE-POWER-002-USR-03,alert,ALRT-001228,analyst
L-ALRT-001229,CSE-TELECOM-002,CSE-TELECOM-002-USR-04,alert,ALRT-001229,analyst
L-ALRT-001230,CSE-FINANCE-002,CSE-FINANCE-002-USR-05,alert,ALRT-001230,analyst
L-ALRT-001231,CSE-POWER-001,CSE-POWER-001-USR-01,alert,ALRT-001231,analyst
L-ALRT-001232,CSE-TELECOM-001,CSE-TELECOM-001-USR-02,alert,ALRT-001232,analyst
L-ALRT-001233,CSE-FINANCE-001,CSE-FINANCE-001-USR-03,alert,ALRT-001233,analyst
L-ALRT-001234,CSE-POWER-002,CSE-POWER-002-USR-04,alert,ALRT-001234,analyst
L-ALRT-001235,CSE-TELECOM-002,CSE-TELECOM-002-USR-05,alert,ALRT-001235,analyst
L-ALRT-001236,CSE-FINANCE-002,CSE-FINANCE-002-USR-01,alert,ALRT-001236,analyst
L-ALRT-001237,CSE-POWER-001,CSE-POWER-001-USR-02,alert,ALRT-001237,analyst
L-ALRT-001238,CSE-TELECOM-001,CSE-TELECOM-001-USR-03,alert,ALRT-001238,analyst
L-ALRT-001239,CSE-FINANCE-001,CSE-FINANCE-001-USR-04,alert,ALRT-001239,analyst
L-ALRT-001240,CSE-POWER-002,CSE-POWER-002-USR-05,alert,ALRT-001240,analyst
L-ALRT-001241,CSE-TELECOM-002,CSE-TELECOM-002-USR-01,alert,ALRT-001241,analyst
L-ALRT-001242,CSE-FINANCE-002,CSE-FINANCE-002-USR-02,alert,ALRT-001242,analyst
L-ALRT-001243,CSE-POWER-001,CSE-POWER-001-USR-03,alert,ALRT-001243,analyst
L-ALRT-001244,CSE-TELECOM-001,CSE-TELECOM-001-USR-04,alert,ALRT-001244,analyst
L-ALRT-001245,CSE-FINANCE-001,CSE-FINANCE-001-USR-05,alert,ALRT-001245,analyst
L-ALRT-001246,CSE-POWER-002,CSE-POWER-002-USR-01,alert,ALRT-001246,analyst
L-ALRT-001247,CSE-TELECOM-002,CSE-TELECOM-002-USR-02,alert,ALRT-001247,analyst
L-ALRT-001248,CSE-FINANCE-002,CSE-FINANCE-002-USR-03,alert,ALRT-001248,analyst
L-ALRT-001249,CSE-POWER-001,CSE-POWER-001-USR-04,alert,ALRT-001249,analyst
L-ALRT-001250,CSE-TELECOM-001,CSE-TELECOM-001-USR-05,alert,ALRT-001250,analyst
L-ALRT-001251,CSE-FINANCE-001,CSE-FINANCE-001-USR-01,alert,ALRT-001251,analyst
L-ALRT-001252,CSE-POWER-002,CSE-POWER-002-USR-02,alert,ALRT-001252,analyst
L-ALRT-001253,CSE-TELECOM-002,CSE-TELECOM-002-USR-03,alert,ALRT-001253,analyst
L-ALRT-001254,CSE-FINANCE-002,CSE-FINANCE-002-USR-04,alert,ALRT-001254,analyst
L-ALRT-001255,CSE-POWER-001,CSE-POWER-001-USR-05,alert,ALRT-001255,analyst
L-ALRT-001256,CSE-TELECOM-001,CSE-TELECOM-001-USR-01,alert,ALRT-001256,analyst
L-ALRT-001257,CSE-FINANCE-001,CSE-FINANCE-001-USR-02,alert,ALRT-001257,analyst
L-ALRT-001258,CSE-POWER-002,CSE-POWER-002-USR-03,alert,ALRT-001258,analyst
L-ALRT-001259,CSE-TELECOM-002,CSE-TELECOM-002-USR-04,alert,ALRT-001259,analyst
L-ALRT-001260,CSE-FINANCE-002,CSE-FINANCE-002-USR-05,alert,ALRT-001260,analyst
L-ALRT-001261,CSE-POWER-001,CSE-POWER-001-USR-01,alert,ALRT-001261,analyst
L-ALRT-001262,CSE-TELECOM-001,CSE-TELECOM-001-USR-02,alert,ALRT-001262,analyst
L-ALRT-001263,CSE-FINANCE-001,CSE-FINANCE-001-USR-03,alert,ALRT-001263,analyst
L-ALRT-001264,CSE-POWER-002,CSE-POWER-002-USR-04,alert,ALRT-001264,analyst
L-ALRT-001265,CSE-TELECOM-002,CSE-TELECOM-002-USR-05,alert,ALRT-001265,analyst
L-ALRT-001266,CSE-FINANCE-002,CSE-FINANCE-002-USR-01,alert,ALRT-001266,analyst
L-ALRT-001267,CSE-POWER-001,CSE-POWER-001-USR-02,alert,ALRT-001267,analyst
L-ALRT-001268,CSE-TELECOM-001,CSE-TELECOM-001-USR-03,alert,ALRT-001268,analyst
L-ALRT-001269,CSE-FINANCE-001,CSE-FINANCE-001-USR-04,alert,ALRT-001269,analyst
L-ALRT-001270,CSE-POWER-002,CSE-POWER-002-USR-05,alert,ALRT-001270,analyst
L-ALRT-001271,CSE-TELECOM-002,CSE-TELECOM-002-USR-01,alert,ALRT-001271,analyst
L-ALRT-001272,CSE-FINANCE-002,CSE-FINANCE-002-USR-02,alert,ALRT-001272,analyst
L-ALRT-001273,CSE-POWER-001,CSE-POWER-001-USR-03,alert,ALRT-001273,analyst
L-ALRT-001274,CSE-TELECOM-001,CSE-TELECOM-001-USR-04,alert,ALRT-001274,analyst
L-ALRT-001275,CSE-FINANCE-001,CSE-FINANCE-001-USR-05,alert,ALRT-001275,analyst
L-ALRT-001276,CSE-POWER-002,CSE-POWER-002-USR-01,alert,ALRT-001276,analyst
L-ALRT-001277,CSE-TELECOM-002,CSE-TELECOM-002-USR-02,alert,ALRT-001277,analyst
L-ALRT-001278,CSE-FINANCE-002,CSE-FINANCE-002-USR-03,alert,ALRT-001278,analyst
L-ALRT-001279,CSE-POWER-001,CSE-POWER-001-USR-04,alert,ALRT-001279,analyst
L-ALRT-001280,CSE-TELECOM-001,CSE-TELECOM-001-USR-05,alert,ALRT-001280,analyst
L-ALRT-001281,CSE-FINANCE-001,CSE-FINANCE-001-USR-01,alert,ALRT-001281,analyst
L-ALRT-001282,CSE-POWER-002,CSE-POWER-002-USR-02,alert,ALRT-001282,analyst
L-ALRT-001283,CSE-TELECOM-002,CSE-TELECOM-002-USR-03,alert,ALRT-001283,analyst
L-ALRT-001284,CSE-FINANCE-002,CSE-FINANCE-002-USR-04,alert,ALRT-001284,analyst
L-ALRT-001285,CSE-POWER-001,CSE-POWER-001-USR-05,alert,ALRT-001285,analyst
L-ALRT-001286,CSE-TELECOM-001,CSE-TELECOM-001-USR-01,alert,ALRT-001286,analyst
L-ALRT-001287,CSE-FINANCE-001,CSE-FINANCE-001-USR-02,alert,ALRT-001287,analyst
L-ALRT-001288,CSE-POWER-002,CSE-POWER-002-USR-03,alert,ALRT-001288,analyst
L-ALRT-001289,CSE-TELECOM-002,CSE-TELECOM-002-USR-04,alert,ALRT-001289,analyst
L-ALRT-001290,CSE-FINANCE-002,CSE-FINANCE-002-USR-05,alert,ALRT-001290,analyst
L-ALRT-001291,CSE-POWER-001,CSE-POWER-001-USR-01,alert,ALRT-001291,analyst
L-ALRT-001292,CSE-TELECOM-001,CSE-TELECOM-001-USR-02,alert,ALRT-001292,analyst
L-ALRT-001293,CSE-FINANCE-001,CSE-FINANCE-001-USR-03,alert,ALRT-001293,analyst
L-ALRT-001294,CSE-POWER-002,CSE-POWER-002-USR-04,alert,ALRT-001294,analyst
L-ALRT-001295,CSE-TELECOM-002,CSE-TELECOM-002-USR-05,alert,ALRT-001295,analyst
L-ALRT-001296,CSE-FINANCE-002,CSE-FINANCE-002-USR-01,alert,ALRT-001296,analyst
L-ALRT-001297,CSE-POWER-001,CSE-POWER-001-USR-02,alert,ALRT-001297,analyst
L-ALRT-001298,CSE-TELECOM-001,CSE-TELECOM-001-USR-03,alert,ALRT-001298,analyst
L-ALRT-001299,CSE-FINANCE-001,CSE-FINANCE-001-USR-04,alert,ALRT-001299,analyst
L-ALRT-001300,CSE-POWER-002,CSE-POWER-002-USR-05,alert,ALRT-001300,analyst
L-ALRT-001301,CSE-TELECOM-002,CSE-TELECOM-002-USR-01,alert,ALRT-001301,analyst
L-ALRT-001302,CSE-FINANCE-002,CSE-FINANCE-002-USR-02,alert,ALRT-001302,analyst
L-ALRT-001303,CSE-POWER-001,CSE-POWER-001-USR-03,alert,ALRT-001303,analyst
L-ALRT-001304,CSE-TELECOM-001,CSE-TELECOM-001-USR-04,alert,ALRT-001304,analyst
L-ALRT-001305,CSE-FINANCE-001,CSE-FINANCE-001-USR-05,alert,ALRT-001305,analyst
L-ALRT-001306,CSE-POWER-002,CSE-POWER-002-USR-01,alert,ALRT-001306,analyst
L-ALRT-001307,CSE-TELECOM-002,CSE-TELECOM-002-USR-02,alert,ALRT-001307,analyst
L-ALRT-001308,CSE-FINANCE-002,CSE-FINANCE-002-USR-03,alert,ALRT-001308,analyst
L-ALRT-001309,CSE-POWER-001,CSE-POWER-001-USR-04,alert,ALRT-001309,analyst
L-ALRT-001310,CSE-TELECOM-001,CSE-TELECOM-001-USR-05,alert,ALRT-001310,analyst
L-ALRT-001311,CSE-FINANCE-001,CSE-FINANCE-001-USR-01,alert,ALRT-001311,analyst
L-ALRT-001312,CSE-POWER-002,CSE-POWER-002-USR-02,alert,ALRT-001312,analyst
L-ALRT-001313,CSE-TELECOM-002,CSE-TELECOM-002-USR-03,alert,ALRT-001313,analyst
L-ALRT-001314,CSE-FINANCE-002,CSE-FINANCE-002-USR-04,alert,ALRT-001314,analyst
L-ALRT-001315,CSE-POWER-001,CSE-POWER-001-USR-05,alert,ALRT-001315,analyst
L-ALRT-001316,CSE-TELECOM-001,CSE-TELECOM-001-USR-01,alert,ALRT-001316,analyst
L-ALRT-001317,CSE-FINANCE-001,CSE-FINANCE-001-USR-02,alert,ALRT-001317,analyst
L-ALRT-001318,CSE-POWER-002,CSE-POWER-002-USR-03,alert,ALRT-001318,analyst
L-ALRT-001319,CSE-TELECOM-002,CSE-TELECOM-002-USR-04,alert,ALRT-001319,analyst
L-ALRT-001320,CSE-FINANCE-002,CSE-FINANCE-002-USR-05,alert,ALRT-001320,analyst
L-ALRT-001321,CSE-POWER-001,CSE-POWER-001-USR-01,alert,ALRT-001321,analyst
L-ALRT-001322,CSE-TELECOM-001,CSE-TELECOM-001-USR-02,alert,ALRT-001322,analyst
L-ALRT-001323,CSE-FINANCE-001,CSE-FINANCE-001-USR-03,alert,ALRT-001323,analyst
L-ALRT-001324,CSE-POWER-002,CSE-POWER-002-USR-04,alert,ALRT-001324,analyst
L-ALRT-001325,CSE-TELECOM-002,CSE-TELECOM-002-USR-05,alert,ALRT-001325,analyst
L-ALRT-001326,CSE-FINANCE-002,CSE-FINANCE-002-USR-01,alert,ALRT-001326,analyst
L-ALRT-001327,CSE-POWER-001,CSE-POWER-001-USR-02,alert,ALRT-001327,analyst
L-ALRT-001328,CSE-TELECOM-001,CSE-TELECOM-001-USR-03,alert,ALRT-001328,analyst
L-ALRT-001329,CSE-FINANCE-001,CSE-FINANCE-001-USR-04,alert,ALRT-001329,analyst
L-ALRT-001330,CSE-POWER-002,CSE-POWER-002-USR-05,alert,ALRT-001330,analyst
L-ALRT-001331,CSE-TELECOM-002,CSE-TELECOM-002-USR-01,alert,ALRT-001331,analyst
L-ALRT-001332,CSE-FINANCE-002,CSE-FINANCE-002-USR-02,alert,ALRT-001332,analyst
L-ALRT-001333,CSE-POWER-001,CSE-POWER-001-USR-03,alert,ALRT-001333,analyst
L-ALRT-001334,CSE-TELECOM-001,CSE-TELECOM-001-USR-04,alert,ALRT-001334,analyst
L-ALRT-001335,CSE-FINANCE-001,CSE-FINANCE-001-USR-05,alert,ALRT-001335,analyst
L-ALRT-001336,CSE-POWER-002,CSE-POWER-002-USR-01,alert,ALRT-001336,analyst
L-ALRT-001337,CSE-TELECOM-002,CSE-TELECOM-002-USR-02,alert,ALRT-001337,analyst
L-ALRT-001338,CSE-FINANCE-002,CSE-FINANCE-002-USR-03,alert,ALRT-001338,analyst
L-ALRT-001339,CSE-POWER-001,CSE-POWER-001-USR-04,alert,ALRT-001339,analyst
L-ALRT-001340,CSE-TELECOM-001,CSE-TELECOM-001-USR-05,alert,ALRT-001340,analyst
L-ALRT-001341,CSE-FINANCE-001,CSE-FINANCE-001-USR-01,alert,ALRT-001341,analyst
L-ALRT-001342,CSE-POWER-002,CSE-POWER-002-USR-02,alert,ALRT-001342,analyst
L-ALRT-001343,CSE-TELECOM-002,CSE-TELECOM-002-USR-03,alert,ALRT-001343,analyst
L-ALRT-001344,CSE-FINANCE-002,CSE-FINANCE-002-USR-04,alert,ALRT-001344,analyst
L-ALRT-001345,CSE-POWER-001,CSE-POWER-001-USR-05,alert,ALRT-001345,analyst
L-ALRT-001346,CSE-TELECOM-001,CSE-TELECOM-001-USR-01,alert,ALRT-001346,analyst
L-ALRT-001347,CSE-FINANCE-001,CSE-FINANCE-001-USR-02,alert,ALRT-001347,analyst
L-ALRT-001348,CSE-POWER-002,CSE-POWER-002-USR-03,alert,ALRT-001348,analyst
L-ALRT-001349,CSE-TELECOM-002,CSE-TELECOM-002-USR-04,alert,ALRT-001349,analyst
L-ALRT-001350,CSE-FINANCE-002,CSE-FINANCE-002-USR-05,alert,ALRT-001350,analyst
L-ALRT-001351,CSE-POWER-001,CSE-POWER-001-USR-01,alert,ALRT-001351,analyst
L-ALRT-001352,CSE-TELECOM-001,CSE-TELECOM-001-USR-02,alert,ALRT-001352,analyst
L-ALRT-001353,CSE-FINANCE-001,CSE-FINANCE-001-USR-03,alert,ALRT-001353,analyst
L-ALRT-001354,CSE-POWER-002,CSE-POWER-002-USR-04,alert,ALRT-001354,analyst
L-ALRT-001355,CSE-TELECOM-002,CSE-TELECOM-002-USR-05,alert,ALRT-001355,analyst
L-ALRT-001356,CSE-FINANCE-002,CSE-FINANCE-002-USR-01,alert,ALRT-001356,analyst
L-ALRT-001357,CSE-POWER-001,CSE-POWER-001-USR-02,alert,ALRT-001357,analyst
L-ALRT-001358,CSE-TELECOM-001,CSE-TELECOM-001-USR-03,alert,ALRT-001358,analyst
L-ALRT-001359,CSE-FINANCE-001,CSE-FINANCE-001-USR-04,alert,ALRT-001359,analyst
L-ALRT-001360,CSE-POWER-002,CSE-POWER-002-USR-05,alert,ALRT-001360,analyst
L-ALRT-001361,CSE-TELECOM-002,CSE-TELECOM-002-USR-01,alert,ALRT-001361,analyst
L-ALRT-001362,CSE-FINANCE-002,CSE-FINANCE-002-USR-02,alert,ALRT-001362,analyst
L-ALRT-001363,CSE-POWER-001,CSE-POWER-001-USR-03,alert,ALRT-001363,analyst
L-ALRT-001364,CSE-TELECOM-001,CSE-TELECOM-001-USR-04,alert,ALRT-001364,analyst
L-ALRT-001365,CSE-FINANCE-001,CSE-FINANCE-001-USR-05,alert,ALRT-001365,analyst
L-ALRT-001366,CSE-POWER-002,CSE-POWER-002-USR-01,alert,ALRT-001366,analyst
L-ALRT-001367,CSE-TELECOM-002,CSE-TELECOM-002-USR-02,alert,ALRT-001367,analyst
L-ALRT-001368,CSE-FINANCE-002,CSE-FINANCE-002-USR-03,alert,ALRT-001368,analyst
L-ALRT-001369,CSE-POWER-001,CSE-POWER-001-USR-04,alert,ALRT-001369,analyst
L-ALRT-001370,CSE-TELECOM-001,CSE-TELECOM-001-USR-05,alert,ALRT-001370,analyst
L-ALRT-001371,CSE-FINANCE-001,CSE-FINANCE-001-USR-01,alert,ALRT-001371,analyst
L-ALRT-001372,CSE-POWER-002,CSE-POWER-002-USR-02,alert,ALRT-001372,analyst
L-ALRT-001373,CSE-TELECOM-002,CSE-TELECOM-002-USR-03,alert,ALRT-001373,analyst
L-ALRT-001374,CSE-FINANCE-002,CSE-FINANCE-002-USR-04,alert,ALRT-001374,analyst
L-ALRT-001375,CSE-POWER-001,CSE-POWER-001-USR-05,alert,ALRT-001375,analyst
L-ALRT-001376,CSE-TELECOM-001,CSE-TELECOM-001-USR-01,alert,ALRT-001376,analyst
L-ALRT-001377,CSE-FINANCE-001,CSE-FINANCE-001-USR-02,alert,ALRT-001377,analyst
L-ALRT-001378,CSE-POWER-002,CSE-POWER-002-USR-03,alert,ALRT-001378,analyst
L-ALRT-001379,CSE-TELECOM-002,CSE-TELECOM-002-USR-04,alert,ALRT-001379,analyst
L-ALRT-001380,CSE-FINANCE-002,CSE-FINANCE-002-USR-05,alert,ALRT-001380,analyst
L-ALRT-001381,CSE-POWER-001,CSE-POWER-001-USR-01,alert,ALRT-001381,analyst
L-ALRT-001382,CSE-TELECOM-001,CSE-TELECOM-001-USR-02,alert,ALRT-001382,analyst
L-ALRT-001383,CSE-FINANCE-001,CSE-FINANCE-001-USR-03,alert,ALRT-001383,analyst
L-ALRT-001384,CSE-POWER-002,CSE-POWER-002-USR-04,alert,ALRT-001384,analyst
L-ALRT-001385,CSE-TELECOM-002,CSE-TELECOM-002-USR-05,alert,ALRT-001385,analyst
L-ALRT-001386,CSE-FINANCE-002,CSE-FINANCE-002-USR-01,alert,ALRT-001386,analyst
L-ALRT-001387,CSE-POWER-001,CSE-POWER-001-USR-02,alert,ALRT-001387,analyst
L-ALRT-001388,CSE-TELECOM-001,CSE-TELECOM-001-USR-03,alert,ALRT-001388,analyst
L-ALRT-001389,CSE-FINANCE-001,CSE-FINANCE-001-USR-04,alert,ALRT-001389,analyst
L-ALRT-001390,CSE-POWER-002,CSE-POWER-002-USR-05,alert,ALRT-001390,analyst
L-ALRT-001391,CSE-TELECOM-002,CSE-TELECOM-002-USR-01,alert,ALRT-001391,analyst
L-ALRT-001392,CSE-FINANCE-002,CSE-FINANCE-002-USR-02,alert,ALRT-001392,analyst
L-ALRT-001393,CSE-POWER-001,CSE-POWER-001-USR-03,alert,ALRT-001393,analyst
L-ALRT-001394,CSE-TELECOM-001,CSE-TELECOM-001-USR-04,alert,ALRT-001394,analyst
L-ALRT-001395,CSE-FINANCE-001,CSE-FINANCE-001-USR-05,alert,ALRT-001395,analyst
L-ALRT-001396,CSE-POWER-002,CSE-POWER-002-USR-01,alert,ALRT-001396,analyst
L-ALRT-001397,CSE-TELECOM-002,CSE-TELECOM-002-USR-02,alert,ALRT-001397,analyst
L-ALRT-001398,CSE-FINANCE-002,CSE-FINANCE-002-USR-03,alert,ALRT-001398,analyst
L-ALRT-001399,CSE-POWER-001,CSE-POWER-001-USR-04,alert,ALRT-001399,analyst
L-ALRT-001400,CSE-TELECOM-001,CSE-TELECOM-001-USR-05,alert,ALRT-001400,analyst
L-ALRT-001401,CSE-FINANCE-001,CSE-FINANCE-001-USR-01,alert,ALRT-001401,analyst
L-ALRT-001402,CSE-POWER-002,CSE-POWER-002-USR-02,alert,ALRT-001402,analyst
L-ALRT-001403,CSE-TELECOM-002,CSE-TELECOM-002-USR-03,alert,ALRT-001403,analyst
L-ALRT-001404,CSE-FINANCE-002,CSE-FINANCE-002-USR-04,alert,ALRT-001404,analyst
L-ALRT-001405,CSE-POWER-001,CSE-POWER-001-USR-05,alert,ALRT-001405,analyst
L-ALRT-001406,CSE-TELECOM-001,CSE-TELECOM-001-USR-01,alert,ALRT-001406,analyst
L-ALRT-001407,CSE-FINANCE-001,CSE-FINANCE-001-USR-02,alert,ALRT-001407,analyst
L-ALRT-001408,CSE-POWER-002,CSE-POWER-002-USR-03,alert,ALRT-001408,analyst
L-ALRT-001409,CSE-TELECOM-002,CSE-TELECOM-002-USR-04,alert,ALRT-001409,analyst
L-ALRT-001410,CSE-FINANCE-002,CSE-FINANCE-002-USR-05,alert,ALRT-001410,analyst
L-ALRT-001411,CSE-POWER-001,CSE-POWER-001-USR-01,alert,ALRT-001411,analyst
L-ALRT-001412,CSE-TELECOM-001,CSE-TELECOM-001-USR-02,alert,ALRT-001412,analyst
L-ALRT-001413,CSE-FINANCE-001,CSE-FINANCE-001-USR-03,alert,ALRT-001413,analyst
L-ALRT-001414,CSE-POWER-002,CSE-POWER-002-USR-04,alert,ALRT-001414,analyst
L-ALRT-001415,CSE-TELECOM-002,CSE-TELECOM-002-USR-05,alert,ALRT-001415,analyst
L-ALRT-001416,CSE-FINANCE-002,CSE-FINANCE-002-USR-01,alert,ALRT-001416,analyst
L-ALRT-001417,CSE-POWER-001,CSE-POWER-001-USR-02,alert,ALRT-001417,analyst
L-ALRT-001418,CSE-TELECOM-001,CSE-TELECOM-001-USR-03,alert,ALRT-001418,analyst
L-ALRT-001419,CSE-FINANCE-001,CSE-FINANCE-001-USR-04,alert,ALRT-001419,analyst
L-ALRT-001420,CSE-POWER-002,CSE-POWER-002-USR-05,alert,ALRT-001420,analyst
L-ALRT-001421,CSE-TELECOM-002,CSE-TELECOM-002-USR-01,alert,ALRT-001421,analyst
L-ALRT-001422,CSE-FINANCE-002,CSE-FINANCE-002-USR-02,alert,ALRT-001422,analyst
L-ALRT-001423,CSE-POWER-001,CSE-POWER-001-USR-03,alert,ALRT-001423,analyst
L-ALRT-001424,CSE-TELECOM-001,CSE-TELECOM-001-USR-04,alert,ALRT-001424,analyst
L-ALRT-001425,CSE-FINANCE-001,CSE-FINANCE-001-USR-05,alert,ALRT-001425,analyst
L-ALRT-001426,CSE-POWER-002,CSE-POWER-002-USR-01,alert,ALRT-001426,analyst
L-ALRT-001427,CSE-TELECOM-002,CSE-TELECOM-002-USR-02,alert,ALRT-001427,analyst
L-ALRT-001428,CSE-FINANCE-002,CSE-FINANCE-002-USR-03,alert,ALRT-001428,analyst
L-ALRT-001429,CSE-POWER-001,CSE-POWER-001-USR-04,alert,ALRT-001429,analyst
L-ALRT-001430,CSE-TELECOM-001,CSE-TELECOM-001-USR-05,alert,ALRT-001430,analyst
L-ALRT-001431,CSE-FINANCE-001,CSE-FINANCE-001-USR-01,alert,ALRT-001431,analyst
L-ALRT-001432,CSE-POWER-002,CSE-POWER-002-USR-02,alert,ALRT-001432,analyst
L-ALRT-001433,CSE-TELECOM-002,CSE-TELECOM-002-USR-03,alert,ALRT-001433,analyst
L-ALRT-001434,CSE-FINANCE-002,CSE-FINANCE-002-USR-04,alert,ALRT-001434,analyst
L-ALRT-001435,CSE-POWER-001,CSE-POWER-001-USR-05,alert,ALRT-001435,analyst
L-ALRT-001436,CSE-TELECOM-001,CSE-TELECOM-001-USR-01,alert,ALRT-001436,analyst
L-ALRT-001437,CSE-FINANCE-001,CSE-FINANCE-001-USR-02,alert,ALRT-001437,analyst
L-ALRT-001438,CSE-POWER-002,CSE-POWER-002-USR-03,alert,ALRT-001438,analyst
L-ALRT-001439,CSE-TELECOM-002,CSE-TELECOM-002-USR-04,alert,ALRT-001439,analyst
L-ALRT-001440,CSE-FINANCE-002,CSE-FINANCE-002-USR-05,alert,ALRT-001440,analyst
L-ALRT-001441,CSE-POWER-001,CSE-POWER-001-USR-01,alert,ALRT-001441,analyst
L-ALRT-001442,CSE-TELECOM-001,CSE-TELECOM-001-USR-02,alert,ALRT-001442,analyst
L-ALRT-001443,CSE-FINANCE-001,CSE-FINANCE-001-USR-03,alert,ALRT-001443,analyst
L-ALRT-001444,CSE-POWER-002,CSE-POWER-002-USR-04,alert,ALRT-001444,analyst
L-ALRT-001445,CSE-TELECOM-002,CSE-TELECOM-002-USR-05,alert,ALRT-001445,analyst
L-ALRT-001446,CSE-FINANCE-002,CSE-FINANCE-002-USR-01,alert,ALRT-001446,analyst
L-ALRT-001447,CSE-POWER-001,CSE-POWER-001-USR-02,alert,ALRT-001447,analyst
L-ALRT-001448,CSE-TELECOM-001,CSE-TELECOM-001-USR-03,alert,ALRT-001448,analyst
L-ALRT-001449,CSE-FINANCE-001,CSE-FINANCE-001-USR-04,alert,ALRT-001449,analyst
L-ALRT-001450,CSE-POWER-002,CSE-POWER-002-USR-05,alert,ALRT-001450,analyst
L-ALRT-001451,CSE-TELECOM-002,CSE-TELECOM-002-USR-01,alert,ALRT-001451,analyst
L-ALRT-001452,CSE-FINANCE-002,CSE-FINANCE-002-USR-02,alert,ALRT-001452,analyst
L-ALRT-001453,CSE-POWER-001,CSE-POWER-001-USR-03,alert,ALRT-001453,analyst
L-ALRT-001454,CSE-TELECOM-001,CSE-TELECOM-001-USR-04,alert,ALRT-001454,analyst
L-ALRT-001455,CSE-FINANCE-001,CSE-FINANCE-001-USR-05,alert,ALRT-001455,analyst
L-ALRT-001456,CSE-POWER-002,CSE-POWER-002-USR-01,alert,ALRT-001456,analyst
L-ALRT-001457,CSE-TELECOM-002,CSE-TELECOM-002-USR-02,alert,ALRT-001457,analyst
L-ALRT-001458,CSE-FINANCE-002,CSE-FINANCE-002-USR-03,alert,ALRT-001458,analyst
L-ALRT-001459,CSE-POWER-001,CSE-POWER-001-USR-04,alert,ALRT-001459,analyst
L-ALRT-001460,CSE-TELECOM-001,CSE-TELECOM-001-USR-05,alert,ALRT-001460,analyst
L-ALRT-001461,CSE-FINANCE-001,CSE-FINANCE-001-USR-01,alert,ALRT-001461,analyst
L-ALRT-001462,CSE-POWER-002,CSE-POWER-002-USR-02,alert,ALRT-001462,analyst
L-ALRT-001463,CSE-TELECOM-002,CSE-TELECOM-002-USR-03,alert,ALRT-001463,analyst
L-ALRT-001464,CSE-FINANCE-002,CSE-FINANCE-002-USR-04,alert,ALRT-001464,analyst
L-ALRT-001465,CSE-POWER-001,CSE-POWER-001-USR-05,alert,ALRT-001465,analyst
L-ALRT-001466,CSE-TELECOM-001,CSE-TELECOM-001-USR-01,alert,ALRT-001466,analyst
L-ALRT-001467,CSE-FINANCE-001,CSE-FINANCE-001-USR-02,alert,ALRT-001467,analyst
L-ALRT-001468,CSE-POWER-002,CSE-POWER-002-USR-03,alert,ALRT-001468,analyst
L-ALRT-001469,CSE-TELECOM-002,CSE-TELECOM-002-USR-04,alert,ALRT-001469,analyst
L-ALRT-001470,CSE-FINANCE-002,CSE-FINANCE-002-USR-05,alert,ALRT-001470,analyst
L-ALRT-001471,CSE-POWER-001,CSE-POWER-001-USR-01,alert,ALRT-001471,analyst
L-ALRT-001472,CSE-TELECOM-001,CSE-TELECOM-001-USR-02,alert,ALRT-001472,analyst
L-ALRT-001473,CSE-FINANCE-001,CSE-FINANCE-001-USR-03,alert,ALRT-001473,analyst
L-ALRT-001474,CSE-POWER-002,CSE-POWER-002-USR-04,alert,ALRT-001474,analyst
L-ALRT-001475,CSE-TELECOM-002,CSE-TELECOM-002-USR-05,alert,ALRT-001475,analyst
L-ALRT-001476,CSE-FINANCE-002,CSE-FINANCE-002-USR-01,alert,ALRT-001476,analyst
L-ALRT-001477,CSE-POWER-001,CSE-POWER-001-USR-02,alert,ALRT-001477,analyst
L-ALRT-001478,CSE-TELECOM-001,CSE-TELECOM-001-USR-03,alert,ALRT-001478,analyst
L-ALRT-001479,CSE-FINANCE-001,CSE-FINANCE-001-USR-04,alert,ALRT-001479,analyst
L-ALRT-001480,CSE-POWER-002,CSE-POWER-002-USR-05,alert,ALRT-001480,analyst
L-ALRT-001481,CSE-TELECOM-002,CSE-TELECOM-002-USR-01,alert,ALRT-001481,analyst
L-ALRT-001482,CSE-FINANCE-002,CSE-FINANCE-002-USR-02,alert,ALRT-001482,analyst
L-ALRT-001483,CSE-POWER-001,CSE-POWER-001-USR-03,alert,ALRT-001483,analyst
L-ALRT-001484,CSE-TELECOM-001,CSE-TELECOM-001-USR-04,alert,ALRT-001484,analyst
L-ALRT-001485,CSE-FINANCE-001,CSE-FINANCE-001-USR-05,alert,ALRT-001485,analyst
L-ALRT-001486,CSE-POWER-002,CSE-POWER-002-USR-01,alert,ALRT-001486,analyst
L-ALRT-001487,CSE-TELECOM-002,CSE-TELECOM-002-USR-02,alert,ALRT-001487,analyst
L-ALRT-001488,CSE-FINANCE-002,CSE-FINANCE-002-USR-03,alert,ALRT-001488,analyst
L-ALRT-001489,CSE-POWER-001,CSE-POWER-001-USR-04,alert,ALRT-001489,analyst
L-ALRT-001490,CSE-TELECOM-001,CSE-TELECOM-001-USR-05,alert,ALRT-001490,analyst
L-ALRT-001491,CSE-FINANCE-001,CSE-FINANCE-001-USR-01,alert,ALRT-001491,analyst
L-ALRT-001492,CSE-POWER-002,CSE-POWER-002-USR-02,alert,ALRT-001492,analyst
L-ALRT-001493,CSE-TELECOM-002,CSE-TELECOM-002-USR-03,alert,ALRT-001493,analyst
L-ALRT-001494,CSE-FINANCE-002,CSE-FINANCE-002-USR-04,alert,ALRT-001494,analyst
L-ALRT-001495,CSE-POWER-001,CSE-POWER-001-USR-05,alert,ALRT-001495,analyst
L-ALRT-001496,CSE-TELECOM-001,CSE-TELECOM-001-USR-01,alert,ALRT-001496,analyst
L-ALRT-001497,CSE-FINANCE-001,CSE-FINANCE-001-USR-02,alert,ALRT-001497,analyst
L-ALRT-001498,CSE-POWER-002,CSE-POWER-002-USR-03,alert,ALRT-001498,analyst
L-ALRT-001499,CSE-TELECOM-002,CSE-TELECOM-002-USR-04,alert,ALRT-001499,analyst
L-ALRT-001500,CSE-FINANCE-002,CSE-FINANCE-002-USR-05,alert,ALRT-001500,analyst
L-ALRT-001501,CSE-POWER-001,CSE-POWER-001-USR-01,alert,ALRT-001501,analyst
L-ALRT-001502,CSE-TELECOM-001,CSE-TELECOM-001-USR-02,alert,ALRT-001502,analyst
L-ALRT-001503,CSE-FINANCE-001,CSE-FINANCE-001-USR-03,alert,ALRT-001503,analyst
L-ALRT-001504,CSE-POWER-002,CSE-POWER-002-USR-04,alert,ALRT-001504,analyst
L-ALRT-001505,CSE-TELECOM-002,CSE-TELECOM-002-USR-05,alert,ALRT-001505,analyst
L-ALRT-001506,CSE-FINANCE-002,CSE-FINANCE-002-USR-01,alert,ALRT-001506,analyst
L-ALRT-001507,CSE-POWER-001,CSE-POWER-001-USR-02,alert,ALRT-001507,analyst
L-ALRT-001508,CSE-TELECOM-001,CSE-TELECOM-001-USR-03,alert,ALRT-001508,analyst
L-ALRT-001509,CSE-FINANCE-001,CSE-FINANCE-001-USR-04,alert,ALRT-001509,analyst
L-ALRT-001510,CSE-POWER-002,CSE-POWER-002-USR-05,alert,ALRT-001510,analyst
L-ALRT-001511,CSE-TELECOM-002,CSE-TELECOM-002-USR-01,alert,ALRT-001511,analyst
L-ALRT-001512,CSE-FINANCE-002,CSE-FINANCE-002-USR-02,alert,ALRT-001512,analyst
L-ALRT-001513,CSE-POWER-001,CSE-POWER-001-USR-03,alert,ALRT-001513,analyst
L-ALRT-001514,CSE-TELECOM-001,CSE-TELECOM-001-USR-04,alert,ALRT-001514,analyst
L-ALRT-001515,CSE-FINANCE-001,CSE-FINANCE-001-USR-05,alert,ALRT-001515,analyst
L-ALRT-001516,CSE-POWER-002,CSE-POWER-002-USR-01,alert,ALRT-001516,analyst
L-ALRT-001517,CSE-TELECOM-002,CSE-TELECOM-002-USR-02,alert,ALRT-001517,analyst
L-ALRT-001518,CSE-FINANCE-002,CSE-FINANCE-002-USR-03,alert,ALRT-001518,analyst
L-ALRT-001519,CSE-POWER-001,CSE-POWER-001-USR-04,alert,ALRT-001519,analyst
L-ALRT-001520,CSE-TELECOM-001,CSE-TELECOM-001-USR-05,alert,ALRT-001520,analyst
L-ALRT-001521,CSE-FINANCE-001,CSE-FINANCE-001-USR-01,alert,ALRT-001521,analyst
L-ALRT-001522,CSE-POWER-002,CSE-POWER-002-USR-02,alert,ALRT-001522,analyst
L-ALRT-001523,CSE-TELECOM-002,CSE-TELECOM-002-USR-03,alert,ALRT-001523,analyst
L-ALRT-001524,CSE-FINANCE-002,CSE-FINANCE-002-USR-04,alert,ALRT-001524,analyst
L-ALRT-001525,CSE-POWER-001,CSE-POWER-001-USR-05,alert,ALRT-001525,analyst
L-ALRT-001526,CSE-TELECOM-001,CSE-TELECOM-001-USR-01,alert,ALRT-001526,analyst
L-ALRT-001527,CSE-FINANCE-001,CSE-FINANCE-001-USR-02,alert,ALRT-001527,analyst
L-ALRT-001528,CSE-POWER-002,CSE-POWER-002-USR-03,alert,ALRT-001528,analyst
L-ALRT-001529,CSE-TELECOM-002,CSE-TELECOM-002-USR-04,alert,ALRT-001529,analyst
L-ALRT-001530,CSE-FINANCE-002,CSE-FINANCE-002-USR-05,alert,ALRT-001530,analyst
L-ALRT-001531,CSE-POWER-001,CSE-POWER-001-USR-01,alert,ALRT-001531,analyst
L-ALRT-001532,CSE-TELECOM-001,CSE-TELECOM-001-USR-02,alert,ALRT-001532,analyst
L-ALRT-001533,CSE-FINANCE-001,CSE-FINANCE-001-USR-03,alert,ALRT-001533,analyst
L-ALRT-001534,CSE-POWER-002,CSE-POWER-002-USR-04,alert,ALRT-001534,analyst
L-ALRT-001535,CSE-TELECOM-002,CSE-TELECOM-002-USR-05,alert,ALRT-001535,analyst
L-ALRT-001536,CSE-FINANCE-002,CSE-FINANCE-002-USR-01,alert,ALRT-001536,analyst
L-ALRT-001537,CSE-POWER-001,CSE-POWER-001-USR-02,alert,ALRT-001537,analyst
L-ALRT-001538,CSE-TELECOM-001,CSE-TELECOM-001-USR-03,alert,ALRT-001538,analyst
L-ALRT-001539,CSE-FINANCE-001,CSE-FINANCE-001-USR-04,alert,ALRT-001539,analyst
L-ALRT-001540,CSE-POWER-002,CSE-POWER-002-USR-05,alert,ALRT-001540,analyst
L-ALRT-001541,CSE-TELECOM-002,CSE-TELECOM-002-USR-01,alert,ALRT-001541,analyst
L-ALRT-001542,CSE-FINANCE-002,CSE-FINANCE-002-USR-02,alert,ALRT-001542,analyst
L-ALRT-001543,CSE-POWER-001,CSE-POWER-001-USR-03,alert,ALRT-001543,analyst
L-ALRT-001544,CSE-TELECOM-001,CSE-TELECOM-001-USR-04,alert,ALRT-001544,analyst
L-ALRT-001545,CSE-FINANCE-001,CSE-FINANCE-001-USR-05,alert,ALRT-001545,analyst
L-ALRT-001546,CSE-POWER-002,CSE-POWER-002-USR-01,alert,ALRT-001546,analyst
L-ALRT-001547,CSE-TELECOM-002,CSE-TELECOM-002-USR-02,alert,ALRT-001547,analyst
L-ALRT-001548,CSE-FINANCE-002,CSE-FINANCE-002-USR-03,alert,ALRT-001548,analyst
L-ALRT-001549,CSE-POWER-001,CSE-POWER-001-USR-04,alert,ALRT-001549,analyst
L-ALRT-001550,CSE-TELECOM-001,CSE-TELECOM-001-USR-05,alert,ALRT-001550,analyst
L-ALRT-001551,CSE-FINANCE-001,CSE-FINANCE-001-USR-01,alert,ALRT-001551,analyst
L-ALRT-001552,CSE-POWER-002,CSE-POWER-002-USR-02,alert,ALRT-001552,analyst
L-ALRT-001553,CSE-TELECOM-002,CSE-TELECOM-002-USR-03,alert,ALRT-001553,analyst
L-ALRT-001554,CSE-FINANCE-002,CSE-FINANCE-002-USR-04,alert,ALRT-001554,analyst
L-ALRT-001555,CSE-POWER-001,CSE-POWER-001-USR-05,alert,ALRT-001555,analyst
L-ALRT-001556,CSE-TELECOM-001,CSE-TELECOM-001-USR-01,alert,ALRT-001556,analyst
L-ALRT-001557,CSE-FINANCE-001,CSE-FINANCE-001-USR-02,alert,ALRT-001557,analyst
L-ALRT-001558,CSE-POWER-002,CSE-POWER-002-USR-03,alert,ALRT-001558,analyst
L-ALRT-001559,CSE-TELECOM-002,CSE-TELECOM-002-USR-04,alert,ALRT-001559,analyst
L-ALRT-001560,CSE-FINANCE-002,CSE-FINANCE-002-USR-05,alert,ALRT-001560,analyst
L-ALRT-001561,CSE-POWER-001,CSE-POWER-001-USR-01,alert,ALRT-001561,analyst
L-ALRT-001562,CSE-TELECOM-001,CSE-TELECOM-001-USR-02,alert,ALRT-001562,analyst
L-ALRT-001563,CSE-FINANCE-001,CSE-FINANCE-001-USR-03,alert,ALRT-001563,analyst
L-ALRT-001564,CSE-POWER-002,CSE-POWER-002-USR-04,alert,ALRT-001564,analyst
L-ALRT-001565,CSE-TELECOM-002,CSE-TELECOM-002-USR-05,alert,ALRT-001565,analyst
L-ALRT-001566,CSE-FINANCE-002,CSE-FINANCE-002-USR-01,alert,ALRT-001566,analyst
L-ALRT-001567,CSE-POWER-001,CSE-POWER-001-USR-02,alert,ALRT-001567,analyst
L-ALRT-001568,CSE-TELECOM-001,CSE-TELECOM-001-USR-03,alert,ALRT-001568,analyst
L-ALRT-001569,CSE-FINANCE-001,CSE-FINANCE-001-USR-04,alert,ALRT-001569,analyst
L-ALRT-001570,CSE-POWER-002,CSE-POWER-002-USR-05,alert,ALRT-001570,analyst
L-ALRT-001571,CSE-TELECOM-002,CSE-TELECOM-002-USR-01,alert,ALRT-001571,analyst
L-ALRT-001572,CSE-FINANCE-002,CSE-FINANCE-002-USR-02,alert,ALRT-001572,analyst
L-ALRT-001573,CSE-POWER-001,CSE-POWER-001-USR-03,alert,ALRT-001573,analyst
L-ALRT-001574,CSE-TELECOM-001,CSE-TELECOM-001-USR-04,alert,ALRT-001574,analyst
L-ALRT-001575,CSE-FINANCE-001,CSE-FINANCE-001-USR-05,alert,ALRT-001575,analyst
L-ALRT-001576,CSE-POWER-002,CSE-POWER-002-USR-01,alert,ALRT-001576,analyst
L-ALRT-001577,CSE-TELECOM-002,CSE-TELECOM-002-USR-02,alert,ALRT-001577,analyst
L-ALRT-001578,CSE-FINANCE-002,CSE-FINANCE-002-USR-03,alert,ALRT-001578,analyst
L-ALRT-001579,CSE-POWER-001,CSE-POWER-001-USR-04,alert,ALRT-001579,analyst
L-ALRT-001580,CSE-TELECOM-001,CSE-TELECOM-001-USR-05,alert,ALRT-001580,analyst
L-ALRT-001581,CSE-FINANCE-001,CSE-FINANCE-001-USR-01,alert,ALRT-001581,analyst
L-ALRT-001582,CSE-POWER-002,CSE-POWER-002-USR-02,alert,ALRT-001582,analyst
L-ALRT-001583,CSE-TELECOM-002,CSE-TELECOM-002-USR-03,alert,ALRT-001583,analyst
L-ALRT-001584,CSE-FINANCE-002,CSE-FINANCE-002-USR-04,alert,ALRT-001584,analyst
L-ALRT-001585,CSE-POWER-001,CSE-POWER-001-USR-05,alert,ALRT-001585,analyst
L-ALRT-001586,CSE-TELECOM-001,CSE-TELECOM-001-USR-01,alert,ALRT-001586,analyst
L-ALRT-001587,CSE-FINANCE-001,CSE-FINANCE-001-USR-02,alert,ALRT-001587,analyst
L-ALRT-001588,CSE-POWER-002,CSE-POWER-002-USR-03,alert,ALRT-001588,analyst
L-ALRT-001589,CSE-TELECOM-002,CSE-TELECOM-002-USR-04,alert,ALRT-001589,analyst
L-ALRT-001590,CSE-FINANCE-002,CSE-FINANCE-002-USR-05,alert,ALRT-001590,analyst
L-ALRT-001591,CSE-POWER-001,CSE-POWER-001-USR-01,alert,ALRT-001591,analyst
L-ALRT-001592,CSE-TELECOM-001,CSE-TELECOM-001-USR-02,alert,ALRT-001592,analyst
L-ALRT-001593,CSE-FINANCE-001,CSE-FINANCE-001-USR-03,alert,ALRT-001593,analyst
L-ALRT-001594,CSE-POWER-002,CSE-POWER-002-USR-04,alert,ALRT-001594,analyst
L-ALRT-001595,CSE-TELECOM-002,CSE-TELECOM-002-USR-05,alert,ALRT-001595,analyst
L-ALRT-001596,CSE-FINANCE-002,CSE-FINANCE-002-USR-01,alert,ALRT-001596,analyst
L-ALRT-001597,CSE-POWER-001,CSE-POWER-001-USR-02,alert,ALRT-001597,analyst
L-ALRT-001598,CSE-TELECOM-001,CSE-TELECOM-001-USR-03,alert,ALRT-001598,analyst
L-ALRT-001599,CSE-FINANCE-001,CSE-FINANCE-001-USR-04,alert,ALRT-001599,analyst
L-ALRT-001600,CSE-POWER-002,CSE-POWER-002-USR-05,alert,ALRT-001600,analyst
L-ALRT-001601,CSE-TELECOM-002,CSE-TELECOM-002-USR-01,alert,ALRT-001601,analyst
L-ALRT-001602,CSE-FINANCE-002,CSE-FINANCE-002-USR-02,alert,ALRT-001602,analyst
L-ALRT-001603,CSE-POWER-001,CSE-POWER-001-USR-03,alert,ALRT-001603,analyst
L-ALRT-001604,CSE-TELECOM-001,CSE-TELECOM-001-USR-04,alert,ALRT-001604,analyst
L-ALRT-001605,CSE-FINANCE-001,CSE-FINANCE-001-USR-05,alert,ALRT-001605,analyst
L-ALRT-001606,CSE-POWER-002,CSE-POWER-002-USR-01,alert,ALRT-001606,analyst
L-ALRT-001607,CSE-TELECOM-002,CSE-TELECOM-002-USR-02,alert,ALRT-001607,analyst
L-ALRT-001608,CSE-FINANCE-002,CSE-FINANCE-002-USR-03,alert,ALRT-001608,analyst
L-ALRT-001609,CSE-POWER-001,CSE-POWER-001-USR-04,alert,ALRT-001609,analyst
L-ALRT-001610,CSE-TELECOM-001,CSE-TELECOM-001-USR-05,alert,ALRT-001610,analyst
L-ALRT-001611,CSE-FINANCE-001,CSE-FINANCE-001-USR-01,alert,ALRT-001611,analyst
L-ALRT-001612,CSE-POWER-002,CSE-POWER-002-USR-02,alert,ALRT-001612,analyst
L-ALRT-001613,CSE-TELECOM-002,CSE-TELECOM-002-USR-03,alert,ALRT-001613,analyst
L-ALRT-001614,CSE-FINANCE-002,CSE-FINANCE-002-USR-04,alert,ALRT-001614,analyst
L-ALRT-001615,CSE-POWER-001,CSE-POWER-001-USR-05,alert,ALRT-001615,analyst
L-ALRT-001616,CSE-TELECOM-001,CSE-TELECOM-001-USR-01,alert,ALRT-001616,analyst
L-ALRT-001617,CSE-FINANCE-001,CSE-FINANCE-001-USR-02,alert,ALRT-001617,analyst
L-ALRT-001618,CSE-POWER-002,CSE-POWER-002-USR-03,alert,ALRT-001618,analyst
L-ALRT-001619,CSE-TELECOM-002,CSE-TELECOM-002-USR-04,alert,ALRT-001619,analyst
L-ALRT-001620,CSE-FINANCE-002,CSE-FINANCE-002-USR-05,alert,ALRT-001620,analyst
L-ALRT-001621,CSE-POWER-001,CSE-POWER-001-USR-01,alert,ALRT-001621,analyst
L-ALRT-001622,CSE-TELECOM-001,CSE-TELECOM-001-USR-02,alert,ALRT-001622,analyst
L-ALRT-001623,CSE-FINANCE-001,CSE-FINANCE-001-USR-03,alert,ALRT-001623,analyst
L-ALRT-001624,CSE-POWER-002,CSE-POWER-002-USR-04,alert,ALRT-001624,analyst
L-ALRT-001625,CSE-TELECOM-002,CSE-TELECOM-002-USR-05,alert,ALRT-001625,analyst
L-ALRT-001626,CSE-FINANCE-002,CSE-FINANCE-002-USR-01,alert,ALRT-001626,analyst
L-ALRT-001627,CSE-POWER-001,CSE-POWER-001-USR-02,alert,ALRT-001627,analyst
L-ALRT-001628,CSE-TELECOM-001,CSE-TELECOM-001-USR-03,alert,ALRT-001628,analyst
L-ALRT-001629,CSE-FINANCE-001,CSE-FINANCE-001-USR-04,alert,ALRT-001629,analyst
L-ALRT-001630,CSE-POWER-002,CSE-POWER-002-USR-05,alert,ALRT-001630,analyst
L-ALRT-001631,CSE-TELECOM-002,CSE-TELECOM-002-USR-01,alert,ALRT-001631,analyst
L-ALRT-001632,CSE-FINANCE-002,CSE-FINANCE-002-USR-02,alert,ALRT-001632,analyst
L-ALRT-001633,CSE-POWER-001,CSE-POWER-001-USR-03,alert,ALRT-001633,analyst
L-ALRT-001634,CSE-TELECOM-001,CSE-TELECOM-001-USR-04,alert,ALRT-001634,analyst
L-ALRT-001635,CSE-FINANCE-001,CSE-FINANCE-001-USR-05,alert,ALRT-001635,analyst
L-ALRT-001636,CSE-POWER-002,CSE-POWER-002-USR-01,alert,ALRT-001636,analyst
L-ALRT-001637,CSE-TELECOM-002,CSE-TELECOM-002-USR-02,alert,ALRT-001637,analyst
L-ALRT-001638,CSE-FINANCE-002,CSE-FINANCE-002-USR-03,alert,ALRT-001638,analyst
L-ALRT-001639,CSE-POWER-001,CSE-POWER-001-USR-04,alert,ALRT-001639,analyst
L-ALRT-001640,CSE-TELECOM-001,CSE-TELECOM-001-USR-05,alert,ALRT-001640,analyst
L-ALRT-001641,CSE-FINANCE-001,CSE-FINANCE-001-USR-01,alert,ALRT-001641,analyst
L-ALRT-001642,CSE-POWER-002,CSE-POWER-002-USR-02,alert,ALRT-001642,analyst
L-ALRT-001643,CSE-TELECOM-002,CSE-TELECOM-002-USR-03,alert,ALRT-001643,analyst
L-ALRT-001644,CSE-FINANCE-002,CSE-FINANCE-002-USR-04,alert,ALRT-001644,analyst
L-ALRT-001645,CSE-POWER-001,CSE-POWER-001-USR-05,alert,ALRT-001645,analyst
L-ALRT-001646,CSE-TELECOM-001,CSE-TELECOM-001-USR-01,alert,ALRT-001646,analyst
L-ALRT-001647,CSE-FINANCE-001,CSE-FINANCE-001-USR-02,alert,ALRT-001647,analyst
L-ALRT-001648,CSE-POWER-002,CSE-POWER-002-USR-03,alert,ALRT-001648,analyst
L-ALRT-001649,CSE-TELECOM-002,CSE-TELECOM-002-USR-04,alert,ALRT-001649,analyst
L-ALRT-001650,CSE-FINANCE-002,CSE-FINANCE-002-USR-05,alert,ALRT-001650,analyst
L-ALRT-001651,CSE-POWER-001,CSE-POWER-001-USR-01,alert,ALRT-001651,analyst
L-ALRT-001652,CSE-TELECOM-001,CSE-TELECOM-001-USR-02,alert,ALRT-001652,analyst
L-ALRT-001653,CSE-FINANCE-001,CSE-FINANCE-001-USR-03,alert,ALRT-001653,analyst
L-ALRT-001654,CSE-POWER-002,CSE-POWER-002-USR-04,alert,ALRT-001654,analyst
L-ALRT-001655,CSE-TELECOM-002,CSE-TELECOM-002-USR-05,alert,ALRT-001655,analyst
L-ALRT-001656,CSE-FINANCE-002,CSE-FINANCE-002-USR-01,alert,ALRT-001656,analyst
L-ALRT-001657,CSE-POWER-001,CSE-POWER-001-USR-02,alert,ALRT-001657,analyst
L-ALRT-001658,CSE-TELECOM-001,CSE-TELECOM-001-USR-03,alert,ALRT-001658,analyst
L-ALRT-001659,CSE-FINANCE-001,CSE-FINANCE-001-USR-04,alert,ALRT-001659,analyst
L-ALRT-001660,CSE-POWER-002,CSE-POWER-002-USR-05,alert,ALRT-001660,analyst
L-ALRT-001661,CSE-TELECOM-002,CSE-TELECOM-002-USR-01,alert,ALRT-001661,analyst
L-ALRT-001662,CSE-FINANCE-002,CSE-FINANCE-002-USR-02,alert,ALRT-001662,analyst
L-ALRT-001663,CSE-POWER-001,CSE-POWER-001-USR-03,alert,ALRT-001663,analyst
L-ALRT-001664,CSE-TELECOM-001,CSE-TELECOM-001-USR-04,alert,ALRT-001664,analyst
L-ALRT-001665,CSE-FINANCE-001,CSE-FINANCE-001-USR-05,alert,ALRT-001665,analyst
L-ALRT-001666,CSE-POWER-002,CSE-POWER-002-USR-01,alert,ALRT-001666,analyst
L-ALRT-001667,CSE-TELECOM-002,CSE-TELECOM-002-USR-02,alert,ALRT-001667,analyst
L-ALRT-001668,CSE-FINANCE-002,CSE-FINANCE-002-USR-03,alert,ALRT-001668,analyst
L-ALRT-001669,CSE-POWER-001,CSE-POWER-001-USR-04,alert,ALRT-001669,analyst
L-ALRT-001670,CSE-TELECOM-001,CSE-TELECOM-001-USR-05,alert,ALRT-001670,analyst
L-ALRT-001671,CSE-FINANCE-001,CSE-FINANCE-001-USR-01,alert,ALRT-001671,analyst
L-ALRT-001672,CSE-POWER-002,CSE-POWER-002-USR-02,alert,ALRT-001672,analyst
L-ALRT-001673,CSE-TELECOM-002,CSE-TELECOM-002-USR-03,alert,ALRT-001673,analyst
L-ALRT-001674,CSE-FINANCE-002,CSE-FINANCE-002-USR-04,alert,ALRT-001674,analyst
L-ALRT-001675,CSE-POWER-001,CSE-POWER-001-USR-05,alert,ALRT-001675,analyst
L-ALRT-001676,CSE-TELECOM-001,CSE-TELECOM-001-USR-01,alert,ALRT-001676,analyst
L-ALRT-001677,CSE-FINANCE-001,CSE-FINANCE-001-USR-02,alert,ALRT-001677,analyst
L-ALRT-001678,CSE-POWER-002,CSE-POWER-002-USR-03,alert,ALRT-001678,analyst
L-ALRT-001679,CSE-TELECOM-002,CSE-TELECOM-002-USR-04,alert,ALRT-001679,analyst
L-ALRT-001680,CSE-FINANCE-002,CSE-FINANCE-002-USR-05,alert,ALRT-001680,analyst
L-ALRT-001681,CSE-POWER-001,CSE-POWER-001-USR-01,alert,ALRT-001681,analyst
L-ALRT-001682,CSE-TELECOM-001,CSE-TELECOM-001-USR-02,alert,ALRT-001682,analyst
L-ALRT-001683,CSE-FINANCE-001,CSE-FINANCE-001-USR-03,alert,ALRT-001683,analyst
L-ALRT-001684,CSE-POWER-002,CSE-POWER-002-USR-04,alert,ALRT-001684,analyst
L-ALRT-001685,CSE-TELECOM-002,CSE-TELECOM-002-USR-05,alert,ALRT-001685,analyst
L-ALRT-001686,CSE-FINANCE-002,CSE-FINANCE-002-USR-01,alert,ALRT-001686,analyst
L-ALRT-001687,CSE-POWER-001,CSE-POWER-001-USR-02,alert,ALRT-001687,analyst
L-ALRT-001688,CSE-TELECOM-001,CSE-TELECOM-001-USR-03,alert,ALRT-001688,analyst
L-ALRT-001689,CSE-FINANCE-001,CSE-FINANCE-001-USR-04,alert,ALRT-001689,analyst
L-ALRT-001690,CSE-POWER-002,CSE-POWER-002-USR-05,alert,ALRT-001690,analyst
L-ALRT-001691,CSE-TELECOM-002,CSE-TELECOM-002-USR-01,alert,ALRT-001691,analyst
L-ALRT-001692,CSE-FINANCE-002,CSE-FINANCE-002-USR-02,alert,ALRT-001692,analyst
L-ALRT-001693,CSE-POWER-001,CSE-POWER-001-USR-03,alert,ALRT-001693,analyst
L-ALRT-001694,CSE-TELECOM-001,CSE-TELECOM-001-USR-04,alert,ALRT-001694,analyst
L-ALRT-001695,CSE-FINANCE-001,CSE-FINANCE-001-USR-05,alert,ALRT-001695,analyst
L-ALRT-001696,CSE-POWER-002,CSE-POWER-002-USR-01,alert,ALRT-001696,analyst
L-ALRT-001697,CSE-TELECOM-002,CSE-TELECOM-002-USR-02,alert,ALRT-001697,analyst
L-ALRT-001698,CSE-FINANCE-002,CSE-FINANCE-002-USR-03,alert,ALRT-001698,analyst
L-ALRT-001699,CSE-POWER-001,CSE-POWER-001-USR-04,alert,ALRT-001699,analyst
L-ALRT-001700,CSE-TELECOM-001,CSE-TELECOM-001-USR-05,alert,ALRT-001700,analyst
L-ALRT-001701,CSE-FINANCE-001,CSE-FINANCE-001-USR-01,alert,ALRT-001701,analyst
L-ALRT-001702,CSE-POWER-002,CSE-POWER-002-USR-02,alert,ALRT-001702,analyst
L-ALRT-001703,CSE-TELECOM-002,CSE-TELECOM-002-USR-03,alert,ALRT-001703,analyst
L-ALRT-001704,CSE-FINANCE-002,CSE-FINANCE-002-USR-04,alert,ALRT-001704,analyst
L-ALRT-001705,CSE-POWER-001,CSE-POWER-001-USR-05,alert,ALRT-001705,analyst
L-ALRT-001706,CSE-TELECOM-001,CSE-TELECOM-001-USR-01,alert,ALRT-001706,analyst
L-ALRT-001707,CSE-FINANCE-001,CSE-FINANCE-001-USR-02,alert,ALRT-001707,analyst
L-ALRT-001708,CSE-POWER-002,CSE-POWER-002-USR-03,alert,ALRT-001708,analyst
L-ALRT-001709,CSE-TELECOM-002,CSE-TELECOM-002-USR-04,alert,ALRT-001709,analyst
L-ALRT-001710,CSE-FINANCE-002,CSE-FINANCE-002-USR-05,alert,ALRT-001710,analyst
L-ALRT-001711,CSE-POWER-001,CSE-POWER-001-USR-01,alert,ALRT-001711,analyst
L-ALRT-001712,CSE-TELECOM-001,CSE-TELECOM-001-USR-02,alert,ALRT-001712,analyst
L-ALRT-001713,CSE-FINANCE-001,CSE-FINANCE-001-USR-03,alert,ALRT-001713,analyst
L-ALRT-001714,CSE-POWER-002,CSE-POWER-002-USR-04,alert,ALRT-001714,analyst
L-ALRT-001715,CSE-TELECOM-002,CSE-TELECOM-002-USR-05,alert,ALRT-001715,analyst
L-ALRT-001716,CSE-FINANCE-002,CSE-FINANCE-002-USR-01,alert,ALRT-001716,analyst
L-ALRT-001717,CSE-POWER-001,CSE-POWER-001-USR-02,alert,ALRT-001717,analyst
L-ALRT-001718,CSE-TELECOM-001,CSE-TELECOM-001-USR-03,alert,ALRT-001718,analyst
L-ALRT-001719,CSE-FINANCE-001,CSE-FINANCE-001-USR-04,alert,ALRT-001719,analyst
L-ALRT-001720,CSE-POWER-002,CSE-POWER-002-USR-05,alert,ALRT-001720,analyst
L-ALRT-001721,CSE-TELECOM-002,CSE-TELECOM-002-USR-01,alert,ALRT-001721,analyst
L-ALRT-001722,CSE-FINANCE-002,CSE-FINANCE-002-USR-02,alert,ALRT-001722,analyst
L-ALRT-001723,CSE-POWER-001,CSE-POWER-001-USR-03,alert,ALRT-001723,analyst
L-ALRT-001724,CSE-TELECOM-001,CSE-TELECOM-001-USR-04,alert,ALRT-001724,analyst
L-ALRT-001725,CSE-FINANCE-001,CSE-FINANCE-001-USR-05,alert,ALRT-001725,analyst
L-ALRT-001726,CSE-POWER-002,CSE-POWER-002-USR-01,alert,ALRT-001726,analyst
L-ALRT-001727,CSE-TELECOM-002,CSE-TELECOM-002-USR-02,alert,ALRT-001727,analyst
L-ALRT-001728,CSE-FINANCE-002,CSE-FINANCE-002-USR-03,alert,ALRT-001728,analyst
L-ALRT-001729,CSE-POWER-001,CSE-POWER-001-USR-04,alert,ALRT-001729,analyst
L-ALRT-001730,CSE-TELECOM-001,CSE-TELECOM-001-USR-05,alert,ALRT-001730,analyst
L-ALRT-001731,CSE-FINANCE-001,CSE-FINANCE-001-USR-01,alert,ALRT-001731,analyst
L-ALRT-001732,CSE-POWER-002,CSE-POWER-002-USR-02,alert,ALRT-001732,analyst
L-ALRT-001733,CSE-TELECOM-002,CSE-TELECOM-002-USR-03,alert,ALRT-001733,analyst
L-ALRT-001734,CSE-FINANCE-002,CSE-FINANCE-002-USR-04,alert,ALRT-001734,analyst
L-ALRT-001735,CSE-POWER-001,CSE-POWER-001-USR-05,alert,ALRT-001735,analyst
L-ALRT-001736,CSE-TELECOM-001,CSE-TELECOM-001-USR-01,alert,ALRT-001736,analyst
L-ALRT-001737,CSE-FINANCE-001,CSE-FINANCE-001-USR-02,alert,ALRT-001737,analyst
L-ALRT-001738,CSE-POWER-002,CSE-POWER-002-USR-03,alert,ALRT-001738,analyst
L-ALRT-001739,CSE-TELECOM-002,CSE-TELECOM-002-USR-04,alert,ALRT-001739,analyst
L-ALRT-001740,CSE-FINANCE-002,CSE-FINANCE-002-USR-05,alert,ALRT-001740,analyst
L-ALRT-001741,CSE-POWER-001,CSE-POWER-001-USR-01,alert,ALRT-001741,analyst
L-ALRT-001742,CSE-TELECOM-001,CSE-TELECOM-001-USR-02,alert,ALRT-001742,analyst
L-ALRT-001743,CSE-FINANCE-001,CSE-FINANCE-001-USR-03,alert,ALRT-001743,analyst
L-ALRT-001744,CSE-POWER-002,CSE-POWER-002-USR-04,alert,ALRT-001744,analyst
L-ALRT-001745,CSE-TELECOM-002,CSE-TELECOM-002-USR-05,alert,ALRT-001745,analyst
L-ALRT-001746,CSE-FINANCE-002,CSE-FINANCE-002-USR-01,alert,ALRT-001746,analyst
L-ALRT-001747,CSE-POWER-001,CSE-POWER-001-USR-02,alert,ALRT-001747,analyst
L-ALRT-001748,CSE-TELECOM-001,CSE-TELECOM-001-USR-03,alert,ALRT-001748,analyst
L-ALRT-001749,CSE-FINANCE-001,CSE-FINANCE-001-USR-04,alert,ALRT-001749,analyst
L-ALRT-001750,CSE-POWER-002,CSE-POWER-002-USR-05,alert,ALRT-001750,analyst
L-ALRT-001751,CSE-TELECOM-002,CSE-TELECOM-002-USR-01,alert,ALRT-001751,analyst
L-ALRT-001752,CSE-FINANCE-002,CSE-FINANCE-002-USR-02,alert,ALRT-001752,analyst
L-ALRT-001753,CSE-POWER-001,CSE-POWER-001-USR-03,alert,ALRT-001753,analyst
L-ALRT-001754,CSE-TELECOM-001,CSE-TELECOM-001-USR-04,alert,ALRT-001754,analyst
L-ALRT-001755,CSE-FINANCE-001,CSE-FINANCE-001-USR-05,alert,ALRT-001755,analyst
L-ALRT-001756,CSE-POWER-002,CSE-POWER-002-USR-01,alert,ALRT-001756,analyst
L-ALRT-001757,CSE-TELECOM-002,CSE-TELECOM-002-USR-02,alert,ALRT-001757,analyst
L-ALRT-001758,CSE-FINANCE-002,CSE-FINANCE-002-USR-03,alert,ALRT-001758,analyst
L-ALRT-001759,CSE-POWER-001,CSE-POWER-001-USR-04,alert,ALRT-001759,analyst
L-ALRT-001760,CSE-TELECOM-001,CSE-TELECOM-001-USR-05,alert,ALRT-001760,analyst
L-ALRT-001761,CSE-FINANCE-001,CSE-FINANCE-001-USR-01,alert,ALRT-001761,analyst
L-ALRT-001762,CSE-POWER-002,CSE-POWER-002-USR-02,alert,ALRT-001762,analyst
L-ALRT-001763,CSE-TELECOM-002,CSE-TELECOM-002-USR-03,alert,ALRT-001763,analyst
L-ALRT-001764,CSE-FINANCE-002,CSE-FINANCE-002-USR-04,alert,ALRT-001764,analyst
L-ALRT-001765,CSE-POWER-001,CSE-POWER-001-USR-05,alert,ALRT-001765,analyst
L-ALRT-001766,CSE-TELECOM-001,CSE-TELECOM-001-USR-01,alert,ALRT-001766,analyst
L-ALRT-001767,CSE-FINANCE-001,CSE-FINANCE-001-USR-02,alert,ALRT-001767,analyst
L-ALRT-001768,CSE-POWER-002,CSE-POWER-002-USR-03,alert,ALRT-001768,analyst
L-ALRT-001769,CSE-TELECOM-002,CSE-TELECOM-002-USR-04,alert,ALRT-001769,analyst
L-ALRT-001770,CSE-FINANCE-002,CSE-FINANCE-002-USR-05,alert,ALRT-001770,analyst
L-ALRT-001771,CSE-POWER-001,CSE-POWER-001-USR-01,alert,ALRT-001771,analyst
L-ALRT-001772,CSE-TELECOM-001,CSE-TELECOM-001-USR-02,alert,ALRT-001772,analyst
L-ALRT-001773,CSE-FINANCE-001,CSE-FINANCE-001-USR-03,alert,ALRT-001773,analyst
L-ALRT-001774,CSE-POWER-002,CSE-POWER-002-USR-04,alert,ALRT-001774,analyst
L-ALRT-001775,CSE-TELECOM-002,CSE-TELECOM-002-USR-05,alert,ALRT-001775,analyst
L-ALRT-001776,CSE-FINANCE-002,CSE-FINANCE-002-USR-01,alert,ALRT-001776,analyst
L-ALRT-001777,CSE-POWER-001,CSE-POWER-001-USR-02,alert,ALRT-001777,analyst
L-ALRT-001778,CSE-TELECOM-001,CSE-TELECOM-001-USR-03,alert,ALRT-001778,analyst
L-ALRT-001779,CSE-FINANCE-001,CSE-FINANCE-001-USR-04,alert,ALRT-001779,analyst
L-ALRT-001780,CSE-POWER-002,CSE-POWER-002-USR-05,alert,ALRT-001780,analyst
L-ALRT-001781,CSE-TELECOM-002,CSE-TELECOM-002-USR-01,alert,ALRT-001781,analyst
L-ALRT-001782,CSE-FINANCE-002,CSE-FINANCE-002-USR-02,alert,ALRT-001782,analyst
L-ALRT-001783,CSE-POWER-001,CSE-POWER-001-USR-03,alert,ALRT-001783,analyst
L-ALRT-001784,CSE-TELECOM-001,CSE-TELECOM-001-USR-04,alert,ALRT-001784,analyst
L-ALRT-001785,CSE-FINANCE-001,CSE-FINANCE-001-USR-05,alert,ALRT-001785,analyst
L-ALRT-001786,CSE-POWER-002,CSE-POWER-002-USR-01,alert,ALRT-001786,analyst
L-ALRT-001787,CSE-TELECOM-002,CSE-TELECOM-002-USR-02,alert,ALRT-001787,analyst
L-ALRT-001788,CSE-FINANCE-002,CSE-FINANCE-002-USR-03,alert,ALRT-001788,analyst
L-ALRT-001789,CSE-POWER-001,CSE-POWER-001-USR-04,alert,ALRT-001789,analyst
L-ALRT-001790,CSE-TELECOM-001,CSE-TELECOM-001-USR-05,alert,ALRT-001790,analyst
L-ALRT-001791,CSE-FINANCE-001,CSE-FINANCE-001-USR-01,alert,ALRT-001791,analyst
L-ALRT-001792,CSE-POWER-002,CSE-POWER-002-USR-02,alert,ALRT-001792,analyst
L-ALRT-001793,CSE-TELECOM-002,CSE-TELECOM-002-USR-03,alert,ALRT-001793,analyst
L-ALRT-001794,CSE-FINANCE-002,CSE-FINANCE-002-USR-04,alert,ALRT-001794,analyst
L-ALRT-001795,CSE-POWER-001,CSE-POWER-001-USR-05,alert,ALRT-001795,analyst
L-ALRT-001796,CSE-TELECOM-001,CSE-TELECOM-001-USR-01,alert,ALRT-001796,analyst
L-ALRT-001797,CSE-FINANCE-001,CSE-FINANCE-001-USR-02,alert,ALRT-001797,analyst
L-ALRT-001798,CSE-POWER-002,CSE-POWER-002-USR-03,alert,ALRT-001798,analyst
L-ALRT-001799,CSE-TELECOM-002,CSE-TELECOM-002-USR-04,alert,ALRT-001799,analyst
L-ALRT-001800,CSE-FINANCE-002,CSE-FINANCE-002-USR-05,alert,ALRT-001800,analyst
L-ALRT-001801,CSE-POWER-001,CSE-POWER-001-USR-01,alert,ALRT-001801,analyst
L-ALRT-001802,CSE-TELECOM-001,CSE-TELECOM-001-USR-02,alert,ALRT-001802,analyst
L-ALRT-001803,CSE-FINANCE-001,CSE-FINANCE-001-USR-03,alert,ALRT-001803,analyst
L-ALRT-001804,CSE-POWER-002,CSE-POWER-002-USR-04,alert,ALRT-001804,analyst
L-ALRT-001805,CSE-TELECOM-002,CSE-TELECOM-002-USR-05,alert,ALRT-001805,analyst
L-ALRT-001806,CSE-FINANCE-002,CSE-FINANCE-002-USR-01,alert,ALRT-001806,analyst
L-ALRT-001807,CSE-POWER-001,CSE-POWER-001-USR-02,alert,ALRT-001807,analyst
L-ALRT-001808,CSE-TELECOM-001,CSE-TELECOM-001-USR-03,alert,ALRT-001808,analyst
L-ALRT-001809,CSE-FINANCE-001,CSE-FINANCE-001-USR-04,alert,ALRT-001809,analyst
L-ALRT-001810,CSE-POWER-002,CSE-POWER-002-USR-05,alert,ALRT-001810,analyst
L-ALRT-001811,CSE-TELECOM-002,CSE-TELECOM-002-USR-01,alert,ALRT-001811,analyst
L-ALRT-001812,CSE-FINANCE-002,CSE-FINANCE-002-USR-02,alert,ALRT-001812,analyst
L-ALRT-001813,CSE-POWER-001,CSE-POWER-001-USR-03,alert,ALRT-001813,analyst
L-ALRT-001814,CSE-TELECOM-001,CSE-TELECOM-001-USR-04,alert,ALRT-001814,analyst
L-ALRT-001815,CSE-FINANCE-001,CSE-FINANCE-001-USR-05,alert,ALRT-001815,analyst
L-ALRT-001816,CSE-POWER-002,CSE-POWER-002-USR-01,alert,ALRT-001816,analyst
L-ALRT-001817,CSE-TELECOM-002,CSE-TELECOM-002-USR-02,alert,ALRT-001817,analyst
L-ALRT-001818,CSE-FINANCE-002,CSE-FINANCE-002-USR-03,alert,ALRT-001818,analyst
L-ALRT-001819,CSE-POWER-001,CSE-POWER-001-USR-04,alert,ALRT-001819,analyst
L-ALRT-001820,CSE-TELECOM-001,CSE-TELECOM-001-USR-05,alert,ALRT-001820,analyst
L-ALRT-001821,CSE-FINANCE-001,CSE-FINANCE-001-USR-01,alert,ALRT-001821,analyst
L-ALRT-001822,CSE-POWER-002,CSE-POWER-002-USR-02,alert,ALRT-001822,analyst
L-ALRT-001823,CSE-TELECOM-002,CSE-TELECOM-002-USR-03,alert,ALRT-001823,analyst
L-ALRT-001824,CSE-FINANCE-002,CSE-FINANCE-002-USR-04,alert,ALRT-001824,analyst
L-ALRT-001825,CSE-POWER-001,CSE-POWER-001-USR-05,alert,ALRT-001825,analyst
L-ALRT-001826,CSE-TELECOM-001,CSE-TELECOM-001-USR-01,alert,ALRT-001826,analyst
L-ALRT-001827,CSE-FINANCE-001,CSE-FINANCE-001-USR-02,alert,ALRT-001827,analyst
L-ALRT-001828,CSE-POWER-002,CSE-POWER-002-USR-03,alert,ALRT-001828,analyst
L-ALRT-001829,CSE-TELECOM-002,CSE-TELECOM-002-USR-04,alert,ALRT-001829,analyst
L-ALRT-001830,CSE-FINANCE-002,CSE-FINANCE-002-USR-05,alert,ALRT-001830,analyst
L-ALRT-001831,CSE-POWER-001,CSE-POWER-001-USR-01,alert,ALRT-001831,analyst
L-ALRT-001832,CSE-TELECOM-001,CSE-TELECOM-001-USR-02,alert,ALRT-001832,analyst
L-ALRT-001833,CSE-FINANCE-001,CSE-FINANCE-001-USR-03,alert,ALRT-001833,analyst
L-ALRT-001834,CSE-POWER-002,CSE-POWER-002-USR-04,alert,ALRT-001834,analyst
L-ALRT-001835,CSE-TELECOM-002,CSE-TELECOM-002-USR-05,alert,ALRT-001835,analyst
L-ALRT-001836,CSE-FINANCE-002,CSE-FINANCE-002-USR-01,alert,ALRT-001836,analyst
L-ALRT-001837,CSE-POWER-001,CSE-POWER-001-USR-02,alert,ALRT-001837,analyst
L-ALRT-001838,CSE-TELECOM-001,CSE-TELECOM-001-USR-03,alert,ALRT-001838,analyst
L-ALRT-001839,CSE-FINANCE-001,CSE-FINANCE-001-USR-04,alert,ALRT-001839,analyst
L-ALRT-001840,CSE-POWER-002,CSE-POWER-002-USR-05,alert,ALRT-001840,analyst
L-ALRT-001841,CSE-TELECOM-002,CSE-TELECOM-002-USR-01,alert,ALRT-001841,analyst
L-ALRT-001842,CSE-FINANCE-002,CSE-FINANCE-002-USR-02,alert,ALRT-001842,analyst
L-ALRT-001843,CSE-POWER-001,CSE-POWER-001-USR-03,alert,ALRT-001843,analyst
L-ALRT-001844,CSE-TELECOM-001,CSE-TELECOM-001-USR-04,alert,ALRT-001844,analyst
L-ALRT-001845,CSE-FINANCE-001,CSE-FINANCE-001-USR-05,alert,ALRT-001845,analyst
L-ALRT-001846,CSE-POWER-002,CSE-POWER-002-USR-01,alert,ALRT-001846,analyst
L-ALRT-001847,CSE-TELECOM-002,CSE-TELECOM-002-USR-02,alert,ALRT-001847,analyst
L-ALRT-001848,CSE-FINANCE-002,CSE-FINANCE-002-USR-03,alert,ALRT-001848,analyst
L-ALRT-001849,CSE-POWER-001,CSE-POWER-001-USR-04,alert,ALRT-001849,analyst
L-ALRT-001850,CSE-TELECOM-001,CSE-TELECOM-001-USR-05,alert,ALRT-001850,analyst
L-ALRT-001851,CSE-FINANCE-001,CSE-FINANCE-001-USR-01,alert,ALRT-001851,analyst
L-ALRT-001852,CSE-POWER-002,CSE-POWER-002-USR-02,alert,ALRT-001852,analyst
L-ALRT-001853,CSE-TELECOM-002,CSE-TELECOM-002-USR-03,alert,ALRT-001853,analyst
L-ALRT-001854,CSE-FINANCE-002,CSE-FINANCE-002-USR-04,alert,ALRT-001854,analyst
L-ALRT-001855,CSE-POWER-001,CSE-POWER-001-USR-05,alert,ALRT-001855,analyst
L-ALRT-001856,CSE-TELECOM-001,CSE-TELECOM-001-USR-01,alert,ALRT-001856,analyst
L-ALRT-001857,CSE-FINANCE-001,CSE-FINANCE-001-USR-02,alert,ALRT-001857,analyst
L-ALRT-001858,CSE-POWER-002,CSE-POWER-002-USR-03,alert,ALRT-001858,analyst
L-ALRT-001859,CSE-TELECOM-002,CSE-TELECOM-002-USR-04,alert,ALRT-001859,analyst
L-ALRT-001860,CSE-FINANCE-002,CSE-FINANCE-002-USR-05,alert,ALRT-001860,analyst
L-ALRT-001861,CSE-POWER-001,CSE-POWER-001-USR-01,alert,ALRT-001861,analyst
L-ALRT-001862,CSE-TELECOM-001,CSE-TELECOM-001-USR-02,alert,ALRT-001862,analyst
L-ALRT-001863,CSE-FINANCE-001,CSE-FINANCE-001-USR-03,alert,ALRT-001863,analyst
L-ALRT-001864,CSE-POWER-002,CSE-POWER-002-USR-04,alert,ALRT-001864,analyst
L-ALRT-001865,CSE-TELECOM-002,CSE-TELECOM-002-USR-05,alert,ALRT-001865,analyst
L-ALRT-001866,CSE-FINANCE-002,CSE-FINANCE-002-USR-01,alert,ALRT-001866,analyst
L-ALRT-001867,CSE-POWER-001,CSE-POWER-001-USR-02,alert,ALRT-001867,analyst
L-ALRT-001868,CSE-TELECOM-001,CSE-TELECOM-001-USR-03,alert,ALRT-001868,analyst
L-ALRT-001869,CSE-FINANCE-001,CSE-FINANCE-001-USR-04,alert,ALRT-001869,analyst
L-ALRT-001870,CSE-POWER-002,CSE-POWER-002-USR-05,alert,ALRT-001870,analyst
L-ALRT-001871,CSE-TELECOM-002,CSE-TELECOM-002-USR-01,alert,ALRT-001871,analyst
L-ALRT-001872,CSE-FINANCE-002,CSE-FINANCE-002-USR-02,alert,ALRT-001872,analyst
L-ALRT-001873,CSE-POWER-001,CSE-POWER-001-USR-03,alert,ALRT-001873,analyst
L-ALRT-001874,CSE-TELECOM-001,CSE-TELECOM-001-USR-04,alert,ALRT-001874,analyst
L-ALRT-001875,CSE-FINANCE-001,CSE-FINANCE-001-USR-05,alert,ALRT-001875,analyst
L-ALRT-001876,CSE-POWER-002,CSE-POWER-002-USR-01,alert,ALRT-001876,analyst
L-ALRT-001877,CSE-TELECOM-002,CSE-TELECOM-002-USR-02,alert,ALRT-001877,analyst
L-ALRT-001878,CSE-FINANCE-002,CSE-FINANCE-002-USR-03,alert,ALRT-001878,analyst
L-ALRT-001879,CSE-POWER-001,CSE-POWER-001-USR-04,alert,ALRT-001879,analyst
L-ALRT-001880,CSE-TELECOM-001,CSE-TELECOM-001-USR-05,alert,ALRT-001880,analyst
L-ALRT-001881,CSE-FINANCE-001,CSE-FINANCE-001-USR-01,alert,ALRT-001881,analyst
L-ALRT-001882,CSE-POWER-002,CSE-POWER-002-USR-02,alert,ALRT-001882,analyst
L-ALRT-001883,CSE-TELECOM-002,CSE-TELECOM-002-USR-03,alert,ALRT-001883,analyst
L-ALRT-001884,CSE-FINANCE-002,CSE-FINANCE-002-USR-04,alert,ALRT-001884,analyst
L-ALRT-001885,CSE-POWER-001,CSE-POWER-001-USR-05,alert,ALRT-001885,analyst
L-ALRT-001886,CSE-TELECOM-001,CSE-TELECOM-001-USR-01,alert,ALRT-001886,analyst
L-ALRT-001887,CSE-FINANCE-001,CSE-FINANCE-001-USR-02,alert,ALRT-001887,analyst
L-ALRT-001888,CSE-POWER-002,CSE-POWER-002-USR-03,alert,ALRT-001888,analyst
L-ALRT-001889,CSE-TELECOM-002,CSE-TELECOM-002-USR-04,alert,ALRT-001889,analyst
L-ALRT-001890,CSE-FINANCE-002,CSE-FINANCE-002-USR-05,alert,ALRT-001890,analyst
L-ALRT-001891,CSE-POWER-001,CSE-POWER-001-USR-01,alert,ALRT-001891,analyst
L-ALRT-001892,CSE-TELECOM-001,CSE-TELECOM-001-USR-02,alert,ALRT-001892,analyst
L-ALRT-001893,CSE-FINANCE-001,CSE-FINANCE-001-USR-03,alert,ALRT-001893,analyst
L-ALRT-001894,CSE-POWER-002,CSE-POWER-002-USR-04,alert,ALRT-001894,analyst
L-ALRT-001895,CSE-TELECOM-002,CSE-TELECOM-002-USR-05,alert,ALRT-001895,analyst
L-ALRT-001896,CSE-FINANCE-002,CSE-FINANCE-002-USR-01,alert,ALRT-001896,analyst
L-ALRT-001897,CSE-POWER-001,CSE-POWER-001-USR-02,alert,ALRT-001897,analyst
L-ALRT-001898,CSE-TELECOM-001,CSE-TELECOM-001-USR-03,alert,ALRT-001898,analyst
L-ALRT-001899,CSE-FINANCE-001,CSE-FINANCE-001-USR-04,alert,ALRT-001899,analyst
L-ALRT-001900,CSE-POWER-002,CSE-POWER-002-USR-05,alert,ALRT-001900,analyst
L-ALRT-001901,CSE-TELECOM-002,CSE-TELECOM-002-USR-01,alert,ALRT-001901,analyst
L-ALRT-001902,CSE-FINANCE-002,CSE-FINANCE-002-USR-02,alert,ALRT-001902,analyst
L-ALRT-001903,CSE-POWER-001,CSE-POWER-001-USR-03,alert,ALRT-001903,analyst
L-ALRT-001904,CSE-TELECOM-001,CSE-TELECOM-001-USR-04,alert,ALRT-001904,analyst
L-ALRT-001905,CSE-FINANCE-001,CSE-FINANCE-001-USR-05,alert,ALRT-001905,analyst
L-ALRT-001906,CSE-POWER-002,CSE-POWER-002-USR-01,alert,ALRT-001906,analyst
L-ALRT-001907,CSE-TELECOM-002,CSE-TELECOM-002-USR-02,alert,ALRT-001907,analyst
L-ALRT-001908,CSE-FINANCE-002,CSE-FINANCE-002-USR-03,alert,ALRT-001908,analyst
L-ALRT-001909,CSE-POWER-001,CSE-POWER-001-USR-04,alert,ALRT-001909,analyst
L-ALRT-001910,CSE-TELECOM-001,CSE-TELECOM-001-USR-05,alert,ALRT-001910,analyst
L-ALRT-001911,CSE-FINANCE-001,CSE-FINANCE-001-USR-01,alert,ALRT-001911,analyst
L-ALRT-001912,CSE-POWER-002,CSE-POWER-002-USR-02,alert,ALRT-001912,analyst
L-ALRT-001913,CSE-TELECOM-002,CSE-TELECOM-002-USR-03,alert,ALRT-001913,analyst
L-ALRT-001914,CSE-FINANCE-002,CSE-FINANCE-002-USR-04,alert,ALRT-001914,analyst
L-ALRT-001915,CSE-POWER-001,CSE-POWER-001-USR-05,alert,ALRT-001915,analyst
L-ALRT-001916,CSE-TELECOM-001,CSE-TELECOM-001-USR-01,alert,ALRT-001916,analyst
L-ALRT-001917,CSE-FINANCE-001,CSE-FINANCE-001-USR-02,alert,ALRT-001917,analyst
L-ALRT-001918,CSE-POWER-002,CSE-POWER-002-USR-03,alert,ALRT-001918,analyst
L-ALRT-001919,CSE-TELECOM-002,CSE-TELECOM-002-USR-04,alert,ALRT-001919,analyst
L-ALRT-001920,CSE-FINANCE-002,CSE-FINANCE-002-USR-05,alert,ALRT-001920,analyst
L-ALRT-001921,CSE-POWER-001,CSE-POWER-001-USR-01,alert,ALRT-001921,analyst
L-ALRT-001922,CSE-TELECOM-001,CSE-TELECOM-001-USR-02,alert,ALRT-001922,analyst
L-ALRT-001923,CSE-FINANCE-001,CSE-FINANCE-001-USR-03,alert,ALRT-001923,analyst
L-ALRT-001924,CSE-POWER-002,CSE-POWER-002-USR-04,alert,ALRT-001924,analyst
L-ALRT-001925,CSE-TELECOM-002,CSE-TELECOM-002-USR-05,alert,ALRT-001925,analyst
L-ALRT-001926,CSE-FINANCE-002,CSE-FINANCE-002-USR-01,alert,ALRT-001926,analyst
L-ALRT-001927,CSE-POWER-001,CSE-POWER-001-USR-02,alert,ALRT-001927,analyst
L-ALRT-001928,CSE-TELECOM-001,CSE-TELECOM-001-USR-03,alert,ALRT-001928,analyst
L-ALRT-001929,CSE-FINANCE-001,CSE-FINANCE-001-USR-04,alert,ALRT-001929,analyst
L-ALRT-001930,CSE-POWER-002,CSE-POWER-002-USR-05,alert,ALRT-001930,analyst
L-ALRT-001931,CSE-TELECOM-002,CSE-TELECOM-002-USR-01,alert,ALRT-001931,analyst
L-ALRT-001932,CSE-FINANCE-002,CSE-FINANCE-002-USR-02,alert,ALRT-001932,analyst
L-ALRT-001933,CSE-POWER-001,CSE-POWER-001-USR-03,alert,ALRT-001933,analyst
L-ALRT-001934,CSE-TELECOM-001,CSE-TELECOM-001-USR-04,alert,ALRT-001934,analyst
L-ALRT-001935,CSE-FINANCE-001,CSE-FINANCE-001-USR-05,alert,ALRT-001935,analyst
L-ALRT-001936,CSE-POWER-002,CSE-POWER-002-USR-01,alert,ALRT-001936,analyst
L-ALRT-001937,CSE-TELECOM-002,CSE-TELECOM-002-USR-02,alert,ALRT-001937,analyst
L-ALRT-001938,CSE-FINANCE-002,CSE-FINANCE-002-USR-03,alert,ALRT-001938,analyst
L-ALRT-001939,CSE-POWER-001,CSE-POWER-001-USR-04,alert,ALRT-001939,analyst
L-ALRT-001940,CSE-TELECOM-001,CSE-TELECOM-001-USR-05,alert,ALRT-001940,analyst
L-ALRT-001941,CSE-FINANCE-001,CSE-FINANCE-001-USR-01,alert,ALRT-001941,analyst
L-ALRT-001942,CSE-POWER-002,CSE-POWER-002-USR-02,alert,ALRT-001942,analyst
L-ALRT-001943,CSE-TELECOM-002,CSE-TELECOM-002-USR-03,alert,ALRT-001943,analyst
L-ALRT-001944,CSE-FINANCE-002,CSE-FINANCE-002-USR-04,alert,ALRT-001944,analyst
L-ALRT-001945,CSE-POWER-001,CSE-POWER-001-USR-05,alert,ALRT-001945,analyst
L-ALRT-001946,CSE-TELECOM-001,CSE-TELECOM-001-USR-01,alert,ALRT-001946,analyst
L-ALRT-001947,CSE-FINANCE-001,CSE-FINANCE-001-USR-02,alert,ALRT-001947,analyst
L-ALRT-001948,CSE-POWER-002,CSE-POWER-002-USR-03,alert,ALRT-001948,analyst
L-ALRT-001949,CSE-TELECOM-002,CSE-TELECOM-002-USR-04,alert,ALRT-001949,analyst
L-ALRT-001950,CSE-FINANCE-002,CSE-FINANCE-002-USR-05,alert,ALRT-001950,analyst
L-ALRT-001951,CSE-POWER-001,CSE-POWER-001-USR-01,alert,ALRT-001951,analyst
L-ALRT-001952,CSE-TELECOM-001,CSE-TELECOM-001-USR-02,alert,ALRT-001952,analyst
L-ALRT-001953,CSE-FINANCE-001,CSE-FINANCE-001-USR-03,alert,ALRT-001953,analyst
L-ALRT-001954,CSE-POWER-002,CSE-POWER-002-USR-04,alert,ALRT-001954,analyst
L-ALRT-001955,CSE-TELECOM-002,CSE-TELECOM-002-USR-05,alert,ALRT-001955,analyst
L-ALRT-001956,CSE-FINANCE-002,CSE-FINANCE-002-USR-01,alert,ALRT-001956,analyst
L-ALRT-001957,CSE-POWER-001,CSE-POWER-001-USR-02,alert,ALRT-001957,analyst
L-ALRT-001958,CSE-TELECOM-001,CSE-TELECOM-001-USR-03,alert,ALRT-001958,analyst
L-ALRT-001959,CSE-FINANCE-001,CSE-FINANCE-001-USR-04,alert,ALRT-001959,analyst
L-ALRT-001960,CSE-POWER-002,CSE-POWER-002-USR-05,alert,ALRT-001960,analyst
L-ALRT-001961,CSE-TELECOM-002,CSE-TELECOM-002-USR-01,alert,ALRT-001961,analyst
L-ALRT-001962,CSE-FINANCE-002,CSE-FINANCE-002-USR-02,alert,ALRT-001962,analyst
L-ALRT-001963,CSE-POWER-001,CSE-POWER-001-USR-03,alert,ALRT-001963,analyst
L-ALRT-001964,CSE-TELECOM-001,CSE-TELECOM-001-USR-04,alert,ALRT-001964,analyst
L-ALRT-001965,CSE-FINANCE-001,CSE-FINANCE-001-USR-05,alert,ALRT-001965,analyst
L-ALRT-001966,CSE-POWER-002,CSE-POWER-002-USR-01,alert,ALRT-001966,analyst
L-ALRT-001967,CSE-TELECOM-002,CSE-TELECOM-002-USR-02,alert,ALRT-001967,analyst
L-ALRT-001968,CSE-FINANCE-002,CSE-FINANCE-002-USR-03,alert,ALRT-001968,analyst
L-ALRT-001969,CSE-POWER-001,CSE-POWER-001-USR-04,alert,ALRT-001969,analyst
L-ALRT-001970,CSE-TELECOM-001,CSE-TELECOM-001-USR-05,alert,ALRT-001970,analyst
L-ALRT-001971,CSE-FINANCE-001,CSE-FINANCE-001-USR-01,alert,ALRT-001971,analyst
L-ALRT-001972,CSE-POWER-002,CSE-POWER-002-USR-02,alert,ALRT-001972,analyst
L-ALRT-001973,CSE-TELECOM-002,CSE-TELECOM-002-USR-03,alert,ALRT-001973,analyst
L-ALRT-001974,CSE-FINANCE-002,CSE-FINANCE-002-USR-04,alert,ALRT-001974,analyst
L-ALRT-001975,CSE-POWER-001,CSE-POWER-001-USR-05,alert,ALRT-001975,analyst
L-ALRT-001976,CSE-TELECOM-001,CSE-TELECOM-001-USR-01,alert,ALRT-001976,analyst
L-ALRT-001977,CSE-FINANCE-001,CSE-FINANCE-001-USR-02,alert,ALRT-001977,analyst
L-ALRT-001978,CSE-POWER-002,CSE-POWER-002-USR-03,alert,ALRT-001978,analyst
L-ALRT-001979,CSE-TELECOM-002,CSE-TELECOM-002-USR-04,alert,ALRT-001979,analyst
L-ALRT-001980,CSE-FINANCE-002,CSE-FINANCE-002-USR-05,alert,ALRT-001980,analyst
L-ALRT-001981,CSE-POWER-001,CSE-POWER-001-USR-01,alert,ALRT-001981,analyst
L-ALRT-001982,CSE-TELECOM-001,CSE-TELECOM-001-USR-02,alert,ALRT-001982,analyst
L-ALRT-001983,CSE-FINANCE-001,CSE-FINANCE-001-USR-03,alert,ALRT-001983,analyst
L-ALRT-001984,CSE-POWER-002,CSE-POWER-002-USR-04,alert,ALRT-001984,analyst
L-ALRT-001985,CSE-TELECOM-002,CSE-TELECOM-002-USR-05,alert,ALRT-001985,analyst
L-ALRT-001986,CSE-FINANCE-002,CSE-FINANCE-002-USR-01,alert,ALRT-001986,analyst
L-ALRT-001987,CSE-POWER-001,CSE-POWER-001-USR-02,alert,ALRT-001987,analyst
L-ALRT-001988,CSE-TELECOM-001,CSE-TELECOM-001-USR-03,alert,ALRT-001988,analyst
L-ALRT-001989,CSE-FINANCE-001,CSE-FINANCE-001-USR-04,alert,ALRT-001989,analyst
L-ALRT-001990,CSE-POWER-002,CSE-POWER-002-USR-05,alert,ALRT-001990,analyst
L-ALRT-001991,CSE-TELECOM-002,CSE-TELECOM-002-USR-01,alert,ALRT-001991,analyst
L-ALRT-001992,CSE-FINANCE-002,CSE-FINANCE-002-USR-02,alert,ALRT-001992,analyst
L-ALRT-001993,CSE-POWER-001,CSE-POWER-001-USR-03,alert,ALRT-001993,analyst
L-ALRT-001994,CSE-TELECOM-001,CSE-TELECOM-001-USR-04,alert,ALRT-001994,analyst
L-ALRT-001995,CSE-FINANCE-001,CSE-FINANCE-001-USR-05,alert,ALRT-001995,analyst
L-ALRT-001996,CSE-POWER-002,CSE-POWER-002-USR-01,alert,ALRT-001996,analyst
L-ALRT-001997,CSE-TELECOM-002,CSE-TELECOM-002-USR-02,alert,ALRT-001997,analyst
L-ALRT-001998,CSE-FINANCE-002,CSE-FINANCE-002-USR-03,alert,ALRT-001998,analyst
L-ALRT-001999,CSE-POWER-001,CSE-POWER-001-USR-04,alert,ALRT-001999,analyst
L-ALRT-002000,CSE-TELECOM-001,CSE-TELECOM-001-USR-05,alert,ALRT-002000,analyst
L-ALRT-002001,CSE-FINANCE-001,CSE-FINANCE-001-USR-01,alert,ALRT-002001,analyst
L-ALRT-002002,CSE-POWER-002,CSE-POWER-002-USR-02,alert,ALRT-002002,analyst
L-ALRT-002003,CSE-TELECOM-002,CSE-TELECOM-002-USR-03,alert,ALRT-002003,analyst
L-ALRT-002004,CSE-FINANCE-002,CSE-FINANCE-002-USR-04,alert,ALRT-002004,analyst
L-ALRT-002005,CSE-POWER-001,CSE-POWER-001-USR-05,alert,ALRT-002005,analyst
L-ALRT-002006,CSE-TELECOM-001,CSE-TELECOM-001-USR-01,alert,ALRT-002006,analyst
L-ALRT-002007,CSE-FINANCE-001,CSE-FINANCE-001-USR-02,alert,ALRT-002007,analyst
L-ALRT-002008,CSE-POWER-002,CSE-POWER-002-USR-03,alert,ALRT-002008,analyst
L-ALRT-002009,CSE-TELECOM-002,CSE-TELECOM-002-USR-04,alert,ALRT-002009,analyst
L-ALRT-002010,CSE-FINANCE-002,CSE-FINANCE-002-USR-05,alert,ALRT-002010,analyst
L-ALRT-002011,CSE-POWER-001,CSE-POWER-001-USR-01,alert,ALRT-002011,analyst
L-ALRT-002012,CSE-TELECOM-001,CSE-TELECOM-001-USR-02,alert,ALRT-002012,analyst
L-ALRT-002013,CSE-FINANCE-001,CSE-FINANCE-001-USR-03,alert,ALRT-002013,analyst
L-ALRT-002014,CSE-POWER-002,CSE-POWER-002-USR-04,alert,ALRT-002014,analyst
L-ALRT-002015,CSE-TELECOM-002,CSE-TELECOM-002-USR-05,alert,ALRT-002015,analyst
L-ALRT-002016,CSE-FINANCE-002,CSE-FINANCE-002-USR-01,alert,ALRT-002016,analyst
L-ALRT-002017,CSE-POWER-001,CSE-POWER-001-USR-02,alert,ALRT-002017,analyst
L-ALRT-002018,CSE-TELECOM-001,CSE-TELECOM-001-USR-03,alert,ALRT-002018,analyst
L-ALRT-002019,CSE-FINANCE-001,CSE-FINANCE-001-USR-04,alert,ALRT-002019,analyst
L-ALRT-002020,CSE-POWER-002,CSE-POWER-002-USR-05,alert,ALRT-002020,analyst
L-ALRT-002021,CSE-TELECOM-002,CSE-TELECOM-002-USR-01,alert,ALRT-002021,analyst
L-ALRT-002022,CSE-FINANCE-002,CSE-FINANCE-002-USR-02,alert,ALRT-002022,analyst
L-ALRT-002023,CSE-POWER-001,CSE-POWER-001-USR-03,alert,ALRT-002023,analyst
L-ALRT-002024,CSE-TELECOM-001,CSE-TELECOM-001-USR-04,alert,ALRT-002024,analyst
L-ALRT-002025,CSE-FINANCE-001,CSE-FINANCE-001-USR-05,alert,ALRT-002025,analyst
L-ALRT-002026,CSE-POWER-002,CSE-POWER-002-USR-01,alert,ALRT-002026,analyst
L-ALRT-002027,CSE-TELECOM-002,CSE-TELECOM-002-USR-02,alert,ALRT-002027,analyst
L-ALRT-002028,CSE-FINANCE-002,CSE-FINANCE-002-USR-03,alert,ALRT-002028,analyst
L-ALRT-002029,CSE-POWER-001,CSE-POWER-001-USR-04,alert,ALRT-002029,analyst
L-ALRT-002030,CSE-TELECOM-001,CSE-TELECOM-001-USR-05,alert,ALRT-002030,analyst
L-ALRT-002031,CSE-FINANCE-001,CSE-FINANCE-001-USR-01,alert,ALRT-002031,analyst
L-ALRT-002032,CSE-POWER-002,CSE-POWER-002-USR-02,alert,ALRT-002032,analyst
L-ALRT-002033,CSE-TELECOM-002,CSE-TELECOM-002-USR-03,alert,ALRT-002033,analyst
L-ALRT-002034,CSE-FINANCE-002,CSE-FINANCE-002-USR-04,alert,ALRT-002034,analyst
L-ALRT-002035,CSE-POWER-001,CSE-POWER-001-USR-05,alert,ALRT-002035,analyst
L-ALRT-002036,CSE-TELECOM-001,CSE-TELECOM-001-USR-01,alert,ALRT-002036,analyst
L-ALRT-002037,CSE-FINANCE-001,CSE-FINANCE-001-USR-02,alert,ALRT-002037,analyst
L-ALRT-002038,CSE-POWER-002,CSE-POWER-002-USR-03,alert,ALRT-002038,analyst
L-ALRT-002039,CSE-TELECOM-002,CSE-TELECOM-002-USR-04,alert,ALRT-002039,analyst
L-ALRT-002040,CSE-FINANCE-002,CSE-FINANCE-002-USR-05,alert,ALRT-002040,analyst
L-ALRT-002041,CSE-POWER-001,CSE-POWER-001-USR-01,alert,ALRT-002041,analyst
L-ALRT-002042,CSE-TELECOM-001,CSE-TELECOM-001-USR-02,alert,ALRT-002042,analyst
L-ALRT-002043,CSE-FINANCE-001,CSE-FINANCE-001-USR-03,alert,ALRT-002043,analyst
L-ALRT-002044,CSE-POWER-002,CSE-POWER-002-USR-04,alert,ALRT-002044,analyst
L-ALRT-002045,CSE-TELECOM-002,CSE-TELECOM-002-USR-05,alert,ALRT-002045,analyst
L-ALRT-002046,CSE-FINANCE-002,CSE-FINANCE-002-USR-01,alert,ALRT-002046,analyst
L-ALRT-002047,CSE-POWER-001,CSE-POWER-001-USR-02,alert,ALRT-002047,analyst
L-ALRT-002048,CSE-TELECOM-001,CSE-TELECOM-001-USR-03,alert,ALRT-002048,analyst
L-ALRT-002049,CSE-FINANCE-001,CSE-FINANCE-001-USR-04,alert,ALRT-002049,analyst
L-ALRT-002050,CSE-POWER-002,CSE-POWER-002-USR-05,alert,ALRT-002050,analyst
L-ALRT-002051,CSE-TELECOM-002,CSE-TELECOM-002-USR-01,alert,ALRT-002051,analyst
L-ALRT-002052,CSE-FINANCE-002,CSE-FINANCE-002-USR-02,alert,ALRT-002052,analyst
L-ALRT-002053,CSE-POWER-001,CSE-POWER-001-USR-03,alert,ALRT-002053,analyst
L-ALRT-002054,CSE-TELECOM-001,CSE-TELECOM-001-USR-04,alert,ALRT-002054,analyst
L-ALRT-002055,CSE-FINANCE-001,CSE-FINANCE-001-USR-05,alert,ALRT-002055,analyst
L-ALRT-002056,CSE-POWER-002,CSE-POWER-002-USR-01,alert,ALRT-002056,analyst
L-ALRT-002057,CSE-TELECOM-002,CSE-TELECOM-002-USR-02,alert,ALRT-002057,analyst
L-ALRT-002058,CSE-FINANCE-002,CSE-FINANCE-002-USR-03,alert,ALRT-002058,analyst
L-ALRT-002059,CSE-POWER-001,CSE-POWER-001-USR-04,alert,ALRT-002059,analyst
L-ALRT-002060,CSE-TELECOM-001,CSE-TELECOM-001-USR-05,alert,ALRT-002060,analyst
L-ALRT-002061,CSE-FINANCE-001,CSE-FINANCE-001-USR-01,alert,ALRT-002061,analyst
L-ALRT-002062,CSE-POWER-002,CSE-POWER-002-USR-02,alert,ALRT-002062,analyst
L-ALRT-002063,CSE-TELECOM-002,CSE-TELECOM-002-USR-03,alert,ALRT-002063,analyst
L-ALRT-002064,CSE-FINANCE-002,CSE-FINANCE-002-USR-04,alert,ALRT-002064,analyst
L-ALRT-002065,CSE-POWER-001,CSE-POWER-001-USR-05,alert,ALRT-002065,analyst
L-ALRT-002066,CSE-TELECOM-001,CSE-TELECOM-001-USR-01,alert,ALRT-002066,analyst
L-ALRT-002067,CSE-FINANCE-001,CSE-FINANCE-001-USR-02,alert,ALRT-002067,analyst
L-ALRT-002068,CSE-POWER-002,CSE-POWER-002-USR-03,alert,ALRT-002068,analyst
L-ALRT-002069,CSE-TELECOM-002,CSE-TELECOM-002-USR-04,alert,ALRT-002069,analyst
L-ALRT-002070,CSE-FINANCE-002,CSE-FINANCE-002-USR-05,alert,ALRT-002070,analyst
L-ALRT-002071,CSE-POWER-001,CSE-POWER-001-USR-01,alert,ALRT-002071,analyst
L-ALRT-002072,CSE-TELECOM-001,CSE-TELECOM-001-USR-02,alert,ALRT-002072,analyst
L-ALRT-002073,CSE-FINANCE-001,CSE-FINANCE-001-USR-03,alert,ALRT-002073,analyst
L-ALRT-002074,CSE-POWER-002,CSE-POWER-002-USR-04,alert,ALRT-002074,analyst
L-ALRT-002075,CSE-TELECOM-002,CSE-TELECOM-002-USR-05,alert,ALRT-002075,analyst
L-ALRT-002076,CSE-FINANCE-002,CSE-FINANCE-002-USR-01,alert,ALRT-002076,analyst
L-ALRT-002077,CSE-POWER-001,CSE-POWER-001-USR-02,alert,ALRT-002077,analyst
L-ALRT-002078,CSE-TELECOM-001,CSE-TELECOM-001-USR-03,alert,ALRT-002078,analyst
L-ALRT-002079,CSE-FINANCE-001,CSE-FINANCE-001-USR-04,alert,ALRT-002079,analyst
L-ALRT-002080,CSE-POWER-002,CSE-POWER-002-USR-05,alert,ALRT-002080,analyst
L-ALRT-002081,CSE-TELECOM-002,CSE-TELECOM-002-USR-01,alert,ALRT-002081,analyst
L-ALRT-002082,CSE-FINANCE-002,CSE-FINANCE-002-USR-02,alert,ALRT-002082,analyst
L-ALRT-002083,CSE-POWER-001,CSE-POWER-001-USR-03,alert,ALRT-002083,analyst
L-ALRT-002084,CSE-TELECOM-001,CSE-TELECOM-001-USR-04,alert,ALRT-002084,analyst
L-ALRT-002085,CSE-FINANCE-001,CSE-FINANCE-001-USR-05,alert,ALRT-002085,analyst
L-ALRT-002086,CSE-POWER-002,CSE-POWER-002-USR-01,alert,ALRT-002086,analyst
L-ALRT-002087,CSE-TELECOM-002,CSE-TELECOM-002-USR-02,alert,ALRT-002087,analyst
L-ALRT-002088,CSE-FINANCE-002,CSE-FINANCE-002-USR-03,alert,ALRT-002088,analyst
L-ALRT-002089,CSE-POWER-001,CSE-POWER-001-USR-04,alert,ALRT-002089,analyst
L-ALRT-002090,CSE-TELECOM-001,CSE-TELECOM-001-USR-05,alert,ALRT-002090,analyst
L-ALRT-002091,CSE-FINANCE-001,CSE-FINANCE-001-USR-01,alert,ALRT-002091,analyst
L-ALRT-002092,CSE-POWER-002,CSE-POWER-002-USR-02,alert,ALRT-002092,analyst
L-ALRT-002093,CSE-TELECOM-002,CSE-TELECOM-002-USR-03,alert,ALRT-002093,analyst
L-ALRT-002094,CSE-FINANCE-002,CSE-FINANCE-002-USR-04,alert,ALRT-002094,analyst
L-ALRT-002095,CSE-POWER-001,CSE-POWER-001-USR-05,alert,ALRT-002095,analyst
L-ALRT-002096,CSE-TELECOM-001,CSE-TELECOM-001-USR-01,alert,ALRT-002096,analyst
L-ALRT-002097,CSE-FINANCE-001,CSE-FINANCE-001-USR-02,alert,ALRT-002097,analyst
L-ALRT-002098,CSE-POWER-002,CSE-POWER-002-USR-03,alert,ALRT-002098,analyst
L-ALRT-002099,CSE-TELECOM-002,CSE-TELECOM-002-USR-04,alert,ALRT-002099,analyst
L-ALRT-002100,CSE-FINANCE-002,CSE-FINANCE-002-USR-05,alert,ALRT-002100,analyst
L-ALRT-002101,CSE-POWER-001,CSE-POWER-001-USR-01,alert,ALRT-002101,analyst
L-ALRT-002102,CSE-TELECOM-001,CSE-TELECOM-001-USR-02,alert,ALRT-002102,analyst
L-ALRT-002103,CSE-FINANCE-001,CSE-FINANCE-001-USR-03,alert,ALRT-002103,analyst
L-ALRT-002104,CSE-POWER-002,CSE-POWER-002-USR-04,alert,ALRT-002104,analyst
L-ALRT-002105,CSE-TELECOM-002,CSE-TELECOM-002-USR-05,alert,ALRT-002105,analyst
L-ALRT-002106,CSE-FINANCE-002,CSE-FINANCE-002-USR-01,alert,ALRT-002106,analyst
L-ALRT-002107,CSE-POWER-001,CSE-POWER-001-USR-02,alert,ALRT-002107,analyst
L-ALRT-002108,CSE-TELECOM-001,CSE-TELECOM-001-USR-03,alert,ALRT-002108,analyst
L-ALRT-002109,CSE-FINANCE-001,CSE-FINANCE-001-USR-04,alert,ALRT-002109,analyst
L-ALRT-002110,CSE-POWER-002,CSE-POWER-002-USR-05,alert,ALRT-002110,analyst
L-ALRT-002111,CSE-TELECOM-002,CSE-TELECOM-002-USR-01,alert,ALRT-002111,analyst
L-ALRT-002112,CSE-FINANCE-002,CSE-FINANCE-002-USR-02,alert,ALRT-002112,analyst
L-ALRT-002113,CSE-POWER-001,CSE-POWER-001-USR-03,alert,ALRT-002113,analyst
L-ALRT-002114,CSE-TELECOM-001,CSE-TELECOM-001-USR-04,alert,ALRT-002114,analyst
L-ALRT-002115,CSE-FINANCE-001,CSE-FINANCE-001-USR-05,alert,ALRT-002115,analyst
L-ALRT-002116,CSE-POWER-002,CSE-POWER-002-USR-01,alert,ALRT-002116,analyst
L-ALRT-002117,CSE-TELECOM-002,CSE-TELECOM-002-USR-02,alert,ALRT-002117,analyst
L-ALRT-002118,CSE-FINANCE-002,CSE-FINANCE-002-USR-03,alert,ALRT-002118,analyst
L-ALRT-002119,CSE-POWER-001,CSE-POWER-001-USR-04,alert,ALRT-002119,analyst
L-ALRT-002120,CSE-TELECOM-001,CSE-TELECOM-001-USR-05,alert,ALRT-002120,analyst
L-ALRT-002121,CSE-FINANCE-001,CSE-FINANCE-001-USR-01,alert,ALRT-002121,analyst
L-ALRT-002122,CSE-POWER-002,CSE-POWER-002-USR-02,alert,ALRT-002122,analyst
L-ALRT-002123,CSE-TELECOM-002,CSE-TELECOM-002-USR-03,alert,ALRT-002123,analyst
L-ALRT-002124,CSE-FINANCE-002,CSE-FINANCE-002-USR-04,alert,ALRT-002124,analyst
L-ALRT-002125,CSE-POWER-001,CSE-POWER-001-USR-05,alert,ALRT-002125,analyst
L-ALRT-002126,CSE-TELECOM-001,CSE-TELECOM-001-USR-01,alert,ALRT-002126,analyst
L-ALRT-002127,CSE-FINANCE-001,CSE-FINANCE-001-USR-02,alert,ALRT-002127,analyst
L-ALRT-002128,CSE-POWER-002,CSE-POWER-002-USR-03,alert,ALRT-002128,analyst
L-ALRT-002129,CSE-TELECOM-002,CSE-TELECOM-002-USR-04,alert,ALRT-002129,analyst
L-ALRT-002130,CSE-FINANCE-002,CSE-FINANCE-002-USR-05,alert,ALRT-002130,analyst
L-ALRT-002131,CSE-POWER-001,CSE-POWER-001-USR-01,alert,ALRT-002131,analyst
L-ALRT-002132,CSE-TELECOM-001,CSE-TELECOM-001-USR-02,alert,ALRT-002132,analyst
L-ALRT-002133,CSE-FINANCE-001,CSE-FINANCE-001-USR-03,alert,ALRT-002133,analyst
L-ALRT-002134,CSE-POWER-002,CSE-POWER-002-USR-04,alert,ALRT-002134,analyst
L-ALRT-002135,CSE-TELECOM-002,CSE-TELECOM-002-USR-05,alert,ALRT-002135,analyst
L-ALRT-002136,CSE-FINANCE-002,CSE-FINANCE-002-USR-01,alert,ALRT-002136,analyst
L-ALRT-002137,CSE-POWER-001,CSE-POWER-001-USR-02,alert,ALRT-002137,analyst
L-ALRT-002138,CSE-TELECOM-001,CSE-TELECOM-001-USR-03,alert,ALRT-002138,analyst
L-ALRT-002139,CSE-FINANCE-001,CSE-FINANCE-001-USR-04,alert,ALRT-002139,analyst
L-ALRT-002140,CSE-POWER-002,CSE-POWER-002-USR-05,alert,ALRT-002140,analyst
L-ALRT-002141,CSE-TELECOM-002,CSE-TELECOM-002-USR-01,alert,ALRT-002141,analyst
L-ALRT-002142,CSE-FINANCE-002,CSE-FINANCE-002-USR-02,alert,ALRT-002142,analyst
L-ALRT-002143,CSE-POWER-001,CSE-POWER-001-USR-03,alert,ALRT-002143,analyst
L-ALRT-002144,CSE-TELECOM-001,CSE-TELECOM-001-USR-04,alert,ALRT-002144,analyst
L-ALRT-002145,CSE-FINANCE-001,CSE-FINANCE-001-USR-05,alert,ALRT-002145,analyst
L-ALRT-002146,CSE-POWER-002,CSE-POWER-002-USR-01,alert,ALRT-002146,analyst
L-ALRT-002147,CSE-TELECOM-002,CSE-TELECOM-002-USR-02,alert,ALRT-002147,analyst
L-ALRT-002148,CSE-FINANCE-002,CSE-FINANCE-002-USR-03,alert,ALRT-002148,analyst
L-ALRT-002149,CSE-POWER-001,CSE-POWER-001-USR-04,alert,ALRT-002149,analyst
L-ALRT-002150,CSE-TELECOM-001,CSE-TELECOM-001-USR-05,alert,ALRT-002150,analyst
L-ALRT-002151,CSE-FINANCE-001,CSE-FINANCE-001-USR-01,alert,ALRT-002151,analyst
L-ALRT-002152,CSE-POWER-002,CSE-POWER-002-USR-02,alert,ALRT-002152,analyst
L-ALRT-002153,CSE-TELECOM-002,CSE-TELECOM-002-USR-03,alert,ALRT-002153,analyst
L-ALRT-002154,CSE-FINANCE-002,CSE-FINANCE-002-USR-04,alert,ALRT-002154,analyst
L-ALRT-002155,CSE-POWER-001,CSE-POWER-001-USR-05,alert,ALRT-002155,analyst
L-ALRT-002156,CSE-TELECOM-001,CSE-TELECOM-001-USR-01,alert,ALRT-002156,analyst
L-ALRT-002157,CSE-FINANCE-001,CSE-FINANCE-001-USR-02,alert,ALRT-002157,analyst
L-ALRT-002158,CSE-POWER-002,CSE-POWER-002-USR-03,alert,ALRT-002158,analyst
L-ALRT-002159,CSE-TELECOM-002,CSE-TELECOM-002-USR-04,alert,ALRT-002159,analyst
L-ALRT-002160,CSE-FINANCE-002,CSE-FINANCE-002-USR-05,alert,ALRT-002160,analyst
L-ALRT-002161,CSE-POWER-001,CSE-POWER-001-USR-01,alert,ALRT-002161,analyst
L-ALRT-002162,CSE-TELECOM-001,CSE-TELECOM-001-USR-02,alert,ALRT-002162,analyst
L-ALRT-002163,CSE-FINANCE-001,CSE-FINANCE-001-USR-03,alert,ALRT-002163,analyst
L-ALRT-002164,CSE-POWER-002,CSE-POWER-002-USR-04,alert,ALRT-002164,analyst
L-ALRT-002165,CSE-TELECOM-002,CSE-TELECOM-002-USR-05,alert,ALRT-002165,analyst
L-ALRT-002166,CSE-FINANCE-002,CSE-FINANCE-002-USR-01,alert,ALRT-002166,analyst
L-ALRT-002167,CSE-POWER-001,CSE-POWER-001-USR-02,alert,ALRT-002167,analyst
L-ALRT-002168,CSE-TELECOM-001,CSE-TELECOM-001-USR-03,alert,ALRT-002168,analyst
L-ALRT-002169,CSE-FINANCE-001,CSE-FINANCE-001-USR-04,alert,ALRT-002169,analyst
L-ALRT-002170,CSE-POWER-002,CSE-POWER-002-USR-05,alert,ALRT-002170,analyst
L-ALRT-002171,CSE-TELECOM-002,CSE-TELECOM-002-USR-01,alert,ALRT-002171,analyst
L-ALRT-002172,CSE-FINANCE-002,CSE-FINANCE-002-USR-02,alert,ALRT-002172,analyst
L-ALRT-002173,CSE-POWER-001,CSE-POWER-001-USR-03,alert,ALRT-002173,analyst
L-ALRT-002174,CSE-TELECOM-001,CSE-TELECOM-001-USR-04,alert,ALRT-002174,analyst
L-ALRT-002175,CSE-FINANCE-001,CSE-FINANCE-001-USR-05,alert,ALRT-002175,analyst
L-ALRT-002176,CSE-POWER-002,CSE-POWER-002-USR-01,alert,ALRT-002176,analyst
L-ALRT-002177,CSE-TELECOM-002,CSE-TELECOM-002-USR-02,alert,ALRT-002177,analyst
L-ALRT-002178,CSE-FINANCE-002,CSE-FINANCE-002-USR-03,alert,ALRT-002178,analyst
L-ALRT-002179,CSE-POWER-001,CSE-POWER-001-USR-04,alert,ALRT-002179,analyst
L-ALRT-002180,CSE-TELECOM-001,CSE-TELECOM-001-USR-05,alert,ALRT-002180,analyst
L-ALRT-002181,CSE-FINANCE-001,CSE-FINANCE-001-USR-01,alert,ALRT-002181,analyst
L-ALRT-002182,CSE-POWER-002,CSE-POWER-002-USR-02,alert,ALRT-002182,analyst
L-ALRT-002183,CSE-TELECOM-002,CSE-TELECOM-002-USR-03,alert,ALRT-002183,analyst
L-ALRT-002184,CSE-FINANCE-002,CSE-FINANCE-002-USR-04,alert,ALRT-002184,analyst
L-ALRT-002185,CSE-POWER-001,CSE-POWER-001-USR-05,alert,ALRT-002185,analyst
L-ALRT-002186,CSE-TELECOM-001,CSE-TELECOM-001-USR-01,alert,ALRT-002186,analyst
L-ALRT-002187,CSE-FINANCE-001,CSE-FINANCE-001-USR-02,alert,ALRT-002187,analyst
L-ALRT-002188,CSE-POWER-002,CSE-POWER-002-USR-03,alert,ALRT-002188,analyst
L-ALRT-002189,CSE-TELECOM-002,CSE-TELECOM-002-USR-04,alert,ALRT-002189,analyst
L-ALRT-002190,CSE-FINANCE-002,CSE-FINANCE-002-USR-05,alert,ALRT-002190,analyst
L-ALRT-002191,CSE-POWER-001,CSE-POWER-001-USR-01,alert,ALRT-002191,analyst
L-ALRT-002192,CSE-TELECOM-001,CSE-TELECOM-001-USR-02,alert,ALRT-002192,analyst
L-ALRT-002193,CSE-FINANCE-001,CSE-FINANCE-001-USR-03,alert,ALRT-002193,analyst
L-ALRT-002194,CSE-POWER-002,CSE-POWER-002-USR-04,alert,ALRT-002194,analyst
L-ALRT-002195,CSE-TELECOM-002,CSE-TELECOM-002-USR-05,alert,ALRT-002195,analyst
L-ALRT-002196,CSE-FINANCE-002,CSE-FINANCE-002-USR-01,alert,ALRT-002196,analyst
L-ALRT-002197,CSE-POWER-001,CSE-POWER-001-USR-02,alert,ALRT-002197,analyst
L-ALRT-002198,CSE-TELECOM-001,CSE-TELECOM-001-USR-03,alert,ALRT-002198,analyst
L-ALRT-002199,CSE-FINANCE-001,CSE-FINANCE-001-USR-04,alert,ALRT-002199,analyst
L-ALRT-002200,CSE-POWER-002,CSE-POWER-002-USR-05,alert,ALRT-002200,analyst
L-ALRT-002201,CSE-TELECOM-002,CSE-TELECOM-002-USR-01,alert,ALRT-002201,analyst
L-ALRT-002202,CSE-FINANCE-002,CSE-FINANCE-002-USR-02,alert,ALRT-002202,analyst
L-ALRT-002203,CSE-POWER-001,CSE-POWER-001-USR-03,alert,ALRT-002203,analyst
L-ALRT-002204,CSE-TELECOM-001,CSE-TELECOM-001-USR-04,alert,ALRT-002204,analyst
L-ALRT-002205,CSE-FINANCE-001,CSE-FINANCE-001-USR-05,alert,ALRT-002205,analyst
L-ALRT-002206,CSE-POWER-002,CSE-POWER-002-USR-01,alert,ALRT-002206,analyst
L-ALRT-002207,CSE-TELECOM-002,CSE-TELECOM-002-USR-02,alert,ALRT-002207,analyst
L-ALRT-002208,CSE-FINANCE-002,CSE-FINANCE-002-USR-03,alert,ALRT-002208,analyst
L-ALRT-002209,CSE-POWER-001,CSE-POWER-001-USR-04,alert,ALRT-002209,analyst
L-ALRT-002210,CSE-TELECOM-001,CSE-TELECOM-001-USR-05,alert,ALRT-002210,analyst
L-ALRT-002211,CSE-FINANCE-001,CSE-FINANCE-001-USR-01,alert,ALRT-002211,analyst
L-ALRT-002212,CSE-POWER-002,CSE-POWER-002-USR-02,alert,ALRT-002212,analyst
L-ALRT-002213,CSE-TELECOM-002,CSE-TELECOM-002-USR-03,alert,ALRT-002213,analyst
L-ALRT-002214,CSE-FINANCE-002,CSE-FINANCE-002-USR-04,alert,ALRT-002214,analyst
L-ALRT-002215,CSE-POWER-001,CSE-POWER-001-USR-05,alert,ALRT-002215,analyst
L-ALRT-002216,CSE-TELECOM-001,CSE-TELECOM-001-USR-01,alert,ALRT-002216,analyst
L-ALRT-002217,CSE-FINANCE-001,CSE-FINANCE-001-USR-02,alert,ALRT-002217,analyst
L-ALRT-002218,CSE-POWER-002,CSE-POWER-002-USR-03,alert,ALRT-002218,analyst
L-ALRT-002219,CSE-TELECOM-002,CSE-TELECOM-002-USR-04,alert,ALRT-002219,analyst
L-ALRT-002220,CSE-FINANCE-002,CSE-FINANCE-002-USR-05,alert,ALRT-002220,analyst
L-ALRT-002221,CSE-POWER-001,CSE-POWER-001-USR-01,alert,ALRT-002221,analyst
L-ALRT-002222,CSE-TELECOM-001,CSE-TELECOM-001-USR-02,alert,ALRT-002222,analyst
L-ALRT-002223,CSE-FINANCE-001,CSE-FINANCE-001-USR-03,alert,ALRT-002223,analyst
L-ALRT-002224,CSE-POWER-002,CSE-POWER-002-USR-04,alert,ALRT-002224,analyst
L-ALRT-002225,CSE-TELECOM-002,CSE-TELECOM-002-USR-05,alert,ALRT-002225,analyst
L-ALRT-002226,CSE-FINANCE-002,CSE-FINANCE-002-USR-01,alert,ALRT-002226,analyst
L-ALRT-002227,CSE-POWER-001,CSE-POWER-001-USR-02,alert,ALRT-002227,analyst
L-ALRT-002228,CSE-TELECOM-001,CSE-TELECOM-001-USR-03,alert,ALRT-002228,analyst
L-ALRT-002229,CSE-FINANCE-001,CSE-FINANCE-001-USR-04,alert,ALRT-002229,analyst
L-ALRT-002230,CSE-POWER-002,CSE-POWER-002-USR-05,alert,ALRT-002230,analyst
L-ALRT-002231,CSE-TELECOM-002,CSE-TELECOM-002-USR-01,alert,ALRT-002231,analyst
L-ALRT-002232,CSE-FINANCE-002,CSE-FINANCE-002-USR-02,alert,ALRT-002232,analyst
L-ALRT-002233,CSE-POWER-001,CSE-POWER-001-USR-03,alert,ALRT-002233,analyst
L-ALRT-002234,CSE-TELECOM-001,CSE-TELECOM-001-USR-04,alert,ALRT-002234,analyst
L-ALRT-002235,CSE-FINANCE-001,CSE-FINANCE-001-USR-05,alert,ALRT-002235,analyst
L-ALRT-002236,CSE-POWER-002,CSE-POWER-002-USR-01,alert,ALRT-002236,analyst
L-ALRT-002237,CSE-TELECOM-002,CSE-TELECOM-002-USR-02,alert,ALRT-002237,analyst
L-ALRT-002238,CSE-FINANCE-002,CSE-FINANCE-002-USR-03,alert,ALRT-002238,analyst
L-ALRT-002239,CSE-POWER-001,CSE-POWER-001-USR-04,alert,ALRT-002239,analyst
L-ALRT-002240,CSE-TELECOM-001,CSE-TELECOM-001-USR-05,alert,ALRT-002240,analyst
L-ALRT-002241,CSE-FINANCE-001,CSE-FINANCE-001-USR-01,alert,ALRT-002241,analyst
L-ALRT-002242,CSE-POWER-002,CSE-POWER-002-USR-02,alert,ALRT-002242,analyst
L-ALRT-002243,CSE-TELECOM-002,CSE-TELECOM-002-USR-03,alert,ALRT-002243,analyst
L-ALRT-002244,CSE-FINANCE-002,CSE-FINANCE-002-USR-04,alert,ALRT-002244,analyst
L-ALRT-002245,CSE-POWER-001,CSE-POWER-001-USR-05,alert,ALRT-002245,analyst
L-ALRT-002246,CSE-TELECOM-001,CSE-TELECOM-001-USR-01,alert,ALRT-002246,analyst
L-ALRT-002247,CSE-FINANCE-001,CSE-FINANCE-001-USR-02,alert,ALRT-002247,analyst
L-ALRT-002248,CSE-POWER-002,CSE-POWER-002-USR-03,alert,ALRT-002248,analyst
L-ALRT-002249,CSE-TELECOM-002,CSE-TELECOM-002-USR-04,alert,ALRT-002249,analyst
L-ALRT-002250,CSE-FINANCE-002,CSE-FINANCE-002-USR-05,alert,ALRT-002250,analyst
L-ALRT-002251,CSE-POWER-001,CSE-POWER-001-USR-01,alert,ALRT-002251,analyst
L-ALRT-002252,CSE-TELECOM-001,CSE-TELECOM-001-USR-02,alert,ALRT-002252,analyst
L-ALRT-002253,CSE-FINANCE-001,CSE-FINANCE-001-USR-03,alert,ALRT-002253,analyst
L-ALRT-002254,CSE-POWER-002,CSE-POWER-002-USR-04,alert,ALRT-002254,analyst
L-ALRT-002255,CSE-TELECOM-002,CSE-TELECOM-002-USR-05,alert,ALRT-002255,analyst
L-ALRT-002256,CSE-FINANCE-002,CSE-FINANCE-002-USR-01,alert,ALRT-002256,analyst
L-ALRT-002257,CSE-POWER-001,CSE-POWER-001-USR-02,alert,ALRT-002257,analyst
L-ALRT-002258,CSE-TELECOM-001,CSE-TELECOM-001-USR-03,alert,ALRT-002258,analyst
L-ALRT-002259,CSE-FINANCE-001,CSE-FINANCE-001-USR-04,alert,ALRT-002259,analyst
L-ALRT-002260,CSE-POWER-002,CSE-POWER-002-USR-05,alert,ALRT-002260,analyst
L-ALRT-002261,CSE-TELECOM-002,CSE-TELECOM-002-USR-01,alert,ALRT-002261,analyst
L-ALRT-002262,CSE-FINANCE-002,CSE-FINANCE-002-USR-02,alert,ALRT-002262,analyst
L-ALRT-002263,CSE-POWER-001,CSE-POWER-001-USR-03,alert,ALRT-002263,analyst
L-ALRT-002264,CSE-TELECOM-001,CSE-TELECOM-001-USR-04,alert,ALRT-002264,analyst
L-ALRT-002265,CSE-FINANCE-001,CSE-FINANCE-001-USR-05,alert,ALRT-002265,analyst
L-ALRT-002266,CSE-POWER-002,CSE-POWER-002-USR-01,alert,ALRT-002266,analyst
L-ALRT-002267,CSE-TELECOM-002,CSE-TELECOM-002-USR-02,alert,ALRT-002267,analyst
L-ALRT-002268,CSE-FINANCE-002,CSE-FINANCE-002-USR-03,alert,ALRT-002268,analyst
L-ALRT-002269,CSE-POWER-001,CSE-POWER-001-USR-04,alert,ALRT-002269,analyst
L-ALRT-002270,CSE-TELECOM-001,CSE-TELECOM-001-USR-05,alert,ALRT-002270,analyst
L-ALRT-002271,CSE-FINANCE-001,CSE-FINANCE-001-USR-01,alert,ALRT-002271,analyst
L-ALRT-002272,CSE-POWER-002,CSE-POWER-002-USR-02,alert,ALRT-002272,analyst
L-ALRT-002273,CSE-TELECOM-002,CSE-TELECOM-002-USR-03,alert,ALRT-002273,analyst
L-ALRT-002274,CSE-FINANCE-002,CSE-FINANCE-002-USR-04,alert,ALRT-002274,analyst
L-ALRT-002275,CSE-POWER-001,CSE-POWER-001-USR-05,alert,ALRT-002275,analyst
L-ALRT-002276,CSE-TELECOM-001,CSE-TELECOM-001-USR-01,alert,ALRT-002276,analyst
L-ALRT-002277,CSE-FINANCE-001,CSE-FINANCE-001-USR-02,alert,ALRT-002277,analyst
L-ALRT-002278,CSE-POWER-002,CSE-POWER-002-USR-03,alert,ALRT-002278,analyst
L-ALRT-002279,CSE-TELECOM-002,CSE-TELECOM-002-USR-04,alert,ALRT-002279,analyst
L-ALRT-002280,CSE-FINANCE-002,CSE-FINANCE-002-USR-05,alert,ALRT-002280,analyst
L-ALRT-002281,CSE-POWER-001,CSE-POWER-001-USR-01,alert,ALRT-002281,analyst
L-ALRT-002282,CSE-TELECOM-001,CSE-TELECOM-001-USR-02,alert,ALRT-002282,analyst
L-ALRT-002283,CSE-FINANCE-001,CSE-FINANCE-001-USR-03,alert,ALRT-002283,analyst
L-ALRT-002284,CSE-POWER-002,CSE-POWER-002-USR-04,alert,ALRT-002284,analyst
L-ALRT-002285,CSE-TELECOM-002,CSE-TELECOM-002-USR-05,alert,ALRT-002285,analyst
L-ALRT-002286,CSE-FINANCE-002,CSE-FINANCE-002-USR-01,alert,ALRT-002286,analyst
L-ALRT-002287,CSE-POWER-001,CSE-POWER-001-USR-02,alert,ALRT-002287,analyst
L-ALRT-002288,CSE-TELECOM-001,CSE-TELECOM-001-USR-03,alert,ALRT-002288,analyst
L-ALRT-002289,CSE-FINANCE-001,CSE-FINANCE-001-USR-04,alert,ALRT-002289,analyst
L-ALRT-002290,CSE-POWER-002,CSE-POWER-002-USR-05,alert,ALRT-002290,analyst
L-ALRT-002291,CSE-TELECOM-002,CSE-TELECOM-002-USR-01,alert,ALRT-002291,analyst
L-ALRT-002292,CSE-FINANCE-002,CSE-FINANCE-002-USR-02,alert,ALRT-002292,analyst
L-ALRT-002293,CSE-POWER-001,CSE-POWER-001-USR-03,alert,ALRT-002293,analyst
L-ALRT-002294,CSE-TELECOM-001,CSE-TELECOM-001-USR-04,alert,ALRT-002294,analyst
L-ALRT-002295,CSE-FINANCE-001,CSE-FINANCE-001-USR-05,alert,ALRT-002295,analyst
L-ALRT-002296,CSE-POWER-002,CSE-POWER-002-USR-01,alert,ALRT-002296,analyst
L-ALRT-002297,CSE-TELECOM-002,CSE-TELECOM-002-USR-02,alert,ALRT-002297,analyst
L-ALRT-002298,CSE-FINANCE-002,CSE-FINANCE-002-USR-03,alert,ALRT-002298,analyst
L-ALRT-002299,CSE-POWER-001,CSE-POWER-001-USR-04,alert,ALRT-002299,analyst
L-ALRT-002300,CSE-TELECOM-001,CSE-TELECOM-001-USR-05,alert,ALRT-002300,analyst
L-ALRT-002301,CSE-FINANCE-001,CSE-FINANCE-001-USR-01,alert,ALRT-002301,analyst
L-ALRT-002302,CSE-POWER-002,CSE-POWER-002-USR-02,alert,ALRT-002302,analyst
L-ALRT-002303,CSE-TELECOM-002,CSE-TELECOM-002-USR-03,alert,ALRT-002303,analyst
L-ALRT-002304,CSE-FINANCE-002,CSE-FINANCE-002-USR-04,alert,ALRT-002304,analyst
L-ALRT-002305,CSE-POWER-001,CSE-POWER-001-USR-05,alert,ALRT-002305,analyst
L-ALRT-002306,CSE-TELECOM-001,CSE-TELECOM-001-USR-01,alert,ALRT-002306,analyst
L-ALRT-002307,CSE-FINANCE-001,CSE-FINANCE-001-USR-02,alert,ALRT-002307,analyst
L-ALRT-002308,CSE-POWER-002,CSE-POWER-002-USR-03,alert,ALRT-002308,analyst
L-ALRT-002309,CSE-TELECOM-002,CSE-TELECOM-002-USR-04,alert,ALRT-002309,analyst
L-ALRT-002310,CSE-FINANCE-002,CSE-FINANCE-002-USR-05,alert,ALRT-002310,analyst
L-ALRT-002311,CSE-POWER-001,CSE-POWER-001-USR-01,alert,ALRT-002311,analyst
L-ALRT-002312,CSE-TELECOM-001,CSE-TELECOM-001-USR-02,alert,ALRT-002312,analyst
L-ALRT-002313,CSE-FINANCE-001,CSE-FINANCE-001-USR-03,alert,ALRT-002313,analyst
L-ALRT-002314,CSE-POWER-002,CSE-POWER-002-USR-04,alert,ALRT-002314,analyst
L-ALRT-002315,CSE-TELECOM-002,CSE-TELECOM-002-USR-05,alert,ALRT-002315,analyst
L-ALRT-002316,CSE-FINANCE-002,CSE-FINANCE-002-USR-01,alert,ALRT-002316,analyst
L-ALRT-002317,CSE-POWER-001,CSE-POWER-001-USR-02,alert,ALRT-002317,analyst
L-ALRT-002318,CSE-TELECOM-001,CSE-TELECOM-001-USR-03,alert,ALRT-002318,analyst
L-ALRT-002319,CSE-FINANCE-001,CSE-FINANCE-001-USR-04,alert,ALRT-002319,analyst
L-ALRT-002320,CSE-POWER-002,CSE-POWER-002-USR-05,alert,ALRT-002320,analyst
L-ALRT-002321,CSE-TELECOM-002,CSE-TELECOM-002-USR-01,alert,ALRT-002321,analyst
L-ALRT-002322,CSE-FINANCE-002,CSE-FINANCE-002-USR-02,alert,ALRT-002322,analyst
L-ALRT-002323,CSE-POWER-001,CSE-POWER-001-USR-03,alert,ALRT-002323,analyst
L-ALRT-002324,CSE-TELECOM-001,CSE-TELECOM-001-USR-04,alert,ALRT-002324,analyst
L-ALRT-002325,CSE-FINANCE-001,CSE-FINANCE-001-USR-05,alert,ALRT-002325,analyst
L-ALRT-002326,CSE-POWER-002,CSE-POWER-002-USR-01,alert,ALRT-002326,analyst
L-ALRT-002327,CSE-TELECOM-002,CSE-TELECOM-002-USR-02,alert,ALRT-002327,analyst
L-ALRT-002328,CSE-FINANCE-002,CSE-FINANCE-002-USR-03,alert,ALRT-002328,analyst
L-ALRT-002329,CSE-POWER-001,CSE-POWER-001-USR-04,alert,ALRT-002329,analyst
L-ALRT-002330,CSE-TELECOM-001,CSE-TELECOM-001-USR-05,alert,ALRT-002330,analyst
L-ALRT-002331,CSE-FINANCE-001,CSE-FINANCE-001-USR-01,alert,ALRT-002331,analyst
L-ALRT-002332,CSE-POWER-002,CSE-POWER-002-USR-02,alert,ALRT-002332,analyst
L-ALRT-002333,CSE-TELECOM-002,CSE-TELECOM-002-USR-03,alert,ALRT-002333,analyst
L-ALRT-002334,CSE-FINANCE-002,CSE-FINANCE-002-USR-04,alert,ALRT-002334,analyst
L-ALRT-002335,CSE-POWER-001,CSE-POWER-001-USR-05,alert,ALRT-002335,analyst
L-ALRT-002336,CSE-TELECOM-001,CSE-TELECOM-001-USR-01,alert,ALRT-002336,analyst
L-ALRT-002337,CSE-FINANCE-001,CSE-FINANCE-001-USR-02,alert,ALRT-002337,analyst
L-ALRT-002338,CSE-POWER-002,CSE-POWER-002-USR-03,alert,ALRT-002338,analyst
L-ALRT-002339,CSE-TELECOM-002,CSE-TELECOM-002-USR-04,alert,ALRT-002339,analyst
L-ALRT-002340,CSE-FINANCE-002,CSE-FINANCE-002-USR-05,alert,ALRT-002340,analyst
L-ALRT-002341,CSE-POWER-001,CSE-POWER-001-USR-01,alert,ALRT-002341,analyst
L-ALRT-002342,CSE-TELECOM-001,CSE-TELECOM-001-USR-02,alert,ALRT-002342,analyst
L-ALRT-002343,CSE-FINANCE-001,CSE-FINANCE-001-USR-03,alert,ALRT-002343,analyst
L-ALRT-002344,CSE-POWER-002,CSE-POWER-002-USR-04,alert,ALRT-002344,analyst
L-ALRT-002345,CSE-TELECOM-002,CSE-TELECOM-002-USR-05,alert,ALRT-002345,analyst
L-ALRT-002346,CSE-FINANCE-002,CSE-FINANCE-002-USR-01,alert,ALRT-002346,analyst
L-ALRT-002347,CSE-POWER-001,CSE-POWER-001-USR-02,alert,ALRT-002347,analyst
L-ALRT-002348,CSE-TELECOM-001,CSE-TELECOM-001-USR-03,alert,ALRT-002348,analyst
L-ALRT-002349,CSE-FINANCE-001,CSE-FINANCE-001-USR-04,alert,ALRT-002349,analyst
L-ALRT-002350,CSE-POWER-002,CSE-POWER-002-USR-05,alert,ALRT-002350,analyst
L-ALRT-002351,CSE-TELECOM-002,CSE-TELECOM-002-USR-01,alert,ALRT-002351,analyst
L-ALRT-002352,CSE-FINANCE-002,CSE-FINANCE-002-USR-02,alert,ALRT-002352,analyst
L-ALRT-002353,CSE-POWER-001,CSE-POWER-001-USR-03,alert,ALRT-002353,analyst
L-ALRT-002354,CSE-TELECOM-001,CSE-TELECOM-001-USR-04,alert,ALRT-002354,analyst
L-ALRT-002355,CSE-FINANCE-001,CSE-FINANCE-001-USR-05,alert,ALRT-002355,analyst
L-ALRT-002356,CSE-POWER-002,CSE-POWER-002-USR-01,alert,ALRT-002356,analyst
L-ALRT-002357,CSE-TELECOM-002,CSE-TELECOM-002-USR-02,alert,ALRT-002357,analyst
L-ALRT-002358,CSE-FINANCE-002,CSE-FINANCE-002-USR-03,alert,ALRT-002358,analyst
L-ALRT-002359,CSE-POWER-001,CSE-POWER-001-USR-04,alert,ALRT-002359,analyst
L-ALRT-002360,CSE-TELECOM-001,CSE-TELECOM-001-USR-05,alert,ALRT-002360,analyst
L-ALRT-002361,CSE-FINANCE-001,CSE-FINANCE-001-USR-01,alert,ALRT-002361,analyst
L-ALRT-002362,CSE-POWER-002,CSE-POWER-002-USR-02,alert,ALRT-002362,analyst
L-ALRT-002363,CSE-TELECOM-002,CSE-TELECOM-002-USR-03,alert,ALRT-002363,analyst
L-ALRT-002364,CSE-FINANCE-002,CSE-FINANCE-002-USR-04,alert,ALRT-002364,analyst
L-ALRT-002365,CSE-POWER-001,CSE-POWER-001-USR-05,alert,ALRT-002365,analyst
L-ALRT-002366,CSE-TELECOM-001,CSE-TELECOM-001-USR-01,alert,ALRT-002366,analyst
L-ALRT-002367,CSE-FINANCE-001,CSE-FINANCE-001-USR-02,alert,ALRT-002367,analyst
L-ALRT-002368,CSE-POWER-002,CSE-POWER-002-USR-03,alert,ALRT-002368,analyst
L-ALRT-002369,CSE-TELECOM-002,CSE-TELECOM-002-USR-04,alert,ALRT-002369,analyst
L-ALRT-002370,CSE-FINANCE-002,CSE-FINANCE-002-USR-05,alert,ALRT-002370,analyst
L-ALRT-002371,CSE-POWER-001,CSE-POWER-001-USR-01,alert,ALRT-002371,analyst
L-ALRT-002372,CSE-TELECOM-001,CSE-TELECOM-001-USR-02,alert,ALRT-002372,analyst
L-ALRT-002373,CSE-FINANCE-001,CSE-FINANCE-001-USR-03,alert,ALRT-002373,analyst
L-ALRT-002374,CSE-POWER-002,CSE-POWER-002-USR-04,alert,ALRT-002374,analyst
L-ALRT-002375,CSE-TELECOM-002,CSE-TELECOM-002-USR-05,alert,ALRT-002375,analyst
L-ALRT-002376,CSE-FINANCE-002,CSE-FINANCE-002-USR-01,alert,ALRT-002376,analyst
L-ALRT-002377,CSE-POWER-001,CSE-POWER-001-USR-02,alert,ALRT-002377,analyst
L-ALRT-002378,CSE-TELECOM-001,CSE-TELECOM-001-USR-03,alert,ALRT-002378,analyst
L-ALRT-002379,CSE-FINANCE-001,CSE-FINANCE-001-USR-04,alert,ALRT-002379,analyst
L-ALRT-002380,CSE-POWER-002,CSE-POWER-002-USR-05,alert,ALRT-002380,analyst
L-ALRT-002381,CSE-TELECOM-002,CSE-TELECOM-002-USR-01,alert,ALRT-002381,analyst
L-ALRT-002382,CSE-FINANCE-002,CSE-FINANCE-002-USR-02,alert,ALRT-002382,analyst
L-ALRT-002383,CSE-POWER-001,CSE-POWER-001-USR-03,alert,ALRT-002383,analyst
L-ALRT-002384,CSE-TELECOM-001,CSE-TELECOM-001-USR-04,alert,ALRT-002384,analyst
L-ALRT-002385,CSE-FINANCE-001,CSE-FINANCE-001-USR-05,alert,ALRT-002385,analyst
L-ALRT-002386,CSE-POWER-002,CSE-POWER-002-USR-01,alert,ALRT-002386,analyst
L-ALRT-002387,CSE-TELECOM-002,CSE-TELECOM-002-USR-02,alert,ALRT-002387,analyst
L-ALRT-002388,CSE-FINANCE-002,CSE-FINANCE-002-USR-03,alert,ALRT-002388,analyst
L-ALRT-002389,CSE-POWER-001,CSE-POWER-001-USR-04,alert,ALRT-002389,analyst
L-ALRT-002390,CSE-TELECOM-001,CSE-TELECOM-001-USR-05,alert,ALRT-002390,analyst
L-ALRT-002391,CSE-FINANCE-001,CSE-FINANCE-001-USR-01,alert,ALRT-002391,analyst
L-ALRT-002392,CSE-POWER-002,CSE-POWER-002-USR-02,alert,ALRT-002392,analyst
L-ALRT-002393,CSE-TELECOM-002,CSE-TELECOM-002-USR-03,alert,ALRT-002393,analyst
L-ALRT-002394,CSE-FINANCE-002,CSE-FINANCE-002-USR-04,alert,ALRT-002394,analyst
L-ALRT-002395,CSE-POWER-001,CSE-POWER-001-USR-05,alert,ALRT-002395,analyst
L-ALRT-002396,CSE-TELECOM-001,CSE-TELECOM-001-USR-01,alert,ALRT-002396,analyst
L-ALRT-002397,CSE-FINANCE-001,CSE-FINANCE-001-USR-02,alert,ALRT-002397,analyst
L-ALRT-002398,CSE-POWER-002,CSE-POWER-002-USR-03,alert,ALRT-002398,analyst
L-ALRT-002399,CSE-TELECOM-002,CSE-TELECOM-002-USR-04,alert,ALRT-002399,analyst
L-ALRT-002400,CSE-FINANCE-002,CSE-FINANCE-002-USR-05,alert,ALRT-002400,analyst
L-ALRT-002401,CSE-POWER-001,CSE-POWER-001-USR-01,alert,ALRT-002401,analyst
L-ALRT-002402,CSE-TELECOM-001,CSE-TELECOM-001-USR-02,alert,ALRT-002402,analyst
L-ALRT-002403,CSE-FINANCE-001,CSE-FINANCE-001-USR-03,alert,ALRT-002403,analyst
L-ALRT-002404,CSE-POWER-002,CSE-POWER-002-USR-04,alert,ALRT-002404,analyst
L-ALRT-002405,CSE-TELECOM-002,CSE-TELECOM-002-USR-05,alert,ALRT-002405,analyst
L-ALRT-002406,CSE-FINANCE-002,CSE-FINANCE-002-USR-01,alert,ALRT-002406,analyst
L-ALRT-002407,CSE-POWER-001,CSE-POWER-001-USR-02,alert,ALRT-002407,analyst
L-ALRT-002408,CSE-TELECOM-001,CSE-TELECOM-001-USR-03,alert,ALRT-002408,analyst
L-ALRT-002409,CSE-FINANCE-001,CSE-FINANCE-001-USR-04,alert,ALRT-002409,analyst
L-ALRT-002410,CSE-POWER-002,CSE-POWER-002-USR-05,alert,ALRT-002410,analyst
L-ALRT-002411,CSE-TELECOM-002,CSE-TELECOM-002-USR-01,alert,ALRT-002411,analyst
L-ALRT-002412,CSE-FINANCE-002,CSE-FINANCE-002-USR-02,alert,ALRT-002412,analyst
L-ALRT-002413,CSE-POWER-001,CSE-POWER-001-USR-03,alert,ALRT-002413,analyst
L-ALRT-002414,CSE-TELECOM-001,CSE-TELECOM-001-USR-04,alert,ALRT-002414,analyst
L-ALRT-002415,CSE-FINANCE-001,CSE-FINANCE-001-USR-05,alert,ALRT-002415,analyst
L-ALRT-002416,CSE-POWER-002,CSE-POWER-002-USR-01,alert,ALRT-002416,analyst
L-ALRT-002417,CSE-TELECOM-002,CSE-TELECOM-002-USR-02,alert,ALRT-002417,analyst
L-ALRT-002418,CSE-FINANCE-002,CSE-FINANCE-002-USR-03,alert,ALRT-002418,analyst
L-ALRT-002419,CSE-POWER-001,CSE-POWER-001-USR-04,alert,ALRT-002419,analyst
L-ALRT-002420,CSE-TELECOM-001,CSE-TELECOM-001-USR-05,alert,ALRT-002420,analyst
L-ALRT-002421,CSE-FINANCE-001,CSE-FINANCE-001-USR-01,alert,ALRT-002421,analyst
L-ALRT-002422,CSE-POWER-002,CSE-POWER-002-USR-02,alert,ALRT-002422,analyst
L-ALRT-002423,CSE-TELECOM-002,CSE-TELECOM-002-USR-03,alert,ALRT-002423,analyst
L-ALRT-002424,CSE-FINANCE-002,CSE-FINANCE-002-USR-04,alert,ALRT-002424,analyst
L-ALRT-002425,CSE-POWER-001,CSE-POWER-001-USR-05,alert,ALRT-002425,analyst
L-ALRT-002426,CSE-TELECOM-001,CSE-TELECOM-001-USR-01,alert,ALRT-002426,analyst
L-ALRT-002427,CSE-FINANCE-001,CSE-FINANCE-001-USR-02,alert,ALRT-002427,analyst
L-ALRT-002428,CSE-POWER-002,CSE-POWER-002-USR-03,alert,ALRT-002428,analyst
L-ALRT-002429,CSE-TELECOM-002,CSE-TELECOM-002-USR-04,alert,ALRT-002429,analyst
L-ALRT-002430,CSE-FINANCE-002,CSE-FINANCE-002-USR-05,alert,ALRT-002430,analyst
L-ALRT-002431,CSE-POWER-001,CSE-POWER-001-USR-01,alert,ALRT-002431,analyst
L-ALRT-002432,CSE-TELECOM-001,CSE-TELECOM-001-USR-02,alert,ALRT-002432,analyst
L-ALRT-002433,CSE-FINANCE-001,CSE-FINANCE-001-USR-03,alert,ALRT-002433,analyst
L-ALRT-002434,CSE-POWER-002,CSE-POWER-002-USR-04,alert,ALRT-002434,analyst
L-ALRT-002435,CSE-TELECOM-002,CSE-TELECOM-002-USR-05,alert,ALRT-002435,analyst
L-ALRT-002436,CSE-FINANCE-002,CSE-FINANCE-002-USR-01,alert,ALRT-002436,analyst
L-ALRT-002437,CSE-POWER-001,CSE-POWER-001-USR-02,alert,ALRT-002437,analyst
L-ALRT-002438,CSE-TELECOM-001,CSE-TELECOM-001-USR-03,alert,ALRT-002438,analyst
L-ALRT-002439,CSE-FINANCE-001,CSE-FINANCE-001-USR-04,alert,ALRT-002439,analyst
L-ALRT-002440,CSE-POWER-002,CSE-POWER-002-USR-05,alert,ALRT-002440,analyst
L-ALRT-002441,CSE-TELECOM-002,CSE-TELECOM-002-USR-01,alert,ALRT-002441,analyst
L-ALRT-002442,CSE-FINANCE-002,CSE-FINANCE-002-USR-02,alert,ALRT-002442,analyst
L-ALRT-002443,CSE-POWER-001,CSE-POWER-001-USR-03,alert,ALRT-002443,analyst
L-ALRT-002444,CSE-TELECOM-001,CSE-TELECOM-001-USR-04,alert,ALRT-002444,analyst
L-ALRT-002445,CSE-FINANCE-001,CSE-FINANCE-001-USR-05,alert,ALRT-002445,analyst
L-ALRT-002446,CSE-POWER-002,CSE-POWER-002-USR-01,alert,ALRT-002446,analyst
L-ALRT-002447,CSE-TELECOM-002,CSE-TELECOM-002-USR-02,alert,ALRT-002447,analyst
L-ALRT-002448,CSE-FINANCE-002,CSE-FINANCE-002-USR-03,alert,ALRT-002448,analyst
L-ALRT-002449,CSE-POWER-001,CSE-POWER-001-USR-04,alert,ALRT-002449,analyst
L-ALRT-002450,CSE-TELECOM-001,CSE-TELECOM-001-USR-05,alert,ALRT-002450,analyst
L-ALRT-002451,CSE-FINANCE-001,CSE-FINANCE-001-USR-01,alert,ALRT-002451,analyst
L-ALRT-002452,CSE-POWER-002,CSE-POWER-002-USR-02,alert,ALRT-002452,analyst
L-ALRT-002453,CSE-TELECOM-002,CSE-TELECOM-002-USR-03,alert,ALRT-002453,analyst
L-ALRT-002454,CSE-FINANCE-002,CSE-FINANCE-002-USR-04,alert,ALRT-002454,analyst
L-ALRT-002455,CSE-POWER-001,CSE-POWER-001-USR-05,alert,ALRT-002455,analyst
L-ALRT-002456,CSE-TELECOM-001,CSE-TELECOM-001-USR-01,alert,ALRT-002456,analyst
L-ALRT-002457,CSE-FINANCE-001,CSE-FINANCE-001-USR-02,alert,ALRT-002457,analyst
L-ALRT-002458,CSE-POWER-002,CSE-POWER-002-USR-03,alert,ALRT-002458,analyst
L-ALRT-002459,CSE-TELECOM-002,CSE-TELECOM-002-USR-04,alert,ALRT-002459,analyst
L-ALRT-002460,CSE-FINANCE-002,CSE-FINANCE-002-USR-05,alert,ALRT-002460,analyst
L-ALRT-002461,CSE-POWER-001,CSE-POWER-001-USR-01,alert,ALRT-002461,analyst
L-ALRT-002462,CSE-TELECOM-001,CSE-TELECOM-001-USR-02,alert,ALRT-002462,analyst
L-ALRT-002463,CSE-FINANCE-001,CSE-FINANCE-001-USR-03,alert,ALRT-002463,analyst
L-ALRT-002464,CSE-POWER-002,CSE-POWER-002-USR-04,alert,ALRT-002464,analyst
L-ALRT-002465,CSE-TELECOM-002,CSE-TELECOM-002-USR-05,alert,ALRT-002465,analyst
L-ALRT-002466,CSE-FINANCE-002,CSE-FINANCE-002-USR-01,alert,ALRT-002466,analyst
L-ALRT-002467,CSE-POWER-001,CSE-POWER-001-USR-02,alert,ALRT-002467,analyst
L-ALRT-002468,CSE-TELECOM-001,CSE-TELECOM-001-USR-03,alert,ALRT-002468,analyst
L-ALRT-002469,CSE-FINANCE-001,CSE-FINANCE-001-USR-04,alert,ALRT-002469,analyst
L-ALRT-002470,CSE-POWER-002,CSE-POWER-002-USR-05,alert,ALRT-002470,analyst
L-ALRT-002471,CSE-TELECOM-002,CSE-TELECOM-002-USR-01,alert,ALRT-002471,analyst
L-ALRT-002472,CSE-FINANCE-002,CSE-FINANCE-002-USR-02,alert,ALRT-002472,analyst
L-ALRT-002473,CSE-POWER-001,CSE-POWER-001-USR-03,alert,ALRT-002473,analyst
L-ALRT-002474,CSE-TELECOM-001,CSE-TELECOM-001-USR-04,alert,ALRT-002474,analyst
L-ALRT-002475,CSE-FINANCE-001,CSE-FINANCE-001-USR-05,alert,ALRT-002475,analyst
L-ALRT-002476,CSE-POWER-002,CSE-POWER-002-USR-01,alert,ALRT-002476,analyst
L-ALRT-002477,CSE-TELECOM-002,CSE-TELECOM-002-USR-02,alert,ALRT-002477,analyst
L-ALRT-002478,CSE-FINANCE-002,CSE-FINANCE-002-USR-03,alert,ALRT-002478,analyst
L-ALRT-002479,CSE-POWER-001,CSE-POWER-001-USR-04,alert,ALRT-002479,analyst
L-ALRT-002480,CSE-TELECOM-001,CSE-TELECOM-001-USR-05,alert,ALRT-002480,analyst
L-ALRT-002481,CSE-FINANCE-001,CSE-FINANCE-001-USR-01,alert,ALRT-002481,analyst
L-ALRT-002482,CSE-POWER-002,CSE-POWER-002-USR-02,alert,ALRT-002482,analyst
L-ALRT-002483,CSE-TELECOM-002,CSE-TELECOM-002-USR-03,alert,ALRT-002483,analyst
L-ALRT-002484,CSE-FINANCE-002,CSE-FINANCE-002-USR-04,alert,ALRT-002484,analyst
L-ALRT-002485,CSE-POWER-001,CSE-POWER-001-USR-05,alert,ALRT-002485,analyst
L-ALRT-002486,CSE-TELECOM-001,CSE-TELECOM-001-USR-01,alert,ALRT-002486,analyst
L-ALRT-002487,CSE-FINANCE-001,CSE-FINANCE-001-USR-02,alert,ALRT-002487,analyst
L-ALRT-002488,CSE-POWER-002,CSE-POWER-002-USR-03,alert,ALRT-002488,analyst
L-ALRT-002489,CSE-TELECOM-002,CSE-TELECOM-002-USR-04,alert,ALRT-002489,analyst
L-ALRT-002490,CSE-FINANCE-002,CSE-FINANCE-002-USR-05,alert,ALRT-002490,analyst
L-ALRT-002491,CSE-POWER-001,CSE-POWER-001-USR-01,alert,ALRT-002491,analyst
L-ALRT-002492,CSE-TELECOM-001,CSE-TELECOM-001-USR-02,alert,ALRT-002492,analyst
L-ALRT-002493,CSE-FINANCE-001,CSE-FINANCE-001-USR-03,alert,ALRT-002493,analyst
L-ALRT-002494,CSE-POWER-002,CSE-POWER-002-USR-04,alert,ALRT-002494,analyst
L-ALRT-002495,CSE-TELECOM-002,CSE-TELECOM-002-USR-05,alert,ALRT-002495,analyst
L-ALRT-002496,CSE-FINANCE-002,CSE-FINANCE-002-USR-01,alert,ALRT-002496,analyst
L-ALRT-002497,CSE-POWER-001,CSE-POWER-001-USR-02,alert,ALRT-002497,analyst
L-ALRT-002498,CSE-TELECOM-001,CSE-TELECOM-001-USR-03,alert,ALRT-002498,analyst
L-ALRT-002499,CSE-FINANCE-001,CSE-FINANCE-001-USR-04,alert,ALRT-002499,analyst
L-ALRT-002500,CSE-POWER-002,CSE-POWER-002-USR-05,alert,ALRT-002500,analyst
L-ALRT-002501,CSE-TELECOM-002,CSE-TELECOM-002-USR-01,alert,ALRT-002501,analyst
L-ALRT-002502,CSE-FINANCE-002,CSE-FINANCE-002-USR-02,alert,ALRT-002502,analyst
L-ALRT-002503,CSE-POWER-001,CSE-POWER-001-USR-03,alert,ALRT-002503,analyst
L-ALRT-002504,CSE-TELECOM-001,CSE-TELECOM-001-USR-04,alert,ALRT-002504,analyst
L-ALRT-002505,CSE-FINANCE-001,CSE-FINANCE-001-USR-05,alert,ALRT-002505,analyst
L-ALRT-002506,CSE-POWER-002,CSE-POWER-002-USR-01,alert,ALRT-002506,analyst
L-ALRT-002507,CSE-TELECOM-002,CSE-TELECOM-002-USR-02,alert,ALRT-002507,analyst
L-ALRT-002508,CSE-FINANCE-002,CSE-FINANCE-002-USR-03,alert,ALRT-002508,analyst
L-ALRT-002509,CSE-POWER-001,CSE-POWER-001-USR-04,alert,ALRT-002509,analyst
L-ALRT-002510,CSE-TELECOM-001,CSE-TELECOM-001-USR-05,alert,ALRT-002510,analyst
L-ALRT-002511,CSE-FINANCE-001,CSE-FINANCE-001-USR-01,alert,ALRT-002511,analyst
L-ALRT-002512,CSE-POWER-002,CSE-POWER-002-USR-02,alert,ALRT-002512,analyst
L-ALRT-002513,CSE-TELECOM-002,CSE-TELECOM-002-USR-03,alert,ALRT-002513,analyst
L-ALRT-002514,CSE-FINANCE-002,CSE-FINANCE-002-USR-04,alert,ALRT-002514,analyst
L-ALRT-002515,CSE-POWER-001,CSE-POWER-001-USR-05,alert,ALRT-002515,analyst
L-ALRT-002516,CSE-TELECOM-001,CSE-TELECOM-001-USR-01,alert,ALRT-002516,analyst
L-ALRT-002517,CSE-FINANCE-001,CSE-FINANCE-001-USR-02,alert,ALRT-002517,analyst
L-ALRT-002518,CSE-POWER-002,CSE-POWER-002-USR-03,alert,ALRT-002518,analyst
L-ALRT-002519,CSE-TELECOM-002,CSE-TELECOM-002-USR-04,alert,ALRT-002519,analyst
L-ALRT-002520,CSE-FINANCE-002,CSE-FINANCE-002-USR-05,alert,ALRT-002520,analyst
L-ALRT-002521,CSE-POWER-001,CSE-POWER-001-USR-01,alert,ALRT-002521,analyst
L-ALRT-002522,CSE-TELECOM-001,CSE-TELECOM-001-USR-02,alert,ALRT-002522,analyst
L-ALRT-002523,CSE-FINANCE-001,CSE-FINANCE-001-USR-03,alert,ALRT-002523,analyst
L-ALRT-002524,CSE-POWER-002,CSE-POWER-002-USR-04,alert,ALRT-002524,analyst
L-ALRT-002525,CSE-TELECOM-002,CSE-TELECOM-002-USR-05,alert,ALRT-002525,analyst
L-ALRT-002526,CSE-FINANCE-002,CSE-FINANCE-002-USR-01,alert,ALRT-002526,analyst
L-ALRT-002527,CSE-POWER-001,CSE-POWER-001-USR-02,alert,ALRT-002527,analyst
L-ALRT-002528,CSE-TELECOM-001,CSE-TELECOM-001-USR-03,alert,ALRT-002528,analyst
L-ALRT-002529,CSE-FINANCE-001,CSE-FINANCE-001-USR-04,alert,ALRT-002529,analyst
L-ALRT-002530,CSE-POWER-002,CSE-POWER-002-USR-05,alert,ALRT-002530,analyst
L-ALRT-002531,CSE-TELECOM-002,CSE-TELECOM-002-USR-01,alert,ALRT-002531,analyst
L-ALRT-002532,CSE-FINANCE-002,CSE-FINANCE-002-USR-02,alert,ALRT-002532,analyst
L-ALRT-002533,CSE-POWER-001,CSE-POWER-001-USR-03,alert,ALRT-002533,analyst
L-ALRT-002534,CSE-TELECOM-001,CSE-TELECOM-001-USR-04,alert,ALRT-002534,analyst
L-ALRT-002535,CSE-FINANCE-001,CSE-FINANCE-001-USR-05,alert,ALRT-002535,analyst
L-ALRT-002536,CSE-POWER-002,CSE-POWER-002-USR-01,alert,ALRT-002536,analyst
L-ALRT-002537,CSE-TELECOM-002,CSE-TELECOM-002-USR-02,alert,ALRT-002537,analyst
L-ALRT-002538,CSE-FINANCE-002,CSE-FINANCE-002-USR-03,alert,ALRT-002538,analyst
L-ALRT-002539,CSE-POWER-001,CSE-POWER-001-USR-04,alert,ALRT-002539,analyst
L-ALRT-002540,CSE-TELECOM-001,CSE-TELECOM-001-USR-05,alert,ALRT-002540,analyst
L-ALRT-002541,CSE-FINANCE-001,CSE-FINANCE-001-USR-01,alert,ALRT-002541,analyst
L-ALRT-002542,CSE-POWER-002,CSE-POWER-002-USR-02,alert,ALRT-002542,analyst
L-ALRT-002543,CSE-TELECOM-002,CSE-TELECOM-002-USR-03,alert,ALRT-002543,analyst
L-ALRT-002544,CSE-FINANCE-002,CSE-FINANCE-002-USR-04,alert,ALRT-002544,analyst
L-ALRT-002545,CSE-POWER-001,CSE-POWER-001-USR-05,alert,ALRT-002545,analyst
L-ALRT-002546,CSE-TELECOM-001,CSE-TELECOM-001-USR-01,alert,ALRT-002546,analyst
L-ALRT-002547,CSE-FINANCE-001,CSE-FINANCE-001-USR-02,alert,ALRT-002547,analyst
L-ALRT-002548,CSE-POWER-002,CSE-POWER-002-USR-03,alert,ALRT-002548,analyst
L-ALRT-002549,CSE-TELECOM-002,CSE-TELECOM-002-USR-04,alert,ALRT-002549,analyst
L-ALRT-002550,CSE-FINANCE-002,CSE-FINANCE-002-USR-05,alert,ALRT-002550,analyst
L-ALRT-002551,CSE-POWER-001,CSE-POWER-001-USR-01,alert,ALRT-002551,analyst
L-ALRT-002552,CSE-TELECOM-001,CSE-TELECOM-001-USR-02,alert,ALRT-002552,analyst
L-ALRT-002553,CSE-FINANCE-001,CSE-FINANCE-001-USR-03,alert,ALRT-002553,analyst
L-ALRT-002554,CSE-POWER-002,CSE-POWER-002-USR-04,alert,ALRT-002554,analyst
L-ALRT-002555,CSE-TELECOM-002,CSE-TELECOM-002-USR-05,alert,ALRT-002555,analyst
L-ALRT-002556,CSE-FINANCE-002,CSE-FINANCE-002-USR-01,alert,ALRT-002556,analyst
L-ALRT-002557,CSE-POWER-001,CSE-POWER-001-USR-02,alert,ALRT-002557,analyst
L-ALRT-002558,CSE-TELECOM-001,CSE-TELECOM-001-USR-03,alert,ALRT-002558,analyst
L-ALRT-002559,CSE-FINANCE-001,CSE-FINANCE-001-USR-04,alert,ALRT-002559,analyst
L-ALRT-002560,CSE-POWER-002,CSE-POWER-002-USR-05,alert,ALRT-002560,analyst
L-ALRT-002561,CSE-TELECOM-002,CSE-TELECOM-002-USR-01,alert,ALRT-002561,analyst
L-ALRT-002562,CSE-FINANCE-002,CSE-FINANCE-002-USR-02,alert,ALRT-002562,analyst
L-ALRT-002563,CSE-POWER-001,CSE-POWER-001-USR-03,alert,ALRT-002563,analyst
L-ALRT-002564,CSE-TELECOM-001,CSE-TELECOM-001-USR-04,alert,ALRT-002564,analyst
L-ALRT-002565,CSE-FINANCE-001,CSE-FINANCE-001-USR-05,alert,ALRT-002565,analyst
L-ALRT-002566,CSE-POWER-002,CSE-POWER-002-USR-01,alert,ALRT-002566,analyst
L-ALRT-002567,CSE-TELECOM-002,CSE-TELECOM-002-USR-02,alert,ALRT-002567,analyst
L-ALRT-002568,CSE-FINANCE-002,CSE-FINANCE-002-USR-03,alert,ALRT-002568,analyst
L-ALRT-002569,CSE-POWER-001,CSE-POWER-001-USR-04,alert,ALRT-002569,analyst
L-ALRT-002570,CSE-TELECOM-001,CSE-TELECOM-001-USR-05,alert,ALRT-002570,analyst
L-ALRT-002571,CSE-FINANCE-001,CSE-FINANCE-001-USR-01,alert,ALRT-002571,analyst
L-ALRT-002572,CSE-POWER-002,CSE-POWER-002-USR-02,alert,ALRT-002572,analyst
L-ALRT-002573,CSE-TELECOM-002,CSE-TELECOM-002-USR-03,alert,ALRT-002573,analyst
L-ALRT-002574,CSE-FINANCE-002,CSE-FINANCE-002-USR-04,alert,ALRT-002574,analyst
L-ALRT-002575,CSE-POWER-001,CSE-POWER-001-USR-05,alert,ALRT-002575,analyst
L-ALRT-002576,CSE-TELECOM-001,CSE-TELECOM-001-USR-01,alert,ALRT-002576,analyst
L-ALRT-002577,CSE-FINANCE-001,CSE-FINANCE-001-USR-02,alert,ALRT-002577,analyst
L-ALRT-002578,CSE-POWER-002,CSE-POWER-002-USR-03,alert,ALRT-002578,analyst
L-ALRT-002579,CSE-TELECOM-002,CSE-TELECOM-002-USR-04,alert,ALRT-002579,analyst
L-ALRT-002580,CSE-FINANCE-002,CSE-FINANCE-002-USR-05,alert,ALRT-002580,analyst
L-ALRT-002581,CSE-POWER-001,CSE-POWER-001-USR-01,alert,ALRT-002581,analyst
L-ALRT-002582,CSE-TELECOM-001,CSE-TELECOM-001-USR-02,alert,ALRT-002582,analyst
L-ALRT-002583,CSE-FINANCE-001,CSE-FINANCE-001-USR-03,alert,ALRT-002583,analyst
L-ALRT-002584,CSE-POWER-002,CSE-POWER-002-USR-04,alert,ALRT-002584,analyst
L-ALRT-002585,CSE-TELECOM-002,CSE-TELECOM-002-USR-05,alert,ALRT-002585,analyst
L-ALRT-002586,CSE-FINANCE-002,CSE-FINANCE-002-USR-01,alert,ALRT-002586,analyst
L-ALRT-002587,CSE-POWER-001,CSE-POWER-001-USR-02,alert,ALRT-002587,analyst
L-ALRT-002588,CSE-TELECOM-001,CSE-TELECOM-001-USR-03,alert,ALRT-002588,analyst
L-ALRT-002589,CSE-FINANCE-001,CSE-FINANCE-001-USR-04,alert,ALRT-002589,analyst
L-ALRT-002590,CSE-POWER-002,CSE-POWER-002-USR-05,alert,ALRT-002590,analyst
L-ALRT-002591,CSE-TELECOM-002,CSE-TELECOM-002-USR-01,alert,ALRT-002591,analyst
L-ALRT-002592,CSE-FINANCE-002,CSE-FINANCE-002-USR-02,alert,ALRT-002592,analyst
L-ALRT-002593,CSE-POWER-001,CSE-POWER-001-USR-03,alert,ALRT-002593,analyst
L-ALRT-002594,CSE-TELECOM-001,CSE-TELECOM-001-USR-04,alert,ALRT-002594,analyst
L-ALRT-002595,CSE-FINANCE-001,CSE-FINANCE-001-USR-05,alert,ALRT-002595,analyst
L-ALRT-002596,CSE-POWER-002,CSE-POWER-002-USR-01,alert,ALRT-002596,analyst
L-ALRT-002597,CSE-TELECOM-002,CSE-TELECOM-002-USR-02,alert,ALRT-002597,analyst
L-ALRT-002598,CSE-FINANCE-002,CSE-FINANCE-002-USR-03,alert,ALRT-002598,analyst
L-ALRT-002599,CSE-POWER-001,CSE-POWER-001-USR-04,alert,ALRT-002599,analyst
L-ALRT-002600,CSE-TELECOM-001,CSE-TELECOM-001-USR-05,alert,ALRT-002600,analyst
L-ALRT-002601,CSE-FINANCE-001,CSE-FINANCE-001-USR-01,alert,ALRT-002601,analyst
L-ALRT-002602,CSE-POWER-002,CSE-POWER-002-USR-02,alert,ALRT-002602,analyst
L-ALRT-002603,CSE-TELECOM-002,CSE-TELECOM-002-USR-03,alert,ALRT-002603,analyst
L-ALRT-002604,CSE-FINANCE-002,CSE-FINANCE-002-USR-04,alert,ALRT-002604,analyst
L-ALRT-002605,CSE-POWER-001,CSE-POWER-001-USR-05,alert,ALRT-002605,analyst
L-ALRT-002606,CSE-TELECOM-001,CSE-TELECOM-001-USR-01,alert,ALRT-002606,analyst
L-ALRT-002607,CSE-FINANCE-001,CSE-FINANCE-001-USR-02,alert,ALRT-002607,analyst
L-ALRT-002608,CSE-POWER-002,CSE-POWER-002-USR-03,alert,ALRT-002608,analyst
L-ALRT-002609,CSE-TELECOM-002,CSE-TELECOM-002-USR-04,alert,ALRT-002609,analyst
L-ALRT-002610,CSE-FINANCE-002,CSE-FINANCE-002-USR-05,alert,ALRT-002610,analyst
L-ALRT-002611,CSE-POWER-001,CSE-POWER-001-USR-01,alert,ALRT-002611,analyst
L-ALRT-002612,CSE-TELECOM-001,CSE-TELECOM-001-USR-02,alert,ALRT-002612,analyst
L-ALRT-002613,CSE-FINANCE-001,CSE-FINANCE-001-USR-03,alert,ALRT-002613,analyst
L-ALRT-002614,CSE-POWER-002,CSE-POWER-002-USR-04,alert,ALRT-002614,analyst
L-ALRT-002615,CSE-TELECOM-002,CSE-TELECOM-002-USR-05,alert,ALRT-002615,analyst
L-ALRT-002616,CSE-FINANCE-002,CSE-FINANCE-002-USR-01,alert,ALRT-002616,analyst
L-ALRT-002617,CSE-POWER-001,CSE-POWER-001-USR-02,alert,ALRT-002617,analyst
L-ALRT-002618,CSE-TELECOM-001,CSE-TELECOM-001-USR-03,alert,ALRT-002618,analyst
L-ALRT-002619,CSE-FINANCE-001,CSE-FINANCE-001-USR-04,alert,ALRT-002619,analyst
L-ALRT-002620,CSE-POWER-002,CSE-POWER-002-USR-05,alert,ALRT-002620,analyst
L-ALRT-002621,CSE-TELECOM-002,CSE-TELECOM-002-USR-01,alert,ALRT-002621,analyst
L-ALRT-002622,CSE-FINANCE-002,CSE-FINANCE-002-USR-02,alert,ALRT-002622,analyst
L-ALRT-002623,CSE-POWER-001,CSE-POWER-001-USR-03,alert,ALRT-002623,analyst
L-ALRT-002624,CSE-TELECOM-001,CSE-TELECOM-001-USR-04,alert,ALRT-002624,analyst
L-ALRT-002625,CSE-FINANCE-001,CSE-FINANCE-001-USR-05,alert,ALRT-002625,analyst
L-ALRT-002626,CSE-POWER-002,CSE-POWER-002-USR-01,alert,ALRT-002626,analyst
L-ALRT-002627,CSE-TELECOM-002,CSE-TELECOM-002-USR-02,alert,ALRT-002627,analyst
L-ALRT-002628,CSE-FINANCE-002,CSE-FINANCE-002-USR-03,alert,ALRT-002628,analyst
L-ALRT-002629,CSE-POWER-001,CSE-POWER-001-USR-04,alert,ALRT-002629,analyst
L-ALRT-002630,CSE-TELECOM-001,CSE-TELECOM-001-USR-05,alert,ALRT-002630,analyst
L-ALRT-002631,CSE-FINANCE-001,CSE-FINANCE-001-USR-01,alert,ALRT-002631,analyst
L-ALRT-002632,CSE-POWER-002,CSE-POWER-002-USR-02,alert,ALRT-002632,analyst
L-ALRT-002633,CSE-TELECOM-002,CSE-TELECOM-002-USR-03,alert,ALRT-002633,analyst
L-ALRT-002634,CSE-FINANCE-002,CSE-FINANCE-002-USR-04,alert,ALRT-002634,analyst
L-ALRT-002635,CSE-POWER-001,CSE-POWER-001-USR-05,alert,ALRT-002635,analyst
L-ALRT-002636,CSE-TELECOM-001,CSE-TELECOM-001-USR-01,alert,ALRT-002636,analyst
L-ALRT-002637,CSE-FINANCE-001,CSE-FINANCE-001-USR-02,alert,ALRT-002637,analyst
L-ALRT-002638,CSE-POWER-002,CSE-POWER-002-USR-03,alert,ALRT-002638,analyst
L-ALRT-002639,CSE-TELECOM-002,CSE-TELECOM-002-USR-04,alert,ALRT-002639,analyst
L-ALRT-002640,CSE-FINANCE-002,CSE-FINANCE-002-USR-05,alert,ALRT-002640,analyst
L-ALRT-002641,CSE-POWER-001,CSE-POWER-001-USR-01,alert,ALRT-002641,analyst
L-ALRT-002642,CSE-TELECOM-001,CSE-TELECOM-001-USR-02,alert,ALRT-002642,analyst
L-ALRT-002643,CSE-FINANCE-001,CSE-FINANCE-001-USR-03,alert,ALRT-002643,analyst
L-ALRT-002644,CSE-POWER-002,CSE-POWER-002-USR-04,alert,ALRT-002644,analyst
L-ALRT-002645,CSE-TELECOM-002,CSE-TELECOM-002-USR-05,alert,ALRT-002645,analyst
L-ALRT-002646,CSE-FINANCE-002,CSE-FINANCE-002-USR-01,alert,ALRT-002646,analyst
L-ALRT-002647,CSE-POWER-001,CSE-POWER-001-USR-02,alert,ALRT-002647,analyst
L-ALRT-002648,CSE-TELECOM-001,CSE-TELECOM-001-USR-03,alert,ALRT-002648,analyst
L-ALRT-002649,CSE-FINANCE-001,CSE-FINANCE-001-USR-04,alert,ALRT-002649,analyst
L-ALRT-002650,CSE-POWER-002,CSE-POWER-002-USR-05,alert,ALRT-002650,analyst
L-ALRT-002651,CSE-TELECOM-002,CSE-TELECOM-002-USR-01,alert,ALRT-002651,analyst
L-ALRT-002652,CSE-FINANCE-002,CSE-FINANCE-002-USR-02,alert,ALRT-002652,analyst
L-ALRT-002653,CSE-POWER-001,CSE-POWER-001-USR-03,alert,ALRT-002653,analyst
L-ALRT-002654,CSE-TELECOM-001,CSE-TELECOM-001-USR-04,alert,ALRT-002654,analyst
L-ALRT-002655,CSE-FINANCE-001,CSE-FINANCE-001-USR-05,alert,ALRT-002655,analyst
L-ALRT-002656,CSE-POWER-002,CSE-POWER-002-USR-01,alert,ALRT-002656,analyst
L-ALRT-002657,CSE-TELECOM-002,CSE-TELECOM-002-USR-02,alert,ALRT-002657,analyst
L-ALRT-002658,CSE-FINANCE-002,CSE-FINANCE-002-USR-03,alert,ALRT-002658,analyst
L-ALRT-002659,CSE-POWER-001,CSE-POWER-001-USR-04,alert,ALRT-002659,analyst
L-ALRT-002660,CSE-TELECOM-001,CSE-TELECOM-001-USR-05,alert,ALRT-002660,analyst
L-ALRT-002661,CSE-FINANCE-001,CSE-FINANCE-001-USR-01,alert,ALRT-002661,analyst
L-ALRT-002662,CSE-POWER-002,CSE-POWER-002-USR-02,alert,ALRT-002662,analyst
L-ALRT-002663,CSE-TELECOM-002,CSE-TELECOM-002-USR-03,alert,ALRT-002663,analyst
L-ALRT-002664,CSE-FINANCE-002,CSE-FINANCE-002-USR-04,alert,ALRT-002664,analyst
L-ALRT-002665,CSE-POWER-001,CSE-POWER-001-USR-05,alert,ALRT-002665,analyst
L-ALRT-002666,CSE-TELECOM-001,CSE-TELECOM-001-USR-01,alert,ALRT-002666,analyst
L-ALRT-002667,CSE-FINANCE-001,CSE-FINANCE-001-USR-02,alert,ALRT-002667,analyst
L-ALRT-002668,CSE-POWER-002,CSE-POWER-002-USR-03,alert,ALRT-002668,analyst
L-ALRT-002669,CSE-TELECOM-002,CSE-TELECOM-002-USR-04,alert,ALRT-002669,analyst
L-ALRT-002670,CSE-FINANCE-002,CSE-FINANCE-002-USR-05,alert,ALRT-002670,analyst
L-ALRT-002671,CSE-POWER-001,CSE-POWER-001-USR-01,alert,ALRT-002671,analyst
L-ALRT-002672,CSE-TELECOM-001,CSE-TELECOM-001-USR-02,alert,ALRT-002672,analyst
L-ALRT-002673,CSE-FINANCE-001,CSE-FINANCE-001-USR-03,alert,ALRT-002673,analyst
L-ALRT-002674,CSE-POWER-002,CSE-POWER-002-USR-04,alert,ALRT-002674,analyst
L-ALRT-002675,CSE-TELECOM-002,CSE-TELECOM-002-USR-05,alert,ALRT-002675,analyst
L-ALRT-002676,CSE-FINANCE-002,CSE-FINANCE-002-USR-01,alert,ALRT-002676,analyst
L-ALRT-002677,CSE-POWER-001,CSE-POWER-001-USR-02,alert,ALRT-002677,analyst
L-ALRT-002678,CSE-TELECOM-001,CSE-TELECOM-001-USR-03,alert,ALRT-002678,analyst
L-ALRT-002679,CSE-FINANCE-001,CSE-FINANCE-001-USR-04,alert,ALRT-002679,analyst
L-ALRT-002680,CSE-POWER-002,CSE-POWER-002-USR-05,alert,ALRT-002680,analyst
L-ALRT-002681,CSE-TELECOM-002,CSE-TELECOM-002-USR-01,alert,ALRT-002681,analyst
L-ALRT-002682,CSE-FINANCE-002,CSE-FINANCE-002-USR-02,alert,ALRT-002682,analyst
L-ALRT-002683,CSE-POWER-001,CSE-POWER-001-USR-03,alert,ALRT-002683,analyst
L-ALRT-002684,CSE-TELECOM-001,CSE-TELECOM-001-USR-04,alert,ALRT-002684,analyst
L-ALRT-002685,CSE-FINANCE-001,CSE-FINANCE-001-USR-05,alert,ALRT-002685,analyst
L-ALRT-002686,CSE-POWER-002,CSE-POWER-002-USR-01,alert,ALRT-002686,analyst
L-ALRT-002687,CSE-TELECOM-002,CSE-TELECOM-002-USR-02,alert,ALRT-002687,analyst
L-ALRT-002688,CSE-FINANCE-002,CSE-FINANCE-002-USR-03,alert,ALRT-002688,analyst
L-ALRT-002689,CSE-POWER-001,CSE-POWER-001-USR-04,alert,ALRT-002689,analyst
L-ALRT-002690,CSE-TELECOM-001,CSE-TELECOM-001-USR-05,alert,ALRT-002690,analyst
L-ALRT-002691,CSE-FINANCE-001,CSE-FINANCE-001-USR-01,alert,ALRT-002691,analyst
L-ALRT-002692,CSE-POWER-002,CSE-POWER-002-USR-02,alert,ALRT-002692,analyst
L-ALRT-002693,CSE-TELECOM-002,CSE-TELECOM-002-USR-03,alert,ALRT-002693,analyst
L-ALRT-002694,CSE-FINANCE-002,CSE-FINANCE-002-USR-04,alert,ALRT-002694,analyst
L-ALRT-002695,CSE-POWER-001,CSE-POWER-001-USR-05,alert,ALRT-002695,analyst
L-ALRT-002696,CSE-TELECOM-001,CSE-TELECOM-001-USR-01,alert,ALRT-002696,analyst
L-ALRT-002697,CSE-FINANCE-001,CSE-FINANCE-001-USR-02,alert,ALRT-002697,analyst
L-ALRT-002698,CSE-POWER-002,CSE-POWER-002-USR-03,alert,ALRT-002698,analyst
L-ALRT-002699,CSE-TELECOM-002,CSE-TELECOM-002-USR-04,alert,ALRT-002699,analyst
L-ALRT-002700,CSE-FINANCE-002,CSE-FINANCE-002-USR-05,alert,ALRT-002700,analyst
L-ALRT-002701,CSE-POWER-001,CSE-POWER-001-USR-01,alert,ALRT-002701,analyst
L-ALRT-002702,CSE-TELECOM-001,CSE-TELECOM-001-USR-02,alert,ALRT-002702,analyst
L-ALRT-002703,CSE-FINANCE-001,CSE-FINANCE-001-USR-03,alert,ALRT-002703,analyst
L-ALRT-002704,CSE-POWER-002,CSE-POWER-002-USR-04,alert,ALRT-002704,analyst
L-ALRT-002705,CSE-TELECOM-002,CSE-TELECOM-002-USR-05,alert,ALRT-002705,analyst
L-ALRT-002706,CSE-FINANCE-002,CSE-FINANCE-002-USR-01,alert,ALRT-002706,analyst
L-ALRT-002707,CSE-POWER-001,CSE-POWER-001-USR-02,alert,ALRT-002707,analyst
L-ALRT-002708,CSE-TELECOM-001,CSE-TELECOM-001-USR-03,alert,ALRT-002708,analyst
L-ALRT-002709,CSE-FINANCE-001,CSE-FINANCE-001-USR-04,alert,ALRT-002709,analyst
L-ALRT-002710,CSE-POWER-002,CSE-POWER-002-USR-05,alert,ALRT-002710,analyst
L-ALRT-002711,CSE-TELECOM-002,CSE-TELECOM-002-USR-01,alert,ALRT-002711,analyst
L-ALRT-002712,CSE-FINANCE-002,CSE-FINANCE-002-USR-02,alert,ALRT-002712,analyst
L-ALRT-002713,CSE-POWER-001,CSE-POWER-001-USR-03,alert,ALRT-002713,analyst
L-ALRT-002714,CSE-TELECOM-001,CSE-TELECOM-001-USR-04,alert,ALRT-002714,analyst
L-ALRT-002715,CSE-FINANCE-001,CSE-FINANCE-001-USR-05,alert,ALRT-002715,analyst
L-ALRT-002716,CSE-POWER-002,CSE-POWER-002-USR-01,alert,ALRT-002716,analyst
L-ALRT-002717,CSE-TELECOM-002,CSE-TELECOM-002-USR-02,alert,ALRT-002717,analyst
L-ALRT-002718,CSE-FINANCE-002,CSE-FINANCE-002-USR-03,alert,ALRT-002718,analyst
L-ALRT-002719,CSE-POWER-001,CSE-POWER-001-USR-04,alert,ALRT-002719,analyst
L-ALRT-002720,CSE-TELECOM-001,CSE-TELECOM-001-USR-05,alert,ALRT-002720,analyst
L-ALRT-002721,CSE-FINANCE-001,CSE-FINANCE-001-USR-01,alert,ALRT-002721,analyst
L-ALRT-002722,CSE-POWER-002,CSE-POWER-002-USR-02,alert,ALRT-002722,analyst
L-ALRT-002723,CSE-TELECOM-002,CSE-TELECOM-002-USR-03,alert,ALRT-002723,analyst
L-ALRT-002724,CSE-FINANCE-002,CSE-FINANCE-002-USR-04,alert,ALRT-002724,analyst
L-ALRT-002725,CSE-POWER-001,CSE-POWER-001-USR-05,alert,ALRT-002725,analyst
L-ALRT-002726,CSE-TELECOM-001,CSE-TELECOM-001-USR-01,alert,ALRT-002726,analyst
L-ALRT-002727,CSE-FINANCE-001,CSE-FINANCE-001-USR-02,alert,ALRT-002727,analyst
L-ALRT-002728,CSE-POWER-002,CSE-POWER-002-USR-03,alert,ALRT-002728,analyst
L-ALRT-002729,CSE-TELECOM-002,CSE-TELECOM-002-USR-04,alert,ALRT-002729,analyst
L-ALRT-002730,CSE-FINANCE-002,CSE-FINANCE-002-USR-05,alert,ALRT-002730,analyst
L-ALRT-002731,CSE-POWER-001,CSE-POWER-001-USR-01,alert,ALRT-002731,analyst
L-ALRT-002732,CSE-TELECOM-001,CSE-TELECOM-001-USR-02,alert,ALRT-002732,analyst
L-ALRT-002733,CSE-FINANCE-001,CSE-FINANCE-001-USR-03,alert,ALRT-002733,analyst
L-ALRT-002734,CSE-POWER-002,CSE-POWER-002-USR-04,alert,ALRT-002734,analyst
L-ALRT-002735,CSE-TELECOM-002,CSE-TELECOM-002-USR-05,alert,ALRT-002735,analyst
L-ALRT-002736,CSE-FINANCE-002,CSE-FINANCE-002-USR-01,alert,ALRT-002736,analyst
L-ALRT-002737,CSE-POWER-001,CSE-POWER-001-USR-02,alert,ALRT-002737,analyst
L-ALRT-002738,CSE-TELECOM-001,CSE-TELECOM-001-USR-03,alert,ALRT-002738,analyst
L-ALRT-002739,CSE-FINANCE-001,CSE-FINANCE-001-USR-04,alert,ALRT-002739,analyst
L-ALRT-002740,CSE-POWER-002,CSE-POWER-002-USR-05,alert,ALRT-002740,analyst
L-ALRT-002741,CSE-TELECOM-002,CSE-TELECOM-002-USR-01,alert,ALRT-002741,analyst
L-ALRT-002742,CSE-FINANCE-002,CSE-FINANCE-002-USR-02,alert,ALRT-002742,analyst
L-ALRT-002743,CSE-POWER-001,CSE-POWER-001-USR-03,alert,ALRT-002743,analyst
L-ALRT-002744,CSE-TELECOM-001,CSE-TELECOM-001-USR-04,alert,ALRT-002744,analyst
L-ALRT-002745,CSE-FINANCE-001,CSE-FINANCE-001-USR-05,alert,ALRT-002745,analyst
L-ALRT-002746,CSE-POWER-002,CSE-POWER-002-USR-01,alert,ALRT-002746,analyst
L-ALRT-002747,CSE-TELECOM-002,CSE-TELECOM-002-USR-02,alert,ALRT-002747,analyst
L-ALRT-002748,CSE-FINANCE-002,CSE-FINANCE-002-USR-03,alert,ALRT-002748,analyst
L-ALRT-002749,CSE-POWER-001,CSE-POWER-001-USR-04,alert,ALRT-002749,analyst
L-ALRT-002750,CSE-TELECOM-001,CSE-TELECOM-001-USR-05,alert,ALRT-002750,analyst
L-ALRT-002751,CSE-FINANCE-001,CSE-FINANCE-001-USR-01,alert,ALRT-002751,analyst
L-ALRT-002752,CSE-POWER-002,CSE-POWER-002-USR-02,alert,ALRT-002752,analyst
L-ALRT-002753,CSE-TELECOM-002,CSE-TELECOM-002-USR-03,alert,ALRT-002753,analyst
L-ALRT-002754,CSE-FINANCE-002,CSE-FINANCE-002-USR-04,alert,ALRT-002754,analyst
L-ALRT-002755,CSE-POWER-001,CSE-POWER-001-USR-05,alert,ALRT-002755,analyst
L-ALRT-002756,CSE-TELECOM-001,CSE-TELECOM-001-USR-01,alert,ALRT-002756,analyst
L-ALRT-002757,CSE-FINANCE-001,CSE-FINANCE-001-USR-02,alert,ALRT-002757,analyst
L-ALRT-002758,CSE-POWER-002,CSE-POWER-002-USR-03,alert,ALRT-002758,analyst
L-ALRT-002759,CSE-TELECOM-002,CSE-TELECOM-002-USR-04,alert,ALRT-002759,analyst
L-ALRT-002760,CSE-FINANCE-002,CSE-FINANCE-002-USR-05,alert,ALRT-002760,analyst
L-ALRT-002761,CSE-POWER-001,CSE-POWER-001-USR-01,alert,ALRT-002761,analyst
L-ALRT-002762,CSE-TELECOM-001,CSE-TELECOM-001-USR-02,alert,ALRT-002762,analyst
L-ALRT-002763,CSE-FINANCE-001,CSE-FINANCE-001-USR-03,alert,ALRT-002763,analyst
L-ALRT-002764,CSE-POWER-002,CSE-POWER-002-USR-04,alert,ALRT-002764,analyst
L-ALRT-002765,CSE-TELECOM-002,CSE-TELECOM-002-USR-05,alert,ALRT-002765,analyst
L-ALRT-002766,CSE-FINANCE-002,CSE-FINANCE-002-USR-01,alert,ALRT-002766,analyst
L-ALRT-002767,CSE-POWER-001,CSE-POWER-001-USR-02,alert,ALRT-002767,analyst
L-ALRT-002768,CSE-TELECOM-001,CSE-TELECOM-001-USR-03,alert,ALRT-002768,analyst
L-ALRT-002769,CSE-FINANCE-001,CSE-FINANCE-001-USR-04,alert,ALRT-002769,analyst
L-ALRT-002770,CSE-POWER-002,CSE-POWER-002-USR-05,alert,ALRT-002770,analyst
L-ALRT-002771,CSE-TELECOM-002,CSE-TELECOM-002-USR-01,alert,ALRT-002771,analyst
L-ALRT-002772,CSE-FINANCE-002,CSE-FINANCE-002-USR-02,alert,ALRT-002772,analyst
L-ALRT-002773,CSE-POWER-001,CSE-POWER-001-USR-03,alert,ALRT-002773,analyst
L-ALRT-002774,CSE-TELECOM-001,CSE-TELECOM-001-USR-04,alert,ALRT-002774,analyst
L-ALRT-002775,CSE-FINANCE-001,CSE-FINANCE-001-USR-05,alert,ALRT-002775,analyst
L-ALRT-002776,CSE-POWER-002,CSE-POWER-002-USR-01,alert,ALRT-002776,analyst
L-ALRT-002777,CSE-TELECOM-002,CSE-TELECOM-002-USR-02,alert,ALRT-002777,analyst
L-ALRT-002778,CSE-FINANCE-002,CSE-FINANCE-002-USR-03,alert,ALRT-002778,analyst
L-ALRT-002779,CSE-POWER-001,CSE-POWER-001-USR-04,alert,ALRT-002779,analyst
L-ALRT-002780,CSE-TELECOM-001,CSE-TELECOM-001-USR-05,alert,ALRT-002780,analyst
L-ALRT-002781,CSE-FINANCE-001,CSE-FINANCE-001-USR-01,alert,ALRT-002781,analyst
L-ALRT-002782,CSE-POWER-002,CSE-POWER-002-USR-02,alert,ALRT-002782,analyst
L-ALRT-002783,CSE-TELECOM-002,CSE-TELECOM-002-USR-03,alert,ALRT-002783,analyst
L-ALRT-002784,CSE-FINANCE-002,CSE-FINANCE-002-USR-04,alert,ALRT-002784,analyst
L-ALRT-002785,CSE-POWER-001,CSE-POWER-001-USR-05,alert,ALRT-002785,analyst
L-ALRT-002786,CSE-TELECOM-001,CSE-TELECOM-001-USR-01,alert,ALRT-002786,analyst
L-ALRT-002787,CSE-FINANCE-001,CSE-FINANCE-001-USR-02,alert,ALRT-002787,analyst
L-ALRT-002788,CSE-POWER-002,CSE-POWER-002-USR-03,alert,ALRT-002788,analyst
L-ALRT-002789,CSE-TELECOM-002,CSE-TELECOM-002-USR-04,alert,ALRT-002789,analyst
L-ALRT-002790,CSE-FINANCE-002,CSE-FINANCE-002-USR-05,alert,ALRT-002790,analyst
L-ALRT-002791,CSE-POWER-001,CSE-POWER-001-USR-01,alert,ALRT-002791,analyst
L-ALRT-002792,CSE-TELECOM-001,CSE-TELECOM-001-USR-02,alert,ALRT-002792,analyst
L-ALRT-002793,CSE-FINANCE-001,CSE-FINANCE-001-USR-03,alert,ALRT-002793,analyst
L-ALRT-002794,CSE-POWER-002,CSE-POWER-002-USR-04,alert,ALRT-002794,analyst
L-ALRT-002795,CSE-TELECOM-002,CSE-TELECOM-002-USR-05,alert,ALRT-002795,analyst
L-ALRT-002796,CSE-FINANCE-002,CSE-FINANCE-002-USR-01,alert,ALRT-002796,analyst
L-ALRT-002797,CSE-POWER-001,CSE-POWER-001-USR-02,alert,ALRT-002797,analyst
L-ALRT-002798,CSE-TELECOM-001,CSE-TELECOM-001-USR-03,alert,ALRT-002798,analyst
L-ALRT-002799,CSE-FINANCE-001,CSE-FINANCE-001-USR-04,alert,ALRT-002799,analyst
L-ALRT-002800,CSE-POWER-002,CSE-POWER-002-USR-05,alert,ALRT-002800,analyst
L-ALRT-002801,CSE-TELECOM-002,CSE-TELECOM-002-USR-01,alert,ALRT-002801,analyst
L-ALRT-002802,CSE-FINANCE-002,CSE-FINANCE-002-USR-02,alert,ALRT-002802,analyst
L-ALRT-002803,CSE-POWER-001,CSE-POWER-001-USR-03,alert,ALRT-002803,analyst
L-ALRT-002804,CSE-TELECOM-001,CSE-TELECOM-001-USR-04,alert,ALRT-002804,analyst
L-ALRT-002805,CSE-FINANCE-001,CSE-FINANCE-001-USR-05,alert,ALRT-002805,analyst
L-ALRT-002806,CSE-POWER-002,CSE-POWER-002-USR-01,alert,ALRT-002806,analyst
L-ALRT-002807,CSE-TELECOM-002,CSE-TELECOM-002-USR-02,alert,ALRT-002807,analyst
L-ALRT-002808,CSE-FINANCE-002,CSE-FINANCE-002-USR-03,alert,ALRT-002808,analyst
L-ALRT-002809,CSE-POWER-001,CSE-POWER-001-USR-04,alert,ALRT-002809,analyst
L-ALRT-002810,CSE-TELECOM-001,CSE-TELECOM-001-USR-05,alert,ALRT-002810,analyst
L-ALRT-002811,CSE-FINANCE-001,CSE-FINANCE-001-USR-01,alert,ALRT-002811,analyst
L-ALRT-002812,CSE-POWER-002,CSE-POWER-002-USR-02,alert,ALRT-002812,analyst
L-ALRT-002813,CSE-TELECOM-002,CSE-TELECOM-002-USR-03,alert,ALRT-002813,analyst
L-ALRT-002814,CSE-FINANCE-002,CSE-FINANCE-002-USR-04,alert,ALRT-002814,analyst
L-ALRT-002815,CSE-POWER-001,CSE-POWER-001-USR-05,alert,ALRT-002815,analyst
L-ALRT-002816,CSE-TELECOM-001,CSE-TELECOM-001-USR-01,alert,ALRT-002816,analyst
L-ALRT-002817,CSE-FINANCE-001,CSE-FINANCE-001-USR-02,alert,ALRT-002817,analyst
L-ALRT-002818,CSE-POWER-002,CSE-POWER-002-USR-03,alert,ALRT-002818,analyst
L-ALRT-002819,CSE-TELECOM-002,CSE-TELECOM-002-USR-04,alert,ALRT-002819,analyst
L-ALRT-002820,CSE-FINANCE-002,CSE-FINANCE-002-USR-05,alert,ALRT-002820,analyst
L-ALRT-002821,CSE-POWER-001,CSE-POWER-001-USR-01,alert,ALRT-002821,analyst
L-ALRT-002822,CSE-TELECOM-001,CSE-TELECOM-001-USR-02,alert,ALRT-002822,analyst
L-ALRT-002823,CSE-FINANCE-001,CSE-FINANCE-001-USR-03,alert,ALRT-002823,analyst
L-ALRT-002824,CSE-POWER-002,CSE-POWER-002-USR-04,alert,ALRT-002824,analyst
L-ALRT-002825,CSE-TELECOM-002,CSE-TELECOM-002-USR-05,alert,ALRT-002825,analyst
L-ALRT-002826,CSE-FINANCE-002,CSE-FINANCE-002-USR-01,alert,ALRT-002826,analyst
L-ALRT-002827,CSE-POWER-001,CSE-POWER-001-USR-02,alert,ALRT-002827,analyst
L-ALRT-002828,CSE-TELECOM-001,CSE-TELECOM-001-USR-03,alert,ALRT-002828,analyst
L-ALRT-002829,CSE-FINANCE-001,CSE-FINANCE-001-USR-04,alert,ALRT-002829,analyst
L-ALRT-002830,CSE-POWER-002,CSE-POWER-002-USR-05,alert,ALRT-002830,analyst
L-ALRT-002831,CSE-TELECOM-002,CSE-TELECOM-002-USR-01,alert,ALRT-002831,analyst
L-ALRT-002832,CSE-FINANCE-002,CSE-FINANCE-002-USR-02,alert,ALRT-002832,analyst
L-ALRT-002833,CSE-POWER-001,CSE-POWER-001-USR-03,alert,ALRT-002833,analyst
L-ALRT-002834,CSE-TELECOM-001,CSE-TELECOM-001-USR-04,alert,ALRT-002834,analyst
L-ALRT-002835,CSE-FINANCE-001,CSE-FINANCE-001-USR-05,alert,ALRT-002835,analyst
L-ALRT-002836,CSE-POWER-002,CSE-POWER-002-USR-01,alert,ALRT-002836,analyst
L-ALRT-002837,CSE-TELECOM-002,CSE-TELECOM-002-USR-02,alert,ALRT-002837,analyst
L-ALRT-002838,CSE-FINANCE-002,CSE-FINANCE-002-USR-03,alert,ALRT-002838,analyst
L-ALRT-002839,CSE-POWER-001,CSE-POWER-001-USR-04,alert,ALRT-002839,analyst
L-ALRT-002840,CSE-TELECOM-001,CSE-TELECOM-001-USR-05,alert,ALRT-002840,analyst
L-ALRT-002841,CSE-FINANCE-001,CSE-FINANCE-001-USR-01,alert,ALRT-002841,analyst
L-ALRT-002842,CSE-POWER-002,CSE-POWER-002-USR-02,alert,ALRT-002842,analyst
L-ALRT-002843,CSE-TELECOM-002,CSE-TELECOM-002-USR-03,alert,ALRT-002843,analyst
L-ALRT-002844,CSE-FINANCE-002,CSE-FINANCE-002-USR-04,alert,ALRT-002844,analyst
L-ALRT-002845,CSE-POWER-001,CSE-POWER-001-USR-05,alert,ALRT-002845,analyst
L-ALRT-002846,CSE-TELECOM-001,CSE-TELECOM-001-USR-01,alert,ALRT-002846,analyst
L-ALRT-002847,CSE-FINANCE-001,CSE-FINANCE-001-USR-02,alert,ALRT-002847,analyst
L-ALRT-002848,CSE-POWER-002,CSE-POWER-002-USR-03,alert,ALRT-002848,analyst
L-ALRT-002849,CSE-TELECOM-002,CSE-TELECOM-002-USR-04,alert,ALRT-002849,analyst
L-ALRT-002850,CSE-FINANCE-002,CSE-FINANCE-002-USR-05,alert,ALRT-002850,analyst
L-ALRT-002851,CSE-POWER-001,CSE-POWER-001-USR-01,alert,ALRT-002851,analyst
L-ALRT-002852,CSE-TELECOM-001,CSE-TELECOM-001-USR-02,alert,ALRT-002852,analyst
L-ALRT-002853,CSE-FINANCE-001,CSE-FINANCE-001-USR-03,alert,ALRT-002853,analyst
L-ALRT-002854,CSE-POWER-002,CSE-POWER-002-USR-04,alert,ALRT-002854,analyst
L-ALRT-002855,CSE-TELECOM-002,CSE-TELECOM-002-USR-05,alert,ALRT-002855,analyst
L-ALRT-002856,CSE-FINANCE-002,CSE-FINANCE-002-USR-01,alert,ALRT-002856,analyst
L-ALRT-002857,CSE-POWER-001,CSE-POWER-001-USR-02,alert,ALRT-002857,analyst
L-ALRT-002858,CSE-TELECOM-001,CSE-TELECOM-001-USR-03,alert,ALRT-002858,analyst
L-ALRT-002859,CSE-FINANCE-001,CSE-FINANCE-001-USR-04,alert,ALRT-002859,analyst
L-ALRT-002860,CSE-POWER-002,CSE-POWER-002-USR-05,alert,ALRT-002860,analyst
L-ALRT-002861,CSE-TELECOM-002,CSE-TELECOM-002-USR-01,alert,ALRT-002861,analyst
L-ALRT-002862,CSE-FINANCE-002,CSE-FINANCE-002-USR-02,alert,ALRT-002862,analyst
L-ALRT-002863,CSE-POWER-001,CSE-POWER-001-USR-03,alert,ALRT-002863,analyst
L-ALRT-002864,CSE-TELECOM-001,CSE-TELECOM-001-USR-04,alert,ALRT-002864,analyst
L-ALRT-002865,CSE-FINANCE-001,CSE-FINANCE-001-USR-05,alert,ALRT-002865,analyst
L-ALRT-002866,CSE-POWER-002,CSE-POWER-002-USR-01,alert,ALRT-002866,analyst
L-ALRT-002867,CSE-TELECOM-002,CSE-TELECOM-002-USR-02,alert,ALRT-002867,analyst
L-ALRT-002868,CSE-FINANCE-002,CSE-FINANCE-002-USR-03,alert,ALRT-002868,analyst
L-ALRT-002869,CSE-POWER-001,CSE-POWER-001-USR-04,alert,ALRT-002869,analyst
L-ALRT-002870,CSE-TELECOM-001,CSE-TELECOM-001-USR-05,alert,ALRT-002870,analyst
L-ALRT-002871,CSE-FINANCE-001,CSE-FINANCE-001-USR-01,alert,ALRT-002871,analyst
L-ALRT-002872,CSE-POWER-002,CSE-POWER-002-USR-02,alert,ALRT-002872,analyst
L-ALRT-002873,CSE-TELECOM-002,CSE-TELECOM-002-USR-03,alert,ALRT-002873,analyst
L-ALRT-002874,CSE-FINANCE-002,CSE-FINANCE-002-USR-04,alert,ALRT-002874,analyst
L-ALRT-002875,CSE-POWER-001,CSE-POWER-001-USR-05,alert,ALRT-002875,analyst
L-ALRT-002876,CSE-TELECOM-001,CSE-TELECOM-001-USR-01,alert,ALRT-002876,analyst
L-ALRT-002877,CSE-FINANCE-001,CSE-FINANCE-001-USR-02,alert,ALRT-002877,analyst
L-ALRT-002878,CSE-POWER-002,CSE-POWER-002-USR-03,alert,ALRT-002878,analyst
L-ALRT-002879,CSE-TELECOM-002,CSE-TELECOM-002-USR-04,alert,ALRT-002879,analyst
L-ALRT-002880,CSE-FINANCE-002,CSE-FINANCE-002-USR-05,alert,ALRT-002880,analyst
L-ALRT-002881,CSE-POWER-001,CSE-POWER-001-USR-01,alert,ALRT-002881,analyst
L-ALRT-002882,CSE-TELECOM-001,CSE-TELECOM-001-USR-02,alert,ALRT-002882,analyst
L-ALRT-002883,CSE-FINANCE-001,CSE-FINANCE-001-USR-03,alert,ALRT-002883,analyst
L-ALRT-002884,CSE-POWER-002,CSE-POWER-002-USR-04,alert,ALRT-002884,analyst
L-ALRT-002885,CSE-TELECOM-002,CSE-TELECOM-002-USR-05,alert,ALRT-002885,analyst
L-ALRT-002886,CSE-FINANCE-002,CSE-FINANCE-002-USR-01,alert,ALRT-002886,analyst
L-ALRT-002887,CSE-POWER-001,CSE-POWER-001-USR-02,alert,ALRT-002887,analyst
L-ALRT-002888,CSE-TELECOM-001,CSE-TELECOM-001-USR-03,alert,ALRT-002888,analyst
L-ALRT-002889,CSE-FINANCE-001,CSE-FINANCE-001-USR-04,alert,ALRT-002889,analyst
L-ALRT-002890,CSE-POWER-002,CSE-POWER-002-USR-05,alert,ALRT-002890,analyst
L-ALRT-002891,CSE-TELECOM-002,CSE-TELECOM-002-USR-01,alert,ALRT-002891,analyst
L-ALRT-002892,CSE-FINANCE-002,CSE-FINANCE-002-USR-02,alert,ALRT-002892,analyst
L-ALRT-002893,CSE-POWER-001,CSE-POWER-001-USR-03,alert,ALRT-002893,analyst
L-ALRT-002894,CSE-TELECOM-001,CSE-TELECOM-001-USR-04,alert,ALRT-002894,analyst
L-ALRT-002895,CSE-FINANCE-001,CSE-FINANCE-001-USR-05,alert,ALRT-002895,analyst
L-ALRT-002896,CSE-POWER-002,CSE-POWER-002-USR-01,alert,ALRT-002896,analyst
L-ALRT-002897,CSE-TELECOM-002,CSE-TELECOM-002-USR-02,alert,ALRT-002897,analyst
L-ALRT-002898,CSE-FINANCE-002,CSE-FINANCE-002-USR-03,alert,ALRT-002898,analyst
L-ALRT-002899,CSE-POWER-001,CSE-POWER-001-USR-04,alert,ALRT-002899,analyst
L-ALRT-002900,CSE-TELECOM-001,CSE-TELECOM-001-USR-05,alert,ALRT-002900,analyst
L-ALRT-002901,CSE-FINANCE-001,CSE-FINANCE-001-USR-01,alert,ALRT-002901,analyst
L-ALRT-002902,CSE-POWER-002,CSE-POWER-002-USR-02,alert,ALRT-002902,analyst
L-ALRT-002903,CSE-TELECOM-002,CSE-TELECOM-002-USR-03,alert,ALRT-002903,analyst
L-ALRT-002904,CSE-FINANCE-002,CSE-FINANCE-002-USR-04,alert,ALRT-002904,analyst
L-ALRT-002905,CSE-POWER-001,CSE-POWER-001-USR-05,alert,ALRT-002905,analyst
L-ALRT-002906,CSE-TELECOM-001,CSE-TELECOM-001-USR-01,alert,ALRT-002906,analyst
L-ALRT-002907,CSE-FINANCE-001,CSE-FINANCE-001-USR-02,alert,ALRT-002907,analyst
L-ALRT-002908,CSE-POWER-002,CSE-POWER-002-USR-03,alert,ALRT-002908,analyst
L-ALRT-002909,CSE-TELECOM-002,CSE-TELECOM-002-USR-04,alert,ALRT-002909,analyst
L-ALRT-002910,CSE-FINANCE-002,CSE-FINANCE-002-USR-05,alert,ALRT-002910,analyst
L-ALRT-002911,CSE-POWER-001,CSE-POWER-001-USR-01,alert,ALRT-002911,analyst
L-ALRT-002912,CSE-TELECOM-001,CSE-TELECOM-001-USR-02,alert,ALRT-002912,analyst
L-ALRT-002913,CSE-FINANCE-001,CSE-FINANCE-001-USR-03,alert,ALRT-002913,analyst
L-ALRT-002914,CSE-POWER-002,CSE-POWER-002-USR-04,alert,ALRT-002914,analyst
L-ALRT-002915,CSE-TELECOM-002,CSE-TELECOM-002-USR-05,alert,ALRT-002915,analyst
L-ALRT-002916,CSE-FINANCE-002,CSE-FINANCE-002-USR-01,alert,ALRT-002916,analyst
L-ALRT-002917,CSE-POWER-001,CSE-POWER-001-USR-02,alert,ALRT-002917,analyst
L-ALRT-002918,CSE-TELECOM-001,CSE-TELECOM-001-USR-03,alert,ALRT-002918,analyst
L-ALRT-002919,CSE-FINANCE-001,CSE-FINANCE-001-USR-04,alert,ALRT-002919,analyst
L-ALRT-002920,CSE-POWER-002,CSE-POWER-002-USR-05,alert,ALRT-002920,analyst
L-ALRT-002921,CSE-TELECOM-002,CSE-TELECOM-002-USR-01,alert,ALRT-002921,analyst
L-ALRT-002922,CSE-FINANCE-002,CSE-FINANCE-002-USR-02,alert,ALRT-002922,analyst
L-ALRT-002923,CSE-POWER-001,CSE-POWER-001-USR-03,alert,ALRT-002923,analyst
L-ALRT-002924,CSE-TELECOM-001,CSE-TELECOM-001-USR-04,alert,ALRT-002924,analyst
L-ALRT-002925,CSE-FINANCE-001,CSE-FINANCE-001-USR-05,alert,ALRT-002925,analyst
L-ALRT-002926,CSE-POWER-002,CSE-POWER-002-USR-01,alert,ALRT-002926,analyst
L-ALRT-002927,CSE-TELECOM-002,CSE-TELECOM-002-USR-02,alert,ALRT-002927,analyst
L-ALRT-002928,CSE-FINANCE-002,CSE-FINANCE-002-USR-03,alert,ALRT-002928,analyst
L-ALRT-002929,CSE-POWER-001,CSE-POWER-001-USR-04,alert,ALRT-002929,analyst
L-ALRT-002930,CSE-TELECOM-001,CSE-TELECOM-001-USR-05,alert,ALRT-002930,analyst
L-ALRT-002931,CSE-FINANCE-001,CSE-FINANCE-001-USR-01,alert,ALRT-002931,analyst
L-ALRT-002932,CSE-POWER-002,CSE-POWER-002-USR-02,alert,ALRT-002932,analyst
L-ALRT-002933,CSE-TELECOM-002,CSE-TELECOM-002-USR-03,alert,ALRT-002933,analyst
L-ALRT-002934,CSE-FINANCE-002,CSE-FINANCE-002-USR-04,alert,ALRT-002934,analyst
L-ALRT-002935,CSE-POWER-001,CSE-POWER-001-USR-05,alert,ALRT-002935,analyst
L-ALRT-002936,CSE-TELECOM-001,CSE-TELECOM-001-USR-01,alert,ALRT-002936,analyst
L-ALRT-002937,CSE-FINANCE-001,CSE-FINANCE-001-USR-02,alert,ALRT-002937,analyst
L-ALRT-002938,CSE-POWER-002,CSE-POWER-002-USR-03,alert,ALRT-002938,analyst
L-ALRT-002939,CSE-TELECOM-002,CSE-TELECOM-002-USR-04,alert,ALRT-002939,analyst
L-ALRT-002940,CSE-FINANCE-002,CSE-FINANCE-002-USR-05,alert,ALRT-002940,analyst
L-ALRT-002941,CSE-POWER-001,CSE-POWER-001-USR-01,alert,ALRT-002941,analyst
L-ALRT-002942,CSE-TELECOM-001,CSE-TELECOM-001-USR-02,alert,ALRT-002942,analyst
L-ALRT-002943,CSE-FINANCE-001,CSE-FINANCE-001-USR-03,alert,ALRT-002943,analyst
L-ALRT-002944,CSE-POWER-002,CSE-POWER-002-USR-04,alert,ALRT-002944,analyst
L-ALRT-002945,CSE-TELECOM-002,CSE-TELECOM-002-USR-05,alert,ALRT-002945,analyst
L-ALRT-002946,CSE-FINANCE-002,CSE-FINANCE-002-USR-01,alert,ALRT-002946,analyst
L-ALRT-002947,CSE-POWER-001,CSE-POWER-001-USR-02,alert,ALRT-002947,analyst
L-ALRT-002948,CSE-TELECOM-001,CSE-TELECOM-001-USR-03,alert,ALRT-002948,analyst
L-ALRT-002949,CSE-FINANCE-001,CSE-FINANCE-001-USR-04,alert,ALRT-002949,analyst
L-ALRT-002950,CSE-POWER-002,CSE-POWER-002-USR-05,alert,ALRT-002950,analyst
L-ALRT-002951,CSE-TELECOM-002,CSE-TELECOM-002-USR-01,alert,ALRT-002951,analyst
L-ALRT-002952,CSE-FINANCE-002,CSE-FINANCE-002-USR-02,alert,ALRT-002952,analyst
L-ALRT-002953,CSE-POWER-001,CSE-POWER-001-USR-03,alert,ALRT-002953,analyst
L-ALRT-002954,CSE-TELECOM-001,CSE-TELECOM-001-USR-04,alert,ALRT-002954,analyst
L-ALRT-002955,CSE-FINANCE-001,CSE-FINANCE-001-USR-05,alert,ALRT-002955,analyst
L-ALRT-002956,CSE-POWER-002,CSE-POWER-002-USR-01,alert,ALRT-002956,analyst
L-ALRT-002957,CSE-TELECOM-002,CSE-TELECOM-002-USR-02,alert,ALRT-002957,analyst
L-ALRT-002958,CSE-FINANCE-002,CSE-FINANCE-002-USR-03,alert,ALRT-002958,analyst
L-ALRT-002959,CSE-POWER-001,CSE-POWER-001-USR-04,alert,ALRT-002959,analyst
L-ALRT-002960,CSE-TELECOM-001,CSE-TELECOM-001-USR-05,alert,ALRT-002960,analyst
L-ALRT-002961,CSE-FINANCE-001,CSE-FINANCE-001-USR-01,alert,ALRT-002961,analyst
L-ALRT-002962,CSE-POWER-002,CSE-POWER-002-USR-02,alert,ALRT-002962,analyst
L-ALRT-002963,CSE-TELECOM-002,CSE-TELECOM-002-USR-03,alert,ALRT-002963,analyst
L-ALRT-002964,CSE-FINANCE-002,CSE-FINANCE-002-USR-04,alert,ALRT-002964,analyst
L-ALRT-002965,CSE-POWER-001,CSE-POWER-001-USR-05,alert,ALRT-002965,analyst
L-ALRT-002966,CSE-TELECOM-001,CSE-TELECOM-001-USR-01,alert,ALRT-002966,analyst
L-ALRT-002967,CSE-FINANCE-001,CSE-FINANCE-001-USR-02,alert,ALRT-002967,analyst
L-ALRT-002968,CSE-POWER-002,CSE-POWER-002-USR-03,alert,ALRT-002968,analyst
L-ALRT-002969,CSE-TELECOM-002,CSE-TELECOM-002-USR-04,alert,ALRT-002969,analyst
L-ALRT-002970,CSE-FINANCE-002,CSE-FINANCE-002-USR-05,alert,ALRT-002970,analyst
L-ALRT-002971,CSE-POWER-001,CSE-POWER-001-USR-01,alert,ALRT-002971,analyst
L-ALRT-002972,CSE-TELECOM-001,CSE-TELECOM-001-USR-02,alert,ALRT-002972,analyst
L-ALRT-002973,CSE-FINANCE-001,CSE-FINANCE-001-USR-03,alert,ALRT-002973,analyst
L-ALRT-002974,CSE-POWER-002,CSE-POWER-002-USR-04,alert,ALRT-002974,analyst
L-ALRT-002975,CSE-TELECOM-002,CSE-TELECOM-002-USR-05,alert,ALRT-002975,analyst
L-ALRT-002976,CSE-FINANCE-002,CSE-FINANCE-002-USR-01,alert,ALRT-002976,analyst
L-ALRT-002977,CSE-POWER-001,CSE-POWER-001-USR-02,alert,ALRT-002977,analyst
L-ALRT-002978,CSE-TELECOM-001,CSE-TELECOM-001-USR-03,alert,ALRT-002978,analyst
L-ALRT-002979,CSE-FINANCE-001,CSE-FINANCE-001-USR-04,alert,ALRT-002979,analyst
L-ALRT-002980,CSE-POWER-002,CSE-POWER-002-USR-05,alert,ALRT-002980,analyst
L-ALRT-002981,CSE-TELECOM-002,CSE-TELECOM-002-USR-01,alert,ALRT-002981,analyst
L-ALRT-002982,CSE-FINANCE-002,CSE-FINANCE-002-USR-02,alert,ALRT-002982,analyst
L-ALRT-002983,CSE-POWER-001,CSE-POWER-001-USR-03,alert,ALRT-002983,analyst
L-ALRT-002984,CSE-TELECOM-001,CSE-TELECOM-001-USR-04,alert,ALRT-002984,analyst
L-ALRT-002985,CSE-FINANCE-001,CSE-FINANCE-001-USR-05,alert,ALRT-002985,analyst
L-ALRT-002986,CSE-POWER-002,CSE-POWER-002-USR-01,alert,ALRT-002986,analyst
L-ALRT-002987,CSE-TELECOM-002,CSE-TELECOM-002-USR-02,alert,ALRT-002987,analyst
L-ALRT-002988,CSE-FINANCE-002,CSE-FINANCE-002-USR-03,alert,ALRT-002988,analyst
L-ALRT-002989,CSE-POWER-001,CSE-POWER-001-USR-04,alert,ALRT-002989,analyst
L-ALRT-002990,CSE-TELECOM-001,CSE-TELECOM-001-USR-05,alert,ALRT-002990,analyst
L-ALRT-002991,CSE-FINANCE-001,CSE-FINANCE-001-USR-01,alert,ALRT-002991,analyst
L-ALRT-002992,CSE-POWER-002,CSE-POWER-002-USR-02,alert,ALRT-002992,analyst
L-ALRT-002993,CSE-TELECOM-002,CSE-TELECOM-002-USR-03,alert,ALRT-002993,analyst
L-ALRT-002994,CSE-FINANCE-002,CSE-FINANCE-002-USR-04,alert,ALRT-002994,analyst
L-ALRT-002995,CSE-POWER-001,CSE-POWER-001-USR-05,alert,ALRT-002995,analyst
L-ALRT-002996,CSE-TELECOM-001,CSE-TELECOM-001-USR-01,alert,ALRT-002996,analyst
L-ALRT-002997,CSE-FINANCE-001,CSE-FINANCE-001-USR-02,alert,ALRT-002997,analyst
L-ALRT-002998,CSE-POWER-002,CSE-POWER-002-USR-03,alert,ALRT-002998,analyst
L-ALRT-002999,CSE-TELECOM-002,CSE-TELECOM-002-USR-04,alert,ALRT-002999,analyst
L-ALRT-003000,CSE-FINANCE-002,CSE-FINANCE-002-USR-05,alert,ALRT-003000,analyst
L-CASE-DEMO-0001,CSE-POWER-001,CSE-POWER-001-USR-01,case,CASE-DEMO-0001,handler
L-CASE-DEMO-0002,CSE-FINANCE-002,CSE-FINANCE-002-USR-01,case,CASE-DEMO-0002,handler
L-CASE-DEMO-0003,CSE-TELECOM-002,CSE-TELECOM-002-USR-01,case,CASE-DEMO-0003,handler
L-CASE-DEMO-0004,CSE-POWER-002,CSE-POWER-002-USR-01,case,CASE-DEMO-0004,handler
L-CASE-DEMO-0005,CSE-FINANCE-001,CSE-FINANCE-001-USR-01,case,CASE-DEMO-0005,handler
L-CASE-DEMO-0006,CSE-TELECOM-001,CSE-TELECOM-001-USR-01,case,CASE-DEMO-0006,handler
L-CASE-DEMO-0007,CSE-POWER-001,CSE-POWER-001-USR-01,case,CASE-DEMO-0007,handler
L-CASE-DEMO-0008,CSE-FINANCE-002,CSE-FINANCE-002-USR-01,case,CASE-DEMO-0008,handler
L-CASE-DEMO-0009,CSE-TELECOM-002,CSE-TELECOM-002-USR-01,case,CASE-DEMO-0009,handler
L-CASE-DEMO-0010,CSE-POWER-002,CSE-POWER-002-USR-01,case,CASE-DEMO-0010,handler
L-CASE-DEMO-0011,CSE-FINANCE-001,CSE-FINANCE-001-USR-01,case,CASE-DEMO-0011,handler
L-CASE-DEMO-0012,CSE-TELECOM-001,CSE-TELECOM-001-USR-01,case,CASE-DEMO-0012,handler
L-CASE-DEMO-0013,CSE-POWER-001,CSE-POWER-001-USR-01,case,CASE-DEMO-0013,handler
L-CASE-DEMO-0014,CSE-FINANCE-002,CSE-FINANCE-002-USR-01,case,CASE-DEMO-0014,handler
L-CASE-DEMO-0015,CSE-TELECOM-002,CSE-TELECOM-002-USR-01,case,CASE-DEMO-0015,handler
L-CASE-DEMO-0016,CSE-POWER-002,CSE-POWER-002-USR-01,case,CASE-DEMO-0016,handler
L-CASE-DEMO-0017,CSE-FINANCE-001,CSE-FINANCE-001-USR-01,case,CASE-DEMO-0017,handler
L-CASE-DEMO-0018,CSE-TELECOM-001,CSE-TELECOM-001-USR-01,case,CASE-DEMO-0018,handler
L-CASE-DEMO-0019,CSE-POWER-001,CSE-POWER-001-USR-01,case,CASE-DEMO-0019,handler
L-CASE-DEMO-0020,CSE-FINANCE-002,CSE-FINANCE-002-USR-01,case,CASE-DEMO-0020,handler
L-CASE-DEMO-0021,CSE-TELECOM-002,CSE-TELECOM-002-USR-01,case,CASE-DEMO-0021,handler
L-CASE-DEMO-0022,CSE-POWER-002,CSE-POWER-002-USR-01,case,CASE-DEMO-0022,handler
L-CASE-DEMO-0023,CSE-FINANCE-001,CSE-FINANCE-001-USR-01,case,CASE-DEMO-0023,handler
L-CASE-DEMO-0024,CSE-TELECOM-001,CSE-TELECOM-001-USR-01,case,CASE-DEMO-0024,handler
L-CASE-DEMO-0025,CSE-POWER-001,CSE-POWER-001-USR-01,case,CASE-DEMO-0025,handler
L-CASE-DEMO-0026,CSE-FINANCE-002,CSE-FINANCE-002-USR-01,case,CASE-DEMO-0026,handler
L-CASE-DEMO-0027,CSE-TELECOM-002,CSE-TELECOM-002-USR-01,case,CASE-DEMO-0027,handler
L-CASE-DEMO-0028,CSE-POWER-002,CSE-POWER-002-USR-01,case,CASE-DEMO-0028,handler
L-CASE-DEMO-0029,CSE-FINANCE-001,CSE-FINANCE-001-USR-01,case,CASE-DEMO-0029,handler
L-CASE-DEMO-0030,CSE-TELECOM-001,CSE-TELECOM-001-USR-01,case,CASE-DEMO-0030,handler
L-CASE-DEMO-0031,CSE-POWER-001,CSE-POWER-001-USR-01,case,CASE-DEMO-0031,handler
L-CASE-DEMO-0032,CSE-FINANCE-002,CSE-FINANCE-002-USR-01,case,CASE-DEMO-0032,handler
L-CASE-DEMO-0033,CSE-TELECOM-002,CSE-TELECOM-002-USR-01,case,CASE-DEMO-0033,handler
L-CASE-DEMO-0034,CSE-POWER-002,CSE-POWER-002-USR-01,case,CASE-DEMO-0034,handler
L-CASE-DEMO-0035,CSE-FINANCE-001,CSE-FINANCE-001-USR-01,case,CASE-DEMO-0035,handler
L-CASE-DEMO-0036,CSE-TELECOM-001,CSE-TELECOM-001-USR-01,case,CASE-DEMO-0036,handler
L-CASE-DEMO-0037,CSE-POWER-001,CSE-POWER-001-USR-01,case,CASE-DEMO-0037,handler
L-CASE-DEMO-0038,CSE-FINANCE-002,CSE-FINANCE-002-USR-01,case,CASE-DEMO-0038,handler
L-CASE-DEMO-0039,CSE-TELECOM-002,CSE-TELECOM-002-USR-01,case,CASE-DEMO-0039,handler
L-CASE-DEMO-0040,CSE-POWER-002,CSE-POWER-002-USR-01,case,CASE-DEMO-0040,handler
L-CASE-DEMO-0041,CSE-FINANCE-001,CSE-FINANCE-001-USR-01,case,CASE-DEMO-0041,handler
L-CASE-DEMO-0042,CSE-TELECOM-001,CSE-TELECOM-001-USR-01,case,CASE-DEMO-0042,handler
L-CASE-DEMO-0043,CSE-POWER-001,CSE-POWER-001-USR-01,case,CASE-DEMO-0043,handler
L-CASE-DEMO-0044,CSE-FINANCE-002,CSE-FINANCE-002-USR-01,case,CASE-DEMO-0044,handler
L-CASE-DEMO-0045,CSE-TELECOM-002,CSE-TELECOM-002-USR-01,case,CASE-DEMO-0045,handler
L-CASE-DEMO-0046,CSE-POWER-002,CSE-POWER-002-USR-01,case,CASE-DEMO-0046,handler
L-CASE-DEMO-0047,CSE-FINANCE-001,CSE-FINANCE-001-USR-01,case,CASE-DEMO-0047,handler
L-CASE-DEMO-0048,CSE-TELECOM-001,CSE-TELECOM-001-USR-01,case,CASE-DEMO-0048,handler
L-CASE-DEMO-0049,CSE-POWER-001,CSE-POWER-001-USR-01,case,CASE-DEMO-0049,handler
L-CASE-DEMO-0050,CSE-FINANCE-002,CSE-FINANCE-002-USR-01,case,CASE-DEMO-0050,handler
L-CASE-DEMO-0051,CSE-TELECOM-002,CSE-TELECOM-002-USR-01,case,CASE-DEMO-0051,handler
L-CASE-DEMO-0052,CSE-POWER-002,CSE-POWER-002-USR-01,case,CASE-DEMO-0052,handler
L-CASE-DEMO-0053,CSE-FINANCE-001,CSE-FINANCE-001-USR-01,case,CASE-DEMO-0053,handler
L-CASE-DEMO-0054,CSE-TELECOM-001,CSE-TELECOM-001-USR-01,case,CASE-DEMO-0054,handler
L-CASE-DEMO-0055,CSE-POWER-001,CSE-POWER-001-USR-01,case,CASE-DEMO-0055,handler
L-CASE-DEMO-0056,CSE-FINANCE-002,CSE-FINANCE-002-USR-01,case,CASE-DEMO-0056,handler
L-CASE-DEMO-0057,CSE-TELECOM-002,CSE-TELECOM-002-USR-01,case,CASE-DEMO-0057,handler
L-CASE-DEMO-0058,CSE-POWER-002,CSE-POWER-002-USR-01,case,CASE-DEMO-0058,handler
L-CASE-DEMO-0059,CSE-FINANCE-001,CSE-FINANCE-001-USR-01,case,CASE-DEMO-0059,handler
L-CASE-DEMO-0060,CSE-TELECOM-001,CSE-TELECOM-001-USR-01,case,CASE-DEMO-0060,handler
L-CASE-DEMO-0061,CSE-POWER-001,CSE-POWER-001-USR-01,case,CASE-DEMO-0061,handler
L-CASE-DEMO-0062,CSE-FINANCE-002,CSE-FINANCE-002-USR-01,case,CASE-DEMO-0062,handler
L-CASE-DEMO-0063,CSE-TELECOM-002,CSE-TELECOM-002-USR-01,case,CASE-DEMO-0063,handler
L-CASE-DEMO-0064,CSE-POWER-002,CSE-POWER-002-USR-01,case,CASE-DEMO-0064,handler
L-CASE-DEMO-0065,CSE-FINANCE-001,CSE-FINANCE-001-USR-01,case,CASE-DEMO-0065,handler
L-CASE-DEMO-0066,CSE-TELECOM-001,CSE-TELECOM-001-USR-01,case,CASE-DEMO-0066,handler
L-CASE-DEMO-0067,CSE-POWER-001,CSE-POWER-001-USR-01,case,CASE-DEMO-0067,handler
L-CASE-DEMO-0068,CSE-FINANCE-002,CSE-FINANCE-002-USR-01,case,CASE-DEMO-0068,handler
L-CASE-DEMO-0069,CSE-TELECOM-002,CSE-TELECOM-002-USR-01,case,CASE-DEMO-0069,handler
L-CASE-DEMO-0070,CSE-POWER-002,CSE-POWER-002-USR-01,case,CASE-DEMO-0070,handler
L-CASE-DEMO-0071,CSE-FINANCE-001,CSE-FINANCE-001-USR-01,case,CASE-DEMO-0071,handler
L-CASE-DEMO-0072,CSE-TELECOM-001,CSE-TELECOM-001-USR-01,case,CASE-DEMO-0072,handler
L-CASE-DEMO-0073,CSE-POWER-001,CSE-POWER-001-USR-01,case,CASE-DEMO-0073,handler
L-CASE-DEMO-0074,CSE-FINANCE-002,CSE-FINANCE-002-USR-01,case,CASE-DEMO-0074,handler
L-CASE-DEMO-0075,CSE-TELECOM-002,CSE-TELECOM-002-USR-01,case,CASE-DEMO-0075,handler
L-CASE-DEMO-0076,CSE-POWER-002,CSE-POWER-002-USR-01,case,CASE-DEMO-0076,handler
L-CASE-DEMO-0077,CSE-FINANCE-001,CSE-FINANCE-001-USR-01,case,CASE-DEMO-0077,handler
L-CASE-DEMO-0078,CSE-TELECOM-001,CSE-TELECOM-001-USR-01,case,CASE-DEMO-0078,handler
L-CASE-DEMO-0079,CSE-POWER-001,CSE-POWER-001-USR-01,case,CASE-DEMO-0079,handler
L-CASE-DEMO-0080,CSE-FINANCE-002,CSE-FINANCE-002-USR-01,case,CASE-DEMO-0080,handler
L-CASE-DEMO-0081,CSE-TELECOM-002,CSE-TELECOM-002-USR-01,case,CASE-DEMO-0081,handler
L-CASE-DEMO-0082,CSE-POWER-002,CSE-POWER-002-USR-01,case,CASE-DEMO-0082,handler
L-CASE-DEMO-0083,CSE-FINANCE-001,CSE-FINANCE-001-USR-01,case,CASE-DEMO-0083,handler
L-CASE-DEMO-0084,CSE-TELECOM-001,CSE-TELECOM-001-USR-01,case,CASE-DEMO-0084,handler
L-CASE-DEMO-0085,CSE-POWER-001,CSE-POWER-001-USR-01,case,CASE-DEMO-0085,handler
L-CASE-DEMO-0086,CSE-FINANCE-002,CSE-FINANCE-002-USR-01,case,CASE-DEMO-0086,handler
L-CASE-DEMO-0087,CSE-TELECOM-002,CSE-TELECOM-002-USR-01,case,CASE-DEMO-0087,handler
L-CASE-DEMO-0088,CSE-POWER-002,CSE-POWER-002-USR-01,case,CASE-DEMO-0088,handler
L-CASE-DEMO-0089,CSE-FINANCE-001,CSE-FINANCE-001-USR-01,case,CASE-DEMO-0089,handler
L-CASE-DEMO-0090,CSE-TELECOM-001,CSE-TELECOM-001-USR-01,case,CASE-DEMO-0090,handler
L-CASE-DEMO-0091,CSE-POWER-001,CSE-POWER-001-USR-01,case,CASE-DEMO-0091,handler
L-CASE-DEMO-0092,CSE-FINANCE-002,CSE-FINANCE-002-USR-01,case,CASE-DEMO-0092,handler
L-CASE-DEMO-0093,CSE-TELECOM-002,CSE-TELECOM-002-USR-01,case,CASE-DEMO-0093,handler
L-CASE-DEMO-0094,CSE-POWER-002,CSE-POWER-002-USR-01,case,CASE-DEMO-0094,handler
L-CASE-DEMO-0095,CSE-FINANCE-001,CSE-FINANCE-001-USR-01,case,CASE-DEMO-0095,handler
L-CASE-DEMO-0096,CSE-TELECOM-001,CSE-TELECOM-001-USR-01,case,CASE-DEMO-0096,handler
L-CASE-DEMO-0097,CSE-POWER-001,CSE-POWER-001-USR-01,case,CASE-DEMO-0097,handler
L-CASE-DEMO-0098,CSE-FINANCE-002,CSE-FINANCE-002-USR-01,case,CASE-DEMO-0098,handler
L-CASE-DEMO-0099,CSE-TELECOM-002,CSE-TELECOM-002-USR-01,case,CASE-DEMO-0099,handler
L-CASE-DEMO-0100,CSE-POWER-002,CSE-POWER-002-USR-01,case,CASE-DEMO-0100,handler
L-CASE-DEMO-0101,CSE-FINANCE-001,CSE-FINANCE-001-USR-01,case,CASE-DEMO-0101,handler
L-CASE-DEMO-0102,CSE-TELECOM-001,CSE-TELECOM-001-USR-01,case,CASE-DEMO-0102,handler
L-CASE-DEMO-0103,CSE-POWER-001,CSE-POWER-001-USR-01,case,CASE-DEMO-0103,handler
L-CASE-DEMO-0104,CSE-FINANCE-002,CSE-FINANCE-002-USR-01,case,CASE-DEMO-0104,handler
L-CASE-DEMO-0105,CSE-TELECOM-002,CSE-TELECOM-002-USR-01,case,CASE-DEMO-0105,handler
L-CASE-DEMO-0106,CSE-POWER-002,CSE-POWER-002-USR-01,case,CASE-DEMO-0106,handler
L-CASE-DEMO-0107,CSE-FINANCE-001,CSE-FINANCE-001-USR-01,case,CASE-DEMO-0107,handler
L-CASE-DEMO-0108,CSE-TELECOM-001,CSE-TELECOM-001-USR-01,case,CASE-DEMO-0108,handler
L-CASE-DEMO-0109,CSE-POWER-001,CSE-POWER-001-USR-01,case,CASE-DEMO-0109,handler
L-CASE-DEMO-0110,CSE-FINANCE-002,CSE-FINANCE-002-USR-01,case,CASE-DEMO-0110,handler
L-CASE-DEMO-0111,CSE-TELECOM-002,CSE-TELECOM-002-USR-01,case,CASE-DEMO-0111,handler
L-CASE-DEMO-0112,CSE-POWER-002,CSE-POWER-002-USR-01,case,CASE-DEMO-0112,handler
L-CASE-DEMO-0113,CSE-FINANCE-001,CSE-FINANCE-001-USR-01,case,CASE-DEMO-0113,handler
L-CASE-DEMO-0114,CSE-TELECOM-001,CSE-TELECOM-001-USR-01,case,CASE-DEMO-0114,handler
L-CASE-DEMO-0115,CSE-POWER-001,CSE-POWER-001-USR-01,case,CASE-DEMO-0115,handler
L-CASE-DEMO-0116,CSE-FINANCE-002,CSE-FINANCE-002-USR-01,case,CASE-DEMO-0116,handler
L-CASE-DEMO-0117,CSE-TELECOM-002,CSE-TELECOM-002-USR-01,case,CASE-DEMO-0117,handler
L-CASE-DEMO-0118,CSE-POWER-002,CSE-POWER-002-USR-01,case,CASE-DEMO-0118,handler
L-CASE-DEMO-0119,CSE-FINANCE-001,CSE-FINANCE-001-USR-01,case,CASE-DEMO-0119,handler
L-CASE-DEMO-0120,CSE-TELECOM-001,CSE-TELECOM-001-USR-01,case,CASE-DEMO-0120,handler
L-CASE-DEMO-0121,CSE-POWER-001,CSE-POWER-001-USR-01,case,CASE-DEMO-0121,handler
L-CASE-DEMO-0122,CSE-FINANCE-002,CSE-FINANCE-002-USR-01,case,CASE-DEMO-0122,handler
L-CASE-DEMO-0123,CSE-TELECOM-002,CSE-TELECOM-002-USR-01,case,CASE-DEMO-0123,handler
L-CASE-DEMO-0124,CSE-POWER-002,CSE-POWER-002-USR-01,case,CASE-DEMO-0124,handler
L-CASE-DEMO-0125,CSE-FINANCE-001,CSE-FINANCE-001-USR-01,case,CASE-DEMO-0125,handler
L-CASE-DEMO-0126,CSE-TELECOM-001,CSE-TELECOM-001-USR-01,case,CASE-DEMO-0126,handler
L-CASE-DEMO-0127,CSE-POWER-001,CSE-POWER-001-USR-01,case,CASE-DEMO-0127,handler
L-CASE-DEMO-0128,CSE-FINANCE-002,CSE-FINANCE-002-USR-01,case,CASE-DEMO-0128,handler
L-CASE-DEMO-0129,CSE-TELECOM-002,CSE-TELECOM-002-USR-01,case,CASE-DEMO-0129,handler
L-CASE-DEMO-0130,CSE-POWER-002,CSE-POWER-002-USR-01,case,CASE-DEMO-0130,handler
L-CASE-DEMO-0131,CSE-FINANCE-001,CSE-FINANCE-001-USR-01,case,CASE-DEMO-0131,handler
L-CASE-DEMO-0132,CSE-TELECOM-001,CSE-TELECOM-001-USR-01,case,CASE-DEMO-0132,handler
L-CASE-DEMO-0133,CSE-POWER-001,CSE-POWER-001-USR-01,case,CASE-DEMO-0133,handler
L-CASE-DEMO-0134,CSE-FINANCE-002,CSE-FINANCE-002-USR-01,case,CASE-DEMO-0134,handler
L-CASE-DEMO-0135,CSE-TELECOM-002,CSE-TELECOM-002-USR-01,case,CASE-DEMO-0135,handler
L-CASE-DEMO-0136,CSE-POWER-002,CSE-POWER-002-USR-01,case,CASE-DEMO-0136,handler
L-CASE-DEMO-0137,CSE-FINANCE-001,CSE-FINANCE-001-USR-01,case,CASE-DEMO-0137,handler
L-CASE-DEMO-0138,CSE-TELECOM-001,CSE-TELECOM-001-USR-01,case,CASE-DEMO-0138,handler
L-CASE-DEMO-0139,CSE-POWER-001,CSE-POWER-001-USR-01,case,CASE-DEMO-0139,handler
L-CASE-DEMO-0140,CSE-FINANCE-002,CSE-FINANCE-002-USR-01,case,CASE-DEMO-0140,handler
L-CASE-DEMO-0141,CSE-TELECOM-002,CSE-TELECOM-002-USR-01,case,CASE-DEMO-0141,handler
L-CASE-DEMO-0142,CSE-POWER-002,CSE-POWER-002-USR-01,case,CASE-DEMO-0142,handler
L-CASE-DEMO-0143,CSE-FINANCE-001,CSE-FINANCE-001-USR-01,case,CASE-DEMO-0143,handler
L-CASE-DEMO-0144,CSE-TELECOM-001,CSE-TELECOM-001-USR-01,case,CASE-DEMO-0144,handler
L-CASE-DEMO-0145,CSE-POWER-001,CSE-POWER-001-USR-01,case,CASE-DEMO-0145,handler
L-CASE-DEMO-0146,CSE-FINANCE-002,CSE-FINANCE-002-USR-01,case,CASE-DEMO-0146,handler
L-CASE-DEMO-0147,CSE-TELECOM-002,CSE-TELECOM-002-USR-01,case,CASE-DEMO-0147,handler
L-CASE-DEMO-0148,CSE-POWER-002,CSE-POWER-002-USR-01,case,CASE-DEMO-0148,handler
L-CASE-DEMO-0149,CSE-FINANCE-001,CSE-FINANCE-001-USR-01,case,CASE-DEMO-0149,handler
L-CASE-DEMO-0150,CSE-TELECOM-001,CSE-TELECOM-001-USR-01,case,CASE-DEMO-0150,handler
L-CASE-DEMO-0151,CSE-POWER-001,CSE-POWER-001-USR-01,case,CASE-DEMO-0151,handler
L-CASE-DEMO-0152,CSE-FINANCE-002,CSE-FINANCE-002-USR-01,case,CASE-DEMO-0152,handler
L-CASE-DEMO-0153,CSE-TELECOM-002,CSE-TELECOM-002-USR-01,case,CASE-DEMO-0153,handler
L-CASE-DEMO-0154,CSE-POWER-002,CSE-POWER-002-USR-01,case,CASE-DEMO-0154,handler
L-CASE-DEMO-0155,CSE-FINANCE-001,CSE-FINANCE-001-USR-01,case,CASE-DEMO-0155,handler
L-CASE-DEMO-0156,CSE-TELECOM-001,CSE-TELECOM-001-USR-01,case,CASE-DEMO-0156,handler
L-CASE-DEMO-0157,CSE-POWER-001,CSE-POWER-001-USR-01,case,CASE-DEMO-0157,handler
L-CASE-DEMO-0158,CSE-FINANCE-002,CSE-FINANCE-002-USR-01,case,CASE-DEMO-0158,handler
L-CASE-DEMO-0159,CSE-TELECOM-002,CSE-TELECOM-002-USR-01,case,CASE-DEMO-0159,handler
L-CASE-DEMO-0160,CSE-POWER-002,CSE-POWER-002-USR-01,case,CASE-DEMO-0160,handler
L-CASE-DEMO-0161,CSE-FINANCE-001,CSE-FINANCE-001-USR-01,case,CASE-DEMO-0161,handler
L-CASE-DEMO-0162,CSE-TELECOM-001,CSE-TELECOM-001-USR-01,case,CASE-DEMO-0162,handler
L-CASE-DEMO-0163,CSE-POWER-001,CSE-POWER-001-USR-01,case,CASE-DEMO-0163,handler
L-CASE-DEMO-0164,CSE-FINANCE-002,CSE-FINANCE-002-USR-01,case,CASE-DEMO-0164,handler
L-CASE-DEMO-0165,CSE-TELECOM-002,CSE-TELECOM-002-USR-01,case,CASE-DEMO-0165,handler
L-CASE-DEMO-0166,CSE-POWER-002,CSE-POWER-002-USR-01,case,CASE-DEMO-0166,handler
L-CASE-DEMO-0167,CSE-FINANCE-001,CSE-FINANCE-001-USR-01,case,CASE-DEMO-0167,handler
L-CASE-DEMO-0168,CSE-TELECOM-001,CSE-TELECOM-001-USR-01,case,CASE-DEMO-0168,handler
L-CASE-DEMO-0169,CSE-POWER-001,CSE-POWER-001-USR-01,case,CASE-DEMO-0169,handler
L-CASE-DEMO-0170,CSE-FINANCE-002,CSE-FINANCE-002-USR-01,case,CASE-DEMO-0170,handler
L-CASE-DEMO-0171,CSE-TELECOM-002,CSE-TELECOM-002-USR-01,case,CASE-DEMO-0171,handler
L-CASE-DEMO-0172,CSE-POWER-002,CSE-POWER-002-USR-01,case,CASE-DEMO-0172,handler
L-CASE-DEMO-0173,CSE-FINANCE-001,CSE-FINANCE-001-USR-01,case,CASE-DEMO-0173,handler
L-CASE-DEMO-0174,CSE-TELECOM-001,CSE-TELECOM-001-USR-01,case,CASE-DEMO-0174,handler
L-CASE-DEMO-0175,CSE-POWER-001,CSE-POWER-001-USR-01,case,CASE-DEMO-0175,handler
L-CASE-DEMO-0176,CSE-FINANCE-002,CSE-FINANCE-002-USR-01,case,CASE-DEMO-0176,handler
L-CASE-DEMO-0177,CSE-TELECOM-002,CSE-TELECOM-002-USR-01,case,CASE-DEMO-0177,handler
L-CASE-DEMO-0178,CSE-POWER-002,CSE-POWER-002-USR-01,case,CASE-DEMO-0178,handler
L-CASE-DEMO-0179,CSE-FINANCE-001,CSE-FINANCE-001-USR-01,case,CASE-DEMO-0179,handler
L-CASE-DEMO-0180,CSE-TELECOM-001,CSE-TELECOM-001-USR-01,case,CASE-DEMO-0180,handler
L-CASE-DEMO-0181,CSE-POWER-001,CSE-POWER-001-USR-01,case,CASE-DEMO-0181,handler
L-CASE-DEMO-0182,CSE-FINANCE-002,CSE-FINANCE-002-USR-01,case,CASE-DEMO-0182,handler
L-CASE-DEMO-0183,CSE-TELECOM-002,CSE-TELECOM-002-USR-01,case,CASE-DEMO-0183,handler
L-CASE-DEMO-0184,CSE-POWER-002,CSE-POWER-002-USR-01,case,CASE-DEMO-0184,handler
L-CASE-DEMO-0185,CSE-FINANCE-001,CSE-FINANCE-001-USR-01,case,CASE-DEMO-0185,handler
L-CASE-DEMO-0186,CSE-TELECOM-001,CSE-TELECOM-001-USR-01,case,CASE-DEMO-0186,handler
L-CASE-DEMO-0187,CSE-POWER-001,CSE-POWER-001-USR-01,case,CASE-DEMO-0187,handler
L-CASE-DEMO-0188,CSE-FINANCE-002,CSE-FINANCE-002-USR-01,case,CASE-DEMO-0188,handler
L-CASE-DEMO-0189,CSE-TELECOM-002,CSE-TELECOM-002-USR-01,case,CASE-DEMO-0189,handler
L-CASE-DEMO-0190,CSE-POWER-002,CSE-POWER-002-USR-01,case,CASE-DEMO-0190,handler
L-CASE-DEMO-0191,CSE-FINANCE-001,CSE-FINANCE-001-USR-01,case,CASE-DEMO-0191,handler
L-CASE-DEMO-0192,CSE-TELECOM-001,CSE-TELECOM-001-USR-01,case,CASE-DEMO-0192,handler
L-CASE-DEMO-0193,CSE-POWER-001,CSE-POWER-001-USR-01,case,CASE-DEMO-0193,handler
L-CASE-DEMO-0194,CSE-FINANCE-002,CSE-FINANCE-002-USR-01,case,CASE-DEMO-0194,handler
L-CASE-DEMO-0195,CSE-TELECOM-002,CSE-TELECOM-002-USR-01,case,CASE-DEMO-0195,handler
L-CASE-DEMO-0196,CSE-POWER-002,CSE-POWER-002-USR-01,case,CASE-DEMO-0196,handler
L-CASE-DEMO-0197,CSE-FINANCE-001,CSE-FINANCE-001-USR-01,case,CASE-DEMO-0197,handler
L-CASE-DEMO-0198,CSE-TELECOM-001,CSE-TELECOM-001-USR-01,case,CASE-DEMO-0198,handler
L-CASE-DEMO-0199,CSE-POWER-001,CSE-POWER-001-USR-01,case,CASE-DEMO-0199,handler
L-CASE-DEMO-0200,CSE-FINANCE-002,CSE-FINANCE-002-USR-01,case,CASE-DEMO-0200,handler
L-CASE-DEMO-0201,CSE-TELECOM-002,CSE-TELECOM-002-USR-01,case,CASE-DEMO-0201,handler
L-CASE-DEMO-0202,CSE-POWER-002,CSE-POWER-002-USR-01,case,CASE-DEMO-0202,handler
L-CASE-DEMO-0203,CSE-FINANCE-001,CSE-FINANCE-001-USR-01,case,CASE-DEMO-0203,handler
L-CASE-DEMO-0204,CSE-TELECOM-001,CSE-TELECOM-001-USR-01,case,CASE-DEMO-0204,handler
L-CASE-DEMO-0205,CSE-POWER-001,CSE-POWER-001-USR-01,case,CASE-DEMO-0205,handler
L-CASE-DEMO-0206,CSE-FINANCE-002,CSE-FINANCE-002-USR-01,case,CASE-DEMO-0206,handler
L-CASE-DEMO-0207,CSE-TELECOM-002,CSE-TELECOM-002-USR-01,case,CASE-DEMO-0207,handler
L-CASE-DEMO-0208,CSE-POWER-002,CSE-POWER-002-USR-01,case,CASE-DEMO-0208,handler
L-CASE-DEMO-0209,CSE-FINANCE-001,CSE-FINANCE-001-USR-01,case,CASE-DEMO-0209,handler
L-CASE-DEMO-0210,CSE-TELECOM-001,CSE-TELECOM-001-USR-01,case,CASE-DEMO-0210,handler
L-CASE-DEMO-0211,CSE-POWER-001,CSE-POWER-001-USR-01,case,CASE-DEMO-0211,handler
L-CASE-DEMO-0212,CSE-FINANCE-002,CSE-FINANCE-002-USR-01,case,CASE-DEMO-0212,handler
L-CASE-DEMO-0213,CSE-TELECOM-002,CSE-TELECOM-002-USR-01,case,CASE-DEMO-0213,handler
L-CASE-DEMO-0214,CSE-POWER-002,CSE-POWER-002-USR-01,case,CASE-DEMO-0214,handler
L-CASE-DEMO-0215,CSE-FINANCE-001,CSE-FINANCE-001-USR-01,case,CASE-DEMO-0215,handler
L-CASE-DEMO-0216,CSE-TELECOM-001,CSE-TELECOM-001-USR-01,case,CASE-DEMO-0216,handler
L-CASE-DEMO-0217,CSE-POWER-001,CSE-POWER-001-USR-01,case,CASE-DEMO-0217,handler
L-CASE-DEMO-0218,CSE-FINANCE-002,CSE-FINANCE-002-USR-01,case,CASE-DEMO-0218,handler
L-CASE-DEMO-0219,CSE-TELECOM-002,CSE-TELECOM-002-USR-01,case,CASE-DEMO-0219,handler
L-CASE-DEMO-0220,CSE-POWER-002,CSE-POWER-002-USR-01,case,CASE-DEMO-0220,handler
L-CASE-DEMO-0221,CSE-FINANCE-001,CSE-FINANCE-001-USR-01,case,CASE-DEMO-0221,handler
L-CASE-DEMO-0222,CSE-TELECOM-001,CSE-TELECOM-001-USR-01,case,CASE-DEMO-0222,handler
L-CASE-DEMO-0223,CSE-POWER-001,CSE-POWER-001-USR-01,case,CASE-DEMO-0223,handler
L-CASE-DEMO-0224,CSE-FINANCE-002,CSE-FINANCE-002-USR-01,case,CASE-DEMO-0224,handler
L-CASE-DEMO-0225,CSE-TELECOM-002,CSE-TELECOM-002-USR-01,case,CASE-DEMO-0225,handler
L-CASE-DEMO-0226,CSE-POWER-002,CSE-POWER-002-USR-01,case,CASE-DEMO-0226,handler
L-CASE-DEMO-0227,CSE-FINANCE-001,CSE-FINANCE-001-USR-01,case,CASE-DEMO-0227,handler
L-CASE-DEMO-0228,CSE-TELECOM-001,CSE-TELECOM-001-USR-01,case,CASE-DEMO-0228,handler
L-CASE-DEMO-0229,CSE-POWER-001,CSE-POWER-001-USR-01,case,CASE-DEMO-0229,handler
L-CASE-DEMO-0230,CSE-FINANCE-002,CSE-FINANCE-002-USR-01,case,CASE-DEMO-0230,handler
L-CASE-DEMO-0231,CSE-TELECOM-002,CSE-TELECOM-002-USR-01,case,CASE-DEMO-0231,handler
L-CASE-DEMO-0232,CSE-POWER-002,CSE-POWER-002-USR-01,case,CASE-DEMO-0232,handler
L-CASE-DEMO-0233,CSE-FINANCE-001,CSE-FINANCE-001-USR-01,case,CASE-DEMO-0233,handler
L-CASE-DEMO-0234,CSE-TELECOM-001,CSE-TELECOM-001-USR-01,case,CASE-DEMO-0234,handler
L-CASE-DEMO-0235,CSE-POWER-001,CSE-POWER-001-USR-01,case,CASE-DEMO-0235,handler
L-CASE-DEMO-0236,CSE-FINANCE-002,CSE-FINANCE-002-USR-01,case,CASE-DEMO-0236,handler
L-CASE-DEMO-0237,CSE-TELECOM-002,CSE-TELECOM-002-USR-01,case,CASE-DEMO-0237,handler
L-CASE-DEMO-0238,CSE-POWER-002,CSE-POWER-002-USR-01,case,CASE-DEMO-0238,handler
L-CASE-DEMO-0239,CSE-FINANCE-001,CSE-FINANCE-001-USR-01,case,CASE-DEMO-0239,handler
L-CASE-DEMO-0240,CSE-TELECOM-001,CSE-TELECOM-001-USR-01,case,CASE-DEMO-0240,handler
L-CASE-DEMO-0241,CSE-POWER-001,CSE-POWER-001-USR-01,case,CASE-DEMO-0241,handler
L-CASE-DEMO-0242,CSE-FINANCE-002,CSE-FINANCE-002-USR-01,case,CASE-DEMO-0242,handler
L-CASE-DEMO-0243,CSE-TELECOM-002,CSE-TELECOM-002-USR-01,case,CASE-DEMO-0243,handler
L-CASE-DEMO-0244,CSE-POWER-002,CSE-POWER-002-USR-01,case,CASE-DEMO-0244,handler
L-CASE-DEMO-0245,CSE-FINANCE-001,CSE-FINANCE-001-USR-01,case,CASE-DEMO-0245,handler
L-CASE-DEMO-0246,CSE-TELECOM-001,CSE-TELECOM-001-USR-01,case,CASE-DEMO-0246,handler
L-CASE-DEMO-0247,CSE-POWER-001,CSE-POWER-001-USR-01,case,CASE-DEMO-0247,handler
L-CASE-DEMO-0248,CSE-FINANCE-002,CSE-FINANCE-002-USR-01,case,CASE-DEMO-0248,handler
L-CASE-DEMO-0249,CSE-TELECOM-002,CSE-TELECOM-002-USR-01,case,CASE-DEMO-0249,handler
L-CASE-DEMO-0250,CSE-POWER-002,CSE-POWER-002-USR-01,case,CASE-DEMO-0250,handler
L-CASE-DEMO-0251,CSE-FINANCE-001,CSE-FINANCE-001-USR-01,case,CASE-DEMO-0251,handler
L-CASE-DEMO-0252,CSE-TELECOM-001,CSE-TELECOM-001-USR-01,case,CASE-DEMO-0252,handler
L-CASE-DEMO-0253,CSE-POWER-001,CSE-POWER-001-USR-01,case,CASE-DEMO-0253,handler
L-CASE-DEMO-0254,CSE-FINANCE-002,CSE-FINANCE-002-USR-01,case,CASE-DEMO-0254,handler
L-CASE-DEMO-0255,CSE-TELECOM-002,CSE-TELECOM-002-USR-01,case,CASE-DEMO-0255,handler
L-CASE-DEMO-0256,CSE-POWER-002,CSE-POWER-002-USR-01,case,CASE-DEMO-0256,handler
L-CASE-DEMO-0257,CSE-FINANCE-001,CSE-FINANCE-001-USR-01,case,CASE-DEMO-0257,handler
L-CASE-DEMO-0258,CSE-TELECOM-001,CSE-TELECOM-001-USR-01,case,CASE-DEMO-0258,handler
L-CASE-DEMO-0259,CSE-POWER-001,CSE-POWER-001-USR-01,case,CASE-DEMO-0259,handler
L-CASE-DEMO-0260,CSE-FINANCE-002,CSE-FINANCE-002-USR-01,case,CASE-DEMO-0260,handler
L-CASE-DEMO-0261,CSE-TELECOM-002,CSE-TELECOM-002-USR-01,case,CASE-DEMO-0261,handler
L-CASE-DEMO-0262,CSE-POWER-002,CSE-POWER-002-USR-01,case,CASE-DEMO-0262,handler
L-CASE-DEMO-0263,CSE-FINANCE-001,CSE-FINANCE-001-USR-01,case,CASE-DEMO-0263,handler
L-CASE-DEMO-0264,CSE-TELECOM-001,CSE-TELECOM-001-USR-01,case,CASE-DEMO-0264,handler
L-CASE-DEMO-0265,CSE-POWER-001,CSE-POWER-001-USR-01,case,CASE-DEMO-0265,handler
L-CASE-DEMO-0266,CSE-FINANCE-002,CSE-FINANCE-002-USR-01,case,CASE-DEMO-0266,handler
L-CASE-DEMO-0267,CSE-TELECOM-002,CSE-TELECOM-002-USR-01,case,CASE-DEMO-0267,handler
L-CASE-DEMO-0268,CSE-POWER-002,CSE-POWER-002-USR-01,case,CASE-DEMO-0268,handler
L-CASE-DEMO-0269,CSE-FINANCE-001,CSE-FINANCE-001-USR-01,case,CASE-DEMO-0269,handler
L-CASE-DEMO-0270,CSE-TELECOM-001,CSE-TELECOM-001-USR-01,case,CASE-DEMO-0270,handler
L-CASE-DEMO-0271,CSE-POWER-001,CSE-POWER-001-USR-01,case,CASE-DEMO-0271,handler
L-CASE-DEMO-0272,CSE-FINANCE-002,CSE-FINANCE-002-USR-01,case,CASE-DEMO-0272,handler
L-CASE-DEMO-0273,CSE-TELECOM-002,CSE-TELECOM-002-USR-01,case,CASE-DEMO-0273,handler
L-CASE-DEMO-0274,CSE-POWER-002,CSE-POWER-002-USR-01,case,CASE-DEMO-0274,handler
L-CASE-DEMO-0275,CSE-FINANCE-001,CSE-FINANCE-001-USR-01,case,CASE-DEMO-0275,handler
L-CASE-DEMO-0276,CSE-TELECOM-001,CSE-TELECOM-001-USR-01,case,CASE-DEMO-0276,handler
L-CASE-DEMO-0277,CSE-POWER-001,CSE-POWER-001-USR-01,case,CASE-DEMO-0277,handler
L-CASE-DEMO-0278,CSE-FINANCE-002,CSE-FINANCE-002-USR-01,case,CASE-DEMO-0278,handler
L-CASE-DEMO-0279,CSE-TELECOM-002,CSE-TELECOM-002-USR-01,case,CASE-DEMO-0279,handler
L-CASE-DEMO-0280,CSE-POWER-002,CSE-POWER-002-USR-01,case,CASE-DEMO-0280,handler
L-CASE-DEMO-0281,CSE-FINANCE-001,CSE-FINANCE-001-USR-01,case,CASE-DEMO-0281,handler
L-CASE-DEMO-0282,CSE-TELECOM-001,CSE-TELECOM-001-USR-01,case,CASE-DEMO-0282,handler
L-CASE-DEMO-0283,CSE-POWER-001,CSE-POWER-001-USR-01,case,CASE-DEMO-0283,handler
L-CASE-DEMO-0284,CSE-FINANCE-002,CSE-FINANCE-002-USR-01,case,CASE-DEMO-0284,handler
L-CASE-DEMO-0285,CSE-TELECOM-002,CSE-TELECOM-002-USR-01,case,CASE-DEMO-0285,handler
L-CASE-DEMO-0286,CSE-POWER-002,CSE-POWER-002-USR-01,case,CASE-DEMO-0286,handler
L-CASE-DEMO-0287,CSE-FINANCE-001,CSE-FINANCE-001-USR-01,case,CASE-DEMO-0287,handler
L-CASE-DEMO-0288,CSE-TELECOM-001,CSE-TELECOM-001-USR-01,case,CASE-DEMO-0288,handler
L-CASE-DEMO-0289,CSE-POWER-001,CSE-POWER-001-USR-01,case,CASE-DEMO-0289,handler
L-CASE-DEMO-0290,CSE-FINANCE-002,CSE-FINANCE-002-USR-01,case,CASE-DEMO-0290,handler
L-CASE-DEMO-0291,CSE-TELECOM-002,CSE-TELECOM-002-USR-01,case,CASE-DEMO-0291,handler
L-CASE-DEMO-0292,CSE-POWER-002,CSE-POWER-002-USR-01,case,CASE-DEMO-0292,handler
L-CASE-DEMO-0293,CSE-FINANCE-001,CSE-FINANCE-001-USR-01,case,CASE-DEMO-0293,handler
L-CASE-DEMO-0294,CSE-TELECOM-001,CSE-TELECOM-001-USR-01,case,CASE-DEMO-0294,handler
L-CASE-DEMO-0295,CSE-POWER-001,CSE-POWER-001-USR-01,case,CASE-DEMO-0295,handler
L-CASE-DEMO-0296,CSE-FINANCE-002,CSE-FINANCE-002-USR-01,case,CASE-DEMO-0296,handler
L-CASE-DEMO-0297,CSE-TELECOM-002,CSE-TELECOM-002-USR-01,case,CASE-DEMO-0297,handler
L-CASE-DEMO-0298,CSE-POWER-002,CSE-POWER-002-USR-01,case,CASE-DEMO-0298,handler
L-CASE-DEMO-0299,CSE-FINANCE-001,CSE-FINANCE-001-USR-01,case,CASE-DEMO-0299,handler
L-CASE-DEMO-0300,CSE-TELECOM-001,CSE-TELECOM-001-USR-01,case,CASE-DEMO-0300,handler
L-CASE-DEMO-0301,CSE-POWER-001,CSE-POWER-001-USR-01,case,CASE-DEMO-0301,handler
L-CASE-DEMO-0302,CSE-FINANCE-002,CSE-FINANCE-002-USR-01,case,CASE-DEMO-0302,handler
L-CASE-DEMO-0303,CSE-TELECOM-002,CSE-TELECOM-002-USR-01,case,CASE-DEMO-0303,handler
L-CASE-DEMO-0304,CSE-POWER-002,CSE-POWER-002-USR-01,case,CASE-DEMO-0304,handler
L-CASE-DEMO-0305,CSE-FINANCE-001,CSE-FINANCE-001-USR-01,case,CASE-DEMO-0305,handler
L-CASE-DEMO-0306,CSE-TELECOM-001,CSE-TELECOM-001-USR-01,case,CASE-DEMO-0306,handler
L-CASE-DEMO-0307,CSE-POWER-001,CSE-POWER-001-USR-01,case,CASE-DEMO-0307,handler
L-CASE-DEMO-0308,CSE-FINANCE-002,CSE-FINANCE-002-USR-01,case,CASE-DEMO-0308,handler
L-CASE-DEMO-0309,CSE-TELECOM-002,CSE-TELECOM-002-USR-01,case,CASE-DEMO-0309,handler
L-CASE-DEMO-0310,CSE-POWER-002,CSE-POWER-002-USR-01,case,CASE-DEMO-0310,handler
L-CASE-DEMO-0311,CSE-FINANCE-001,CSE-FINANCE-001-USR-01,case,CASE-DEMO-0311,handler
L-CASE-DEMO-0312,CSE-TELECOM-001,CSE-TELECOM-001-USR-01,case,CASE-DEMO-0312,handler
L-CASE-DEMO-0313,CSE-POWER-001,CSE-POWER-001-USR-01,case,CASE-DEMO-0313,handler
L-CASE-DEMO-0314,CSE-FINANCE-002,CSE-FINANCE-002-USR-01,case,CASE-DEMO-0314,handler
L-CASE-DEMO-0315,CSE-TELECOM-002,CSE-TELECOM-002-USR-01,case,CASE-DEMO-0315,handler
L-CASE-DEMO-0316,CSE-POWER-002,CSE-POWER-002-USR-01,case,CASE-DEMO-0316,handler
L-CASE-DEMO-0317,CSE-FINANCE-001,CSE-FINANCE-001-USR-01,case,CASE-DEMO-0317,handler
L-CASE-DEMO-0318,CSE-TELECOM-001,CSE-TELECOM-001-USR-01,case,CASE-DEMO-0318,handler
L-CASE-DEMO-0319,CSE-POWER-001,CSE-POWER-001-USR-01,case,CASE-DEMO-0319,handler
L-CASE-DEMO-0320,CSE-FINANCE-002,CSE-FINANCE-002-USR-01,case,CASE-DEMO-0320,handler
L-CASE-DEMO-0321,CSE-TELECOM-002,CSE-TELECOM-002-USR-01,case,CASE-DEMO-0321,handler
L-CASE-DEMO-0322,CSE-POWER-002,CSE-POWER-002-USR-01,case,CASE-DEMO-0322,handler
L-CASE-DEMO-0323,CSE-FINANCE-001,CSE-FINANCE-001-USR-01,case,CASE-DEMO-0323,handler
L-CASE-DEMO-0324,CSE-TELECOM-001,CSE-TELECOM-001-USR-01,case,CASE-DEMO-0324,handler
L-CASE-DEMO-0325,CSE-POWER-001,CSE-POWER-001-USR-01,case,CASE-DEMO-0325,handler
L-CASE-DEMO-0326,CSE-FINANCE-002,CSE-FINANCE-002-USR-01,case,CASE-DEMO-0326,handler
L-CASE-DEMO-0327,CSE-TELECOM-002,CSE-TELECOM-002-USR-01,case,CASE-DEMO-0327,handler
L-CASE-DEMO-0328,CSE-POWER-002,CSE-POWER-002-USR-01,case,CASE-DEMO-0328,handler
L-CASE-DEMO-0329,CSE-FINANCE-001,CSE-FINANCE-001-USR-01,case,CASE-DEMO-0329,handler
L-CASE-DEMO-0330,CSE-TELECOM-001,CSE-TELECOM-001-USR-01,case,CASE-DEMO-0330,handler
L-CASE-DEMO-0331,CSE-POWER-001,CSE-POWER-001-USR-01,case,CASE-DEMO-0331,handler
L-CASE-DEMO-0332,CSE-FINANCE-002,CSE-FINANCE-002-USR-01,case,CASE-DEMO-0332,handler
L-CASE-DEMO-0333,CSE-TELECOM-002,CSE-TELECOM-002-USR-01,case,CASE-DEMO-0333,handler
L-CASE-DEMO-0334,CSE-POWER-002,CSE-POWER-002-USR-01,case,CASE-DEMO-0334,handler
L-CASE-DEMO-0335,CSE-FINANCE-001,CSE-FINANCE-001-USR-01,case,CASE-DEMO-0335,handler
L-CASE-DEMO-0336,CSE-TELECOM-001,CSE-TELECOM-001-USR-01,case,CASE-DEMO-0336,handler
L-CASE-DEMO-0337,CSE-POWER-001,CSE-POWER-001-USR-01,case,CASE-DEMO-0337,handler
L-CASE-DEMO-0338,CSE-FINANCE-002,CSE-FINANCE-002-USR-01,case,CASE-DEMO-0338,handler
L-CASE-DEMO-0339,CSE-TELECOM-002,CSE-TELECOM-002-USR-01,case,CASE-DEMO-0339,handler
L-CASE-DEMO-0340,CSE-POWER-002,CSE-POWER-002-USR-01,case,CASE-DEMO-0340,handler
L-CASE-DEMO-0341,CSE-FINANCE-001,CSE-FINANCE-001-USR-01,case,CASE-DEMO-0341,handler
L-CASE-DEMO-0342,CSE-TELECOM-001,CSE-TELECOM-001-USR-01,case,CASE-DEMO-0342,handler
L-CASE-DEMO-0343,CSE-POWER-001,CSE-POWER-001-USR-01,case,CASE-DEMO-0343,handler
L-CASE-DEMO-0344,CSE-FINANCE-002,CSE-FINANCE-002-USR-01,case,CASE-DEMO-0344,handler
L-CASE-DEMO-0345,CSE-TELECOM-002,CSE-TELECOM-002-USR-01,case,CASE-DEMO-0345,handler
L-CASE-DEMO-0346,CSE-POWER-002,CSE-POWER-002-USR-01,case,CASE-DEMO-0346,handler
L-CASE-DEMO-0347,CSE-FINANCE-001,CSE-FINANCE-001-USR-01,case,CASE-DEMO-0347,handler
L-CASE-DEMO-0348,CSE-TELECOM-001,CSE-TELECOM-001-USR-01,case,CASE-DEMO-0348,handler
L-CASE-DEMO-0349,CSE-POWER-001,CSE-POWER-001-USR-01,case,CASE-DEMO-0349,handler
L-CASE-DEMO-0350,CSE-FINANCE-002,CSE-FINANCE-002-USR-01,case,CASE-DEMO-0350,handler
L-CASE-DEMO-0351,CSE-TELECOM-002,CSE-TELECOM-002-USR-01,case,CASE-DEMO-0351,handler
L-CASE-DEMO-0352,CSE-POWER-002,CSE-POWER-002-USR-01,case,CASE-DEMO-0352,handler
L-CASE-DEMO-0353,CSE-FINANCE-001,CSE-FINANCE-001-USR-01,case,CASE-DEMO-0353,handler
L-CASE-DEMO-0354,CSE-TELECOM-001,CSE-TELECOM-001-USR-01,case,CASE-DEMO-0354,handler
L-CASE-DEMO-0355,CSE-POWER-001,CSE-POWER-001-USR-01,case,CASE-DEMO-0355,handler
L-CASE-DEMO-0356,CSE-FINANCE-002,CSE-FINANCE-002-USR-01,case,CASE-DEMO-0356,handler
L-CASE-DEMO-0357,CSE-TELECOM-002,CSE-TELECOM-002-USR-01,case,CASE-DEMO-0357,handler
L-CASE-DEMO-0358,CSE-POWER-002,CSE-POWER-002-USR-01,case,CASE-DEMO-0358,handler
L-CASE-DEMO-0359,CSE-FINANCE-001,CSE-FINANCE-001-USR-01,case,CASE-DEMO-0359,handler
L-CASE-DEMO-0360,CSE-TELECOM-001,CSE-TELECOM-001-USR-01,case,CASE-DEMO-0360,handler
L-CASE-DEMO-0361,CSE-POWER-001,CSE-POWER-001-USR-01,case,CASE-DEMO-0361,handler
L-CASE-DEMO-0362,CSE-FINANCE-002,CSE-FINANCE-002-USR-01,case,CASE-DEMO-0362,handler
L-CASE-DEMO-0363,CSE-TELECOM-002,CSE-TELECOM-002-USR-01,case,CASE-DEMO-0363,handler
L-CASE-DEMO-0364,CSE-POWER-002,CSE-POWER-002-USR-01,case,CASE-DEMO-0364,handler
L-CASE-DEMO-0365,CSE-FINANCE-001,CSE-FINANCE-001-USR-01,case,CASE-DEMO-0365,handler
L-CASE-DEMO-0366,CSE-TELECOM-001,CSE-TELECOM-001-USR-01,case,CASE-DEMO-0366,handler
L-CASE-DEMO-0367,CSE-POWER-001,CSE-POWER-001-USR-01,case,CASE-DEMO-0367,handler
L-CASE-DEMO-0368,CSE-FINANCE-002,CSE-FINANCE-002-USR-01,case,CASE-DEMO-0368,handler
L-CASE-DEMO-0369,CSE-TELECOM-002,CSE-TELECOM-002-USR-01,case,CASE-DEMO-0369,handler
L-CASE-DEMO-0370,CSE-POWER-002,CSE-POWER-002-USR-01,case,CASE-DEMO-0370,handler
L-CASE-DEMO-0371,CSE-FINANCE-001,CSE-FINANCE-001-USR-01,case,CASE-DEMO-0371,handler
L-CASE-DEMO-0372,CSE-TELECOM-001,CSE-TELECOM-001-USR-01,case,CASE-DEMO-0372,handler
L-CASE-DEMO-0373,CSE-POWER-001,CSE-POWER-001-USR-01,case,CASE-DEMO-0373,handler
L-CASE-DEMO-0374,CSE-FINANCE-002,CSE-FINANCE-002-USR-01,case,CASE-DEMO-0374,handler
L-CASE-DEMO-0375,CSE-TELECOM-002,CSE-TELECOM-002-USR-01,case,CASE-DEMO-0375,handler
L-CASE-DEMO-0376,CSE-POWER-002,CSE-POWER-002-USR-01,case,CASE-DEMO-0376,handler
L-CASE-DEMO-0377,CSE-FINANCE-001,CSE-FINANCE-001-USR-01,case,CASE-DEMO-0377,handler
L-CASE-DEMO-0378,CSE-TELECOM-001,CSE-TELECOM-001-USR-01,case,CASE-DEMO-0378,handler
L-CASE-DEMO-0379,CSE-POWER-001,CSE-POWER-001-USR-01,case,CASE-DEMO-0379,handler
L-CASE-DEMO-0380,CSE-FINANCE-002,CSE-FINANCE-002-USR-01,case,CASE-DEMO-0380,handler
L-CASE-DEMO-0381,CSE-TELECOM-002,CSE-TELECOM-002-USR-01,case,CASE-DEMO-0381,handler
L-CASE-DEMO-0382,CSE-POWER-002,CSE-POWER-002-USR-01,case,CASE-DEMO-0382,handler
L-CASE-DEMO-0383,CSE-FINANCE-001,CSE-FINANCE-001-USR-01,case,CASE-DEMO-0383,handler
L-CASE-DEMO-0384,CSE-TELECOM-001,CSE-TELECOM-001-USR-01,case,CASE-DEMO-0384,handler
L-CASE-DEMO-0385,CSE-POWER-001,CSE-POWER-001-USR-01,case,CASE-DEMO-0385,handler
L-CASE-DEMO-0386,CSE-FINANCE-002,CSE-FINANCE-002-USR-01,case,CASE-DEMO-0386,handler
L-CASE-DEMO-0387,CSE-TELECOM-002,CSE-TELECOM-002-USR-01,case,CASE-DEMO-0387,handler
L-CASE-DEMO-0388,CSE-POWER-002,CSE-POWER-002-USR-01,case,CASE-DEMO-0388,handler
L-CASE-DEMO-0389,CSE-FINANCE-001,CSE-FINANCE-001-USR-01,case,CASE-DEMO-0389,handler
L-CASE-DEMO-0390,CSE-TELECOM-001,CSE-TELECOM-001-USR-01,case,CASE-DEMO-0390,handler
L-CASE-DEMO-0391,CSE-POWER-001,CSE-POWER-001-USR-01,case,CASE-DEMO-0391,handler
L-CASE-DEMO-0392,CSE-FINANCE-002,CSE-FINANCE-002-USR-01,case,CASE-DEMO-0392,handler
L-CASE-DEMO-0393,CSE-TELECOM-002,CSE-TELECOM-002-USR-01,case,CASE-DEMO-0393,handler
L-CASE-DEMO-0394,CSE-POWER-002,CSE-POWER-002-USR-01,case,CASE-DEMO-0394,handler
L-CASE-DEMO-0395,CSE-FINANCE-001,CSE-FINANCE-001-USR-01,case,CASE-DEMO-0395,handler
L-CASE-DEMO-0396,CSE-TELECOM-001,CSE-TELECOM-001-USR-01,case,CASE-DEMO-0396,handler
L-CASE-DEMO-0397,CSE-POWER-001,CSE-POWER-001-USR-01,case,CASE-DEMO-0397,handler
L-CASE-DEMO-0398,CSE-FINANCE-002,CSE-FINANCE-002-USR-01,case,CASE-DEMO-0398,handler
L-CASE-DEMO-0399,CSE-TELECOM-002,CSE-TELECOM-002-USR-01,case,CASE-DEMO-0399,handler
L-CASE-DEMO-0400,CSE-POWER-002,CSE-POWER-002-USR-01,case,CASE-DEMO-0400,handler
L-CASE-DEMO-0401,CSE-FINANCE-001,CSE-FINANCE-001-USR-01,case,CASE-DEMO-0401,handler
L-CASE-DEMO-0402,CSE-TELECOM-001,CSE-TELECOM-001-USR-01,case,CASE-DEMO-0402,handler
L-CASE-DEMO-0403,CSE-POWER-001,CSE-POWER-001-USR-01,case,CASE-DEMO-0403,handler
L-CASE-DEMO-0404,CSE-FINANCE-002,CSE-FINANCE-002-USR-01,case,CASE-DEMO-0404,handler
L-CASE-DEMO-0405,CSE-TELECOM-002,CSE-TELECOM-002-USR-01,case,CASE-DEMO-0405,handler
L-CASE-DEMO-0406,CSE-POWER-002,CSE-POWER-002-USR-01,case,CASE-DEMO-0406,handler
L-CASE-DEMO-0407,CSE-FINANCE-001,CSE-FINANCE-001-USR-01,case,CASE-DEMO-0407,handler
L-CASE-DEMO-0408,CSE-TELECOM-001,CSE-TELECOM-001-USR-01,case,CASE-DEMO-0408,handler
L-CASE-DEMO-0409,CSE-POWER-001,CSE-POWER-001-USR-01,case,CASE-DEMO-0409,handler
L-CASE-DEMO-0410,CSE-FINANCE-002,CSE-FINANCE-002-USR-01,case,CASE-DEMO-0410,handler
L-CASE-DEMO-0411,CSE-TELECOM-002,CSE-TELECOM-002-USR-01,case,CASE-DEMO-0411,handler
L-CASE-DEMO-0412,CSE-POWER-002,CSE-POWER-002-USR-01,case,CASE-DEMO-0412,handler
L-CASE-DEMO-0413,CSE-FINANCE-001,CSE-FINANCE-001-USR-01,case,CASE-DEMO-0413,handler
L-CASE-DEMO-0414,CSE-TELECOM-001,CSE-TELECOM-001-USR-01,case,CASE-DEMO-0414,handler
L-CASE-DEMO-0415,CSE-POWER-001,CSE-POWER-001-USR-01,case,CASE-DEMO-0415,handler
L-CASE-DEMO-0416,CSE-FINANCE-002,CSE-FINANCE-002-USR-01,case,CASE-DEMO-0416,handler
L-CASE-DEMO-0417,CSE-TELECOM-002,CSE-TELECOM-002-USR-01,case,CASE-DEMO-0417,handler
L-CASE-DEMO-0418,CSE-POWER-002,CSE-POWER-002-USR-01,case,CASE-DEMO-0418,handler
L-CASE-DEMO-0419,CSE-FINANCE-001,CSE-FINANCE-001-USR-01,case,CASE-DEMO-0419,handler
L-CASE-DEMO-0420,CSE-TELECOM-001,CSE-TELECOM-001-USR-01,case,CASE-DEMO-0420,handler
L-CASE-DEMO-0421,CSE-POWER-001,CSE-POWER-001-USR-01,case,CASE-DEMO-0421,handler
L-CASE-DEMO-0422,CSE-FINANCE-002,CSE-FINANCE-002-USR-01,case,CASE-DEMO-0422,handler
L-CASE-DEMO-0423,CSE-TELECOM-002,CSE-TELECOM-002-USR-01,case,CASE-DEMO-0423,handler
L-CASE-DEMO-0424,CSE-POWER-002,CSE-POWER-002-USR-01,case,CASE-DEMO-0424,handler
L-CASE-DEMO-0425,CSE-FINANCE-001,CSE-FINANCE-001-USR-01,case,CASE-DEMO-0425,handler
L-CASE-DEMO-0426,CSE-TELECOM-001,CSE-TELECOM-001-USR-01,case,CASE-DEMO-0426,handler
L-CASE-DEMO-0427,CSE-POWER-001,CSE-POWER-001-USR-01,case,CASE-DEMO-0427,handler
L-CASE-DEMO-0428,CSE-FINANCE-002,CSE-FINANCE-002-USR-01,case,CASE-DEMO-0428,handler
L-CASE-DEMO-0429,CSE-TELECOM-002,CSE-TELECOM-002-USR-01,case,CASE-DEMO-0429,handler
L-CASE-DEMO-0430,CSE-POWER-002,CSE-POWER-002-USR-01,case,CASE-DEMO-0430,handler
L-CASE-DEMO-0431,CSE-FINANCE-001,CSE-FINANCE-001-USR-01,case,CASE-DEMO-0431,handler
L-CASE-DEMO-0432,CSE-TELECOM-001,CSE-TELECOM-001-USR-01,case,CASE-DEMO-0432,handler
L-CASE-DEMO-0433,CSE-POWER-001,CSE-POWER-001-USR-01,case,CASE-DEMO-0433,handler
L-CASE-DEMO-0434,CSE-FINANCE-002,CSE-FINANCE-002-USR-01,case,CASE-DEMO-0434,handler
L-CASE-DEMO-0435,CSE-TELECOM-002,CSE-TELECOM-002-USR-01,case,CASE-DEMO-0435,handler
L-CASE-DEMO-0436,CSE-POWER-002,CSE-POWER-002-USR-01,case,CASE-DEMO-0436,handler
L-CASE-DEMO-0437,CSE-FINANCE-001,CSE-FINANCE-001-USR-01,case,CASE-DEMO-0437,handler
L-CASE-DEMO-0438,CSE-TELECOM-001,CSE-TELECOM-001-USR-01,case,CASE-DEMO-0438,handler
L-CASE-DEMO-0439,CSE-POWER-001,CSE-POWER-001-USR-01,case,CASE-DEMO-0439,handler
L-CASE-DEMO-0440,CSE-FINANCE-002,CSE-FINANCE-002-USR-01,case,CASE-DEMO-0440,handler
L-CASE-DEMO-0441,CSE-TELECOM-002,CSE-TELECOM-002-USR-01,case,CASE-DEMO-0441,handler
L-CASE-DEMO-0442,CSE-POWER-002,CSE-POWER-002-USR-01,case,CASE-DEMO-0442,handler
L-CASE-DEMO-0443,CSE-FINANCE-001,CSE-FINANCE-001-USR-01,case,CASE-DEMO-0443,handler
L-CASE-DEMO-0444,CSE-TELECOM-001,CSE-TELECOM-001-USR-01,case,CASE-DEMO-0444,handler
L-CASE-DEMO-0445,CSE-POWER-001,CSE-POWER-001-USR-01,case,CASE-DEMO-0445,handler
L-CASE-DEMO-0446,CSE-FINANCE-002,CSE-FINANCE-002-USR-01,case,CASE-DEMO-0446,handler
L-CASE-DEMO-0447,CSE-TELECOM-002,CSE-TELECOM-002-USR-01,case,CASE-DEMO-0447,handler
L-CASE-DEMO-0448,CSE-POWER-002,CSE-POWER-002-USR-01,case,CASE-DEMO-0448,handler
L-CASE-DEMO-0449,CSE-FINANCE-001,CSE-FINANCE-001-USR-01,case,CASE-DEMO-0449,handler
L-CASE-DEMO-0450,CSE-TELECOM-001,CSE-TELECOM-001-USR-01,case,CASE-DEMO-0450,handler
L-CASE-DEMO-0451,CSE-POWER-001,CSE-POWER-001-USR-01,case,CASE-DEMO-0451,handler
L-CASE-DEMO-0452,CSE-FINANCE-002,CSE-FINANCE-002-USR-01,case,CASE-DEMO-0452,handler
L-CASE-DEMO-0453,CSE-TELECOM-002,CSE-TELECOM-002-USR-01,case,CASE-DEMO-0453,handler
L-CASE-DEMO-0454,CSE-POWER-002,CSE-POWER-002-USR-01,case,CASE-DEMO-0454,handler
L-CASE-DEMO-0455,CSE-FINANCE-001,CSE-FINANCE-001-USR-01,case,CASE-DEMO-0455,handler
L-CASE-DEMO-0456,CSE-TELECOM-001,CSE-TELECOM-001-USR-01,case,CASE-DEMO-0456,handler
L-CASE-DEMO-0457,CSE-POWER-001,CSE-POWER-001-USR-01,case,CASE-DEMO-0457,handler
L-CASE-DEMO-0458,CSE-FINANCE-002,CSE-FINANCE-002-USR-01,case,CASE-DEMO-0458,handler
L-CASE-DEMO-0459,CSE-TELECOM-002,CSE-TELECOM-002-USR-01,case,CASE-DEMO-0459,handler
L-CASE-DEMO-0460,CSE-POWER-002,CSE-POWER-002-USR-01,case,CASE-DEMO-0460,handler
L-CASE-DEMO-0461,CSE-FINANCE-001,CSE-FINANCE-001-USR-01,case,CASE-DEMO-0461,handler
L-CASE-DEMO-0462,CSE-TELECOM-001,CSE-TELECOM-001-USR-01,case,CASE-DEMO-0462,handler
L-CASE-DEMO-0463,CSE-POWER-001,CSE-POWER-001-USR-01,case,CASE-DEMO-0463,handler
L-CASE-DEMO-0464,CSE-FINANCE-002,CSE-FINANCE-002-USR-01,case,CASE-DEMO-0464,handler
L-CASE-DEMO-0465,CSE-TELECOM-002,CSE-TELECOM-002-USR-01,case,CASE-DEMO-0465,handler
L-CASE-DEMO-0466,CSE-POWER-002,CSE-POWER-002-USR-01,case,CASE-DEMO-0466,handler
L-CASE-DEMO-0467,CSE-FINANCE-001,CSE-FINANCE-001-USR-01,case,CASE-DEMO-0467,handler
L-CASE-DEMO-0468,CSE-TELECOM-001,CSE-TELECOM-001-USR-01,case,CASE-DEMO-0468,handler
L-CASE-DEMO-0469,CSE-POWER-001,CSE-POWER-001-USR-01,case,CASE-DEMO-0469,handler
L-CASE-DEMO-0470,CSE-FINANCE-002,CSE-FINANCE-002-USR-01,case,CASE-DEMO-0470,handler
L-CASE-DEMO-0471,CSE-TELECOM-002,CSE-TELECOM-002-USR-01,case,CASE-DEMO-0471,handler
L-CASE-DEMO-0472,CSE-POWER-002,CSE-POWER-002-USR-01,case,CASE-DEMO-0472,handler
L-CASE-DEMO-0473,CSE-FINANCE-001,CSE-FINANCE-001-USR-01,case,CASE-DEMO-0473,handler
L-CASE-DEMO-0474,CSE-TELECOM-001,CSE-TELECOM-001-USR-01,case,CASE-DEMO-0474,handler
L-CASE-DEMO-0475,CSE-POWER-001,CSE-POWER-001-USR-01,case,CASE-DEMO-0475,handler
L-CASE-DEMO-0476,CSE-FINANCE-002,CSE-FINANCE-002-USR-01,case,CASE-DEMO-0476,handler
L-CASE-DEMO-0477,CSE-TELECOM-002,CSE-TELECOM-002-USR-01,case,CASE-DEMO-0477,handler
L-CASE-DEMO-0478,CSE-POWER-002,CSE-POWER-002-USR-01,case,CASE-DEMO-0478,handler
L-CASE-DEMO-0479,CSE-FINANCE-001,CSE-FINANCE-001-USR-01,case,CASE-DEMO-0479,handler
L-CASE-DEMO-0480,CSE-TELECOM-001,CSE-TELECOM-001-USR-01,case,CASE-DEMO-0480,handler
L-CASE-DEMO-0481,CSE-POWER-001,CSE-POWER-001-USR-01,case,CASE-DEMO-0481,handler
L-CASE-DEMO-0482,CSE-FINANCE-002,CSE-FINANCE-002-USR-01,case,CASE-DEMO-0482,handler
L-CASE-DEMO-0483,CSE-TELECOM-002,CSE-TELECOM-002-USR-01,case,CASE-DEMO-0483,handler
L-CASE-DEMO-0484,CSE-POWER-002,CSE-POWER-002-USR-01,case,CASE-DEMO-0484,handler
L-CASE-DEMO-0485,CSE-FINANCE-001,CSE-FINANCE-001-USR-01,case,CASE-DEMO-0485,handler
L-CASE-DEMO-0486,CSE-TELECOM-001,CSE-TELECOM-001-USR-01,case,CASE-DEMO-0486,handler
L-CASE-DEMO-0487,CSE-POWER-001,CSE-POWER-001-USR-01,case,CASE-DEMO-0487,handler
L-CASE-DEMO-0488,CSE-FINANCE-002,CSE-FINANCE-002-USR-01,case,CASE-DEMO-0488,handler
L-CASE-DEMO-0489,CSE-TELECOM-002,CSE-TELECOM-002-USR-01,case,CASE-DEMO-0489,handler
L-CASE-DEMO-0490,CSE-POWER-002,CSE-POWER-002-USR-01,case,CASE-DEMO-0490,handler
L-CASE-DEMO-0491,CSE-FINANCE-001,CSE-FINANCE-001-USR-01,case,CASE-DEMO-0491,handler
L-CASE-DEMO-0492,CSE-TELECOM-001,CSE-TELECOM-001-USR-01,case,CASE-DEMO-0492,handler
L-CASE-DEMO-0493,CSE-POWER-001,CSE-POWER-001-USR-01,case,CASE-DEMO-0493,handler
L-CASE-DEMO-0494,CSE-FINANCE-002,CSE-FINANCE-002-USR-01,case,CASE-DEMO-0494,handler
L-CASE-DEMO-0495,CSE-TELECOM-002,CSE-TELECOM-002-USR-01,case,CASE-DEMO-0495,handler
L-CASE-DEMO-0496,CSE-POWER-002,CSE-POWER-002-USR-01,case,CASE-DEMO-0496,handler
L-CASE-DEMO-0497,CSE-FINANCE-001,CSE-FINANCE-001-USR-01,case,CASE-DEMO-0497,handler
L-CASE-DEMO-0498,CSE-TELECOM-001,CSE-TELECOM-001-USR-01,case,CASE-DEMO-0498,handler
L-CASE-DEMO-0499,CSE-POWER-001,CSE-POWER-001-USR-01,case,CASE-DEMO-0499,handler
L-CASE-DEMO-0500,CSE-FINANCE-002,CSE-FINANCE-002-USR-01,case,CASE-DEMO-0500,handler
L-CASE-DEMO-0501,CSE-TELECOM-002,CSE-TELECOM-002-USR-01,case,CASE-DEMO-0501,handler
L-CASE-DEMO-0502,CSE-POWER-002,CSE-POWER-002-USR-01,case,CASE-DEMO-0502,handler
L-CASE-DEMO-0503,CSE-FINANCE-001,CSE-FINANCE-001-USR-01,case,CASE-DEMO-0503,handler
L-CASE-DEMO-0504,CSE-TELECOM-001,CSE-TELECOM-001-USR-01,case,CASE-DEMO-0504,handler
L-CASE-DEMO-0505,CSE-POWER-001,CSE-POWER-001-USR-01,case,CASE-DEMO-0505,handler
L-CASE-DEMO-0506,CSE-FINANCE-002,CSE-FINANCE-002-USR-01,case,CASE-DEMO-0506,handler
L-CASE-DEMO-0507,CSE-TELECOM-002,CSE-TELECOM-002-USR-01,case,CASE-DEMO-0507,handler
L-CASE-DEMO-0508,CSE-POWER-002,CSE-POWER-002-USR-01,case,CASE-DEMO-0508,handler
L-CASE-DEMO-0509,CSE-FINANCE-001,CSE-FINANCE-001-USR-01,case,CASE-DEMO-0509,handler
L-CASE-DEMO-0510,CSE-TELECOM-001,CSE-TELECOM-001-USR-01,case,CASE-DEMO-0510,handler
L-CASE-DEMO-0511,CSE-POWER-001,CSE-POWER-001-USR-01,case,CASE-DEMO-0511,handler
L-CASE-DEMO-0512,CSE-FINANCE-002,CSE-FINANCE-002-USR-01,case,CASE-DEMO-0512,handler
L-CASE-DEMO-0513,CSE-TELECOM-002,CSE-TELECOM-002-USR-01,case,CASE-DEMO-0513,handler
L-CASE-DEMO-0514,CSE-POWER-002,CSE-POWER-002-USR-01,case,CASE-DEMO-0514,handler
L-CASE-DEMO-0515,CSE-FINANCE-001,CSE-FINANCE-001-USR-01,case,CASE-DEMO-0515,handler
L-CASE-DEMO-0516,CSE-TELECOM-001,CSE-TELECOM-001-USR-01,case,CASE-DEMO-0516,handler
L-CASE-DEMO-0517,CSE-POWER-001,CSE-POWER-001-USR-01,case,CASE-DEMO-0517,handler
L-CASE-DEMO-0518,CSE-FINANCE-002,CSE-FINANCE-002-USR-01,case,CASE-DEMO-0518,handler
L-CASE-DEMO-0519,CSE-TELECOM-002,CSE-TELECOM-002-USR-01,case,CASE-DEMO-0519,handler
L-CASE-DEMO-0520,CSE-POWER-002,CSE-POWER-002-USR-01,case,CASE-DEMO-0520,handler
L-CASE-DEMO-0521,CSE-FINANCE-001,CSE-FINANCE-001-USR-01,case,CASE-DEMO-0521,handler
L-CASE-DEMO-0522,CSE-TELECOM-001,CSE-TELECOM-001-USR-01,case,CASE-DEMO-0522,handler
L-CASE-DEMO-0523,CSE-POWER-001,CSE-POWER-001-USR-01,case,CASE-DEMO-0523,handler
L-CASE-DEMO-0524,CSE-FINANCE-002,CSE-FINANCE-002-USR-01,case,CASE-DEMO-0524,handler
L-CASE-DEMO-0525,CSE-TELECOM-002,CSE-TELECOM-002-USR-01,case,CASE-DEMO-0525,handler
L-CASE-DEMO-0526,CSE-POWER-002,CSE-POWER-002-USR-01,case,CASE-DEMO-0526,handler
L-CASE-DEMO-0527,CSE-FINANCE-001,CSE-FINANCE-001-USR-01,case,CASE-DEMO-0527,handler
L-CASE-DEMO-0528,CSE-TELECOM-001,CSE-TELECOM-001-USR-01,case,CASE-DEMO-0528,handler
L-CASE-DEMO-0529,CSE-POWER-001,CSE-POWER-001-USR-01,case,CASE-DEMO-0529,handler
L-CASE-DEMO-0530,CSE-FINANCE-002,CSE-FINANCE-002-USR-01,case,CASE-DEMO-0530,handler
L-CASE-DEMO-0531,CSE-TELECOM-002,CSE-TELECOM-002-USR-01,case,CASE-DEMO-0531,handler
L-CASE-DEMO-0532,CSE-POWER-002,CSE-POWER-002-USR-01,case,CASE-DEMO-0532,handler
L-CASE-DEMO-0533,CSE-FINANCE-001,CSE-FINANCE-001-USR-01,case,CASE-DEMO-0533,handler
L-CASE-DEMO-0534,CSE-TELECOM-001,CSE-TELECOM-001-USR-01,case,CASE-DEMO-0534,handler
L-CASE-DEMO-0535,CSE-POWER-001,CSE-POWER-001-USR-01,case,CASE-DEMO-0535,handler
L-CASE-DEMO-0536,CSE-FINANCE-002,CSE-FINANCE-002-USR-01,case,CASE-DEMO-0536,handler
L-CASE-DEMO-0537,CSE-TELECOM-002,CSE-TELECOM-002-USR-01,case,CASE-DEMO-0537,handler
L-CASE-DEMO-0538,CSE-POWER-002,CSE-POWER-002-USR-01,case,CASE-DEMO-0538,handler
L-CASE-DEMO-0539,CSE-FINANCE-001,CSE-FINANCE-001-USR-01,case,CASE-DEMO-0539,handler
L-CASE-DEMO-0540,CSE-TELECOM-001,CSE-TELECOM-001-USR-01,case,CASE-DEMO-0540,handler
L-CASE-DEMO-0541,CSE-POWER-001,CSE-POWER-001-USR-01,case,CASE-DEMO-0541,handler
L-CASE-DEMO-0542,CSE-FINANCE-002,CSE-FINANCE-002-USR-01,case,CASE-DEMO-0542,handler
L-CASE-DEMO-0543,CSE-TELECOM-002,CSE-TELECOM-002-USR-01,case,CASE-DEMO-0543,handler
L-CASE-DEMO-0544,CSE-POWER-002,CSE-POWER-002-USR-01,case,CASE-DEMO-0544,handler
L-CASE-DEMO-0545,CSE-FINANCE-001,CSE-FINANCE-001-USR-01,case,CASE-DEMO-0545,handler
L-CASE-DEMO-0546,CSE-TELECOM-001,CSE-TELECOM-001-USR-01,case,CASE-DEMO-0546,handler
L-CASE-DEMO-0547,CSE-POWER-001,CSE-POWER-001-USR-01,case,CASE-DEMO-0547,handler
L-CASE-DEMO-0548,CSE-FINANCE-002,CSE-FINANCE-002-USR-01,case,CASE-DEMO-0548,handler
L-CASE-DEMO-0549,CSE-TELECOM-002,CSE-TELECOM-002-USR-01,case,CASE-DEMO-0549,handler
L-CASE-DEMO-0550,CSE-POWER-002,CSE-POWER-002-USR-01,case,CASE-DEMO-0550,handler
L-CASE-DEMO-0551,CSE-FINANCE-001,CSE-FINANCE-001-USR-01,case,CASE-DEMO-0551,handler
L-CASE-DEMO-0552,CSE-TELECOM-001,CSE-TELECOM-001-USR-01,case,CASE-DEMO-0552,handler
L-CASE-DEMO-0553,CSE-POWER-001,CSE-POWER-001-USR-01,case,CASE-DEMO-0553,handler
L-CASE-DEMO-0554,CSE-FINANCE-002,CSE-FINANCE-002-USR-01,case,CASE-DEMO-0554,handler
L-CASE-DEMO-0555,CSE-TELECOM-002,CSE-TELECOM-002-USR-01,case,CASE-DEMO-0555,handler
L-CASE-DEMO-0556,CSE-POWER-002,CSE-POWER-002-USR-01,case,CASE-DEMO-0556,handler
L-CASE-DEMO-0557,CSE-FINANCE-001,CSE-FINANCE-001-USR-01,case,CASE-DEMO-0557,handler
L-CASE-DEMO-0558,CSE-TELECOM-001,CSE-TELECOM-001-USR-01,case,CASE-DEMO-0558,handler
L-CASE-DEMO-0559,CSE-POWER-001,CSE-POWER-001-USR-01,case,CASE-DEMO-0559,handler
L-CASE-DEMO-0560,CSE-FINANCE-002,CSE-FINANCE-002-USR-01,case,CASE-DEMO-0560,handler
L-CASE-DEMO-0561,CSE-TELECOM-002,CSE-TELECOM-002-USR-01,case,CASE-DEMO-0561,handler
L-CASE-DEMO-0562,CSE-POWER-002,CSE-POWER-002-USR-01,case,CASE-DEMO-0562,handler
L-CASE-DEMO-0563,CSE-FINANCE-001,CSE-FINANCE-001-USR-01,case,CASE-DEMO-0563,handler
L-CASE-DEMO-0564,CSE-TELECOM-001,CSE-TELECOM-001-USR-01,case,CASE-DEMO-0564,handler
L-CASE-DEMO-0565,CSE-POWER-001,CSE-POWER-001-USR-01,case,CASE-DEMO-0565,handler
L-CASE-DEMO-0566,CSE-FINANCE-002,CSE-FINANCE-002-USR-01,case,CASE-DEMO-0566,handler
L-CASE-DEMO-0567,CSE-TELECOM-002,CSE-TELECOM-002-USR-01,case,CASE-DEMO-0567,handler
L-CASE-DEMO-0568,CSE-POWER-002,CSE-POWER-002-USR-01,case,CASE-DEMO-0568,handler
L-CASE-DEMO-0569,CSE-FINANCE-001,CSE-FINANCE-001-USR-01,case,CASE-DEMO-0569,handler
L-CASE-DEMO-0570,CSE-TELECOM-001,CSE-TELECOM-001-USR-01,case,CASE-DEMO-0570,handler
L-CASE-DEMO-0571,CSE-POWER-001,CSE-POWER-001-USR-01,case,CASE-DEMO-0571,handler
L-CASE-DEMO-0572,CSE-FINANCE-002,CSE-FINANCE-002-USR-01,case,CASE-DEMO-0572,handler
L-CASE-DEMO-0573,CSE-TELECOM-002,CSE-TELECOM-002-USR-01,case,CASE-DEMO-0573,handler
L-CASE-DEMO-0574,CSE-POWER-002,CSE-POWER-002-USR-01,case,CASE-DEMO-0574,handler
L-CASE-DEMO-0575,CSE-FINANCE-001,CSE-FINANCE-001-USR-01,case,CASE-DEMO-0575,handler
L-CASE-DEMO-0576,CSE-TELECOM-001,CSE-TELECOM-001-USR-01,case,CASE-DEMO-0576,handler
L-CASE-DEMO-0577,CSE-POWER-001,CSE-POWER-001-USR-01,case,CASE-DEMO-0577,handler
L-CASE-DEMO-0578,CSE-FINANCE-002,CSE-FINANCE-002-USR-01,case,CASE-DEMO-0578,handler
L-CASE-DEMO-0579,CSE-TELECOM-002,CSE-TELECOM-002-USR-01,case,CASE-DEMO-0579,handler
L-CASE-DEMO-0580,CSE-POWER-002,CSE-POWER-002-USR-01,case,CASE-DEMO-0580,handler
L-CASE-DEMO-0581,CSE-FINANCE-001,CSE-FINANCE-001-USR-01,case,CASE-DEMO-0581,handler
L-CASE-DEMO-0582,CSE-TELECOM-001,CSE-TELECOM-001-USR-01,case,CASE-DEMO-0582,handler
L-CASE-DEMO-0583,CSE-POWER-001,CSE-POWER-001-USR-01,case,CASE-DEMO-0583,handler
L-CASE-DEMO-0584,CSE-FINANCE-002,CSE-FINANCE-002-USR-01,case,CASE-DEMO-0584,handler
L-CASE-DEMO-0585,CSE-TELECOM-002,CSE-TELECOM-002-USR-01,case,CASE-DEMO-0585,handler
L-CASE-DEMO-0586,CSE-POWER-002,CSE-POWER-002-USR-01,case,CASE-DEMO-0586,handler
L-CASE-DEMO-0587,CSE-FINANCE-001,CSE-FINANCE-001-USR-01,case,CASE-DEMO-0587,handler
L-CASE-DEMO-0588,CSE-TELECOM-001,CSE-TELECOM-001-USR-01,case,CASE-DEMO-0588,handler
L-CASE-DEMO-0589,CSE-POWER-001,CSE-POWER-001-USR-01,case,CASE-DEMO-0589,handler
L-CASE-DEMO-0590,CSE-FINANCE-002,CSE-FINANCE-002-USR-01,case,CASE-DEMO-0590,handler
L-CASE-DEMO-0591,CSE-TELECOM-002,CSE-TELECOM-002-USR-01,case,CASE-DEMO-0591,handler
L-CASE-DEMO-0592,CSE-POWER-002,CSE-POWER-002-USR-01,case,CASE-DEMO-0592,handler
L-CASE-DEMO-0593,CSE-FINANCE-001,CSE-FINANCE-001-USR-01,case,CASE-DEMO-0593,handler
L-CASE-DEMO-0594,CSE-TELECOM-001,CSE-TELECOM-001-USR-01,case,CASE-DEMO-0594,handler
L-CASE-DEMO-0595,CSE-POWER-001,CSE-POWER-001-USR-01,case,CASE-DEMO-0595,handler
L-CASE-DEMO-0596,CSE-FINANCE-002,CSE-FINANCE-002-USR-01,case,CASE-DEMO-0596,handler
L-CASE-DEMO-0597,CSE-TELECOM-002,CSE-TELECOM-002-USR-01,case,CASE-DEMO-0597,handler
L-CASE-DEMO-0598,CSE-POWER-002,CSE-POWER-002-USR-01,case,CASE-DEMO-0598,handler
L-CASE-DEMO-0599,CSE-FINANCE-001,CSE-FINANCE-001-USR-01,case,CASE-DEMO-0599,handler
L-CASE-DEMO-0600,CSE-TELECOM-001,CSE-TELECOM-001-USR-01,case,CASE-DEMO-0600,handler
