record_id,cse_id,asset_id,source_id,day,event_count,heartbeat_count,reporting_state
T-CSE-POWER-001-A001-2026-06-03,CSE-POWER-001,CSE-POWER-001-A001,identity-logs,2026-06-03,26,1,reported
T-CSE-POWER-001-A001-2026-06-04,CSE-POWER-001,CSE-POWER-001-A001,identity-logs,2026-06-04,15,1,reported
T-CSE-POWER-001-A001-2026-06-05,CSE-POWER-001,CSE-POWER-001-A001,identity-logs,2026-06-05,47,1,reported
T-CSE-POWER-001-A001-2026-06-06,CSE-POWER-001,CSE-POWER-001-A001,identity-logs,2026-06-06,43,1,reported
T-CSE-POWER-001-A001-2026-06-07,CSE-POWER-001,CSE-POWER-001-A001,identity-logs,2026-06-07,40,1,reported
T-CSE-POWER-001-A001-2026-06-08,CSE-POWER-001,CSE-POWER-001-A001,identity-logs,2026-06-08,29,1,reported
T-CSE-POWER-001-A001-2026-06-09,CSE-POWER-001,CSE-POWER-001-A001,identity-logs,2026-06-09,25,1,reported
T-CSE-POWER-001-A001-2026-06-10,CSE-POWER-001,CSE-POWER-001-A001,identity-logs,2026-06-10,81,1,reported
T-CSE-POWER-001-A001-2026-06-11,CSE-POWER-001,CSE-POWER-001-A001,identity-logs,2026-06-11,23,1,reported
T-CSE-POWER-001-A001-2026-06-12,CSE-POWER-001,CSE-POWER-001-A001,identity-logs,2026-06-12,87,1,reported
T-CSE-POWER-001-A001-2026-06-13,CSE-POWER-001,CSE-POWER-001-A001,identity-logs,2026-06-13,66,1,reported
T-CSE-POWER-001-A001-2026-06-14,CSE-POWER-001,CSE-POWER-001-A001,identity-logs,2026-06-14,16,1,reported
T-CSE-POWER-001-A001-2026-06-15,CSE-POWER-001,CSE-POWER-001-A001,identity-logs,2026-06-15,15,1,reported
T-CSE-POWER-001-A001-2026-06-16,CSE-POWER-001,CSE-POWER-001-A001,identity-logs,2026-06-16,23,1,reported
T-CSE-POWER-001-A001-2026-06-17,CSE-POWER-001,CSE-POWER-001-A001,identity-logs,2026-06-17,39,1,reported
T-CSE-POWER-001-A001-2026-06-18,CSE-POWER-001,CSE-POWER-001-A001,identity-logs,2026-06-18,41,1,reported
T-CSE-POWER-001-A001-2026-06-19,CSE-POWER-001,CSE-POWER-001-A001,identity-logs,2026-06-19,76,1,reported
T-CSE-POWER-001-A001-2026-06-20,CSE-POWER-001,CSE-POWER-001-A001,identity-logs,2026-06-20,89,1,reported
T-CSE-POWER-001-A001-2026-06-21,CSE-POWER-001,CSE-POWER-001-A001,identity-logs,2026-06-21,15,1,reported
T-CSE-POWER-001-A001-2026-06-22,CSE-POWER-001,CSE-POWER-001-A001,identity-logs,2026-06-22,83,1,reported
T-CSE-POWER-001-A001-2026-06-23,CSE-POWER-001,CSE-POWER-001-A001,identity-logs,2026-06-23,37,1,reported
T-CSE-POWER-001-A001-2026-06-24,CSE-POWER-001,CSE-POWER-001-A001,identity-logs,2026-06-24,81,1,reported
T-CSE-POWER-001-A001-2026-06-25,CSE-POWER-001,CSE-POWER-001-A001,identity-logs,2026-06-25,65,1,reported
T-CSE-POWER-001-A001-2026-06-26,CSE-POWER-001,CSE-POWER-001-A001,identity-logs,2026-06-26,40,1,reported
T-CSE-POWER-001-A001-2026-06-27,CSE-POWER-001,CSE-POWER-001-A001,identity-logs,2026-06-27,69,1,reported
T-CSE-POWER-001-A001-2026-06-28,CSE-POWER-001,CSE-POWER-001-A001,identity-logs,2026-06-28,87,1,reported
T-CSE-POWER-001-A001-2026-06-29,CSE-POWER-001,CSE-POWER-001-A001,identity-logs,2026-06-29,47,1,reported
T-CSE-POWER-001-A001-2026-06-30,CSE-POWER-001,CSE-POWER-001-A001,identity-logs,2026-06-30,12,1,reported
T-CSE-POWER-001-A001-2026-07-01,CSE-POWER-001,CSE-POWER-001-A001,identity-logs,2026-07-01,32,1,reported
T-CSE-POWER-001-A001-2026-07-02,CSE-POWER-001,CSE-POWER-001-A001,identity-logs,2026-07-02,66,1,reported
T-CSE-POWER-001-A001-2026-07-03,CSE-POWER-001,CSE-POWER-001-A001,identity-logs,2026-07-03,55,1,reported
T-CSE-POWER-001-A001-2026-07-04,CSE-POWER-001,CSE-POWER-001-A001,identity-logs,2026-07-04,47,1,reported
T-CSE-POWER-001-A001-2026-07-05,CSE-POWER-001,CSE-POWER-001-A001,identity-logs,2026-07-05,31,1,reported
T-CSE-POWER-001-A001-2026-07-06,CSE-POWER-001,CSE-POWER-001-A001,identity-logs,2026-07-06,39,1,reported
T-CSE-POWER-001-A001-2026-07-07,CSE-POWER-001,CSE-POWER-001-A001,identity-logs,2026-07-07,55,1,reported
T-CSE-POWER-001-A001-2026-07-08,CSE-POWER-001,CSE-POWER-001-A001,identity-logs,2026-07-08,25,1,reported
T-CSE-POWER-001-A001-2026-07-09,CSE-POWER-001,CSE-POWER-001-A001,identity-logs,2026-07-09,23,1,reported
T-CSE-POWER-001-A001-2026-07-10,CSE-POWER-001,CSE-POWER-001-A001,identity-logs,2026-07-10,60,1,reported
T-CSE-POWER-001-A001-2026-07-11,CSE-POWER-001,CSE-POWER-001-A001,identity-logs,2026-07-11,24,1,reported
T-CSE-POWER-001-A001-2026-07-12,CSE-POWER-001,CSE-POWER-001-A001,identity-logs,2026-07-12,57,1,reported
T-CSE-POWER-001-A001-2026-07-13,CSE-POWER-001,CSE-POWER-001-A001,identity-logs,2026-07-13,56,1,reported
T-CSE-POWER-001-A001-2026-07-14,CSE-POWER-001,CSE-POWER-001-A001,identity-logs,2026-07-14,89,1,reported
T-CSE-POWER-001-A001-2026-07-15,CSE-POWER-001,CSE-POWER-001-A001,identity-logs,2026-07-15,45,1,reported
T-CSE-POWER-001-A001-2026-07-16,CSE-POWER-001,CSE-POWER-001-A001,identity-logs,2026-07-16,17,1,reported
T-CSE-POWER-001-A001-2026-07-17,CSE-POWER-001,CSE-POWER-001-A001,identity-logs,2026-07-17,70,1,reported
T-CSE-POWER-001-A001-2026-07-18,CSE-POWER-001,CSE-POWER-001-A001,identity-logs,2026-07-18,80,1,reported
T-CSE-POWER-001-A001-2026-07-19,CSE-POWER-001,CSE-POWER-001-A001,identity-logs,2026-07-19,27,1,reported
T-CSE-POWER-001-A001-2026-07-20,CSE-POWER-001,CSE-POWER-001-A001,identity-logs,2026-07-20,60,1,reported
T-CSE-POWER-001-A001-2026-07-21,CSE-POWER-001,CSE-POWER-001-A001,identity-logs,2026-07-21,22,1,reported
T-CSE-POWER-001-A001-2026-07-22,CSE-POWER-001,CSE-POWER-001-A001,identity-logs,2026-07-22,82,1,reported
T-CSE-POWER-001-A001-2026-07-23,CSE-POWER-001,CSE-POWER-001-A001,identity-logs,2026-07-23,49,1,reported
T-CSE-POWER-001-A001-2026-07-24,CSE-POWER-001,CSE-POWER-001-A001,identity-logs,2026-07-24,58,1,reported
T-CSE-POWER-001-A001-2026-07-25,CSE-POWER-001,CSE-POWER-001-A001,identity-logs,2026-07-25,85,1,reported
T-CSE-POWER-001-A001-2026-07-26,CSE-POWER-001,CSE-POWER-001-A001,identity-logs,2026-07-26,36,1,reported
T-CSE-POWER-001-A001-2026-07-27,CSE-POWER-001,CSE-POWER-001-A001,identity-logs,2026-07-27,20,1,reported
T-CSE-POWER-001-A001-2026-07-28,CSE-POWER-001,CSE-POWER-001-A001,identity-logs,2026-07-28,17,1,reported
T-CSE-POWER-001-A001-2026-07-29,CSE-POWER-001,CSE-POWER-001-A001,identity-logs,2026-07-29,41,1,reported
T-CSE-POWER-001-A001-2026-07-30,CSE-POWER-001,CSE-POWER-001-A001,identity-logs,2026-07-30,49,1,reported
T-CSE-POWER-001-A001-2026-07-31,CSE-POWER-001,CSE-POWER-001-A001,identity-logs,2026-07-31,22,1,reported
T-CSE-POWER-001-A001-2026-08-01,CSE-POWER-001,CSE-POWER-001-A001,identity-logs,2026-08-01,41,1,reported
T-CSE-POWER-001-A001-2026-08-02,CSE-POWER-001,CSE-POWER-001-A001,identity-logs,2026-08-02,24,1,reported
T-CSE-POWER-001-A001-2026-08-03,CSE-POWER-001,CSE-POWER-001-A001,identity-logs,2026-08-03,60,1,reported
T-CSE-POWER-001-A001-2026-08-04,CSE-POWER-001,CSE-POWER-001-A001,identity-logs,2026-08-04,47,1,reported
T-CSE-POWER-001-A001-2026-08-05,CSE-POWER-001,CSE-POWER-001-A001,identity-logs,2026-08-05,70,1,reported
T-CSE-POWER-001-A001-2026-08-06,CSE-POWER-001,CSE-POWER-001-A001,identity-logs,2026-08-06,58,1,reported
T-CSE-POWER-001-A001-2026-08-07,CSE-POWER-001,CSE-POWER-001-A001,identity-logs,2026-08-07,32,1,reported
T-CSE-POWER-001-A001-2026-08-08,CSE-POWER-001,CSE-POWER-001-A001,identity-logs,2026-08-08,59,1,reported
T-CSE-POWER-001-A001-2026-08-09,CSE-POWER-001,CSE-POWER-001-A001,identity-logs,2026-08-09,57,1,reported
T-CSE-POWER-001-A001-2026-08-10,CSE-POWER-001,CSE-POWER-001-A001,identity-logs,2026-08-10,38,1,reported
T-CSE-POWER-001-A001-2026-08-11,CSE-POWER-001,CSE-POWER-001-A001,identity-logs,2026-08-11,46,1,reported
T-CSE-POWER-001-A001-2026-08-12,CSE-POWER-001,CSE-POWER-001-A001,identity-logs,2026-08-12,21,1,reported
T-CSE-POWER-001-A001-2026-08-13,CSE-POWER-001,CSE-POWER-001-A001,identity-logs,2026-08-13,89,1,reported
T-CSE-POWER-001-A001-2026-08-14,CSE-POWER-001,CSE-POWER-001-A001,identity-logs,2026-08-14,33,1,reported
T-CSE-POWER-001-A001-2026-08-15,CSE-POWER-001,CSE-POWER-001-A001,identity-logs,2026-08-15,80,1,reported
T-CSE-POWER-001-A001-2026-08-16,CSE-POWER-001,CSE-POWER-001-A001,identity-logs,2026-08-16,43,1,reported
T-CSE-POWER-001-A001-2026-08-17,CSE-POWER-001,CSE-POWER-001-A001,identity-logs,2026-08-17,32,1,reported
T-CSE-POWER-001-A001-2026-08-18,CSE-POWER-001,CSE-POWER-001-A001,identity-logs,2026-08-18,71,1,reported
T-CSE-POWER-001-A001-2026-08-19,CSE-POWER-001,CSE-POWER-001-A001,identity-logs,2026-08-19,60,1,reported
T-CSE-POWER-001-A001-2026-08-20,CSE-POWER-001,CSE-POWER-001-A001,identity-logs,2026-08-20,0,0,explicit_zero
T-CSE-POWER-001-A001-2026-08-21,CSE-POWER-001,CSE-POWER-001-A001,identity-logs,2026-08-21,0,0,explicit_zero
T-CSE-POWER-001-A001-2026-08-22,CSE-POWER-001,CSE-POWER-001-A001,identity-logs,2026-08-22,0,0,explicit_zero
T-CSE-POWER-001-A001-2026-08-23,CSE-POWER-001,CSE-POWER-001-A001,identity-logs,2026-08-23,0,0,explicit_zero
T-CSE-POWER-001-A001-2026-08-24,CSE-POWER-001,CSE-POWER-001-A001,identity-logs,2026-08-24,0,0,explicit_zero
T-CSE-POWER-001-A001-2026-08-25,CSE-POWER-001,CSE-POWER-001-A001,identity-logs,2026-08-25,0,0,explicit_zero
T-CSE-POWER-001-A001-2026-08-26,CSE-POWER-001,CSE-POWER-001-A001,identity-logs,2026-08-26,0,0,explicit_zero
T-CSE-POWER-001-A001-2026-08-27,CSE-POWER-001,CSE-POWER-001-A001,identity-logs,2026-08-27,0,0,explicit_zero
T-CSE-POWER-001-A001-2026-08-28,CSE-POWER-001,CSE-POWER-001-A001,identity-logs,2026-08-28,0,0,explicit_zero
T-CSE-POWER-001-A001-2026-08-29,CSE-POWER-001,CSE-POWER-001-A001,identity-logs,2026-08-29,0,0,explicit_zero
T-CSE-POWER-001-A001-2026-08-30,CSE-POWER-001,CSE-POWER-001-A001,identity-logs,2026-08-30,0,0,explicit_zero
T-CSE-POWER-001-A001-2026-08-31,CSE-POWER-001,CSE-POWER-001-A001,identity-logs,2026-08-31,0,0,explicit_zero
T-CSE-POWER-001-A002-2026-06-03,CSE-POWER-001,CSE-POWER-001-A002,endpoint-events,2026-06-03,46,1,reported
T-CSE-POWER-001-A002-2026-06-04,CSE-POWER-001,CSE-POWER-001-A002,endpoint-events,2026-06-04,83,1,reported
T-CSE-POWER-001-A002-2026-06-05,CSE-POWER-001,CSE-POWER-001-A002,endpoint-events,2026-06-05,40,1,reported
T-CSE-POWER-001-A002-2026-06-06,CSE-POWER-001,CSE-POWER-001-A002,endpoint-events,2026-06-06,53,1,reported
T-CSE-POWER-001-A002-2026-06-07,CSE-POWER-001,CSE-POWER-001-A002,endpoint-events,2026-06-07,19,1,reported
T-CSE-POWER-001-A002-2026-06-08,CSE-POWER-001,CSE-POWER-001-A002,endpoint-events,2026-06-08,41,1,reported
T-CSE-POWER-001-A002-2026-06-09,CSE-POWER-001,CSE-POWER-001-A002,endpoint-events,2026-06-09,16,1,reported
T-CSE-POWER-001-A002-2026-06-10,CSE-POWER-001,CSE-POWER-001-A002,endpoint-events,2026-06-10,52,1,reported
T-CSE-POWER-001-A002-2026-06-11,CSE-POWER-001,CSE-POWER-001-A002,endpoint-events,2026-06-11,63,1,reported
T-CSE-POWER-001-A002-2026-06-12,CSE-POWER-001,CSE-POWER-001-A002,endpoint-events,2026-06-12,46,1,reported
T-CSE-POWER-001-A002-2026-06-13,CSE-POWER-001,CSE-POWER-001-A002,endpoint-events,2026-06-13,20,1,reported
T-CSE-POWER-001-A002-2026-06-14,CSE-POWER-001,CSE-POWER-001-A002,endpoint-events,2026-06-14,39,1,reported
T-CSE-POWER-001-A002-2026-06-15,CSE-POWER-001,CSE-POWER-001-A002,endpoint-events,2026-06-15,84,1,reported
T-CSE-POWER-001-A002-2026-06-16,CSE-POWER-001,CSE-POWER-001-A002,endpoint-events,2026-06-16,52,1,reported
T-CSE-POWER-001-A002-2026-06-17,CSE-POWER-001,CSE-POWER-001-A002,endpoint-events,2026-06-17,39,1,reported
T-CSE-POWER-001-A002-2026-06-18,CSE-POWER-001,CSE-POWER-001-A002,endpoint-events,2026-06-18,75,1,reported
T-CSE-POWER-001-A002-2026-06-19,CSE-POWER-001,CSE-POWER-001-A002,endpoint-events,2026-06-19,62,1,reported
T-CSE-POWER-001-A002-2026-06-20,CSE-POWER-001,CSE-POWER-001-A002,endpoint-events,2026-06-20,70,1,reported
T-CSE-POWER-001-A002-2026-06-21,CSE-POWER-001,CSE-POWER-001-A002,endpoint-events,2026-06-21,30,1,reported
T-CSE-POWER-001-A002-2026-06-22,CSE-POWER-001,CSE-POWER-001-A002,endpoint-events,2026-06-22,45,1,reported
T-CSE-POWER-001-A002-2026-06-23,CSE-POWER-001,CSE-POWER-001-A002,endpoint-events,2026-06-23,29,1,reported
T-CSE-POWER-001-A002-2026-06-24,CSE-POWER-001,CSE-POWER-001-A002,endpoint-events,2026-06-24,43,1,reported
T-CSE-POWER-001-A002-2026-06-25,CSE-POWER-001,CSE-POWER-001-A002,endpoint-events,2026-06-25,83,1,reported
T-CSE-POWER-001-A002-2026-06-26,CSE-POWER-001,CSE-POWER-001-A002,endpoint-events,2026-06-26,80,1,reported
T-CSE-POWER-001-A002-2026-06-27,CSE-POWER-001,CSE-POWER-001-A002,endpoint-events,2026-06-27,45,1,reported
T-CSE-POWER-001-A002-2026-06-28,CSE-POWER-001,CSE-POWER-001-A002,endpoint-events,2026-06-28,86,1,reported
T-CSE-POWER-001-A002-2026-06-29,CSE-POWER-001,CSE-POWER-001-A002,endpoint-events,2026-06-29,66,1,reported
T-CSE-POWER-001-A002-2026-06-30,CSE-POWER-001,CSE-POWER-001-A002,endpoint-events,2026-06-30,86,1,reported
T-CSE-POWER-001-A002-2026-07-01,CSE-POWER-001,CSE-POWER-001-A002,endpoint-events,2026-07-01,63,1,reported
T-CSE-POWER-001-A002-2026-07-02,CSE-POWER-001,CSE-POWER-001-A002,endpoint-events,2026-07-02,58,1,reported
T-CSE-POWER-001-A002-2026-07-03,CSE-POWER-001,CSE-POWER-001-A002,endpoint-events,2026-07-03,40,1,reported
T-CSE-POWER-001-A002-2026-07-04,CSE-POWER-001,CSE-POWER-001-A002,endpoint-events,2026-07-04,29,1,reported
T-CSE-POWER-001-A002-2026-07-05,CSE-POWER-001,CSE-POWER-001-A002,endpoint-events,2026-07-05,77,1,reported
T-CSE-POWER-001-A002-2026-07-06,CSE-POWER-001,CSE-POWER-001-A002,endpoint-events,2026-07-06,75,1,reported
T-CSE-POWER-001-A002-2026-07-07,CSE-POWER-001,CSE-POWER-001-A002,endpoint-events,2026-07-07,23,1,reported
T-CSE-POWER-001-A002-2026-07-08,CSE-POWER-001,CSE-POWER-001-A002,endpoint-events,2026-07-08,18,1,reported
T-CSE-POWER-001-A002-2026-07-09,CSE-POWER-001,CSE-POWER-001-A002,endpoint-events,2026-07-09,26,1,reported
T-CSE-POWER-001-A002-2026-07-10,CSE-POWER-001,CSE-POWER-001-A002,endpoint-events,2026-07-10,31,1,reported
T-CSE-POWER-001-A002-2026-07-11,CSE-POWER-001,CSE-POWER-001-A002,endpoint-events,2026-07-11,32,1,reported
T-CSE-POWER-001-A002-2026-07-12,CSE-POWER-001,CSE-POWER-001-A002,endpoint-events,2026-07-12,66,1,reported
T-CSE-POWER-001-A002-2026-07-13,CSE-POWER-001,CSE-POWER-001-A002,endpoint-events,2026-07-13,88,1,reported
T-CSE-POWER-001-A002-2026-07-14,CSE-POWER-001,CSE-POWER-001-A002,endpoint-events,2026-07-14,20,1,reported
T-CSE-POWER-001-A002-2026-07-15,CSE-POWER-001,CSE-POWER-001-A002,endpoint-events,2026-07-15,61,1,reported
T-CSE-POWER-001-A002-2026-07-16,CSE-POWER-001,CSE-POWER-001-A002,endpoint-events,2026-07-16,60,1,reported
T-CSE-POWER-001-A002-2026-07-17,CSE-POWER-001,CSE-POWER-001-A002,endpoint-events,2026-07-17,88,1,reported
T-CSE-POWER-001-A002-2026-07-18,CSE-POWER-001,CSE-POWER-001-A002,endpoint-events,2026-07-18,71,1,reported
T-CSE-POWER-001-A002-2026-07-19,CSE-POWER-001,CSE-POWER-001-A002,endpoint-events,2026-07-19,79,1,reported
T-CSE-POWER-001-A002-2026-07-20,CSE-POWER-001,CSE-POWER-001-A002,endpoint-events,2026-07-20,44,1,reported
T-CSE-POWER-001-A002-2026-07-21,CSE-POWER-001,CSE-POWER-001-A002,endpoint-events,2026-07-21,82,1,reported
T-CSE-POWER-001-A002-2026-07-22,CSE-POWER-001,CSE-POWER-001-A002,endpoint-events,2026-07-22,13,1,reported
T-CSE-POWER-001-A002-2026-07-23,CSE-POWER-001,CSE-POWER-001-A002,endpoint-events,2026-07-23,26,1,reported
T-CSE-POWER-001-A002-2026-07-24,CSE-POWER-001,CSE-POWER-001-A002,endpoint-events,2026-07-24,80,1,reported
T-CSE-POWER-001-A002-2026-07-25,CSE-POWER-001,CSE-POWER-001-A002,endpoint-events,2026-07-25,46,1,reported
T-CSE-POWER-001-A002-2026-07-26,CSE-POWER-001,CSE-POWER-001-A002,endpoint-events,2026-07-26,55,1,reported
T-CSE-POWER-001-A002-2026-07-27,CSE-POWER-001,CSE-POWER-001-A002,endpoint-events,2026-07-27,26,1,reported
T-CSE-POWER-001-A002-2026-07-28,CSE-POWER-001,CSE-POWER-001-A002,endpoint-events,2026-07-28,49,1,reported
T-CSE-POWER-001-A002-2026-07-29,CSE-POWER-001,CSE-POWER-001-A002,endpoint-events,2026-07-29,67,1,reported
T-CSE-POWER-001-A002-2026-07-30,CSE-POWER-001,CSE-POWER-001-A002,endpoint-events,2026-07-30,32,1,reported
T-CSE-POWER-001-A002-2026-07-31,CSE-POWER-001,CSE-POWER-001-A002,endpoint-events,2026-07-31,70,1,reported
T-CSE-POWER-001-A002-2026-08-01,CSE-POWER-001,CSE-POWER-001-A002,endpoint-events,2026-08-01,12,1,reported
T-CSE-POWER-001-A002-2026-08-02,CSE-POWER-001,CSE-POWER-001-A002,endpoint-events,2026-08-02,45,1,reported
T-CSE-POWER-001-A002-2026-08-03,CSE-POWER-001,CSE-POWER-001-A002,endpoint-events,2026-08-03,76,1,reported
T-CSE-POWER-001-A002-2026-08-04,CSE-POWER-001,CSE-POWER-001-A002,endpoint-events,2026-08-04,34,1,reported
T-CSE-POWER-001-A002-2026-08-05,CSE-POWER-001,CSE-POWER-001-A002,endpoint-events,2026-08-05,76,1,reported
T-CSE-POWER-001-A002-2026-08-06,CSE-POWER-001,CSE-POWER-001-A002,endpoint-events,2026-08-06,25,1,reported
T-CSE-POWER-001-A002-2026-08-07,CSE-POWER-001,CSE-POWER-001-A002,endpoint-events,2026-08-07,50,1,reported
T-CSE-POWER-001-A002-2026-08-08,CSE-POWER-001,CSE-POWER-001-A002,endpoint-events,2026-08-08,76,1,reported
T-CSE-POWER-001-A002-2026-08-09,CSE-POWER-001,CSE-POWER-001-A002,endpoint-events,2026-08-09,89,1,reported
T-CSE-POWER-001-A002-2026-08-10,CSE-POWER-001,CSE-POWER-001-A002,endpoint-events,2026-08-10,37,1,reported
T-CSE-POWER-001-A002-2026-08-11,CSE-POWER-001,CSE-POWER-001-A002,endpoint-events,2026-08-11,31,1,reported
T-CSE-POWER-001-A002-2026-08-12,CSE-POWER-001,CSE-POWER-001-A002,endpoint-events,2026-08-12,59,1,reported
T-CSE-POWER-001-A002-2026-08-13,CSE-POWER-001,CSE-POWER-001-A002,endpoint-events,2026-08-13,32,1,reported
T-CSE-POWER-001-A002-2026-08-14,CSE-POWER-001,CSE-POWER-001-A002,endpoint-events,2026-08-14,81,1,reported
T-CSE-POWER-001-A002-2026-08-15,CSE-POWER-001,CSE-POWER-001-A002,endpoint-events,2026-08-15,79,1,reported
T-CSE-POWER-001-A002-2026-08-16,CSE-POWER-001,CSE-POWER-001-A002,endpoint-events,2026-08-16,12,1,reported
T-CSE-POWER-001-A002-2026-08-17,CSE-POWER-001,CSE-POWER-001-A002,endpoint-events,2026-08-17,88,1,reported
T-CSE-POWER-001-A002-2026-08-18,CSE-POWER-001,CSE-POWER-001-A002,endpoint-events,2026-08-18,53,1,reported
T-CSE-POWER-001-A002-2026-08-19,CSE-POWER-001,CSE-POWER-001-A002,endpoint-events,2026-08-19,74,1,reported
T-CSE-POWER-001-A002-2026-08-20,CSE-POWER-001,CSE-POWER-001-A002,endpoint-events,2026-08-20,14,1,reported
T-CSE-POWER-001-A002-2026-08-21,CSE-POWER-001,CSE-POWER-001-A002,endpoint-events,2026-08-21,26,1,reported
T-CSE-POWER-001-A002-2026-08-22,CSE-POWER-001,CSE-POWER-001-A002,endpoint-events,2026-08-22,58,1,reported
T-CSE-POWER-001-A002-2026-08-23,CSE-POWER-001,CSE-POWER-001-A002,endpoint-events,2026-08-23,51,1,reported
T-CSE-POWER-001-A002-2026-08-24,CSE-POWER-001,CSE-POWER-001-A002,endpoint-events,2026-08-24,0,0,approved_inactive
T-CSE-POWER-001-A002-2026-08-25,CSE-POWER-001,CSE-POWER-001-A002,endpoint-events,2026-08-25,0,0,approved_inactive
T-CSE-POWER-001-A002-2026-08-26,CSE-POWER-001,CSE-POWER-001-A002,endpoint-events,2026-08-26,0,0,approved_inactive
T-CSE-POWER-001-A002-2026-08-27,CSE-POWER-001,CSE-POWER-001-A002,endpoint-events,2026-08-27,0,0,approved_inactive
T-CSE-POWER-001-A002-2026-08-28,CSE-POWER-001,CSE-POWER-001-A002,endpoint-events,2026-08-28,0,0,approved_inactive
T-CSE-POWER-001-A002-2026-08-29,CSE-POWER-001,CSE-POWER-001-A002,endpoint-events,2026-08-29,42,1,reported
T-CSE-POWER-001-A002-2026-08-30,CSE-POWER-001,CSE-POWER-001-A002,endpoint-events,2026-08-30,19,1,reported
T-CSE-POWER-001-A002-2026-08-31,CSE-POWER-001,CSE-POWER-001-A002,endpoint-events,2026-08-31,42,1,reported
T-CSE-POWER-001-A003-2026-06-03,CSE-POWER-001,CSE-POWER-001-A003,identity-logs,2026-06-03,84,1,reported
T-CSE-POWER-001-A003-2026-06-04,CSE-POWER-001,CSE-POWER-001-A003,identity-logs,2026-06-04,22,1,reported
T-CSE-POWER-001-A003-2026-06-05,CSE-POWER-001,CSE-POWER-001-A003,identity-logs,2026-06-05,22,1,reported
T-CSE-POWER-001-A003-2026-06-06,CSE-POWER-001,CSE-POWER-001-A003,identity-logs,2026-06-06,74,1,reported
T-CSE-POWER-001-A003-2026-06-07,CSE-POWER-001,CSE-POWER-001-A003,identity-logs,2026-06-07,20,1,reported
T-CSE-POWER-001-A003-2026-06-08,CSE-POWER-001,CSE-POWER-001-A003,identity-logs,2026-06-08,80,1,reported
T-CSE-POWER-001-A003-2026-06-09,CSE-POWER-001,CSE-POWER-001-A003,identity-logs,2026-06-09,28,1,reported
T-CSE-POWER-001-A003-2026-06-10,CSE-POWER-001,CSE-POWER-001-A003,identity-logs,2026-06-10,28,1,reported
T-CSE-POWER-001-A003-2026-06-11,CSE-POWER-001,CSE-POWER-001-A003,identity-logs,2026-06-11,72,1,reported
T-CSE-POWER-001-A003-2026-06-12,CSE-POWER-001,CSE-POWER-001-A003,identity-logs,2026-06-12,82,1,reported
T-CSE-POWER-001-A003-2026-06-13,CSE-POWER-001,CSE-POWER-001-A003,identity-logs,2026-06-13,33,1,reported
T-CSE-POWER-001-A003-2026-06-14,CSE-POWER-001,CSE-POWER-001-A003,identity-logs,2026-06-14,45,1,reported
T-CSE-POWER-001-A003-2026-06-15,CSE-POWER-001,CSE-POWER-001-A003,identity-logs,2026-06-15,79,1,reported
T-CSE-POWER-001-A003-2026-06-16,CSE-POWER-001,CSE-POWER-001-A003,identity-logs,2026-06-16,89,1,reported
T-CSE-POWER-001-A003-2026-06-17,CSE-POWER-001,CSE-POWER-001-A003,identity-logs,2026-06-17,66,1,reported
T-CSE-POWER-001-A003-2026-06-18,CSE-POWER-001,CSE-POWER-001-A003,identity-logs,2026-06-18,39,1,reported
T-CSE-POWER-001-A003-2026-06-19,CSE-POWER-001,CSE-POWER-001-A003,identity-logs,2026-06-19,81,1,reported
T-CSE-POWER-001-A003-2026-06-20,CSE-POWER-001,CSE-POWER-001-A003,identity-logs,2026-06-20,37,1,reported
T-CSE-POWER-001-A003-2026-06-21,CSE-POWER-001,CSE-POWER-001-A003,identity-logs,2026-06-21,51,1,reported
T-CSE-POWER-001-A003-2026-06-22,CSE-POWER-001,CSE-POWER-001-A003,identity-logs,2026-06-22,63,1,reported
T-CSE-POWER-001-A003-2026-06-23,CSE-POWER-001,CSE-POWER-001-A003,identity-logs,2026-06-23,59,1,reported
T-CSE-POWER-001-A003-2026-06-24,CSE-POWER-001,CSE-POWER-001-A003,identity-logs,2026-06-24,68,1,reported
T-CSE-POWER-001-A003-2026-06-25,CSE-POWER-001,CSE-POWER-001-A003,identity-logs,2026-06-25,78,1,reported
T-CSE-POWER-001-A003-2026-06-26,CSE-POWER-001,CSE-POWER-001-A003,identity-logs,2026-06-26,69,1,reported
T-CSE-POWER-001-A003-2026-06-27,CSE-POWER-001,CSE-POWER-001-A003,identity-logs,2026-06-27,27,1,reported
T-CSE-POWER-001-A003-2026-06-28,CSE-POWER-001,CSE-POWER-001-A003,identity-logs,2026-06-28,43,1,reported
T-CSE-POWER-001-A003-2026-06-29,CSE-POWER-001,CSE-POWER-001-A003,identity-logs,2026-06-29,40,1,reported
T-CSE-POWER-001-A003-2026-06-30,CSE-POWER-001,CSE-POWER-001-A003,identity-logs,2026-06-30,20,1,reported
T-CSE-POWER-001-A003-2026-07-01,CSE-POWER-001,CSE-POWER-001-A003,identity-logs,2026-07-01,55,1,reported
T-CSE-POWER-001-A003-2026-07-02,CSE-POWER-001,CSE-POWER-001-A003,identity-logs,2026-07-02,14,1,reported
T-CSE-POWER-001-A003-2026-07-03,CSE-POWER-001,CSE-POWER-001-A003,identity-logs,2026-07-03,87,1,reported
T-CSE-POWER-001-A003-2026-07-04,CSE-POWER-001,CSE-POWER-001-A003,identity-logs,2026-07-04,82,1,reported
T-CSE-POWER-001-A003-2026-07-05,CSE-POWER-001,CSE-POWER-001-A003,identity-logs,2026-07-05,41,1,reported
T-CSE-POWER-001-A003-2026-07-06,CSE-POWER-001,CSE-POWER-001-A003,identity-logs,2026-07-06,87,1,reported
T-CSE-POWER-001-A003-2026-07-07,CSE-POWER-001,CSE-POWER-001-A003,identity-logs,2026-07-07,40,1,reported
T-CSE-POWER-001-A003-2026-07-08,CSE-POWER-001,CSE-POWER-001-A003,identity-logs,2026-07-08,12,1,reported
T-CSE-POWER-001-A003-2026-07-09,CSE-POWER-001,CSE-POWER-001-A003,identity-logs,2026-07-09,21,1,reported
T-CSE-POWER-001-A003-2026-07-10,CSE-POWER-001,CSE-POWER-001-A003,identity-logs,2026-07-10,19,1,reported
T-CSE-POWER-001-A003-2026-07-11,CSE-POWER-001,CSE-POWER-001-A003,identity-logs,2026-07-11,41,1,reported
T-CSE-POWER-001-A003-2026-07-12,CSE-POWER-001,CSE-POWER-001-A003,identity-logs,2026-07-12,20,1,reported
T-CSE-POWER-001-A003-2026-07-13,CSE-POWER-001,CSE-POWER-001-A003,identity-logs,2026-07-13,16,1,reported
T-CSE-POWER-001-A003-2026-07-14,CSE-POWER-001,CSE-POWER-001-A003,identity-logs,2026-07-14,54,1,reported
T-CSE-POWER-001-A003-2026-07-15,CSE-POWER-001,CSE-POWER-001-A003,identity-logs,2026-07-15,21,1,reported
T-CSE-POWER-001-A003-2026-07-16,CSE-POWER-001,CSE-POWER-001-A003,identity-logs,2026-07-16,77,1,reported
T-CSE-POWER-001-A003-2026-07-17,CSE-POWER-001,CSE-POWER-001-A003,identity-logs,2026-07-17,42,1,reported
T-CSE-POWER-001-A003-2026-07-18,CSE-POWER-001,CSE-POWER-001-A003,identity-logs,2026-07-18,47,1,reported
T-CSE-POWER-001-A003-2026-07-19,CSE-POWER-001,CSE-POWER-001-A003,identity-logs,2026-07-19,74,1,reported
T-CSE-POWER-001-A003-2026-07-20,CSE-POWER-001,CSE-POWER-001-A003,identity-logs,2026-07-20,39,1,reported
T-CSE-POWER-001-A003-2026-07-21,CSE-POWER-001,CSE-POWER-001-A003,identity-logs,2026-07-21,81,1,reported
T-CSE-POWER-001-A003-2026-07-22,CSE-POWER-001,CSE-POWER-001-A003,identity-logs,2026-07-22,28,1,reported
T-CSE-POWER-001-A003-2026-07-23,CSE-POWER-001,CSE-POWER-001-A003,identity-logs,2026-07-23,85,1,reported
T-CSE-POWER-001-A003-2026-07-24,CSE-POWER-001,CSE-POWER-001-A003,identity-logs,2026-07-24,85,1,reported
T-CSE-POWER-001-A003-2026-07-25,CSE-POWER-001,CSE-POWER-001-A003,identity-logs,2026-07-25,72,1,reported
T-CSE-POWER-001-A003-2026-07-26,CSE-POWER-001,CSE-POWER-001-A003,identity-logs,2026-07-26,43,1,reported
T-CSE-POWER-001-A003-2026-07-27,CSE-POWER-001,CSE-POWER-001-A003,identity-logs,2026-07-27,72,1,reported
T-CSE-POWER-001-A003-2026-07-28,CSE-POWER-001,CSE-POWER-001-A003,identity-logs,2026-07-28,64,1,reported
T-CSE-POWER-001-A003-2026-07-29,CSE-POWER-001,CSE-POWER-001-A003,identity-logs,2026-07-29,36,1,reported
T-CSE-POWER-001-A003-2026-07-30,CSE-POWER-001,CSE-POWER-001-A003,identity-logs,2026-07-30,24,1,reported
T-CSE-POWER-001-A003-2026-07-31,CSE-POWER-001,CSE-POWER-001-A003,identity-logs,2026-07-31,24,1,reported
T-CSE-POWER-001-A003-2026-08-01,CSE-POWER-001,CSE-POWER-001-A003,identity-logs,2026-08-01,67,1,reported
T-CSE-POWER-001-A003-2026-08-02,CSE-POWER-001,CSE-POWER-001-A003,identity-logs,2026-08-02,57,1,reported
T-CSE-POWER-001-A003-2026-08-03,CSE-POWER-001,CSE-POWER-001-A003,identity-logs,2026-08-03,66,1,reported
T-CSE-POWER-001-A003-2026-08-04,CSE-POWER-001,CSE-POWER-001-A003,identity-logs,2026-08-04,64,1,reported
T-CSE-POWER-001-A003-2026-08-05,CSE-POWER-001,CSE-POWER-001-A003,identity-logs,2026-08-05,71,1,reported
T-CSE-POWER-001-A003-2026-08-06,CSE-POWER-001,CSE-POWER-001-A003,identity-logs,2026-08-06,18,1,reported
T-CSE-POWER-001-A003-2026-08-07,CSE-POWER-001,CSE-POWER-001-A003,identity-logs,2026-08-07,24,1,reported
T-CSE-POWER-001-A003-2026-08-08,CSE-POWER-001,CSE-POWER-001-A003,identity-logs,2026-08-08,19,1,reported
T-CSE-POWER-001-A003-2026-08-09,CSE-POWER-001,CSE-POWER-001-A003,identity-logs,2026-08-09,63,1,reported
T-CSE-POWER-001-A003-2026-08-10,CSE-POWER-001,CSE-POWER-001-A003,identity-logs,2026-08-10,55,1,reported
T-CSE-POWER-001-A003-2026-08-11,CSE-POWER-001,CSE-POWER-001-A003,identity-logs,2026-08-11,25,1,reported
T-CSE-POWER-001-A003-2026-08-12,CSE-POWER-001,CSE-POWER-001-A003,identity-logs,2026-08-12,43,1,reported
T-CSE-POWER-001-A003-2026-08-13,CSE-POWER-001,CSE-POWER-001-A003,identity-logs,2026-08-13,36,1,reported
T-CSE-POWER-001-A003-2026-08-14,CSE-POWER-001,CSE-POWER-001-A003,identity-logs,2026-08-14,36,1,reported
T-CSE-POWER-001-A003-2026-08-15,CSE-POWER-001,CSE-POWER-001-A003,identity-logs,2026-08-15,80,1,reported
T-CSE-POWER-001-A003-2026-08-16,CSE-POWER-001,CSE-POWER-001-A003,identity-logs,2026-08-16,69,1,reported
T-CSE-POWER-001-A003-2026-08-17,CSE-POWER-001,CSE-POWER-001-A003,identity-logs,2026-08-17,29,1,reported
T-CSE-POWER-001-A003-2026-08-18,CSE-POWER-001,CSE-POWER-001-A003,identity-logs,2026-08-18,66,1,reported
T-CSE-POWER-001-A003-2026-08-19,CSE-POWER-001,CSE-POWER-001-A003,identity-logs,2026-08-19,35,1,reported
T-CSE-POWER-001-A003-2026-08-20,CSE-POWER-001,CSE-POWER-001-A003,identity-logs,2026-08-20,47,1,reported
T-CSE-POWER-001-A003-2026-08-21,CSE-POWER-001,CSE-POWER-001-A003,identity-logs,2026-08-21,71,1,reported
T-CSE-POWER-001-A003-2026-08-22,CSE-POWER-001,CSE-POWER-001-A003,identity-logs,2026-08-22,43,1,reported
T-CSE-POWER-001-A003-2026-08-23,CSE-POWER-001,CSE-POWER-001-A003,identity-logs,2026-08-23,21,1,reported
T-CSE-POWER-001-A003-2026-08-24,CSE-POWER-001,CSE-POWER-001-A003,identity-logs,2026-08-24,68,1,reported
T-CSE-POWER-001-A003-2026-08-25,CSE-POWER-001,CSE-POWER-001-A003,identity-logs,2026-08-25,82,1,reported
T-CSE-POWER-001-A003-2026-08-26,CSE-POWER-001,CSE-POWER-001-A003,identity-logs,2026-08-26,24,1,reported
T-CSE-POWER-001-A003-2026-08-27,CSE-POWER-001,CSE-POWER-001-A003,identity-logs,2026-08-27,18,1,reported
T-CSE-POWER-001-A003-2026-08-28,CSE-POWER-001,CSE-POWER-001-A003,identity-logs,2026-08-28,81,1,reported
T-CSE-POWER-001-A003-2026-08-29,CSE-POWER-001,CSE-POWER-001-A003,identity-logs,2026-08-29,13,1,reported
T-CSE-POWER-001-A003-2026-08-30,CSE-POWER-001,CSE-POWER-001-A003,identity-logs,2026-08-30,23,1,reported
T-CSE-POWER-001-A003-2026-08-31,CSE-POWER-001,CSE-POWER-001-A003,identity-logs,2026-08-31,42,1,reported
T-CSE-POWER-001-A004-2026-06-03,CSE-POWER-001,CSE-POWER-001-A004,endpoint-events,2026-06-03,33,1,reported
T-CSE-POWER-001-A004-2026-06-04,CSE-POWER-001,CSE-POWER-001-A004,endpoint-events,2026-06-04,64,1,reported
T-CSE-POWER-001-A004-2026-06-05,CSE-POWER-001,CSE-POWER-001-A004,endpoint-events,2026-06-05,74,1,reported
T-CSE-POWER-001-A004-2026-06-06,CSE-POWER-001,CSE-POWER-001-A004,endpoint-events,2026-06-06,73,1,reported
T-CSE-POWER-001-A004-2026-06-07,CSE-POWER-001,CSE-POWER-001-A004,endpoint-events,2026-06-07,39,1,reported
T-CSE-POWER-001-A004-2026-06-08,CSE-POWER-001,CSE-POWER-001-A004,endpoint-events,2026-06-08,63,1,reported
T-CSE-POWER-001-A004-2026-06-09,CSE-POWER-001,CSE-POWER-001-A004,endpoint-events,2026-06-09,19,1,reported
T-CSE-POWER-001-A004-2026-06-10,CSE-POWER-001,CSE-POWER-001-A004,endpoint-events,2026-06-10,33,1,reported
T-CSE-POWER-001-A004-2026-06-11,CSE-POWER-001,CSE-POWER-001-A004,endpoint-events,2026-06-11,60,1,reported
T-CSE-POWER-001-A004-2026-06-12,CSE-POWER-001,CSE-POWER-001-A004,endpoint-events,2026-06-12,12,1,reported
T-CSE-POWER-001-A004-2026-06-13,CSE-POWER-001,CSE-POWER-001-A004,endpoint-events,2026-06-13,61,1,reported
T-CSE-POWER-001-A004-2026-06-14,CSE-POWER-001,CSE-POWER-001-A004,endpoint-events,2026-06-14,45,1,reported
T-CSE-POWER-001-A004-2026-06-15,CSE-POWER-001,CSE-POWER-001-A004,endpoint-events,2026-06-15,70,1,reported
T-CSE-POWER-001-A004-2026-06-16,CSE-POWER-001,CSE-POWER-001-A004,endpoint-events,2026-06-16,48,1,reported
T-CSE-POWER-001-A004-2026-06-17,CSE-POWER-001,CSE-POWER-001-A004,endpoint-events,2026-06-17,66,1,reported
T-CSE-POWER-001-A004-2026-06-18,CSE-POWER-001,CSE-POWER-001-A004,endpoint-events,2026-06-18,83,1,reported
T-CSE-POWER-001-A004-2026-06-19,CSE-POWER-001,CSE-POWER-001-A004,endpoint-events,2026-06-19,74,1,reported
T-CSE-POWER-001-A004-2026-06-20,CSE-POWER-001,CSE-POWER-001-A004,endpoint-events,2026-06-20,31,1,reported
T-CSE-POWER-001-A004-2026-06-21,CSE-POWER-001,CSE-POWER-001-A004,endpoint-events,2026-06-21,36,1,reported
T-CSE-POWER-001-A004-2026-06-22,CSE-POWER-001,CSE-POWER-001-A004,endpoint-events,2026-06-22,49,1,reported
T-CSE-POWER-001-A004-2026-06-23,CSE-POWER-001,CSE-POWER-001-A004,endpoint-events,2026-06-23,39,1,reported
T-CSE-POWER-001-A004-2026-06-24,CSE-POWER-001,CSE-POWER-001-A004,endpoint-events,2026-06-24,19,1,reported
T-CSE-POWER-001-A004-2026-06-25,CSE-POWER-001,CSE-POWER-001-A004,endpoint-events,2026-06-25,86,1,reported
T-CSE-POWER-001-A004-2026-06-26,CSE-POWER-001,CSE-POWER-001-A004,endpoint-events,2026-06-26,81,1,reported
T-CSE-POWER-001-A004-2026-06-27,CSE-POWER-001,CSE-POWER-001-A004,endpoint-events,2026-06-27,19,1,reported
T-CSE-POWER-001-A004-2026-06-28,CSE-POWER-001,CSE-POWER-001-A004,endpoint-events,2026-06-28,52,1,reported
T-CSE-POWER-001-A004-2026-06-29,CSE-POWER-001,CSE-POWER-001-A004,endpoint-events,2026-06-29,19,1,reported
T-CSE-POWER-001-A004-2026-06-30,CSE-POWER-001,CSE-POWER-001-A004,endpoint-events,2026-06-30,18,1,reported
T-CSE-POWER-001-A004-2026-07-01,CSE-POWER-001,CSE-POWER-001-A004,endpoint-events,2026-07-01,86,1,reported
T-CSE-POWER-001-A004-2026-07-02,CSE-POWER-001,CSE-POWER-001-A004,endpoint-events,2026-07-02,73,1,reported
T-CSE-POWER-001-A004-2026-07-03,CSE-POWER-001,CSE-POWER-001-A004,endpoint-events,2026-07-03,76,1,reported
T-CSE-POWER-001-A004-2026-07-04,CSE-POWER-001,CSE-POWER-001-A004,endpoint-events,2026-07-04,79,1,reported
T-CSE-POWER-001-A004-2026-07-05,CSE-POWER-001,CSE-POWER-001-A004,endpoint-events,2026-07-05,32,1,reported
T-CSE-POWER-001-A004-2026-07-06,CSE-POWER-001,CSE-POWER-001-A004,endpoint-events,2026-07-06,19,1,reported
T-CSE-POWER-001-A004-2026-07-07,CSE-POWER-001,CSE-POWER-001-A004,endpoint-events,2026-07-07,77,1,reported
T-CSE-POWER-001-A004-2026-07-08,CSE-POWER-001,CSE-POWER-001-A004,endpoint-events,2026-07-08,22,1,reported
T-CSE-POWER-001-A004-2026-07-09,CSE-POWER-001,CSE-POWER-001-A004,endpoint-events,2026-07-09,35,1,reported
T-CSE-POWER-001-A004-2026-07-10,CSE-POWER-001,CSE-POWER-001-A004,endpoint-events,2026-07-10,20,1,reported
T-CSE-POWER-001-A004-2026-07-11,CSE-POWER-001,CSE-POWER-001-A004,endpoint-events,2026-07-11,88,1,reported
T-CSE-POWER-001-A004-2026-07-12,CSE-POWER-001,CSE-POWER-001-A004,endpoint-events,2026-07-12,20,1,reported
T-CSE-POWER-001-A004-2026-07-13,CSE-POWER-001,CSE-POWER-001-A004,endpoint-events,2026-07-13,42,1,reported
T-CSE-POWER-001-A004-2026-07-14,CSE-POWER-001,CSE-POWER-001-A004,endpoint-events,2026-07-14,63,1,reported
T-CSE-POWER-001-A004-2026-07-15,CSE-POWER-001,CSE-POWER-001-A004,endpoint-events,2026-07-15,27,1,reported
T-CSE-POWER-001-A004-2026-07-16,CSE-POWER-001,CSE-POWER-001-A004,endpoint-events,2026-07-16,84,1,reported
T-CSE-POWER-001-A004-2026-07-17,CSE-POWER-001,CSE-POWER-001-A004,endpoint-events,2026-07-17,43,1,reported
T-CSE-POWER-001-A004-2026-07-18,CSE-POWER-001,CSE-POWER-001-A004,endpoint-events,2026-07-18,86,1,reported
T-CSE-POWER-001-A004-2026-07-19,CSE-POWER-001,CSE-POWER-001-A004,endpoint-events,2026-07-19,88,1,reported
T-CSE-POWER-001-A004-2026-07-20,CSE-POWER-001,CSE-POWER-001-A004,endpoint-events,2026-07-20,17,1,reported
T-CSE-POWER-001-A004-2026-07-21,CSE-POWER-001,CSE-POWER-001-A004,endpoint-events,2026-07-21,22,1,reported
T-CSE-POWER-001-A004-2026-07-22,CSE-POWER-001,CSE-POWER-001-A004,endpoint-events,2026-07-22,65,1,reported
T-CSE-POWER-001-A004-2026-07-23,CSE-POWER-001,CSE-POWER-001-A004,endpoint-events,2026-07-23,86,1,reported
T-CSE-POWER-001-A004-2026-07-24,CSE-POWER-001,CSE-POWER-001-A004,endpoint-events,2026-07-24,84,1,reported
T-CSE-POWER-001-A004-2026-07-25,CSE-POWER-001,CSE-POWER-001-A004,endpoint-events,2026-07-25,78,1,reported
T-CSE-POWER-001-A004-2026-07-26,CSE-POWER-001,CSE-POWER-001-A004,endpoint-events,2026-07-26,52,1,reported
T-CSE-POWER-001-A004-2026-07-27,CSE-POWER-001,CSE-POWER-001-A004,endpoint-events,2026-07-27,45,1,reported
T-CSE-POWER-001-A004-2026-07-28,CSE-POWER-001,CSE-POWER-001-A004,endpoint-events,2026-07-28,38,1,reported
T-CSE-POWER-001-A004-2026-07-29,CSE-POWER-001,CSE-POWER-001-A004,endpoint-events,2026-07-29,52,1,reported
T-CSE-POWER-001-A004-2026-07-30,CSE-POWER-001,CSE-POWER-001-A004,endpoint-events,2026-07-30,42,1,reported
T-CSE-POWER-001-A004-2026-07-31,CSE-POWER-001,CSE-POWER-001-A004,endpoint-events,2026-07-31,45,1,reported
T-CSE-POWER-001-A004-2026-08-01,CSE-POWER-001,CSE-POWER-001-A004,endpoint-events,2026-08-01,62,1,reported
T-CSE-POWER-001-A004-2026-08-02,CSE-POWER-001,CSE-POWER-001-A004,endpoint-events,2026-08-02,28,1,reported
T-CSE-POWER-001-A004-2026-08-03,CSE-POWER-001,CSE-POWER-001-A004,endpoint-events,2026-08-03,50,1,reported
T-CSE-POWER-001-A004-2026-08-04,CSE-POWER-001,CSE-POWER-001-A004,endpoint-events,2026-08-04,70,1,reported
T-CSE-POWER-001-A004-2026-08-05,CSE-POWER-001,CSE-POWER-001-A004,endpoint-events,2026-08-05,52,1,reported
T-CSE-POWER-001-A004-2026-08-06,CSE-POWER-001,CSE-POWER-001-A004,endpoint-events,2026-08-06,21,1,reported
T-CSE-POWER-001-A004-2026-08-07,CSE-POWER-001,CSE-POWER-001-A004,endpoint-events,2026-08-07,13,1,reported
T-CSE-POWER-001-A004-2026-08-08,CSE-POWER-001,CSE-POWER-001-A004,endpoint-events,2026-08-08,70,1,reported
T-CSE-POWER-001-A004-2026-08-09,CSE-POWER-001,CSE-POWER-001-A004,endpoint-events,2026-08-09,84,1,reported
T-CSE-POWER-001-A004-2026-08-10,CSE-POWER-001,CSE-POWER-001-A004,endpoint-events,2026-08-10,24,1,reported
T-CSE-POWER-001-A004-2026-08-11,CSE-POWER-001,CSE-POWER-001-A004,endpoint-events,2026-08-11,21,1,reported
T-CSE-POWER-001-A004-2026-08-12,CSE-POWER-001,CSE-POWER-001-A004,endpoint-events,2026-08-12,80,1,reported
T-CSE-POWER-001-A004-2026-08-13,CSE-POWER-001,CSE-POWER-001-A004,endpoint-events,2026-08-13,39,1,reported
T-CSE-POWER-001-A004-2026-08-14,CSE-POWER-001,CSE-POWER-001-A004,endpoint-events,2026-08-14,76,1,reported
T-CSE-POWER-001-A004-2026-08-15,CSE-POWER-001,CSE-POWER-001-A004,endpoint-events,2026-08-15,45,1,reported
T-CSE-POWER-001-A004-2026-08-16,CSE-POWER-001,CSE-POWER-001-A004,endpoint-events,2026-08-16,28,1,reported
T-CSE-POWER-001-A004-2026-08-17,CSE-POWER-001,CSE-POWER-001-A004,endpoint-events,2026-08-17,56,1,reported
T-CSE-POWER-001-A004-2026-08-18,CSE-POWER-001,CSE-POWER-001-A004,endpoint-events,2026-08-18,20,1,reported
T-CSE-POWER-001-A004-2026-08-19,CSE-POWER-001,CSE-POWER-001-A004,endpoint-events,2026-08-19,43,1,reported
T-CSE-POWER-001-A004-2026-08-20,CSE-POWER-001,CSE-POWER-001-A004,endpoint-events,2026-08-20,59,1,reported
T-CSE-POWER-001-A004-2026-08-21,CSE-POWER-001,CSE-POWER-001-A004,endpoint-events,2026-08-21,48,1,reported
T-CSE-POWER-001-A004-2026-08-22,CSE-POWER-001,CSE-POWER-001-A004,endpoint-events,2026-08-22,32,1,reported
T-CSE-POWER-001-A004-2026-08-23,CSE-POWER-001,CSE-POWER-001-A004,endpoint-events,2026-08-23,68,1,reported
T-CSE-POWER-001-A004-2026-08-24,CSE-POWER-001,CSE-POWER-001-A004,endpoint-events,2026-08-24,81,1,reported
T-CSE-POWER-001-A004-2026-08-25,CSE-POWER-001,CSE-POWER-001-A004,endpoint-events,2026-08-25,50,1,reported
T-CSE-POWER-001-A004-2026-08-26,CSE-POWER-001,CSE-POWER-001-A004,endpoint-events,2026-08-26,79,1,reported
T-CSE-POWER-001-A004-2026-08-27,CSE-POWER-001,CSE-POWER-001-A004,endpoint-events,2026-08-27,13,1,reported
T-CSE-POWER-001-A004-2026-08-28,CSE-POWER-001,CSE-POWER-001-A004,endpoint-events,2026-08-28,82,1,reported
T-CSE-POWER-001-A004-2026-08-29,CSE-POWER-001,CSE-POWER-001-A004,endpoint-events,2026-08-29,50,1,reported
T-CSE-POWER-001-A004-2026-08-30,CSE-POWER-001,CSE-POWER-001-A004,endpoint-events,2026-08-30,25,1,reported
T-CSE-POWER-001-A004-2026-08-31,CSE-POWER-001,CSE-POWER-001-A004,endpoint-events,2026-08-31,29,1,reported
T-CSE-POWER-001-A005-2026-06-03,CSE-POWER-001,CSE-POWER-001-A005,identity-logs,2026-06-03,45,1,reported
T-CSE-POWER-001-A005-2026-06-04,CSE-POWER-001,CSE-POWER-001-A005,identity-logs,2026-06-04,26,1,reported
T-CSE-POWER-001-A005-2026-06-05,CSE-POWER-001,CSE-POWER-001-A005,identity-logs,2026-06-05,25,1,reported
T-CSE-POWER-001-A005-2026-06-06,CSE-POWER-001,CSE-POWER-001-A005,identity-logs,2026-06-06,82,1,reported
T-CSE-POWER-001-A005-2026-06-07,CSE-POWER-001,CSE-POWER-001-A005,identity-logs,2026-06-07,31,1,reported
T-CSE-POWER-001-A005-2026-06-08,CSE-POWER-001,CSE-POWER-001-A005,identity-logs,2026-06-08,46,1,reported
T-CSE-POWER-001-A005-2026-06-09,CSE-POWER-001,CSE-POWER-001-A005,identity-logs,2026-06-09,48,1,reported
T-CSE-POWER-001-A005-2026-06-10,CSE-POWER-001,CSE-POWER-001-A005,identity-logs,2026-06-10,89,1,reported
T-CSE-POWER-001-A005-2026-06-11,CSE-POWER-001,CSE-POWER-001-A005,identity-logs,2026-06-11,38,1,reported
T-CSE-POWER-001-A005-2026-06-12,CSE-POWER-001,CSE-POWER-001-A005,identity-logs,2026-06-12,55,1,reported
T-CSE-POWER-001-A005-2026-06-13,CSE-POWER-001,CSE-POWER-001-A005,identity-logs,2026-06-13,38,1,reported
T-CSE-POWER-001-A005-2026-06-14,CSE-POWER-001,CSE-POWER-001-A005,identity-logs,2026-06-14,45,1,reported
T-CSE-POWER-001-A005-2026-06-15,CSE-POWER-001,CSE-POWER-001-A005,identity-logs,2026-06-15,76,1,reported
T-CSE-POWER-001-A005-2026-06-16,CSE-POWER-001,CSE-POWER-001-A005,identity-logs,2026-06-16,74,1,reported
T-CSE-POWER-001-A005-2026-06-17,CSE-POWER-001,CSE-POWER-001-A005,identity-logs,2026-06-17,44,1,reported
T-CSE-POWER-001-A005-2026-06-18,CSE-POWER-001,CSE-POWER-001-A005,identity-logs,2026-06-18,18,1,reported
T-CSE-POWER-001-A005-2026-06-19,CSE-POWER-001,CSE-POWER-001-A005,identity-logs,2026-06-19,23,1,reported
T-CSE-POWER-001-A005-2026-06-20,CSE-POWER-001,CSE-POWER-001-A005,identity-logs,2026-06-20,66,1,reported
T-CSE-POWER-001-A005-2026-06-21,CSE-POWER-001,CSE-POWER-001-A005,identity-logs,2026-06-21,47,1,reported
T-CSE-POWER-001-A005-2026-06-22,CSE-POWER-001,CSE-POWER-001-A005,identity-logs,2026-06-22,17,1,reported
T-CSE-POWER-001-A005-2026-06-23,CSE-POWER-001,CSE-POWER-001-A005,identity-logs,2026-06-23,12,1,reported
T-CSE-POWER-001-A005-2026-06-24,CSE-POWER-001,CSE-POWER-001-A005,identity-logs,2026-06-24,54,1,reported
T-CSE-POWER-001-A005-2026-06-25,CSE-POWER-001,CSE-POWER-001-A005,identity-logs,2026-06-25,28,1,reported
T-CSE-POWER-001-A005-2026-06-26,CSE-POWER-001,CSE-POWER-001-A005,identity-logs,2026-06-26,45,1,reported
T-CSE-POWER-001-A005-2026-06-27,CSE-POWER-001,CSE-POWER-001-A005,identity-logs,2026-06-27,32,1,reported
T-CSE-POWER-001-A005-2026-06-28,CSE-POWER-001,CSE-POWER-001-A005,identity-logs,2026-06-28,68,1,reported
T-CSE-POWER-001-A005-2026-06-29,CSE-POWER-001,CSE-POWER-001-A005,identity-logs,2026-06-29,82,1,reported
T-CSE-POWER-001-A005-2026-06-30,CSE-POWER-001,CSE-POWER-001-A005,identity-logs,2026-06-30,66,1,reported
T-CSE-POWER-001-A005-2026-07-01,CSE-POWER-001,CSE-POWER-001-A005,identity-logs,2026-07-01,83,1,reported
T-CSE-POWER-001-A005-2026-07-02,CSE-POWER-001,CSE-POWER-001-A005,identity-logs,2026-07-02,13,1,reported
T-CSE-POWER-001-A005-2026-07-03,CSE-POWER-001,CSE-POWER-001-A005,identity-logs,2026-07-03,26,1,reported
T-CSE-POWER-001-A005-2026-07-04,CSE-POWER-001,CSE-POWER-001-A005,identity-logs,2026-07-04,21,1,reported
T-CSE-POWER-001-A005-2026-07-05,CSE-POWER-001,CSE-POWER-001-A005,identity-logs,2026-07-05,31,1,reported
T-CSE-POWER-001-A005-2026-07-06,CSE-POWER-001,CSE-POWER-001-A005,identity-logs,2026-07-06,81,1,reported
T-CSE-POWER-001-A005-2026-07-07,CSE-POWER-001,CSE-POWER-001-A005,identity-logs,2026-07-07,16,1,reported
T-CSE-POWER-001-A005-2026-07-08,CSE-POWER-001,CSE-POWER-001-A005,identity-logs,2026-07-08,59,1,reported
T-CSE-POWER-001-A005-2026-07-09,CSE-POWER-001,CSE-POWER-001-A005,identity-logs,2026-07-09,86,1,reported
T-CSE-POWER-001-A005-2026-07-10,CSE-POWER-001,CSE-POWER-001-A005,identity-logs,2026-07-10,82,1,reported
T-CSE-POWER-001-A005-2026-07-11,CSE-POWER-001,CSE-POWER-001-A005,identity-logs,2026-07-11,30,1,reported
T-CSE-POWER-001-A005-2026-07-12,CSE-POWER-001,CSE-POWER-001-A005,identity-logs,2026-07-12,67,1,reported
T-CSE-POWER-001-A005-2026-07-13,CSE-POWER-001,CSE-POWER-001-A005,identity-logs,2026-07-13,28,1,reported
T-CSE-POWER-001-A005-2026-07-14,CSE-POWER-001,CSE-POWER-001-A005,identity-logs,2026-07-14,17,1,reported
T-CSE-POWER-001-A005-2026-07-15,CSE-POWER-001,CSE-POWER-001-A005,identity-logs,2026-07-15,51,1,reported
T-CSE-POWER-001-A005-2026-07-16,CSE-POWER-001,CSE-POWER-001-A005,identity-logs,2026-07-16,58,1,reported
T-CSE-POWER-001-A005-2026-07-17,CSE-POWER-001,CSE-POWER-001-A005,identity-logs,2026-07-17,17,1,reported
T-CSE-POWER-001-A005-2026-07-18,CSE-POWER-001,CSE-POWER-001-A005,identity-logs,2026-07-18,57,1,reported
T-CSE-POWER-001-A005-2026-07-19,CSE-POWER-001,CSE-POWER-001-A005,identity-logs,2026-07-19,38,1,reported
T-CSE-POWER-001-A005-2026-07-20,CSE-POWER-001,CSE-POWER-001-A005,identity-logs,2026-07-20,43,1,reported
T-CSE-POWER-001-A005-2026-07-21,CSE-POWER-001,CSE-POWER-001-A005,identity-logs,2026-07-21,25,1,reported
T-CSE-POWER-001-A005-2026-07-22,CSE-POWER-001,CSE-POWER-001-A005,identity-logs,2026-07-22,57,1,reported
T-CSE-POWER-001-A005-2026-07-23,CSE-POWER-001,CSE-POWER-001-A005,identity-logs,2026-07-23,83,1,reported
T-CSE-POWER-001-A005-2026-07-24,CSE-POWER-001,CSE-POWER-001-A005,identity-logs,2026-07-24,64,1,reported
T-CSE-POWER-001-A005-2026-07-25,CSE-POWER-001,CSE-POWER-001-A005,identity-logs,2026-07-25,31,1,reported
T-CSE-POWER-001-A005-2026-07-26,CSE-POWER-001,CSE-POWER-001-A005,identity-logs,2026-07-26,42,1,reported
T-CSE-POWER-001-A005-2026-07-27,CSE-POWER-001,CSE-POWER-001-A005,identity-logs,2026-07-27,32,1,reported
T-CSE-POWER-001-A005-2026-07-28,CSE-POWER-001,CSE-POWER-001-A005,identity-logs,2026-07-28,34,1,reported
T-CSE-POWER-001-A005-2026-07-29,CSE-POWER-001,CSE-POWER-001-A005,identity-logs,2026-07-29,64,1,reported
T-CSE-POWER-001-A005-2026-07-30,CSE-POWER-001,CSE-POWER-001-A005,identity-logs,2026-07-30,15,1,reported
T-CSE-POWER-001-A005-2026-07-31,CSE-POWER-001,CSE-POWER-001-A005,identity-logs,2026-07-31,34,1,reported
T-CSE-POWER-001-A005-2026-08-01,CSE-POWER-001,CSE-POWER-001-A005,identity-logs,2026-08-01,54,1,reported
T-CSE-POWER-001-A005-2026-08-02,CSE-POWER-001,CSE-POWER-001-A005,identity-logs,2026-08-02,64,1,reported
T-CSE-POWER-001-A005-2026-08-03,CSE-POWER-001,CSE-POWER-001-A005,identity-logs,2026-08-03,43,1,reported
T-CSE-POWER-001-A005-2026-08-04,CSE-POWER-001,CSE-POWER-001-A005,identity-logs,2026-08-04,46,1,reported
T-CSE-POWER-001-A005-2026-08-05,CSE-POWER-001,CSE-POWER-001-A005,identity-logs,2026-08-05,32,1,reported
T-CSE-POWER-001-A005-2026-08-06,CSE-POWER-001,CSE-POWER-001-A005,identity-logs,2026-08-06,25,1,reported
T-CSE-POWER-001-A005-2026-08-07,CSE-POWER-001,CSE-POWER-001-A005,identity-logs,2026-08-07,60,1,reported
T-CSE-POWER-001-A005-2026-08-08,CSE-POWER-001,CSE-POWER-001-A005,identity-logs,2026-08-08,16,1,reported
T-CSE-POWER-001-A005-2026-08-09,CSE-POWER-001,CSE-POWER-001-A005,identity-logs,2026-08-09,72,1,reported
T-CSE-POWER-001-A005-2026-08-10,CSE-POWER-001,CSE-POWER-001-A005,identity-logs,2026-08-10,40,1,reported
T-CSE-POWER-001-A005-2026-08-11,CSE-POWER-001,CSE-POWER-001-A005,identity-logs,2026-08-11,37,1,reported
T-CSE-POWER-001-A005-2026-08-12,CSE-POWER-001,CSE-POWER-001-A005,identity-logs,2026-08-12,70,1,reported
T-CSE-POWER-001-A005-2026-08-13,CSE-POWER-001,CSE-POWER-001-A005,identity-logs,2026-08-13,56,1,reported
T-CSE-POWER-001-A005-2026-08-14,CSE-POWER-001,CSE-POWER-001-A005,identity-logs,2026-08-14,51,1,reported
T-CSE-POWER-001-A005-2026-08-15,CSE-POWER-001,CSE-POWER-001-A005,identity-logs,2026-08-15,41,1,reported
T-CSE-POWER-001-A005-2026-08-16,CSE-POWER-001,CSE-POWER-001-A005,identity-logs,2026-08-16,40,1,reported
T-CSE-POWER-001-A005-2026-08-17,CSE-POWER-001,CSE-POWER-001-A005,identity-logs,2026-08-17,15,1,reported
T-CSE-POWER-001-A005-2026-08-18,CSE-POWER-001,CSE-POWER-001-A005,identity-logs,2026-08-18,36,1,reported
T-CSE-POWER-001-A005-2026-08-19,CSE-POWER-001,CSE-POWER-001-A005,identity-logs,2026-08-19,63,1,reported
T-CSE-POWER-001-A005-2026-08-20,CSE-POWER-001,CSE-POWER-001-A005,identity-logs,2026-08-20,54,1,reported
T-CSE-POWER-001-A005-2026-08-21,CSE-POWER-001,CSE-POWER-001-A005,identity-logs,2026-08-21,47,1,reported
T-CSE-POWER-001-A005-2026-08-22,CSE-POWER-001,CSE-POWER-001-A005,identity-logs,2026-08-22,20,1,reported
T-CSE-POWER-001-A005-2026-08-23,CSE-POWER-001,CSE-POWER-001-A005,identity-logs,2026-08-23,47,1,reported
T-CSE-POWER-001-A005-2026-08-24,CSE-POWER-001,CSE-POWER-001-A005,identity-logs,2026-08-24,56,1,reported
T-CSE-POWER-001-A005-2026-08-25,CSE-POWER-001,CSE-POWER-001-A005,identity-logs,2026-08-25,77,1,reported
T-CSE-POWER-001-A005-2026-08-26,CSE-POWER-001,CSE-POWER-001-A005,identity-logs,2026-08-26,63,1,reported
T-CSE-POWER-001-A005-2026-08-27,CSE-POWER-001,CSE-POWER-001-A005,identity-logs,2026-08-27,80,1,reported
T-CSE-POWER-001-A005-2026-08-28,CSE-POWER-001,CSE-POWER-001-A005,identity-logs,2026-08-28,54,1,reported
T-CSE-POWER-001-A005-2026-08-29,CSE-POWER-001,CSE-POWER-001-A005,identity-logs,2026-08-29,15,1,reported
T-CSE-POWER-001-A005-2026-08-30,CSE-POWER-001,CSE-POWER-001-A005,identity-logs,2026-08-30,26,1,reported
T-CSE-POWER-001-A005-2026-08-31,CSE-POWER-001,CSE-POWER-001-A005,identity-logs,2026-08-31,45,1,reported
T-CSE-POWER-001-A006-2026-06-03,CSE-POWER-001,CSE-POWER-001-A006,endpoint-events,2026-06-03,34,1,reported
T-CSE-POWER-001-A006-2026-06-04,CSE-POWER-001,CSE-POWER-001-A006,endpoint-events,2026-06-04,86,1,reported
T-CSE-POWER-001-A006-2026-06-05,CSE-POWER-001,CSE-POWER-001-A006,endpoint-events,2026-06-05,45,1,reported
T-CSE-POWER-001-A006-2026-06-06,CSE-POWER-001,CSE-POWER-001-A006,endpoint-events,2026-06-06,16,1,reported
T-CSE-POWER-001-A006-2026-06-07,CSE-POWER-001,CSE-POWER-001-A006,endpoint-events,2026-06-07,25,1,reported
T-CSE-POWER-001-A006-2026-06-08,CSE-POWER-001,CSE-POWER-001-A006,endpoint-events,2026-06-08,88,1,reported
T-CSE-POWER-001-A006-2026-06-09,CSE-POWER-001,CSE-POWER-001-A006,endpoint-events,2026-06-09,67,1,reported
T-CSE-POWER-001-A006-2026-06-10,CSE-POWER-001,CSE-POWER-001-A006,endpoint-events,2026-06-10,56,1,reported
T-CSE-POWER-001-A006-2026-06-11,CSE-POWER-001,CSE-POWER-001-A006,endpoint-events,2026-06-11,52,1,reported
T-CSE-POWER-001-A006-2026-06-12,CSE-POWER-001,CSE-POWER-001-A006,endpoint-events,2026-06-12,67,1,reported
T-CSE-POWER-001-A006-2026-06-13,CSE-POWER-001,CSE-POWER-001-A006,endpoint-events,2026-06-13,89,1,reported
T-CSE-POWER-001-A006-2026-06-14,CSE-POWER-001,CSE-POWER-001-A006,endpoint-events,2026-06-14,77,1,reported
T-CSE-POWER-001-A006-2026-06-15,CSE-POWER-001,CSE-POWER-001-A006,endpoint-events,2026-06-15,26,1,reported
T-CSE-POWER-001-A006-2026-06-16,CSE-POWER-001,CSE-POWER-001-A006,endpoint-events,2026-06-16,61,1,reported
T-CSE-POWER-001-A006-2026-06-17,CSE-POWER-001,CSE-POWER-001-A006,endpoint-events,2026-06-17,85,1,reported
T-CSE-POWER-001-A006-2026-06-18,CSE-POWER-001,CSE-POWER-001-A006,endpoint-events,2026-06-18,36,1,reported
T-CSE-POWER-001-A006-2026-06-19,CSE-POWER-001,CSE-POWER-001-A006,endpoint-events,2026-06-19,44,1,reported
T-CSE-POWER-001-A006-2026-06-20,CSE-POWER-001,CSE-POWER-001-A006,endpoint-events,2026-06-20,17,1,reported
T-CSE-POWER-001-A006-2026-06-21,CSE-POWER-001,CSE-POWER-001-A006,endpoint-events,2026-06-21,67,1,reported
T-CSE-POWER-001-A006-2026-06-22,CSE-POWER-001,CSE-POWER-001-A006,endpoint-events,2026-06-22,12,1,reported
T-CSE-POWER-001-A006-2026-06-23,CSE-POWER-001,CSE-POWER-001-A006,endpoint-events,2026-06-23,78,1,reported
T-CSE-POWER-001-A006-2026-06-24,CSE-POWER-001,CSE-POWER-001-A006,endpoint-events,2026-06-24,80,1,reported
T-CSE-POWER-001-A006-2026-06-25,CSE-POWER-001,CSE-POWER-001-A006,endpoint-events,2026-06-25,37,1,reported
T-CSE-POWER-001-A006-2026-06-26,CSE-POWER-001,CSE-POWER-001-A006,endpoint-events,2026-06-26,58,1,reported
T-CSE-POWER-001-A006-2026-06-27,CSE-POWER-001,CSE-POWER-001-A006,endpoint-events,2026-06-27,67,1,reported
T-CSE-POWER-001-A006-2026-06-28,CSE-POWER-001,CSE-POWER-001-A006,endpoint-events,2026-06-28,20,1,reported
T-CSE-POWER-001-A006-2026-06-29,CSE-POWER-001,CSE-POWER-001-A006,endpoint-events,2026-06-29,54,1,reported
T-CSE-POWER-001-A006-2026-06-30,CSE-POWER-001,CSE-POWER-001-A006,endpoint-events,2026-06-30,52,1,reported
T-CSE-POWER-001-A006-2026-07-01,CSE-POWER-001,CSE-POWER-001-A006,endpoint-events,2026-07-01,27,1,reported
T-CSE-POWER-001-A006-2026-07-02,CSE-POWER-001,CSE-POWER-001-A006,endpoint-events,2026-07-02,50,1,reported
T-CSE-POWER-001-A006-2026-07-03,CSE-POWER-001,CSE-POWER-001-A006,endpoint-events,2026-07-03,76,1,reported
T-CSE-POWER-001-A006-2026-07-04,CSE-POWER-001,CSE-POWER-001-A006,endpoint-events,2026-07-04,51,1,reported
T-CSE-POWER-001-A006-2026-07-05,CSE-POWER-001,CSE-POWER-001-A006,endpoint-events,2026-07-05,64,1,reported
T-CSE-POWER-001-A006-2026-07-06,CSE-POWER-001,CSE-POWER-001-A006,endpoint-events,2026-07-06,53,1,reported
T-CSE-POWER-001-A006-2026-07-07,CSE-POWER-001,CSE-POWER-001-A006,endpoint-events,2026-07-07,63,1,reported
T-CSE-POWER-001-A006-2026-07-08,CSE-POWER-001,CSE-POWER-001-A006,endpoint-events,2026-07-08,49,1,reported
T-CSE-POWER-001-A006-2026-07-09,CSE-POWER-001,CSE-POWER-001-A006,endpoint-events,2026-07-09,82,1,reported
T-CSE-POWER-001-A006-2026-07-10,CSE-POWER-001,CSE-POWER-001-A006,endpoint-events,2026-07-10,28,1,reported
T-CSE-POWER-001-A006-2026-07-11,CSE-POWER-001,CSE-POWER-001-A006,endpoint-events,2026-07-11,36,1,reported
T-CSE-POWER-001-A006-2026-07-12,CSE-POWER-001,CSE-POWER-001-A006,endpoint-events,2026-07-12,65,1,reported
T-CSE-POWER-001-A006-2026-07-13,CSE-POWER-001,CSE-POWER-001-A006,endpoint-events,2026-07-13,60,1,reported
T-CSE-POWER-001-A006-2026-07-14,CSE-POWER-001,CSE-POWER-001-A006,endpoint-events,2026-07-14,34,1,reported
T-CSE-POWER-001-A006-2026-07-15,CSE-POWER-001,CSE-POWER-001-A006,endpoint-events,2026-07-15,84,1,reported
T-CSE-POWER-001-A006-2026-07-16,CSE-POWER-001,CSE-POWER-001-A006,endpoint-events,2026-07-16,50,1,reported
T-CSE-POWER-001-A006-2026-07-17,CSE-POWER-001,CSE-POWER-001-A006,endpoint-events,2026-07-17,63,1,reported
T-CSE-POWER-001-A006-2026-07-18,CSE-POWER-001,CSE-POWER-001-A006,endpoint-events,2026-07-18,82,1,reported
T-CSE-POWER-001-A006-2026-07-19,CSE-POWER-001,CSE-POWER-001-A006,endpoint-events,2026-07-19,12,1,reported
T-CSE-POWER-001-A006-2026-07-20,CSE-POWER-001,CSE-POWER-001-A006,endpoint-events,2026-07-20,50,1,reported
T-CSE-POWER-001-A006-2026-07-21,CSE-POWER-001,CSE-POWER-001-A006,endpoint-events,2026-07-21,48,1,reported
T-CSE-POWER-001-A006-2026-07-22,CSE-POWER-001,CSE-POWER-001-A006,endpoint-events,2026-07-22,38,1,reported
T-CSE-POWER-001-A006-2026-07-23,CSE-POWER-001,CSE-POWER-001-A006,endpoint-events,2026-07-23,67,1,reported
T-CSE-POWER-001-A006-2026-07-24,CSE-POWER-001,CSE-POWER-001-A006,endpoint-events,2026-07-24,86,1,reported
T-CSE-POWER-001-A006-2026-07-25,CSE-POWER-001,CSE-POWER-001-A006,endpoint-events,2026-07-25,89,1,reported
T-CSE-POWER-001-A006-2026-07-26,CSE-POWER-001,CSE-POWER-001-A006,endpoint-events,2026-07-26,53,1,reported
T-CSE-POWER-001-A006-2026-07-27,CSE-POWER-001,CSE-POWER-001-A006,endpoint-events,2026-07-27,71,1,reported
T-CSE-POWER-001-A006-2026-07-28,CSE-POWER-001,CSE-POWER-001-A006,endpoint-events,2026-07-28,68,1,reported
T-CSE-POWER-001-A006-2026-07-29,CSE-POWER-001,CSE-POWER-001-A006,endpoint-events,2026-07-29,68,1,reported
T-CSE-POWER-001-A006-2026-07-30,CSE-POWER-001,CSE-POWER-001-A006,endpoint-events,2026-07-30,39,1,reported
T-CSE-POWER-001-A006-2026-07-31,CSE-POWER-001,CSE-POWER-001-A006,endpoint-events,2026-07-31,77,1,reported
T-CSE-POWER-001-A006-2026-08-01,CSE-POWER-001,CSE-POWER-001-A006,endpoint-events,2026-08-01,72,1,reported
T-CSE-POWER-001-A006-2026-08-02,CSE-POWER-001,CSE-POWER-001-A006,endpoint-events,2026-08-02,33,1,reported
T-CSE-POWER-001-A006-2026-08-03,CSE-POWER-001,CSE-POWER-001-A006,endpoint-events,2026-08-03,22,1,reported
T-CSE-POWER-001-A006-2026-08-04,CSE-POWER-001,CSE-POWER-001-A006,endpoint-events,2026-08-04,48,1,reported
T-CSE-POWER-001-A006-2026-08-05,CSE-POWER-001,CSE-POWER-001-A006,endpoint-events,2026-08-05,77,1,reported
T-CSE-POWER-001-A006-2026-08-06,CSE-POWER-001,CSE-POWER-001-A006,endpoint-events,2026-08-06,54,1,reported
T-CSE-POWER-001-A006-2026-08-07,CSE-POWER-001,CSE-POWER-001-A006,endpoint-events,2026-08-07,23,1,reported
T-CSE-POWER-001-A006-2026-08-08,CSE-POWER-001,CSE-POWER-001-A006,endpoint-events,2026-08-08,42,1,reported
T-CSE-POWER-001-A006-2026-08-09,CSE-POWER-001,CSE-POWER-001-A006,endpoint-events,2026-08-09,51,1,reported
T-CSE-POWER-001-A006-2026-08-10,CSE-POWER-001,CSE-POWER-001-A006,endpoint-events,2026-08-10,40,1,reported
T-CSE-POWER-001-A006-2026-08-11,CSE-POWER-001,CSE-POWER-001-A006,endpoint-events,2026-08-11,37,1,reported
T-CSE-POWER-001-A006-2026-08-12,CSE-POWER-001,CSE-POWER-001-A006,endpoint-events,2026-08-12,30,1,reported
T-CSE-POWER-001-A006-2026-08-13,CSE-POWER-001,CSE-POWER-001-A006,endpoint-events,2026-08-13,15,1,reported
T-CSE-POWER-001-A006-2026-08-14,CSE-POWER-001,CSE-POWER-001-A006,endpoint-events,2026-08-14,17,1,reported
T-CSE-POWER-001-A006-2026-08-15,CSE-POWER-001,CSE-POWER-001-A006,endpoint-events,2026-08-15,43,1,reported
T-CSE-POWER-001-A006-2026-08-16,CSE-POWER-001,CSE-POWER-001-A006,endpoint-events,2026-08-16,72,1,reported
T-CSE-POWER-001-A006-2026-08-17,CSE-POWER-001,CSE-POWER-001-A006,endpoint-events,2026-08-17,21,1,reported
T-CSE-POWER-001-A006-2026-08-18,CSE-POWER-001,CSE-POWER-001-A006,endpoint-events,2026-08-18,70,1,reported
T-CSE-POWER-001-A006-2026-08-19,CSE-POWER-001,CSE-POWER-001-A006,endpoint-events,2026-08-19,65,1,reported
T-CSE-POWER-001-A006-2026-08-20,CSE-POWER-001,CSE-POWER-001-A006,endpoint-events,2026-08-20,85,1,reported
T-CSE-POWER-001-A006-2026-08-21,CSE-POWER-001,CSE-POWER-001-A006,endpoint-events,2026-08-21,36,1,reported
T-CSE-POWER-001-A006-2026-08-22,CSE-POWER-001,CSE-POWER-001-A006,endpoint-events,2026-08-22,61,1,reported
T-CSE-POWER-001-A006-2026-08-23,CSE-POWER-001,CSE-POWER-001-A006,endpoint-events,2026-08-23,75,1,reported
T-CSE-POWER-001-A006-2026-08-24,CSE-POWER-001,CSE-POWER-001-A006,endpoint-events,2026-08-24,63,1,reported
T-CSE-POWER-001-A006-2026-08-25,CSE-POWER-001,CSE-POWER-001-A006,endpoint-events,2026-08-25,43,1,reported
T-CSE-POWER-001-A006-2026-08-26,CSE-POWER-001,CSE-POWER-001-A006,endpoint-events,2026-08-26,30,1,reported
T-CSE-POWER-001-A006-2026-08-27,CSE-POWER-001,CSE-POWER-001-A006,endpoint-events,2026-08-27,12,1,reported
T-CSE-POWER-001-A006-2026-08-28,CSE-POWER-001,CSE-POWER-001-A006,endpoint-events,2026-08-28,25,1,reported
T-CSE-POWER-001-A006-2026-08-29,CSE-POWER-001,CSE-POWER-001-A006,endpoint-events,2026-08-29,66,1,reported
T-CSE-POWER-001-A006-2026-08-30,CSE-POWER-001,CSE-POWER-001-A006,endpoint-events,2026-08-30,40,1,reported
T-CSE-POWER-001-A006-2026-08-31,CSE-POWER-001,CSE-POWER-001-A006,endpoint-events,2026-08-31,34,1,reported
T-CSE-POWER-001-A007-2026-06-03,CSE-POWER-001,CSE-POWER-001-A007,identity-logs,2026-06-03,78,1,reported
T-CSE-POWER-001-A007-2026-06-04,CSE-POWER-001,CSE-POWER-001-A007,identity-logs,2026-06-04,71,1,reported
T-CSE-POWER-001-A007-2026-06-05,CSE-POWER-001,CSE-POWER-001-A007,identity-logs,2026-06-05,18,1,reported
T-CSE-POWER-001-A007-2026-06-06,CSE-POWER-001,CSE-POWER-001-A007,identity-logs,2026-06-06,83,1,reported
T-CSE-POWER-001-A007-2026-06-07,CSE-POWER-001,CSE-POWER-001-A007,identity-logs,2026-06-07,43,1,reported
T-CSE-POWER-001-A007-2026-06-08,CSE-POWER-001,CSE-POWER-001-A007,identity-logs,2026-06-08,27,1,reported
T-CSE-POWER-001-A007-2026-06-09,CSE-POWER-001,CSE-POWER-001-A007,identity-logs,2026-06-09,70,1,reported
T-CSE-POWER-001-A007-2026-06-10,CSE-POWER-001,CSE-POWER-001-A007,identity-logs,2026-06-10,29,1,reported
T-CSE-POWER-001-A007-2026-06-11,CSE-POWER-001,CSE-POWER-001-A007,identity-logs,2026-06-11,71,1,reported
T-CSE-POWER-001-A007-2026-06-12,CSE-POWER-001,CSE-POWER-001-A007,identity-logs,2026-06-12,79,1,reported
T-CSE-POWER-001-A007-2026-06-13,CSE-POWER-001,CSE-POWER-001-A007,identity-logs,2026-06-13,83,1,reported
T-CSE-POWER-001-A007-2026-06-14,CSE-POWER-001,CSE-POWER-001-A007,identity-logs,2026-06-14,88,1,reported
T-CSE-POWER-001-A007-2026-06-15,CSE-POWER-001,CSE-POWER-001-A007,identity-logs,2026-06-15,52,1,reported
T-CSE-POWER-001-A007-2026-06-16,CSE-POWER-001,CSE-POWER-001-A007,identity-logs,2026-06-16,68,1,reported
T-CSE-POWER-001-A007-2026-06-17,CSE-POWER-001,CSE-POWER-001-A007,identity-logs,2026-06-17,76,1,reported
T-CSE-POWER-001-A007-2026-06-18,CSE-POWER-001,CSE-POWER-001-A007,identity-logs,2026-06-18,66,1,reported
T-CSE-POWER-001-A007-2026-06-19,CSE-POWER-001,CSE-POWER-001-A007,identity-logs,2026-06-19,82,1,reported
T-CSE-POWER-001-A007-2026-06-20,CSE-POWER-001,CSE-POWER-001-A007,identity-logs,2026-06-20,69,1,reported
T-CSE-POWER-001-A007-2026-06-21,CSE-POWER-001,CSE-POWER-001-A007,identity-logs,2026-06-21,32,1,reported
T-CSE-POWER-001-A007-2026-06-22,CSE-POWER-001,CSE-POWER-001-A007,identity-logs,2026-06-22,72,1,reported
T-CSE-POWER-001-A007-2026-06-23,CSE-POWER-001,CSE-POWER-001-A007,identity-logs,2026-06-23,69,1,reported
T-CSE-POWER-001-A007-2026-06-24,CSE-POWER-001,CSE-POWER-001-A007,identity-logs,2026-06-24,45,1,reported
T-CSE-POWER-001-A007-2026-06-25,CSE-POWER-001,CSE-POWER-001-A007,identity-logs,2026-06-25,43,1,reported
T-CSE-POWER-001-A007-2026-06-26,CSE-POWER-001,CSE-POWER-001-A007,identity-logs,2026-06-26,47,1,reported
T-CSE-POWER-001-A007-2026-06-27,CSE-POWER-001,CSE-POWER-001-A007,identity-logs,2026-06-27,78,1,reported
T-CSE-POWER-001-A007-2026-06-28,CSE-POWER-001,CSE-POWER-001-A007,identity-logs,2026-06-28,74,1,reported
T-CSE-POWER-001-A007-2026-06-29,CSE-POWER-001,CSE-POWER-001-A007,identity-logs,2026-06-29,42,1,reported
T-CSE-POWER-001-A007-2026-06-30,CSE-POWER-001,CSE-POWER-001-A007,identity-logs,2026-06-30,47,1,reported
T-CSE-POWER-001-A007-2026-07-01,CSE-POWER-001,CSE-POWER-001-A007,identity-logs,2026-07-01,68,1,reported
T-CSE-POWER-001-A007-2026-07-02,CSE-POWER-001,CSE-POWER-001-A007,identity-logs,2026-07-02,21,1,reported
T-CSE-POWER-001-A007-2026-07-03,CSE-POWER-001,CSE-POWER-001-A007,identity-logs,2026-07-03,48,1,reported
T-CSE-POWER-001-A007-2026-07-04,CSE-POWER-001,CSE-POWER-001-A007,identity-logs,2026-07-04,42,1,reported
T-CSE-POWER-001-A007-2026-07-05,CSE-POWER-001,CSE-POWER-001-A007,identity-logs,2026-07-05,46,1,reported
T-CSE-POWER-001-A007-2026-07-06,CSE-POWER-001,CSE-POWER-001-A007,identity-logs,2026-07-06,54,1,reported
T-CSE-POWER-001-A007-2026-07-07,CSE-POWER-001,CSE-POWER-001-A007,identity-logs,2026-07-07,52,1,reported
T-CSE-POWER-001-A007-2026-07-08,CSE-POWER-001,CSE-POWER-001-A007,identity-logs,2026-07-08,81,1,reported
T-CSE-POWER-001-A007-2026-07-09,CSE-POWER-001,CSE-POWER-001-A007,identity-logs,2026-07-09,22,1,reported
T-CSE-POWER-001-A007-2026-07-10,CSE-POWER-001,CSE-POWER-001-A007,identity-logs,2026-07-10,29,1,reported
T-CSE-POWER-001-A007-2026-07-11,CSE-POWER-001,CSE-POWER-001-A007,identity-logs,2026-07-11,31,1,reported
T-CSE-POWER-001-A007-2026-07-12,CSE-POWER-001,CSE-POWER-001-A007,identity-logs,2026-07-12,41,1,reported
T-CSE-POWER-001-A007-2026-07-13,CSE-POWER-001,CSE-POWER-001-A007,identity-logs,2026-07-13,61,1,reported
T-CSE-POWER-001-A007-2026-07-14,CSE-POWER-001,CSE-POWER-001-A007,identity-logs,2026-07-14,31,1,reported
T-CSE-POWER-001-A007-2026-07-15,CSE-POWER-001,CSE-POWER-001-A007,identity-logs,2026-07-15,39,1,reported
T-CSE-POWER-001-A007-2026-07-16,CSE-POWER-001,CSE-POWER-001-A007,identity-logs,2026-07-16,20,1,reported
T-CSE-POWER-001-A007-2026-07-17,CSE-POWER-001,CSE-POWER-001-A007,identity-logs,2026-07-17,65,1,reported
T-CSE-POWER-001-A007-2026-07-18,CSE-POWER-001,CSE-POWER-001-A007,identity-logs,2026-07-18,64,1,reported
T-CSE-POWER-001-A007-2026-07-19,CSE-POWER-001,CSE-POWER-001-A007,identity-logs,2026-07-19,54,1,reported
T-CSE-POWER-001-A007-2026-07-20,CSE-POWER-001,CSE-POWER-001-A007,identity-logs,2026-07-20,81,1,reported
T-CSE-POWER-001-A007-2026-07-21,CSE-POWER-001,CSE-POWER-001-A007,identity-logs,2026-07-21,71,1,reported
T-CSE-POWER-001-A007-2026-07-22,CSE-POWER-001,CSE-POWER-001-A007,identity-logs,2026-07-22,65,1,reported
T-CSE-POWER-001-A007-2026-07-23,CSE-POWER-001,CSE-POWER-001-A007,identity-logs,2026-07-23,19,1,reported
T-CSE-POWER-001-A007-2026-07-24,CSE-POWER-001,CSE-POWER-001-A007,identity-logs,2026-07-24,38,1,reported
T-CSE-POWER-001-A007-2026-07-25,CSE-POWER-001,CSE-POWER-001-A007,identity-logs,2026-07-25,65,1,reported
T-CSE-POWER-001-A007-2026-07-26,CSE-POWER-001,CSE-POWER-001-A007,identity-logs,2026-07-26,61,1,reported
T-CSE-POWER-001-A007-2026-07-27,CSE-POWER-001,CSE-POWER-001-A007,identity-logs,2026-07-27,86,1,reported
T-CSE-POWER-001-A007-2026-07-28,CSE-POWER-001,CSE-POWER-001-A007,identity-logs,2026-07-28,14,1,reported
T-CSE-POWER-001-A007-2026-07-29,CSE-POWER-001,CSE-POWER-001-A007,identity-logs,2026-07-29,85,1,reported
T-CSE-POWER-001-A007-2026-07-30,CSE-POWER-001,CSE-POWER-001-A007,identity-logs,2026-07-30,60,1,reported
T-CSE-POWER-001-A007-2026-07-31,CSE-POWER-001,CSE-POWER-001-A007,identity-logs,2026-07-31,73,1,reported
T-CSE-POWER-001-A007-2026-08-01,CSE-POWER-001,CSE-POWER-001-A007,identity-logs,2026-08-01,12,1,reported
T-CSE-POWER-001-A007-2026-08-02,CSE-POWER-001,CSE-POWER-001-A007,identity-logs,2026-08-02,57,1,reported
T-CSE-POWER-001-A007-2026-08-03,CSE-POWER-001,CSE-POWER-001-A007,identity-logs,2026-08-03,50,1,reported
T-CSE-POWER-001-A007-2026-08-04,CSE-POWER-001,CSE-POWER-001-A007,identity-logs,2026-08-04,61,1,reported
T-CSE-POWER-001-A007-2026-08-05,CSE-POWER-001,CSE-POWER-001-A007,identity-logs,2026-08-05,65,1,reported
T-CSE-POWER-001-A007-2026-08-06,CSE-POWER-001,CSE-POWER-001-A007,identity-logs,2026-08-06,80,1,reported
T-CSE-POWER-001-A007-2026-08-07,CSE-POWER-001,CSE-POWER-001-A007,identity-logs,2026-08-07,81,1,reported
T-CSE-POWER-001-A007-2026-08-08,CSE-POWER-001,CSE-POWER-001-A007,identity-logs,2026-08-08,89,1,reported
T-CSE-POWER-001-A007-2026-08-09,CSE-POWER-001,CSE-POWER-001-A007,identity-logs,2026-08-09,40,1,reported
T-CSE-POWER-001-A007-2026-08-10,CSE-POWER-001,CSE-POWER-001-A007,identity-logs,2026-08-10,74,1,reported
T-CSE-POWER-001-A007-2026-08-11,CSE-POWER-001,CSE-POWER-001-A007,identity-logs,2026-08-11,40,1,reported
T-CSE-POWER-001-A007-2026-08-12,CSE-POWER-001,CSE-POWER-001-A007,identity-logs,2026-08-12,46,1,reported
T-CSE-POWER-001-A007-2026-08-13,CSE-POWER-001,CSE-POWER-001-A007,identity-logs,2026-08-13,67,1,reported
T-CSE-POWER-001-A007-2026-08-14,CSE-POWER-001,CSE-POWER-001-A007,identity-logs,2026-08-14,74,1,reported
T-CSE-POWER-001-A007-2026-08-15,CSE-POWER-001,CSE-POWER-001-A007,identity-logs,2026-08-15,15,1,reported
T-CSE-POWER-001-A007-2026-08-16,CSE-POWER-001,CSE-POWER-001-A007,identity-logs,2026-08-16,61,1,reported
T-CSE-POWER-001-A007-2026-08-17,CSE-POWER-001,CSE-POWER-001-A007,identity-logs,2026-08-17,55,1,reported
T-CSE-POWER-001-A007-2026-08-18,CSE-POWER-001,CSE-POWER-001-A007,identity-logs,2026-08-18,63,1,reported
T-CSE-POWER-001-A007-2026-08-19,CSE-POWER-001,CSE-POWER-001-A007,identity-logs,2026-08-19,33,1,reported
T-CSE-POWER-001-A007-2026-08-20,CSE-POWER-001,CSE-POWER-001-A007,identity-logs,2026-08-20,71,1,reported
T-CSE-POWER-001-A007-2026-08-21,CSE-POWER-001,CSE-POWER-001-A007,identity-logs,2026-08-21,28,1,reported
T-CSE-POWER-001-A007-2026-08-22,CSE-POWER-001,CSE-POWER-001-A007,identity-logs,2026-08-22,80,1,reported
T-CSE-POWER-001-A007-2026-08-23,CSE-POWER-001,CSE-POWER-001-A007,identity-logs,2026-08-23,15,1,reported
T-CSE-POWER-001-A007-2026-08-24,CSE-POWER-001,CSE-POWER-001-A007,identity-logs,2026-08-24,62,1,reported
T-CSE-POWER-001-A007-2026-08-25,CSE-POWER-001,CSE-POWER-001-A007,identity-logs,2026-08-25,87,1,reported
T-CSE-POWER-001-A007-2026-08-26,CSE-POWER-001,CSE-POWER-001-A007,identity-logs,2026-08-26,84,1,reported
T-CSE-POWER-001-A007-2026-08-27,CSE-POWER-001,CSE-POWER-001-A007,identity-logs,2026-08-27,15,1,reported
T-CSE-POWER-001-A007-2026-08-28,CSE-POWER-001,CSE-POWER-001-A007,identity-logs,2026-08-28,22,1,reported
T-CSE-POWER-001-A007-2026-08-29,CSE-POWER-001,CSE-POWER-001-A007,identity-logs,2026-08-29,66,1,reported
T-CSE-POWER-001-A007-2026-08-30,CSE-POWER-001,CSE-POWER-001-A007,identity-logs,2026-08-30,29,1,reported
T-CSE-POWER-001-A007-2026-08-31,CSE-POWER-001,CSE-POWER-001-A007,identity-logs,2026-08-31,71,1,reported
T-CSE-POWER-001-A008-2026-06-03,CSE-POWER-001,CSE-POWER-001-A008,endpoint-events,2026-06-03,35,1,reported
T-CSE-POWER-001-A008-2026-06-04,CSE-POWER-001,CSE-POWER-001-A008,endpoint-events,2026-06-04,18,1,reported
T-CSE-POWER-001-A008-2026-06-05,CSE-POWER-001,CSE-POWER-001-A008,endpoint-events,2026-06-05,45,1,reported
T-CSE-POWER-001-A008-2026-06-06,CSE-POWER-001,CSE-POWER-001-A008,endpoint-events,2026-06-06,60,1,reported
T-CSE-POWER-001-A008-2026-06-07,CSE-POWER-001,CSE-POWER-001-A008,endpoint-events,2026-06-07,53,1,reported
T-CSE-POWER-001-A008-2026-06-08,CSE-POWER-001,CSE-POWER-001-A008,endpoint-events,2026-06-08,39,1,reported
T-CSE-POWER-001-A008-2026-06-09,CSE-POWER-001,CSE-POWER-001-A008,endpoint-events,2026-06-09,70,1,reported
T-CSE-POWER-001-A008-2026-06-10,CSE-POWER-001,CSE-POWER-001-A008,endpoint-events,2026-06-10,53,1,reported
T-CSE-POWER-001-A008-2026-06-11,CSE-POWER-001,CSE-POWER-001-A008,endpoint-events,2026-06-11,55,1,reported
T-CSE-POWER-001-A008-2026-06-12,CSE-POWER-001,CSE-POWER-001-A008,endpoint-events,2026-06-12,60,1,reported
T-CSE-POWER-001-A008-2026-06-13,CSE-POWER-001,CSE-POWER-001-A008,endpoint-events,2026-06-13,47,1,reported
T-CSE-POWER-001-A008-2026-06-14,CSE-POWER-001,CSE-POWER-001-A008,endpoint-events,2026-06-14,65,1,reported
T-CSE-POWER-001-A008-2026-06-15,CSE-POWER-001,CSE-POWER-001-A008,endpoint-events,2026-06-15,44,1,reported
T-CSE-POWER-001-A008-2026-06-16,CSE-POWER-001,CSE-POWER-001-A008,endpoint-events,2026-06-16,22,1,reported
T-CSE-POWER-001-A008-2026-06-17,CSE-POWER-001,CSE-POWER-001-A008,endpoint-events,2026-06-17,72,1,reported
T-CSE-POWER-001-A008-2026-06-18,CSE-POWER-001,CSE-POWER-001-A008,endpoint-events,2026-06-18,14,1,reported
T-CSE-POWER-001-A008-2026-06-19,CSE-POWER-001,CSE-POWER-001-A008,endpoint-events,2026-06-19,81,1,reported
T-CSE-POWER-001-A008-2026-06-20,CSE-POWER-001,CSE-POWER-001-A008,endpoint-events,2026-06-20,18,1,reported
T-CSE-POWER-001-A008-2026-06-21,CSE-POWER-001,CSE-POWER-001-A008,endpoint-events,2026-06-21,56,1,reported
T-CSE-POWER-001-A008-2026-06-22,CSE-POWER-001,CSE-POWER-001-A008,endpoint-events,2026-06-22,40,1,reported
T-CSE-POWER-001-A008-2026-06-23,CSE-POWER-001,CSE-POWER-001-A008,endpoint-events,2026-06-23,20,1,reported
T-CSE-POWER-001-A008-2026-06-24,CSE-POWER-001,CSE-POWER-001-A008,endpoint-events,2026-06-24,17,1,reported
T-CSE-POWER-001-A008-2026-06-25,CSE-POWER-001,CSE-POWER-001-A008,endpoint-events,2026-06-25,15,1,reported
T-CSE-POWER-001-A008-2026-06-26,CSE-POWER-001,CSE-POWER-001-A008,endpoint-events,2026-06-26,43,1,reported
T-CSE-POWER-001-A008-2026-06-27,CSE-POWER-001,CSE-POWER-001-A008,endpoint-events,2026-06-27,37,1,reported
T-CSE-POWER-001-A008-2026-06-28,CSE-POWER-001,CSE-POWER-001-A008,endpoint-events,2026-06-28,14,1,reported
T-CSE-POWER-001-A008-2026-06-29,CSE-POWER-001,CSE-POWER-001-A008,endpoint-events,2026-06-29,31,1,reported
T-CSE-POWER-001-A008-2026-06-30,CSE-POWER-001,CSE-POWER-001-A008,endpoint-events,2026-06-30,42,1,reported
T-CSE-POWER-001-A008-2026-07-01,CSE-POWER-001,CSE-POWER-001-A008,endpoint-events,2026-07-01,28,1,reported
T-CSE-POWER-001-A008-2026-07-02,CSE-POWER-001,CSE-POWER-001-A008,endpoint-events,2026-07-02,72,1,reported
T-CSE-POWER-001-A008-2026-07-03,CSE-POWER-001,CSE-POWER-001-A008,endpoint-events,2026-07-03,26,1,reported
T-CSE-POWER-001-A008-2026-07-04,CSE-POWER-001,CSE-POWER-001-A008,endpoint-events,2026-07-04,84,1,reported
T-CSE-POWER-001-A008-2026-07-05,CSE-POWER-001,CSE-POWER-001-A008,endpoint-events,2026-07-05,39,1,reported
T-CSE-POWER-001-A008-2026-07-06,CSE-POWER-001,CSE-POWER-001-A008,endpoint-events,2026-07-06,71,1,reported
T-CSE-POWER-001-A008-2026-07-07,CSE-POWER-001,CSE-POWER-001-A008,endpoint-events,2026-07-07,44,1,reported
T-CSE-POWER-001-A008-2026-07-08,CSE-POWER-001,CSE-POWER-001-A008,endpoint-events,2026-07-08,59,1,reported
T-CSE-POWER-001-A008-2026-07-09,CSE-POWER-001,CSE-POWER-001-A008,endpoint-events,2026-07-09,33,1,reported
T-CSE-POWER-001-A008-2026-07-10,CSE-POWER-001,CSE-POWER-001-A008,endpoint-events,2026-07-10,89,1,reported
T-CSE-POWER-001-A008-2026-07-11,CSE-POWER-001,CSE-POWER-001-A008,endpoint-events,2026-07-11,89,1,reported
T-CSE-POWER-001-A008-2026-07-12,CSE-POWER-001,CSE-POWER-001-A008,endpoint-events,2026-07-12,26,1,reported
T-CSE-POWER-001-A008-2026-07-13,CSE-POWER-001,CSE-POWER-001-A008,endpoint-events,2026-07-13,32,1,reported
T-CSE-POWER-001-A008-2026-07-14,CSE-POWER-001,CSE-POWER-001-A008,endpoint-events,2026-07-14,51,1,reported
T-CSE-POWER-001-A008-2026-07-15,CSE-POWER-001,CSE-POWER-001-A008,endpoint-events,2026-07-15,25,1,reported
T-CSE-POWER-001-A008-2026-07-16,CSE-POWER-001,CSE-POWER-001-A008,endpoint-events,2026-07-16,86,1,reported
T-CSE-POWER-001-A008-2026-07-17,CSE-POWER-001,CSE-POWER-001-A008,endpoint-events,2026-07-17,15,1,reported
T-CSE-POWER-001-A008-2026-07-18,CSE-POWER-001,CSE-POWER-001-A008,endpoint-events,2026-07-18,51,1,reported
T-CSE-POWER-001-A008-2026-07-19,CSE-POWER-001,CSE-POWER-001-A008,endpoint-events,2026-07-19,85,1,reported
T-CSE-POWER-001-A008-2026-07-20,CSE-POWER-001,CSE-POWER-001-A008,endpoint-events,2026-07-20,60,1,reported
T-CSE-POWER-001-A008-2026-07-21,CSE-POWER-001,CSE-POWER-001-A008,endpoint-events,2026-07-21,62,1,reported
T-CSE-POWER-001-A008-2026-07-22,CSE-POWER-001,CSE-POWER-001-A008,endpoint-events,2026-07-22,37,1,reported
T-CSE-POWER-001-A008-2026-07-23,CSE-POWER-001,CSE-POWER-001-A008,endpoint-events,2026-07-23,21,1,reported
T-CSE-POWER-001-A008-2026-07-24,CSE-POWER-001,CSE-POWER-001-A008,endpoint-events,2026-07-24,87,1,reported
T-CSE-POWER-001-A008-2026-07-25,CSE-POWER-001,CSE-POWER-001-A008,endpoint-events,2026-07-25,43,1,reported
T-CSE-POWER-001-A008-2026-07-26,CSE-POWER-001,CSE-POWER-001-A008,endpoint-events,2026-07-26,25,1,reported
T-CSE-POWER-001-A008-2026-07-27,CSE-POWER-001,CSE-POWER-001-A008,endpoint-events,2026-07-27,50,1,reported
T-CSE-POWER-001-A008-2026-07-28,CSE-POWER-001,CSE-POWER-001-A008,endpoint-events,2026-07-28,88,1,reported
T-CSE-POWER-001-A008-2026-07-29,CSE-POWER-001,CSE-POWER-001-A008,endpoint-events,2026-07-29,27,1,reported
T-CSE-POWER-001-A008-2026-07-30,CSE-POWER-001,CSE-POWER-001-A008,endpoint-events,2026-07-30,84,1,reported
T-CSE-POWER-001-A008-2026-07-31,CSE-POWER-001,CSE-POWER-001-A008,endpoint-events,2026-07-31,17,1,reported
T-CSE-POWER-001-A008-2026-08-01,CSE-POWER-001,CSE-POWER-001-A008,endpoint-events,2026-08-01,56,1,reported
T-CSE-POWER-001-A008-2026-08-02,CSE-POWER-001,CSE-POWER-001-A008,endpoint-events,2026-08-02,80,1,reported
T-CSE-POWER-001-A008-2026-08-03,CSE-POWER-001,CSE-POWER-001-A008,endpoint-events,2026-08-03,66,1,reported
T-CSE-POWER-001-A008-2026-08-04,CSE-POWER-001,CSE-POWER-001-A008,endpoint-events,2026-08-04,59,1,reported
T-CSE-POWER-001-A008-2026-08-05,CSE-POWER-001,CSE-POWER-001-A008,endpoint-events,2026-08-05,20,1,reported
T-CSE-POWER-001-A008-2026-08-06,CSE-POWER-001,CSE-POWER-001-A008,endpoint-events,2026-08-06,76,1,reported
T-CSE-POWER-001-A008-2026-08-07,CSE-POWER-001,CSE-POWER-001-A008,endpoint-events,2026-08-07,55,1,reported
T-CSE-POWER-001-A008-2026-08-08,CSE-POWER-001,CSE-POWER-001-A008,endpoint-events,2026-08-08,13,1,reported
T-CSE-POWER-001-A008-2026-08-09,CSE-POWER-001,CSE-POWER-001-A008,endpoint-events,2026-08-09,65,1,reported
T-CSE-POWER-001-A008-2026-08-10,CSE-POWER-001,CSE-POWER-001-A008,endpoint-events,2026-08-10,74,1,reported
T-CSE-POWER-001-A008-2026-08-11,CSE-POWER-001,CSE-POWER-001-A008,endpoint-events,2026-08-11,25,1,reported
T-CSE-POWER-001-A008-2026-08-12,CSE-POWER-001,CSE-POWER-001-A008,endpoint-events,2026-08-12,67,1,reported
T-CSE-POWER-001-A008-2026-08-13,CSE-POWER-001,CSE-POWER-001-A008,endpoint-events,2026-08-13,58,1,reported
T-CSE-POWER-001-A008-2026-08-14,CSE-POWER-001,CSE-POWER-001-A008,endpoint-events,2026-08-14,70,1,reported
T-CSE-POWER-001-A008-2026-08-15,CSE-POWER-001,CSE-POWER-001-A008,endpoint-events,2026-08-15,31,1,reported
T-CSE-POWER-001-A008-2026-08-16,CSE-POWER-001,CSE-POWER-001-A008,endpoint-events,2026-08-16,67,1,reported
T-CSE-POWER-001-A008-2026-08-17,CSE-POWER-001,CSE-POWER-001-A008,endpoint-events,2026-08-17,34,1,reported
T-CSE-POWER-001-A008-2026-08-18,CSE-POWER-001,CSE-POWER-001-A008,endpoint-events,2026-08-18,78,1,reported
T-CSE-POWER-001-A008-2026-08-19,CSE-POWER-001,CSE-POWER-001-A008,endpoint-events,2026-08-19,46,1,reported
T-CSE-POWER-001-A008-2026-08-20,CSE-POWER-001,CSE-POWER-001-A008,endpoint-events,2026-08-20,80,1,reported
T-CSE-POWER-001-A008-2026-08-21,CSE-POWER-001,CSE-POWER-001-A008,endpoint-events,2026-08-21,73,1,reported
T-CSE-POWER-001-A008-2026-08-22,CSE-POWER-001,CSE-POWER-001-A008,endpoint-events,2026-08-22,71,1,reported
T-CSE-POWER-001-A008-2026-08-23,CSE-POWER-001,CSE-POWER-001-A008,endpoint-events,2026-08-23,67,1,reported
T-CSE-POWER-001-A008-2026-08-24,CSE-POWER-001,CSE-POWER-001-A008,endpoint-events,2026-08-24,87,1,reported
T-CSE-POWER-001-A008-2026-08-25,CSE-POWER-001,CSE-POWER-001-A008,endpoint-events,2026-08-25,46,1,reported
T-CSE-POWER-001-A008-2026-08-26,CSE-POWER-001,CSE-POWER-001-A008,endpoint-events,2026-08-26,53,1,reported
T-CSE-POWER-001-A008-2026-08-27,CSE-POWER-001,CSE-POWER-001-A008,endpoint-events,2026-08-27,43,1,reported
T-CSE-POWER-001-A008-2026-08-28,CSE-POWER-001,CSE-POWER-001-A008,endpoint-events,2026-08-28,23,1,reported
T-CSE-POWER-001-A008-2026-08-29,CSE-POWER-001,CSE-POWER-001-A008,endpoint-events,2026-08-29,47,1,reported
T-CSE-POWER-001-A008-2026-08-30,CSE-POWER-001,CSE-POWER-001-A008,endpoint-events,2026-08-30,69,1,reported
T-CSE-POWER-001-A008-2026-08-31,CSE-POWER-001,CSE-POWER-001-A008,endpoint-events,2026-08-31,43,1,reported
T-CSE-POWER-001-A009-2026-06-03,CSE-POWER-001,CSE-POWER-001-A009,identity-logs,2026-06-03,71,1,reported
T-CSE-POWER-001-A009-2026-06-04,CSE-POWER-001,CSE-POWER-001-A009,identity-logs,2026-06-04,84,1,reported
T-CSE-POWER-001-A009-2026-06-05,CSE-POWER-001,CSE-POWER-001-A009,identity-logs,2026-06-05,60,1,reported
T-CSE-POWER-001-A009-2026-06-06,CSE-POWER-001,CSE-POWER-001-A009,identity-logs,2026-06-06,55,1,reported
T-CSE-POWER-001-A009-2026-06-07,CSE-POWER-001,CSE-POWER-001-A009,identity-logs,2026-06-07,15,1,reported
T-CSE-POWER-001-A009-2026-06-08,CSE-POWER-001,CSE-POWER-001-A009,identity-logs,2026-06-08,75,1,reported
T-CSE-POWER-001-A009-2026-06-09,CSE-POWER-001,CSE-POWER-001-A009,identity-logs,2026-06-09,53,1,reported
T-CSE-POWER-001-A009-2026-06-10,CSE-POWER-001,CSE-POWER-001-A009,identity-logs,2026-06-10,35,1,reported
T-CSE-POWER-001-A009-2026-06-11,CSE-POWER-001,CSE-POWER-001-A009,identity-logs,2026-06-11,74,1,reported
T-CSE-POWER-001-A009-2026-06-12,CSE-POWER-001,CSE-POWER-001-A009,identity-logs,2026-06-12,39,1,reported
T-CSE-POWER-001-A009-2026-06-13,CSE-POWER-001,CSE-POWER-001-A009,identity-logs,2026-06-13,57,1,reported
T-CSE-POWER-001-A009-2026-06-14,CSE-POWER-001,CSE-POWER-001-A009,identity-logs,2026-06-14,45,1,reported
T-CSE-POWER-001-A009-2026-06-15,CSE-POWER-001,CSE-POWER-001-A009,identity-logs,2026-06-15,55,1,reported
T-CSE-POWER-001-A009-2026-06-16,CSE-POWER-001,CSE-POWER-001-A009,identity-logs,2026-06-16,47,1,reported
T-CSE-POWER-001-A009-2026-06-17,CSE-POWER-001,CSE-POWER-001-A009,identity-logs,2026-06-17,88,1,reported
T-CSE-POWER-001-A009-2026-06-18,CSE-POWER-001,CSE-POWER-001-A009,identity-logs,2026-06-18,47,1,reported
T-CSE-POWER-001-A009-2026-06-19,CSE-POWER-001,CSE-POWER-001-A009,identity-logs,2026-06-19,83,1,reported
T-CSE-POWER-001-A009-2026-06-20,CSE-POWER-001,CSE-POWER-001-A009,identity-logs,2026-06-20,13,1,reported
T-CSE-POWER-001-A009-2026-06-21,CSE-POWER-001,CSE-POWER-001-A009,identity-logs,2026-06-21,78,1,reported
T-CSE-POWER-001-A009-2026-06-22,CSE-POWER-001,CSE-POWER-001-A009,identity-logs,2026-06-22,36,1,reported
T-CSE-POWER-001-A009-2026-06-23,CSE-POWER-001,CSE-POWER-001-A009,identity-logs,2026-06-23,22,1,reported
T-CSE-POWER-001-A009-2026-06-24,CSE-POWER-001,CSE-POWER-001-A009,identity-logs,2026-06-24,42,1,reported
T-CSE-POWER-001-A009-2026-06-25,CSE-POWER-001,CSE-POWER-001-A009,identity-logs,2026-06-25,64,1,reported
T-CSE-POWER-001-A009-2026-06-26,CSE-POWER-001,CSE-POWER-001-A009,identity-logs,2026-06-26,74,1,reported
T-CSE-POWER-001-A009-2026-06-27,CSE-POWER-001,CSE-POWER-001-A009,identity-logs,2026-06-27,83,1,reported
T-CSE-POWER-001-A009-2026-06-28,CSE-POWER-001,CSE-POWER-001-A009,identity-logs,2026-06-28,42,1,reported
T-CSE-POWER-001-A009-2026-06-29,CSE-POWER-001,CSE-POWER-001-A009,identity-logs,2026-06-29,72,1,reported
T-CSE-POWER-001-A009-2026-06-30,CSE-POWER-001,CSE-POWER-001-A009,identity-logs,2026-06-30,74,1,reported
T-CSE-POWER-001-A009-2026-07-01,CSE-POWER-001,CSE-POWER-001-A009,identity-logs,2026-07-01,69,1,reported
T-CSE-POWER-001-A009-2026-07-02,CSE-POWER-001,CSE-POWER-001-A009,identity-logs,2026-07-02,14,1,reported
T-CSE-POWER-001-A009-2026-07-03,CSE-POWER-001,CSE-POWER-001-A009,identity-logs,2026-07-03,23,1,reported
T-CSE-POWER-001-A009-2026-07-04,CSE-POWER-001,CSE-POWER-001-A009,identity-logs,2026-07-04,49,1,reported
T-CSE-POWER-001-A009-2026-07-05,CSE-POWER-001,CSE-POWER-001-A009,identity-logs,2026-07-05,40,1,reported
T-CSE-POWER-001-A009-2026-07-06,CSE-POWER-001,CSE-POWER-001-A009,identity-logs,2026-07-06,63,1,reported
T-CSE-POWER-001-A009-2026-07-07,CSE-POWER-001,CSE-POWER-001-A009,identity-logs,2026-07-07,43,1,reported
T-CSE-POWER-001-A009-2026-07-08,CSE-POWER-001,CSE-POWER-001-A009,identity-logs,2026-07-08,51,1,reported
T-CSE-POWER-001-A009-2026-07-09,CSE-POWER-001,CSE-POWER-001-A009,identity-logs,2026-07-09,86,1,reported
T-CSE-POWER-001-A009-2026-07-10,CSE-POWER-001,CSE-POWER-001-A009,identity-logs,2026-07-10,59,1,reported
T-CSE-POWER-001-A009-2026-07-11,CSE-POWER-001,CSE-POWER-001-A009,identity-logs,2026-07-11,72,1,reported
T-CSE-POWER-001-A009-2026-07-12,CSE-POWER-001,CSE-POWER-001-A009,identity-logs,2026-07-12,82,1,reported
T-CSE-POWER-001-A009-2026-07-13,CSE-POWER-001,CSE-POWER-001-A009,identity-logs,2026-07-13,79,1,reported
T-CSE-POWER-001-A009-2026-07-14,CSE-POWER-001,CSE-POWER-001-A009,identity-logs,2026-07-14,56,1,reported
T-CSE-POWER-001-A009-2026-07-15,CSE-POWER-001,CSE-POWER-001-A009,identity-logs,2026-07-15,66,1,reported
T-CSE-POWER-001-A009-2026-07-16,CSE-POWER-001,CSE-POWER-001-A009,identity-logs,2026-07-16,82,1,reported
T-CSE-POWER-001-A009-2026-07-17,CSE-POWER-001,CSE-POWER-001-A009,identity-logs,2026-07-17,54,1,reported
T-CSE-POWER-001-A009-2026-07-18,CSE-POWER-001,CSE-POWER-001-A009,identity-logs,2026-07-18,57,1,reported
T-CSE-POWER-001-A009-2026-07-19,CSE-POWER-001,CSE-POWER-001-A009,identity-logs,2026-07-19,70,1,reported
T-CSE-POWER-001-A009-2026-07-20,CSE-POWER-001,CSE-POWER-001-A009,identity-logs,2026-07-20,46,1,reported
T-CSE-POWER-001-A009-2026-07-21,CSE-POWER-001,CSE-POWER-001-A009,identity-logs,2026-07-21,51,1,reported
T-CSE-POWER-001-A009-2026-07-22,CSE-POWER-001,CSE-POWER-001-A009,identity-logs,2026-07-22,44,1,reported
T-CSE-POWER-001-A009-2026-07-23,CSE-POWER-001,CSE-POWER-001-A009,identity-logs,2026-07-23,41,1,reported
T-CSE-POWER-001-A009-2026-07-24,CSE-POWER-001,CSE-POWER-001-A009,identity-logs,2026-07-24,27,1,reported
T-CSE-POWER-001-A009-2026-07-25,CSE-POWER-001,CSE-POWER-001-A009,identity-logs,2026-07-25,36,1,reported
T-CSE-POWER-001-A009-2026-07-26,CSE-POWER-001,CSE-POWER-001-A009,identity-logs,2026-07-26,52,1,reported
T-CSE-POWER-001-A009-2026-07-27,CSE-POWER-001,CSE-POWER-001-A009,identity-logs,2026-07-27,27,1,reported
T-CSE-POWER-001-A009-2026-07-28,CSE-POWER-001,CSE-POWER-001-A009,identity-logs,2026-07-28,80,1,reported
T-CSE-POWER-001-A009-2026-07-29,CSE-POWER-001,CSE-POWER-001-A009,identity-logs,2026-07-29,35,1,reported
T-CSE-POWER-001-A009-2026-07-30,CSE-POWER-001,CSE-POWER-001-A009,identity-logs,2026-07-30,36,1,reported
T-CSE-POWER-001-A009-2026-07-31,CSE-POWER-001,CSE-POWER-001-A009,identity-logs,2026-07-31,39,1,reported
T-CSE-POWER-001-A009-2026-08-01,CSE-POWER-001,CSE-POWER-001-A009,identity-logs,2026-08-01,73,1,reported
T-CSE-POWER-001-A009-2026-08-02,CSE-POWER-001,CSE-POWER-001-A009,identity-logs,2026-08-02,47,1,reported
T-CSE-POWER-001-A009-2026-08-03,CSE-POWER-001,CSE-POWER-001-A009,identity-logs,2026-08-03,87,1,reported
T-CSE-POWER-001-A009-2026-08-04,CSE-POWER-001,CSE-POWER-001-A009,identity-logs,2026-08-04,79,1,reported
T-CSE-POWER-001-A009-2026-08-05,CSE-POWER-001,CSE-POWER-001-A009,identity-logs,2026-08-05,88,1,reported
T-CSE-POWER-001-A009-2026-08-06,CSE-POWER-001,CSE-POWER-001-A009,identity-logs,2026-08-06,48,1,reported
T-CSE-POWER-001-A009-2026-08-07,CSE-POWER-001,CSE-POWER-001-A009,identity-logs,2026-08-07,24,1,reported
T-CSE-POWER-001-A009-2026-08-08,CSE-POWER-001,CSE-POWER-001-A009,identity-logs,2026-08-08,36,1,reported
T-CSE-POWER-001-A009-2026-08-09,CSE-POWER-001,CSE-POWER-001-A009,identity-logs,2026-08-09,49,1,reported
T-CSE-POWER-001-A009-2026-08-10,CSE-POWER-001,CSE-POWER-001-A009,identity-logs,2026-08-10,41,1,reported
T-CSE-POWER-001-A009-2026-08-11,CSE-POWER-001,CSE-POWER-001-A009,identity-logs,2026-08-11,58,1,reported
T-CSE-POWER-001-A009-2026-08-12,CSE-POWER-001,CSE-POWER-001-A009,identity-logs,2026-08-12,34,1,reported
T-CSE-POWER-001-A009-2026-08-13,CSE-POWER-001,CSE-POWER-001-A009,identity-logs,2026-08-13,50,1,reported
T-CSE-POWER-001-A009-2026-08-14,CSE-POWER-001,CSE-POWER-001-A009,identity-logs,2026-08-14,13,1,reported
T-CSE-POWER-001-A009-2026-08-15,CSE-POWER-001,CSE-POWER-001-A009,identity-logs,2026-08-15,80,1,reported
T-CSE-POWER-001-A009-2026-08-16,CSE-POWER-001,CSE-POWER-001-A009,identity-logs,2026-08-16,28,1,reported
T-CSE-POWER-001-A009-2026-08-17,CSE-POWER-001,CSE-POWER-001-A009,identity-logs,2026-08-17,47,1,reported
T-CSE-POWER-001-A009-2026-08-18,CSE-POWER-001,CSE-POWER-001-A009,identity-logs,2026-08-18,17,1,reported
T-CSE-POWER-001-A009-2026-08-19,CSE-POWER-001,CSE-POWER-001-A009,identity-logs,2026-08-19,18,1,reported
T-CSE-POWER-001-A009-2026-08-20,CSE-POWER-001,CSE-POWER-001-A009,identity-logs,2026-08-20,82,1,reported
T-CSE-POWER-001-A009-2026-08-21,CSE-POWER-001,CSE-POWER-001-A009,identity-logs,2026-08-21,49,1,reported
T-CSE-POWER-001-A009-2026-08-22,CSE-POWER-001,CSE-POWER-001-A009,identity-logs,2026-08-22,28,1,reported
T-CSE-POWER-001-A009-2026-08-23,CSE-POWER-001,CSE-POWER-001-A009,identity-logs,2026-08-23,74,1,reported
T-CSE-POWER-001-A009-2026-08-24,CSE-POWER-001,CSE-POWER-001-A009,identity-logs,2026-08-24,25,1,reported
T-CSE-POWER-001-A009-2026-08-25,CSE-POWER-001,CSE-POWER-001-A009,identity-logs,2026-08-25,13,1,reported
T-CSE-POWER-001-A009-2026-08-26,CSE-POWER-001,CSE-POWER-001-A009,identity-logs,2026-08-26,85,1,reported
T-CSE-POWER-001-A009-2026-08-27,CSE-POWER-001,CSE-POWER-001-A009,identity-logs,2026-08-27,48,1,reported
T-CSE-POWER-001-A009-2026-08-28,CSE-POWER-001,CSE-POWER-001-A009,identity-logs,2026-08-28,72,1,reported
T-CSE-POWER-001-A009-2026-08-29,CSE-POWER-001,CSE-POWER-001-A009,identity-logs,2026-08-29,73,1,reported
T-CSE-POWER-001-A009-2026-08-30,CSE-POWER-001,CSE-POWER-001-A009,identity-logs,2026-08-30,68,1,reported
T-CSE-POWER-001-A009-2026-08-31,CSE-POWER-001,CSE-POWER-001-A009,identity-logs,2026-08-31,55,1,reported
T-CSE-POWER-001-A010-2026-06-03,CSE-POWER-001,CSE-POWER-001-A010,endpoint-events,2026-06-03,35,1,reported
T-CSE-POWER-001-A010-2026-06-04,CSE-POWER-001,CSE-POWER-001-A010,endpoint-events,2026-06-04,18,1,reported
T-CSE-POWER-001-A010-2026-06-05,CSE-POWER-001,CSE-POWER-001-A010,endpoint-events,2026-06-05,44,1,reported
T-CSE-POWER-001-A010-2026-06-06,CSE-POWER-001,CSE-POWER-001-A010,endpoint-events,2026-06-06,73,1,reported
T-CSE-POWER-001-A010-2026-06-07,CSE-POWER-001,CSE-POWER-001-A010,endpoint-events,2026-06-07,26,1,reported
T-CSE-POWER-001-A010-2026-06-08,CSE-POWER-001,CSE-POWER-001-A010,endpoint-events,2026-06-08,20,1,reported
T-CSE-POWER-001-A010-2026-06-09,CSE-POWER-001,CSE-POWER-001-A010,endpoint-events,2026-06-09,63,1,reported
T-CSE-POWER-001-A010-2026-06-10,CSE-POWER-001,CSE-POWER-001-A010,endpoint-events,2026-06-10,74,1,reported
T-CSE-POWER-001-A010-2026-06-11,CSE-POWER-001,CSE-POWER-001-A010,endpoint-events,2026-06-11,21,1,reported
T-CSE-POWER-001-A010-2026-06-12,CSE-POWER-001,CSE-POWER-001-A010,endpoint-events,2026-06-12,85,1,reported
T-CSE-POWER-001-A010-2026-06-13,CSE-POWER-001,CSE-POWER-001-A010,endpoint-events,2026-06-13,18,1,reported
T-CSE-POWER-001-A010-2026-06-14,CSE-POWER-001,CSE-POWER-001-A010,endpoint-events,2026-06-14,31,1,reported
T-CSE-POWER-001-A010-2026-06-15,CSE-POWER-001,CSE-POWER-001-A010,endpoint-events,2026-06-15,31,1,reported
T-CSE-POWER-001-A010-2026-06-16,CSE-POWER-001,CSE-POWER-001-A010,endpoint-events,2026-06-16,84,1,reported
T-CSE-POWER-001-A010-2026-06-17,CSE-POWER-001,CSE-POWER-001-A010,endpoint-events,2026-06-17,50,1,reported
T-CSE-POWER-001-A010-2026-06-18,CSE-POWER-001,CSE-POWER-001-A010,endpoint-events,2026-06-18,22,1,reported
T-CSE-POWER-001-A010-2026-06-19,CSE-POWER-001,CSE-POWER-001-A010,endpoint-events,2026-06-19,43,1,reported
T-CSE-POWER-001-A010-2026-06-20,CSE-POWER-001,CSE-POWER-001-A010,endpoint-events,2026-06-20,27,1,reported
T-CSE-POWER-001-A010-2026-06-21,CSE-POWER-001,CSE-POWER-001-A010,endpoint-events,2026-06-21,83,1,reported
T-CSE-POWER-001-A010-2026-06-22,CSE-POWER-001,CSE-POWER-001-A010,endpoint-events,2026-06-22,65,1,reported
T-CSE-POWER-001-A010-2026-06-23,CSE-POWER-001,CSE-POWER-001-A010,endpoint-events,2026-06-23,89,1,reported
T-CSE-POWER-001-A010-2026-06-24,CSE-POWER-001,CSE-POWER-001-A010,endpoint-events,2026-06-24,88,1,reported
T-CSE-POWER-001-A010-2026-06-25,CSE-POWER-001,CSE-POWER-001-A010,endpoint-events,2026-06-25,40,1,reported
T-CSE-POWER-001-A010-2026-06-26,CSE-POWER-001,CSE-POWER-001-A010,endpoint-events,2026-06-26,78,1,reported
T-CSE-POWER-001-A010-2026-06-27,CSE-POWER-001,CSE-POWER-001-A010,endpoint-events,2026-06-27,60,1,reported
T-CSE-POWER-001-A010-2026-06-28,CSE-POWER-001,CSE-POWER-001-A010,endpoint-events,2026-06-28,69,1,reported
T-CSE-POWER-001-A010-2026-06-29,CSE-POWER-001,CSE-POWER-001-A010,endpoint-events,2026-06-29,68,1,reported
T-CSE-POWER-001-A010-2026-06-30,CSE-POWER-001,CSE-POWER-001-A010,endpoint-events,2026-06-30,50,1,reported
T-CSE-POWER-001-A010-2026-07-01,CSE-POWER-001,CSE-POWER-001-A010,endpoint-events,2026-07-01,87,1,reported
T-CSE-POWER-001-A010-2026-07-02,CSE-POWER-001,CSE-POWER-001-A010,endpoint-events,2026-07-02,66,1,reported
T-CSE-POWER-001-A010-2026-07-03,CSE-POWER-001,CSE-POWER-001-A010,endpoint-events,2026-07-03,51,1,reported
T-CSE-POWER-001-A010-2026-07-04,CSE-POWER-001,CSE-POWER-001-A010,endpoint-events,2026-07-04,84,1,reported
T-CSE-POWER-001-A010-2026-07-05,CSE-POWER-001,CSE-POWER-001-A010,endpoint-events,2026-07-05,19,1,reported
T-CSE-POWER-001-A010-2026-07-06,CSE-POWER-001,CSE-POWER-001-A010,endpoint-events,2026-07-06,24,1,reported
T-CSE-POWER-001-A010-2026-07-07,CSE-POWER-001,CSE-POWER-001-A010,endpoint-events,2026-07-07,38,1,reported
T-CSE-POWER-001-A010-2026-07-08,CSE-POWER-001,CSE-POWER-001-A010,endpoint-events,2026-07-08,39,1,reported
T-CSE-POWER-001-A010-2026-07-09,CSE-POWER-001,CSE-POWER-001-A010,endpoint-events,2026-07-09,45,1,reported
T-CSE-POWER-001-A010-2026-07-10,CSE-POWER-001,CSE-POWER-001-A010,endpoint-events,2026-07-10,22,1,reported
T-CSE-POWER-001-A010-2026-07-11,CSE-POWER-001,CSE-POWER-001-A010,endpoint-events,2026-07-11,32,1,reported
T-CSE-POWER-001-A010-2026-07-12,CSE-POWER-001,CSE-POWER-001-A010,endpoint-events,2026-07-12,42,1,reported
T-CSE-POWER-001-A010-2026-07-13,CSE-POWER-001,CSE-POWER-001-A010,endpoint-events,2026-07-13,34,1,reported
T-CSE-POWER-001-A010-2026-07-14,CSE-POWER-001,CSE-POWER-001-A010,endpoint-events,2026-07-14,82,1,reported
T-CSE-POWER-001-A010-2026-07-15,CSE-POWER-001,CSE-POWER-001-A010,endpoint-events,2026-07-15,21,1,reported
T-CSE-POWER-001-A010-2026-07-16,CSE-POWER-001,CSE-POWER-001-A010,endpoint-events,2026-07-16,32,1,reported
T-CSE-POWER-001-A010-2026-07-17,CSE-POWER-001,CSE-POWER-001-A010,endpoint-events,2026-07-17,12,1,reported
T-CSE-POWER-001-A010-2026-07-18,CSE-POWER-001,CSE-POWER-001-A010,endpoint-events,2026-07-18,64,1,reported
T-CSE-POWER-001-A010-2026-07-19,CSE-POWER-001,CSE-POWER-001-A010,endpoint-events,2026-07-19,69,1,reported
T-CSE-POWER-001-A010-2026-07-20,CSE-POWER-001,CSE-POWER-001-A010,endpoint-events,2026-07-20,88,1,reported
T-CSE-POWER-001-A010-2026-07-21,CSE-POWER-001,CSE-POWER-001-A010,endpoint-events,2026-07-21,72,1,reported
T-CSE-POWER-001-A010-2026-07-22,CSE-POWER-001,CSE-POWER-001-A010,endpoint-events,2026-07-22,49,1,reported
T-CSE-POWER-001-A010-2026-07-23,CSE-POWER-001,CSE-POWER-001-A010,endpoint-events,2026-07-23,16,1,reported
T-CSE-POWER-001-A010-2026-07-24,CSE-POWER-001,CSE-POWER-001-A010,endpoint-events,2026-07-24,41,1,reported
T-CSE-POWER-001-A010-2026-07-25,CSE-POWER-001,CSE-POWER-001-A010,endpoint-events,2026-07-25,48,1,reported
T-CSE-POWER-001-A010-2026-07-26,CSE-POWER-001,CSE-POWER-001-A010,endpoint-events,2026-07-26,48,1,reported
T-CSE-POWER-001-A010-2026-07-27,CSE-POWER-001,CSE-POWER-001-A010,endpoint-events,2026-07-27,70,1,reported
T-CSE-POWER-001-A010-2026-07-28,CSE-POWER-001,CSE-POWER-001-A010,endpoint-events,2026-07-28,21,1,reported
T-CSE-POWER-001-A010-2026-07-29,CSE-POWER-001,CSE-POWER-001-A010,endpoint-events,2026-07-29,41,1,reported
T-CSE-POWER-001-A010-2026-07-30,CSE-POWER-001,CSE-POWER-001-A010,endpoint-events,2026-07-30,45,1,reported
T-CSE-POWER-001-A010-2026-07-31,CSE-POWER-001,CSE-POWER-001-A010,endpoint-events,2026-07-31,87,1,reported
T-CSE-POWER-001-A010-2026-08-01,CSE-POWER-001,CSE-POWER-001-A010,endpoint-events,2026-08-01,37,1,reported
T-CSE-POWER-001-A010-2026-08-02,CSE-POWER-001,CSE-POWER-001-A010,endpoint-events,2026-08-02,66,1,reported
T-CSE-POWER-001-A010-2026-08-03,CSE-POWER-001,CSE-POWER-001-A010,endpoint-events,2026-08-03,26,1,reported
T-CSE-POWER-001-A010-2026-08-04,CSE-POWER-001,CSE-POWER-001-A010,endpoint-events,2026-08-04,81,1,reported
T-CSE-POWER-001-A010-2026-08-05,CSE-POWER-001,CSE-POWER-001-A010,endpoint-events,2026-08-05,40,1,reported
T-CSE-POWER-001-A010-2026-08-06,CSE-POWER-001,CSE-POWER-001-A010,endpoint-events,2026-08-06,31,1,reported
T-CSE-POWER-001-A010-2026-08-07,CSE-POWER-001,CSE-POWER-001-A010,endpoint-events,2026-08-07,46,1,reported
T-CSE-POWER-001-A010-2026-08-08,CSE-POWER-001,CSE-POWER-001-A010,endpoint-events,2026-08-08,30,1,reported
T-CSE-POWER-001-A010-2026-08-09,CSE-POWER-001,CSE-POWER-001-A010,endpoint-events,2026-08-09,21,1,reported
T-CSE-POWER-001-A010-2026-08-10,CSE-POWER-001,CSE-POWER-001-A010,endpoint-events,2026-08-10,19,1,reported
T-CSE-POWER-001-A010-2026-08-11,CSE-POWER-001,CSE-POWER-001-A010,endpoint-events,2026-08-11,33,1,reported
T-CSE-POWER-001-A010-2026-08-12,CSE-POWER-001,CSE-POWER-001-A010,endpoint-events,2026-08-12,51,1,reported
T-CSE-POWER-001-A010-2026-08-13,CSE-POWER-001,CSE-POWER-001-A010,endpoint-events,2026-08-13,88,1,reported
T-CSE-POWER-001-A010-2026-08-14,CSE-POWER-001,CSE-POWER-001-A010,endpoint-events,2026-08-14,84,1,reported
T-CSE-POWER-001-A010-2026-08-15,CSE-POWER-001,CSE-POWER-001-A010,endpoint-events,2026-08-15,48,1,reported
T-CSE-POWER-001-A010-2026-08-16,CSE-POWER-001,CSE-POWER-001-A010,endpoint-events,2026-08-16,68,1,reported
T-CSE-POWER-001-A010-2026-08-17,CSE-POWER-001,CSE-POWER-001-A010,endpoint-events,2026-08-17,27,1,reported
T-CSE-POWER-001-A010-2026-08-18,CSE-POWER-001,CSE-POWER-001-A010,endpoint-events,2026-08-18,71,1,reported
T-CSE-POWER-001-A010-2026-08-19,CSE-POWER-001,CSE-POWER-001-A010,endpoint-events,2026-08-19,50,1,reported
T-CSE-POWER-001-A010-2026-08-20,CSE-POWER-001,CSE-POWER-001-A010,endpoint-events,2026-08-20,63,1,reported
T-CSE-POWER-001-A010-2026-08-21,CSE-POWER-001,CSE-POWER-001-A010,endpoint-events,2026-08-21,46,1,reported
T-CSE-POWER-001-A010-2026-08-22,CSE-POWER-001,CSE-POWER-001-A010,endpoint-events,2026-08-22,76,1,reported
T-CSE-POWER-001-A010-2026-08-23,CSE-POWER-001,CSE-POWER-001-A010,endpoint-events,2026-08-23,81,1,reported
T-CSE-POWER-001-A010-2026-08-24,CSE-POWER-001,CSE-POWER-001-A010,endpoint-events,2026-08-24,75,1,reported
T-CSE-POWER-001-A010-2026-08-25,CSE-POWER-001,CSE-POWER-001-A010,endpoint-events,2026-08-25,68,1,reported
T-CSE-POWER-001-A010-2026-08-26,CSE-POWER-001,CSE-POWER-001-A010,endpoint-events,2026-08-26,22,1,reported
T-CSE-POWER-001-A010-2026-08-27,CSE-POWER-001,CSE-POWER-001-A010,endpoint-events,2026-08-27,88,1,reported
T-CSE-POWER-001-A010-2026-08-28,CSE-POWER-001,CSE-POWER-001-A010,endpoint-events,2026-08-28,17,1,reported
T-CSE-POWER-001-A010-2026-08-29,CSE-POWER-001,CSE-POWER-001-A010,endpoint-events,2026-08-29,67,1,reported
T-CSE-POWER-001-A010-2026-08-30,CSE-POWER-001,CSE-POWER-001-A010,endpoint-events,2026-08-30,53,1,reported
T-CSE-POWER-001-A010-2026-08-31,CSE-POWER-001,CSE-POWER-001-A010,endpoint-events,2026-08-31,89,1,reported
T-CSE-TELECOM-001-A001-2026-06-03,CSE-TELECOM-001,CSE-TELECOM-001-A001,identity-logs,2026-06-03,44,1,reported
T-CSE-TELECOM-001-A001-2026-06-04,CSE-TELECOM-001,CSE-TELECOM-001-A001,identity-logs,2026-06-04,15,1,reported
T-CSE-TELECOM-001-A001-2026-06-05,CSE-TELECOM-001,CSE-TELECOM-001-A001,identity-logs,2026-06-05,23,1,reported
T-CSE-TELECOM-001-A001-2026-06-06,CSE-TELECOM-001,CSE-TELECOM-001-A001,identity-logs,2026-06-06,41,1,reported
T-CSE-TELECOM-001-A001-2026-06-07,CSE-TELECOM-001,CSE-TELECOM-001-A001,identity-logs,2026-06-07,85,1,reported
T-CSE-TELECOM-001-A001-2026-06-08,CSE-TELECOM-001,CSE-TELECOM-001-A001,identity-logs,2026-06-08,87,1,reported
T-CSE-TELECOM-001-A001-2026-06-09,CSE-TELECOM-001,CSE-TELECOM-001-A001,identity-logs,2026-06-09,14,1,reported
T-CSE-TELECOM-001-A001-2026-06-10,CSE-TELECOM-001,CSE-TELECOM-001-A001,identity-logs,2026-06-10,46,1,reported
T-CSE-TELECOM-001-A001-2026-06-11,CSE-TELECOM-001,CSE-TELECOM-001-A001,identity-logs,2026-06-11,85,1,reported
T-CSE-TELECOM-001-A001-2026-06-12,CSE-TELECOM-001,CSE-TELECOM-001-A001,identity-logs,2026-06-12,17,1,reported
T-CSE-TELECOM-001-A001-2026-06-13,CSE-TELECOM-001,CSE-TELECOM-001-A001,identity-logs,2026-06-13,34,1,reported
T-CSE-TELECOM-001-A001-2026-06-14,CSE-TELECOM-001,CSE-TELECOM-001-A001,identity-logs,2026-06-14,72,1,reported
T-CSE-TELECOM-001-A001-2026-06-15,CSE-TELECOM-001,CSE-TELECOM-001-A001,identity-logs,2026-06-15,78,1,reported
T-CSE-TELECOM-001-A001-2026-06-16,CSE-TELECOM-001,CSE-TELECOM-001-A001,identity-logs,2026-06-16,68,1,reported
T-CSE-TELECOM-001-A001-2026-06-17,CSE-TELECOM-001,CSE-TELECOM-001-A001,identity-logs,2026-06-17,47,1,reported
T-CSE-TELECOM-001-A001-2026-06-18,CSE-TELECOM-001,CSE-TELECOM-001-A001,identity-logs,2026-06-18,35,1,reported
T-CSE-TELECOM-001-A001-2026-06-19,CSE-TELECOM-001,CSE-TELECOM-001-A001,identity-logs,2026-06-19,86,1,reported
T-CSE-TELECOM-001-A001-2026-06-20,CSE-TELECOM-001,CSE-TELECOM-001-A001,identity-logs,2026-06-20,67,1,reported
T-CSE-TELECOM-001-A001-2026-06-21,CSE-TELECOM-001,CSE-TELECOM-001-A001,identity-logs,2026-06-21,74,1,reported
T-CSE-TELECOM-001-A001-2026-06-22,CSE-TELECOM-001,CSE-TELECOM-001-A001,identity-logs,2026-06-22,23,1,reported
T-CSE-TELECOM-001-A001-2026-06-23,CSE-TELECOM-001,CSE-TELECOM-001-A001,identity-logs,2026-06-23,72,1,reported
T-CSE-TELECOM-001-A001-2026-06-24,CSE-TELECOM-001,CSE-TELECOM-001-A001,identity-logs,2026-06-24,56,1,reported
T-CSE-TELECOM-001-A001-2026-06-25,CSE-TELECOM-001,CSE-TELECOM-001-A001,identity-logs,2026-06-25,64,1,reported
T-CSE-TELECOM-001-A001-2026-06-26,CSE-TELECOM-001,CSE-TELECOM-001-A001,identity-logs,2026-06-26,54,1,reported
T-CSE-TELECOM-001-A001-2026-06-27,CSE-TELECOM-001,CSE-TELECOM-001-A001,identity-logs,2026-06-27,53,1,reported
T-CSE-TELECOM-001-A001-2026-06-28,CSE-TELECOM-001,CSE-TELECOM-001-A001,identity-logs,2026-06-28,25,1,reported
T-CSE-TELECOM-001-A001-2026-06-29,CSE-TELECOM-001,CSE-TELECOM-001-A001,identity-logs,2026-06-29,32,1,reported
T-CSE-TELECOM-001-A001-2026-06-30,CSE-TELECOM-001,CSE-TELECOM-001-A001,identity-logs,2026-06-30,54,1,reported
T-CSE-TELECOM-001-A001-2026-07-01,CSE-TELECOM-001,CSE-TELECOM-001-A001,identity-logs,2026-07-01,64,1,reported
T-CSE-TELECOM-001-A001-2026-07-02,CSE-TELECOM-001,CSE-TELECOM-001-A001,identity-logs,2026-07-02,75,1,reported
T-CSE-TELECOM-001-A001-2026-07-03,CSE-TELECOM-001,CSE-TELECOM-001-A001,identity-logs,2026-07-03,48,1,reported
T-CSE-TELECOM-001-A001-2026-07-04,CSE-TELECOM-001,CSE-TELECOM-001-A001,identity-logs,2026-07-04,63,1,reported
T-CSE-TELECOM-001-A001-2026-07-05,CSE-TELECOM-001,CSE-TELECOM-001-A001,identity-logs,2026-07-05,82,1,reported
T-CSE-TELECOM-001-A001-2026-07-06,CSE-TELECOM-001,CSE-TELECOM-001-A001,identity-logs,2026-07-06,16,1,reported
T-CSE-TELECOM-001-A001-2026-07-07,CSE-TELECOM-001,CSE-TELECOM-001-A001,identity-logs,2026-07-07,70,1,reported
T-CSE-TELECOM-001-A001-2026-07-08,CSE-TELECOM-001,CSE-TELECOM-001-A001,identity-logs,2026-07-08,23,1,reported
T-CSE-TELECOM-001-A001-2026-07-09,CSE-TELECOM-001,CSE-TELECOM-001-A001,identity-logs,2026-07-09,52,1,reported
T-CSE-TELECOM-001-A001-2026-07-10,CSE-TELECOM-001,CSE-TELECOM-001-A001,identity-logs,2026-07-10,44,1,reported
T-CSE-TELECOM-001-A001-2026-07-11,CSE-TELECOM-001,CSE-TELECOM-001-A001,identity-logs,2026-07-11,53,1,reported
T-CSE-TELECOM-001-A001-2026-07-12,CSE-TELECOM-001,CSE-TELECOM-001-A001,identity-logs,2026-07-12,26,1,reported
T-CSE-TELECOM-001-A001-2026-07-13,CSE-TELECOM-001,CSE-TELECOM-001-A001,identity-logs,2026-07-13,63,1,reported
T-CSE-TELECOM-001-A001-2026-07-14,CSE-TELECOM-001,CSE-TELECOM-001-A001,identity-logs,2026-07-14,77,1,reported
T-CSE-TELECOM-001-A001-2026-07-15,CSE-TELECOM-001,CSE-TELECOM-001-A001,identity-logs,2026-07-15,12,1,reported
T-CSE-TELECOM-001-A001-2026-07-16,CSE-TELECOM-001,CSE-TELECOM-001-A001,identity-logs,2026-07-16,81,1,reported
T-CSE-TELECOM-001-A001-2026-07-17,CSE-TELECOM-001,CSE-TELECOM-001-A001,identity-logs,2026-07-17,71,1,reported
T-CSE-TELECOM-001-A001-2026-07-18,CSE-TELECOM-001,CSE-TELECOM-001-A001,identity-logs,2026-07-18,64,1,reported
T-CSE-TELECOM-001-A001-2026-07-19,CSE-TELECOM-001,CSE-TELECOM-001-A001,identity-logs,2026-07-19,18,1,reported
T-CSE-TELECOM-001-A001-2026-07-20,CSE-TELECOM-001,CSE-TELECOM-001-A001,identity-logs,2026-07-20,36,1,reported
T-CSE-TELECOM-001-A001-2026-07-21,CSE-TELECOM-001,CSE-TELECOM-001-A001,identity-logs,2026-07-21,78,1,reported
T-CSE-TELECOM-001-A001-2026-07-22,CSE-TELECOM-001,CSE-TELECOM-001-A001,identity-logs,2026-07-22,58,1,reported
T-CSE-TELECOM-001-A001-2026-07-23,CSE-TELECOM-001,CSE-TELECOM-001-A001,identity-logs,2026-07-23,75,1,reported
T-CSE-TELECOM-001-A001-2026-07-24,CSE-TELECOM-001,CSE-TELECOM-001-A001,identity-logs,2026-07-24,68,1,reported
T-CSE-TELECOM-001-A001-2026-07-25,CSE-TELECOM-001,CSE-TELECOM-001-A001,identity-logs,2026-07-25,18,1,reported
T-CSE-TELECOM-001-A001-2026-07-26,CSE-TELECOM-001,CSE-TELECOM-001-A001,identity-logs,2026-07-26,38,1,reported
T-CSE-TELECOM-001-A001-2026-07-27,CSE-TELECOM-001,CSE-TELECOM-001-A001,identity-logs,2026-07-27,46,1,reported
T-CSE-TELECOM-001-A001-2026-07-28,CSE-TELECOM-001,CSE-TELECOM-001-A001,identity-logs,2026-07-28,82,1,reported
T-CSE-TELECOM-001-A001-2026-07-29,CSE-TELECOM-001,CSE-TELECOM-001-A001,identity-logs,2026-07-29,28,1,reported
T-CSE-TELECOM-001-A001-2026-07-30,CSE-TELECOM-001,CSE-TELECOM-001-A001,identity-logs,2026-07-30,48,1,reported
T-CSE-TELECOM-001-A001-2026-07-31,CSE-TELECOM-001,CSE-TELECOM-001-A001,identity-logs,2026-07-31,68,1,reported
T-CSE-TELECOM-001-A001-2026-08-01,CSE-TELECOM-001,CSE-TELECOM-001-A001,identity-logs,2026-08-01,74,1,reported
T-CSE-TELECOM-001-A001-2026-08-02,CSE-TELECOM-001,CSE-TELECOM-001-A001,identity-logs,2026-08-02,27,1,reported
T-CSE-TELECOM-001-A001-2026-08-03,CSE-TELECOM-001,CSE-TELECOM-001-A001,identity-logs,2026-08-03,15,1,reported
T-CSE-TELECOM-001-A001-2026-08-04,CSE-TELECOM-001,CSE-TELECOM-001-A001,identity-logs,2026-08-04,89,1,reported
T-CSE-TELECOM-001-A001-2026-08-05,CSE-TELECOM-001,CSE-TELECOM-001-A001,identity-logs,2026-08-05,42,1,reported
T-CSE-TELECOM-001-A001-2026-08-06,CSE-TELECOM-001,CSE-TELECOM-001-A001,identity-logs,2026-08-06,32,1,reported
T-CSE-TELECOM-001-A001-2026-08-07,CSE-TELECOM-001,CSE-TELECOM-001-A001,identity-logs,2026-08-07,51,1,reported
T-CSE-TELECOM-001-A001-2026-08-08,CSE-TELECOM-001,CSE-TELECOM-001-A001,identity-logs,2026-08-08,82,1,reported
T-CSE-TELECOM-001-A001-2026-08-09,CSE-TELECOM-001,CSE-TELECOM-001-A001,identity-logs,2026-08-09,13,1,reported
T-CSE-TELECOM-001-A001-2026-08-10,CSE-TELECOM-001,CSE-TELECOM-001-A001,identity-logs,2026-08-10,82,1,reported
T-CSE-TELECOM-001-A001-2026-08-11,CSE-TELECOM-001,CSE-TELECOM-001-A001,identity-logs,2026-08-11,64,1,reported
T-CSE-TELECOM-001-A001-2026-08-12,CSE-TELECOM-001,CSE-TELECOM-001-A001,identity-logs,2026-08-12,23,1,reported
T-CSE-TELECOM-001-A001-2026-08-13,CSE-TELECOM-001,CSE-TELECOM-001-A001,identity-logs,2026-08-13,40,1,reported
T-CSE-TELECOM-001-A001-2026-08-14,CSE-TELECOM-001,CSE-TELECOM-001-A001,identity-logs,2026-08-14,26,1,reported
T-CSE-TELECOM-001-A001-2026-08-15,CSE-TELECOM-001,CSE-TELECOM-001-A001,identity-logs,2026-08-15,71,1,reported
T-CSE-TELECOM-001-A001-2026-08-16,CSE-TELECOM-001,CSE-TELECOM-001-A001,identity-logs,2026-08-16,27,1,reported
T-CSE-TELECOM-001-A001-2026-08-17,CSE-TELECOM-001,CSE-TELECOM-001-A001,identity-logs,2026-08-17,31,1,reported
T-CSE-TELECOM-001-A001-2026-08-18,CSE-TELECOM-001,CSE-TELECOM-001-A001,identity-logs,2026-08-18,75,1,reported
T-CSE-TELECOM-001-A001-2026-08-19,CSE-TELECOM-001,CSE-TELECOM-001-A001,identity-logs,2026-08-19,49,1,reported
T-CSE-TELECOM-001-A001-2026-08-20,CSE-TELECOM-001,CSE-TELECOM-001-A001,identity-logs,2026-08-20,77,1,reported
T-CSE-TELECOM-001-A001-2026-08-21,CSE-TELECOM-001,CSE-TELECOM-001-A001,identity-logs,2026-08-21,46,1,reported
T-CSE-TELECOM-001-A001-2026-08-22,CSE-TELECOM-001,CSE-TELECOM-001-A001,identity-logs,2026-08-22,65,1,reported
T-CSE-TELECOM-001-A001-2026-08-23,CSE-TELECOM-001,CSE-TELECOM-001-A001,identity-logs,2026-08-23,73,1,reported
T-CSE-TELECOM-001-A001-2026-08-24,CSE-TELECOM-001,CSE-TELECOM-001-A001,identity-logs,2026-08-24,72,1,reported
T-CSE-TELECOM-001-A001-2026-08-25,CSE-TELECOM-001,CSE-TELECOM-001-A001,identity-logs,2026-08-25,43,1,reported
T-CSE-TELECOM-001-A001-2026-08-26,CSE-TELECOM-001,CSE-TELECOM-001-A001,identity-logs,2026-08-26,70,1,reported
T-CSE-TELECOM-001-A001-2026-08-27,CSE-TELECOM-001,CSE-TELECOM-001-A001,identity-logs,2026-08-27,82,1,reported
T-CSE-TELECOM-001-A001-2026-08-28,CSE-TELECOM-001,CSE-TELECOM-001-A001,identity-logs,2026-08-28,30,1,reported
T-CSE-TELECOM-001-A001-2026-08-29,CSE-TELECOM-001,CSE-TELECOM-001-A001,identity-logs,2026-08-29,61,1,reported
T-CSE-TELECOM-001-A001-2026-08-30,CSE-TELECOM-001,CSE-TELECOM-001-A001,identity-logs,2026-08-30,36,1,reported
T-CSE-TELECOM-001-A001-2026-08-31,CSE-TELECOM-001,CSE-TELECOM-001-A001,identity-logs,2026-08-31,88,1,reported
T-CSE-TELECOM-001-A002-2026-06-03,CSE-TELECOM-001,CSE-TELECOM-001-A002,endpoint-events,2026-06-03,77,1,reported
T-CSE-TELECOM-001-A002-2026-06-04,CSE-TELECOM-001,CSE-TELECOM-001-A002,endpoint-events,2026-06-04,29,1,reported
T-CSE-TELECOM-001-A002-2026-06-05,CSE-TELECOM-001,CSE-TELECOM-001-A002,endpoint-events,2026-06-05,20,1,reported
T-CSE-TELECOM-001-A002-2026-06-06,CSE-TELECOM-001,CSE-TELECOM-001-A002,endpoint-events,2026-06-06,47,1,reported
T-CSE-TELECOM-001-A002-2026-06-07,CSE-TELECOM-001,CSE-TELECOM-001-A002,endpoint-events,2026-06-07,65,1,reported
T-CSE-TELECOM-001-A002-2026-06-08,CSE-TELECOM-001,CSE-TELECOM-001-A002,endpoint-events,2026-06-08,55,1,reported
T-CSE-TELECOM-001-A002-2026-06-09,CSE-TELECOM-001,CSE-TELECOM-001-A002,endpoint-events,2026-06-09,76,1,reported
T-CSE-TELECOM-001-A002-2026-06-10,CSE-TELECOM-001,CSE-TELECOM-001-A002,endpoint-events,2026-06-10,46,1,reported
T-CSE-TELECOM-001-A002-2026-06-11,CSE-TELECOM-001,CSE-TELECOM-001-A002,endpoint-events,2026-06-11,12,1,reported
T-CSE-TELECOM-001-A002-2026-06-12,CSE-TELECOM-001,CSE-TELECOM-001-A002,endpoint-events,2026-06-12,48,1,reported
T-CSE-TELECOM-001-A002-2026-06-13,CSE-TELECOM-001,CSE-TELECOM-001-A002,endpoint-events,2026-06-13,50,1,reported
T-CSE-TELECOM-001-A002-2026-06-14,CSE-TELECOM-001,CSE-TELECOM-001-A002,endpoint-events,2026-06-14,87,1,reported
T-CSE-TELECOM-001-A002-2026-06-15,CSE-TELECOM-001,CSE-TELECOM-001-A002,endpoint-events,2026-06-15,86,1,reported
T-CSE-TELECOM-001-A002-2026-06-16,CSE-TELECOM-001,CSE-TELECOM-001-A002,endpoint-events,2026-06-16,74,1,reported
T-CSE-TELECOM-001-A002-2026-06-17,CSE-TELECOM-001,CSE-TELECOM-001-A002,endpoint-events,2026-06-17,31,1,reported
T-CSE-TELECOM-001-A002-2026-06-18,CSE-TELECOM-001,CSE-TELECOM-001-A002,endpoint-events,2026-06-18,69,1,reported
T-CSE-TELECOM-001-A002-2026-06-19,CSE-TELECOM-001,CSE-TELECOM-001-A002,endpoint-events,2026-06-19,80,1,reported
T-CSE-TELECOM-001-A002-2026-06-20,CSE-TELECOM-001,CSE-TELECOM-001-A002,endpoint-events,2026-06-20,73,1,reported
T-CSE-TELECOM-001-A002-2026-06-21,CSE-TELECOM-001,CSE-TELECOM-001-A002,endpoint-events,2026-06-21,56,1,reported
T-CSE-TELECOM-001-A002-2026-06-22,CSE-TELECOM-001,CSE-TELECOM-001-A002,endpoint-events,2026-06-22,54,1,reported
T-CSE-TELECOM-001-A002-2026-06-23,CSE-TELECOM-001,CSE-TELECOM-001-A002,endpoint-events,2026-06-23,82,1,reported
T-CSE-TELECOM-001-A002-2026-06-24,CSE-TELECOM-001,CSE-TELECOM-001-A002,endpoint-events,2026-06-24,81,1,reported
T-CSE-TELECOM-001-A002-2026-06-25,CSE-TELECOM-001,CSE-TELECOM-001-A002,endpoint-events,2026-06-25,60,1,reported
T-CSE-TELECOM-001-A002-2026-06-26,CSE-TELECOM-001,CSE-TELECOM-001-A002,endpoint-events,2026-06-26,70,1,reported
T-CSE-TELECOM-001-A002-2026-06-27,CSE-TELECOM-001,CSE-TELECOM-001-A002,endpoint-events,2026-06-27,53,1,reported
T-CSE-TELECOM-001-A002-2026-06-28,CSE-TELECOM-001,CSE-TELECOM-001-A002,endpoint-events,2026-06-28,36,1,reported
T-CSE-TELECOM-001-A002-2026-06-29,CSE-TELECOM-001,CSE-TELECOM-001-A002,endpoint-events,2026-06-29,42,1,reported
T-CSE-TELECOM-001-A002-2026-06-30,CSE-TELECOM-001,CSE-TELECOM-001-A002,endpoint-events,2026-06-30,85,1,reported
T-CSE-TELECOM-001-A002-2026-07-01,CSE-TELECOM-001,CSE-TELECOM-001-A002,endpoint-events,2026-07-01,61,1,reported
T-CSE-TELECOM-001-A002-2026-07-02,CSE-TELECOM-001,CSE-TELECOM-001-A002,endpoint-events,2026-07-02,41,1,reported
T-CSE-TELECOM-001-A002-2026-07-03,CSE-TELECOM-001,CSE-TELECOM-001-A002,endpoint-events,2026-07-03,64,1,reported
T-CSE-TELECOM-001-A002-2026-07-04,CSE-TELECOM-001,CSE-TELECOM-001-A002,endpoint-events,2026-07-04,17,1,reported
T-CSE-TELECOM-001-A002-2026-07-05,CSE-TELECOM-001,CSE-TELECOM-001-A002,endpoint-events,2026-07-05,52,1,reported
T-CSE-TELECOM-001-A002-2026-07-06,CSE-TELECOM-001,CSE-TELECOM-001-A002,endpoint-events,2026-07-06,72,1,reported
T-CSE-TELECOM-001-A002-2026-07-07,CSE-TELECOM-001,CSE-TELECOM-001-A002,endpoint-events,2026-07-07,60,1,reported
T-CSE-TELECOM-001-A002-2026-07-08,CSE-TELECOM-001,CSE-TELECOM-001-A002,endpoint-events,2026-07-08,61,1,reported
T-CSE-TELECOM-001-A002-2026-07-09,CSE-TELECOM-001,CSE-TELECOM-001-A002,endpoint-events,2026-07-09,31,1,reported
T-CSE-TELECOM-001-A002-2026-07-10,CSE-TELECOM-001,CSE-TELECOM-001-A002,endpoint-events,2026-07-10,75,1,reported
T-CSE-TELECOM-001-A002-2026-07-11,CSE-TELECOM-001,CSE-TELECOM-001-A002,endpoint-events,2026-07-11,16,1,reported
T-CSE-TELECOM-001-A002-2026-07-12,CSE-TELECOM-001,CSE-TELECOM-001-A002,endpoint-events,2026-07-12,28,1,reported
T-CSE-TELECOM-001-A002-2026-07-13,CSE-TELECOM-001,CSE-TELECOM-001-A002,endpoint-events,2026-07-13,76,1,reported
T-CSE-TELECOM-001-A002-2026-07-14,CSE-TELECOM-001,CSE-TELECOM-001-A002,endpoint-events,2026-07-14,87,1,reported
T-CSE-TELECOM-001-A002-2026-07-15,CSE-TELECOM-001,CSE-TELECOM-001-A002,endpoint-events,2026-07-15,54,1,reported
T-CSE-TELECOM-001-A002-2026-07-16,CSE-TELECOM-001,CSE-TELECOM-001-A002,endpoint-events,2026-07-16,24,1,reported
T-CSE-TELECOM-001-A002-2026-07-17,CSE-TELECOM-001,CSE-TELECOM-001-A002,endpoint-events,2026-07-17,68,1,reported
T-CSE-TELECOM-001-A002-2026-07-18,CSE-TELECOM-001,CSE-TELECOM-001-A002,endpoint-events,2026-07-18,24,1,reported
T-CSE-TELECOM-001-A002-2026-07-19,CSE-TELECOM-001,CSE-TELECOM-001-A002,endpoint-events,2026-07-19,79,1,reported
T-CSE-TELECOM-001-A002-2026-07-20,CSE-TELECOM-001,CSE-TELECOM-001-A002,endpoint-events,2026-07-20,70,1,reported
T-CSE-TELECOM-001-A002-2026-07-21,CSE-TELECOM-001,CSE-TELECOM-001-A002,endpoint-events,2026-07-21,13,1,reported
T-CSE-TELECOM-001-A002-2026-07-22,CSE-TELECOM-001,CSE-TELECOM-001-A002,endpoint-events,2026-07-22,30,1,reported
T-CSE-TELECOM-001-A002-2026-07-23,CSE-TELECOM-001,CSE-TELECOM-001-A002,endpoint-events,2026-07-23,64,1,reported
T-CSE-TELECOM-001-A002-2026-07-24,CSE-TELECOM-001,CSE-TELECOM-001-A002,endpoint-events,2026-07-24,31,1,reported
T-CSE-TELECOM-001-A002-2026-07-25,CSE-TELECOM-001,CSE-TELECOM-001-A002,endpoint-events,2026-07-25,21,1,reported
T-CSE-TELECOM-001-A002-2026-07-26,CSE-TELECOM-001,CSE-TELECOM-001-A002,endpoint-events,2026-07-26,72,1,reported
T-CSE-TELECOM-001-A002-2026-07-27,CSE-TELECOM-001,CSE-TELECOM-001-A002,endpoint-events,2026-07-27,45,1,reported
T-CSE-TELECOM-001-A002-2026-07-28,CSE-TELECOM-001,CSE-TELECOM-001-A002,endpoint-events,2026-07-28,55,1,reported
T-CSE-TELECOM-001-A002-2026-07-29,CSE-TELECOM-001,CSE-TELECOM-001-A002,endpoint-events,2026-07-29,62,1,reported
T-CSE-TELECOM-001-A002-2026-07-30,CSE-TELECOM-001,CSE-TELECOM-001-A002,endpoint-events,2026-07-30,22,1,reported
T-CSE-TELECOM-001-A002-2026-07-31,CSE-TELECOM-001,CSE-TELECOM-001-A002,endpoint-events,2026-07-31,54,1,reported
T-CSE-TELECOM-001-A002-2026-08-01,CSE-TELECOM-001,CSE-TELECOM-001-A002,endpoint-events,2026-08-01,80,1,reported
T-CSE-TELECOM-001-A002-2026-08-02,CSE-TELECOM-001,CSE-TELECOM-001-A002,endpoint-events,2026-08-02,60,1,reported
T-CSE-TELECOM-001-A002-2026-08-03,CSE-TELECOM-001,CSE-TELECOM-001-A002,endpoint-events,2026-08-03,52,1,reported
T-CSE-TELECOM-001-A002-2026-08-04,CSE-TELECOM-001,CSE-TELECOM-001-A002,endpoint-events,2026-08-04,74,1,reported
T-CSE-TELECOM-001-A002-2026-08-05,CSE-TELECOM-001,CSE-TELECOM-001-A002,endpoint-events,2026-08-05,81,1,reported
T-CSE-TELECOM-001-A002-2026-08-06,CSE-TELECOM-001,CSE-TELECOM-001-A002,endpoint-events,2026-08-06,16,1,reported
T-CSE-TELECOM-001-A002-2026-08-07,CSE-TELECOM-001,CSE-TELECOM-001-A002,endpoint-events,2026-08-07,20,1,reported
T-CSE-TELECOM-001-A002-2026-08-08,CSE-TELECOM-001,CSE-TELECOM-001-A002,endpoint-events,2026-08-08,42,1,reported
T-CSE-TELECOM-001-A002-2026-08-09,CSE-TELECOM-001,CSE-TELECOM-001-A002,endpoint-events,2026-08-09,48,1,reported
T-CSE-TELECOM-001-A002-2026-08-10,CSE-TELECOM-001,CSE-TELECOM-001-A002,endpoint-events,2026-08-10,41,1,reported
T-CSE-TELECOM-001-A002-2026-08-11,CSE-TELECOM-001,CSE-TELECOM-001-A002,endpoint-events,2026-08-11,23,1,reported
T-CSE-TELECOM-001-A002-2026-08-12,CSE-TELECOM-001,CSE-TELECOM-001-A002,endpoint-events,2026-08-12,67,1,reported
T-CSE-TELECOM-001-A002-2026-08-13,CSE-TELECOM-001,CSE-TELECOM-001-A002,endpoint-events,2026-08-13,24,1,reported
T-CSE-TELECOM-001-A002-2026-08-14,CSE-TELECOM-001,CSE-TELECOM-001-A002,endpoint-events,2026-08-14,24,1,reported
T-CSE-TELECOM-001-A002-2026-08-15,CSE-TELECOM-001,CSE-TELECOM-001-A002,endpoint-events,2026-08-15,68,1,reported
T-CSE-TELECOM-001-A002-2026-08-16,CSE-TELECOM-001,CSE-TELECOM-001-A002,endpoint-events,2026-08-16,33,1,reported
T-CSE-TELECOM-001-A002-2026-08-17,CSE-TELECOM-001,CSE-TELECOM-001-A002,endpoint-events,2026-08-17,50,1,reported
T-CSE-TELECOM-001-A002-2026-08-18,CSE-TELECOM-001,CSE-TELECOM-001-A002,endpoint-events,2026-08-18,15,1,reported
T-CSE-TELECOM-001-A002-2026-08-19,CSE-TELECOM-001,CSE-TELECOM-001-A002,endpoint-events,2026-08-19,17,1,reported
T-CSE-TELECOM-001-A002-2026-08-20,CSE-TELECOM-001,CSE-TELECOM-001-A002,endpoint-events,2026-08-20,53,1,reported
T-CSE-TELECOM-001-A002-2026-08-21,CSE-TELECOM-001,CSE-TELECOM-001-A002,endpoint-events,2026-08-21,19,1,reported
T-CSE-TELECOM-001-A002-2026-08-22,CSE-TELECOM-001,CSE-TELECOM-001-A002,endpoint-events,2026-08-22,49,1,reported
T-CSE-TELECOM-001-A002-2026-08-23,CSE-TELECOM-001,CSE-TELECOM-001-A002,endpoint-events,2026-08-23,57,1,reported
T-CSE-TELECOM-001-A002-2026-08-24,CSE-TELECOM-001,CSE-TELECOM-001-A002,endpoint-events,2026-08-24,59,1,reported
T-CSE-TELECOM-001-A002-2026-08-25,CSE-TELECOM-001,CSE-TELECOM-001-A002,endpoint-events,2026-08-25,67,1,reported
T-CSE-TELECOM-001-A002-2026-08-26,CSE-TELECOM-001,CSE-TELECOM-001-A002,endpoint-events,2026-08-26,30,1,reported
T-CSE-TELECOM-001-A002-2026-08-27,CSE-TELECOM-001,CSE-TELECOM-001-A002,endpoint-events,2026-08-27,43,1,reported
T-CSE-TELECOM-001-A002-2026-08-28,CSE-TELECOM-001,CSE-TELECOM-001-A002,endpoint-events,2026-08-28,79,1,reported
T-CSE-TELECOM-001-A002-2026-08-29,CSE-TELECOM-001,CSE-TELECOM-001-A002,endpoint-events,2026-08-29,64,1,reported
T-CSE-TELECOM-001-A002-2026-08-30,CSE-TELECOM-001,CSE-TELECOM-001-A002,endpoint-events,2026-08-30,84,1,reported
T-CSE-TELECOM-001-A002-2026-08-31,CSE-TELECOM-001,CSE-TELECOM-001-A002,endpoint-events,2026-08-31,35,1,reported
T-CSE-TELECOM-001-A003-2026-06-03,CSE-TELECOM-001,CSE-TELECOM-001-A003,identity-logs,2026-06-03,33,1,reported
T-CSE-TELECOM-001-A003-2026-06-04,CSE-TELECOM-001,CSE-TELECOM-001-A003,identity-logs,2026-06-04,34,1,reported
T-CSE-TELECOM-001-A003-2026-06-05,CSE-TELECOM-001,CSE-TELECOM-001-A003,identity-logs,2026-06-05,22,1,reported
T-CSE-TELECOM-001-A003-2026-06-06,CSE-TELECOM-001,CSE-TELECOM-001-A003,identity-logs,2026-06-06,60,1,reported
T-CSE-TELECOM-001-A003-2026-06-07,CSE-TELECOM-001,CSE-TELECOM-001-A003,identity-logs,2026-06-07,42,1,reported
T-CSE-TELECOM-001-A003-2026-06-08,CSE-TELECOM-001,CSE-TELECOM-001-A003,identity-logs,2026-06-08,75,1,reported
T-CSE-TELECOM-001-A003-2026-06-09,CSE-TELECOM-001,CSE-TELECOM-001-A003,identity-logs,2026-06-09,86,1,reported
T-CSE-TELECOM-001-A003-2026-06-10,CSE-TELECOM-001,CSE-TELECOM-001-A003,identity-logs,2026-06-10,30,1,reported
T-CSE-TELECOM-001-A003-2026-06-11,CSE-TELECOM-001,CSE-TELECOM-001-A003,identity-logs,2026-06-11,41,1,reported
T-CSE-TELECOM-001-A003-2026-06-12,CSE-TELECOM-001,CSE-TELECOM-001-A003,identity-logs,2026-06-12,71,1,reported
T-CSE-TELECOM-001-A003-2026-06-13,CSE-TELECOM-001,CSE-TELECOM-001-A003,identity-logs,2026-06-13,44,1,reported
T-CSE-TELECOM-001-A003-2026-06-14,CSE-TELECOM-001,CSE-TELECOM-001-A003,identity-logs,2026-06-14,70,1,reported
T-CSE-TELECOM-001-A003-2026-06-15,CSE-TELECOM-001,CSE-TELECOM-001-A003,identity-logs,2026-06-15,44,1,reported
T-CSE-TELECOM-001-A003-2026-06-16,CSE-TELECOM-001,CSE-TELECOM-001-A003,identity-logs,2026-06-16,13,1,reported
T-CSE-TELECOM-001-A003-2026-06-17,CSE-TELECOM-001,CSE-TELECOM-001-A003,identity-logs,2026-06-17,71,1,reported
T-CSE-TELECOM-001-A003-2026-06-18,CSE-TELECOM-001,CSE-TELECOM-001-A003,identity-logs,2026-06-18,48,1,reported
T-CSE-TELECOM-001-A003-2026-06-19,CSE-TELECOM-001,CSE-TELECOM-001-A003,identity-logs,2026-06-19,81,1,reported
T-CSE-TELECOM-001-A003-2026-06-20,CSE-TELECOM-001,CSE-TELECOM-001-A003,identity-logs,2026-06-20,32,1,reported
T-CSE-TELECOM-001-A003-2026-06-21,CSE-TELECOM-001,CSE-TELECOM-001-A003,identity-logs,2026-06-21,21,1,reported
T-CSE-TELECOM-001-A003-2026-06-22,CSE-TELECOM-001,CSE-TELECOM-001-A003,identity-logs,2026-06-22,68,1,reported
T-CSE-TELECOM-001-A003-2026-06-23,CSE-TELECOM-001,CSE-TELECOM-001-A003,identity-logs,2026-06-23,56,1,reported
T-CSE-TELECOM-001-A003-2026-06-24,CSE-TELECOM-001,CSE-TELECOM-001-A003,identity-logs,2026-06-24,87,1,reported
T-CSE-TELECOM-001-A003-2026-06-25,CSE-TELECOM-001,CSE-TELECOM-001-A003,identity-logs,2026-06-25,50,1,reported
T-CSE-TELECOM-001-A003-2026-06-26,CSE-TELECOM-001,CSE-TELECOM-001-A003,identity-logs,2026-06-26,66,1,reported
T-CSE-TELECOM-001-A003-2026-06-27,CSE-TELECOM-001,CSE-TELECOM-001-A003,identity-logs,2026-06-27,44,1,reported
T-CSE-TELECOM-001-A003-2026-06-28,CSE-TELECOM-001,CSE-TELECOM-001-A003,identity-logs,2026-06-28,70,1,reported
T-CSE-TELECOM-001-A003-2026-06-29,CSE-TELECOM-001,CSE-TELECOM-001-A003,identity-logs,2026-06-29,50,1,reported
T-CSE-TELECOM-001-A003-2026-06-30,CSE-TELECOM-001,CSE-TELECOM-001-A003,identity-logs,2026-06-30,37,1,reported
T-CSE-TELECOM-001-A003-2026-07-01,CSE-TELECOM-001,CSE-TELECOM-001-A003,identity-logs,2026-07-01,61,1,reported
T-CSE-TELECOM-001-A003-2026-07-02,CSE-TELECOM-001,CSE-TELECOM-001-A003,identity-logs,2026-07-02,73,1,reported
T-CSE-TELECOM-001-A003-2026-07-03,CSE-TELECOM-001,CSE-TELECOM-001-A003,identity-logs,2026-07-03,25,1,reported
T-CSE-TELECOM-001-A003-2026-07-04,CSE-TELECOM-001,CSE-TELECOM-001-A003,identity-logs,2026-07-04,42,1,reported
T-CSE-TELECOM-001-A003-2026-07-05,CSE-TELECOM-001,CSE-TELECOM-001-A003,identity-logs,2026-07-05,60,1,reported
T-CSE-TELECOM-001-A003-2026-07-06,CSE-TELECOM-001,CSE-TELECOM-001-A003,identity-logs,2026-07-06,85,1,reported
T-CSE-TELECOM-001-A003-2026-07-07,CSE-TELECOM-001,CSE-TELECOM-001-A003,identity-logs,2026-07-07,57,1,reported
T-CSE-TELECOM-001-A003-2026-07-08,CSE-TELECOM-001,CSE-TELECOM-001-A003,identity-logs,2026-07-08,85,1,reported
T-CSE-TELECOM-001-A003-2026-07-09,CSE-TELECOM-001,CSE-TELECOM-001-A003,identity-logs,2026-07-09,49,1,reported
T-CSE-TELECOM-001-A003-2026-07-10,CSE-TELECOM-001,CSE-TELECOM-001-A003,identity-logs,2026-07-10,49,1,reported
T-CSE-TELECOM-001-A003-2026-07-11,CSE-TELECOM-001,CSE-TELECOM-001-A003,identity-logs,2026-07-11,14,1,reported
T-CSE-TELECOM-001-A003-2026-07-12,CSE-TELECOM-001,CSE-TELECOM-001-A003,identity-logs,2026-07-12,62,1,reported
T-CSE-TELECOM-001-A003-2026-07-13,CSE-TELECOM-001,CSE-TELECOM-001-A003,identity-logs,2026-07-13,47,1,reported
T-CSE-TELECOM-001-A003-2026-07-14,CSE-TELECOM-001,CSE-TELECOM-001-A003,identity-logs,2026-07-14,13,1,reported
T-CSE-TELECOM-001-A003-2026-07-15,CSE-TELECOM-001,CSE-TELECOM-001-A003,identity-logs,2026-07-15,84,1,reported
T-CSE-TELECOM-001-A003-2026-07-16,CSE-TELECOM-001,CSE-TELECOM-001-A003,identity-logs,2026-07-16,18,1,reported
T-CSE-TELECOM-001-A003-2026-07-17,CSE-TELECOM-001,CSE-TELECOM-001-A003,identity-logs,2026-07-17,89,1,reported
T-CSE-TELECOM-001-A003-2026-07-18,CSE-TELECOM-001,CSE-TELECOM-001-A003,identity-logs,2026-07-18,75,1,reported
T-CSE-TELECOM-001-A003-2026-07-19,CSE-TELECOM-001,CSE-TELECOM-001-A003,identity-logs,2026-07-19,48,1,reported
T-CSE-TELECOM-001-A003-2026-07-20,CSE-TELECOM-001,CSE-TELECOM-001-A003,identity-logs,2026-07-20,41,1,reported
T-CSE-TELECOM-001-A003-2026-07-21,CSE-TELECOM-001,CSE-TELECOM-001-A003,identity-logs,2026-07-21,89,1,reported
T-CSE-TELECOM-001-A003-2026-07-22,CSE-TELECOM-001,CSE-TELECOM-001-A003,identity-logs,2026-07-22,57,1,reported
T-CSE-TELECOM-001-A003-2026-07-23,CSE-TELECOM-001,CSE-TELECOM-001-A003,identity-logs,2026-07-23,40,1,reported
T-CSE-TELECOM-001-A003-2026-07-24,CSE-TELECOM-001,CSE-TELECOM-001-A003,identity-logs,2026-07-24,36,1,reported
T-CSE-TELECOM-001-A003-2026-07-25,CSE-TELECOM-001,CSE-TELECOM-001-A003,identity-logs,2026-07-25,44,1,reported
T-CSE-TELECOM-001-A003-2026-07-26,CSE-TELECOM-001,CSE-TELECOM-001-A003,identity-logs,2026-07-26,29,1,reported
T-CSE-TELECOM-001-A003-2026-07-27,CSE-TELECOM-001,CSE-TELECOM-001-A003,identity-logs,2026-07-27,24,1,reported
T-CSE-TELECOM-001-A003-2026-07-28,CSE-TELECOM-001,CSE-TELECOM-001-A003,identity-logs,2026-07-28,17,1,reported
T-CSE-TELECOM-001-A003-2026-07-29,CSE-TELECOM-001,CSE-TELECOM-001-A003,identity-logs,2026-07-29,51,1,reported
T-CSE-TELECOM-001-A003-2026-07-30,CSE-TELECOM-001,CSE-TELECOM-001-A003,identity-logs,2026-07-30,68,1,reported
T-CSE-TELECOM-001-A003-2026-07-31,CSE-TELECOM-001,CSE-TELECOM-001-A003,identity-logs,2026-07-31,16,1,reported
T-CSE-TELECOM-001-A003-2026-08-01,CSE-TELECOM-001,CSE-TELECOM-001-A003,identity-logs,2026-08-01,86,1,reported
T-CSE-TELECOM-001-A003-2026-08-02,CSE-TELECOM-001,CSE-TELECOM-001-A003,identity-logs,2026-08-02,58,1,reported
T-CSE-TELECOM-001-A003-2026-08-03,CSE-TELECOM-001,CSE-TELECOM-001-A003,identity-logs,2026-08-03,28,1,reported
T-CSE-TELECOM-001-A003-2026-08-04,CSE-TELECOM-001,CSE-TELECOM-001-A003,identity-logs,2026-08-04,23,1,reported
T-CSE-TELECOM-001-A003-2026-08-05,CSE-TELECOM-001,CSE-TELECOM-001-A003,identity-logs,2026-08-05,49,1,reported
T-CSE-TELECOM-001-A003-2026-08-06,CSE-TELECOM-001,CSE-TELECOM-001-A003,identity-logs,2026-08-06,53,1,reported
T-CSE-TELECOM-001-A003-2026-08-07,CSE-TELECOM-001,CSE-TELECOM-001-A003,identity-logs,2026-08-07,65,1,reported
T-CSE-TELECOM-001-A003-2026-08-08,CSE-TELECOM-001,CSE-TELECOM-001-A003,identity-logs,2026-08-08,34,1,reported
T-CSE-TELECOM-001-A003-2026-08-09,CSE-TELECOM-001,CSE-TELECOM-001-A003,identity-logs,2026-08-09,37,1,reported
T-CSE-TELECOM-001-A003-2026-08-10,CSE-TELECOM-001,CSE-TELECOM-001-A003,identity-logs,2026-08-10,28,1,reported
T-CSE-TELECOM-001-A003-2026-08-11,CSE-TELECOM-001,CSE-TELECOM-001-A003,identity-logs,2026-08-11,81,1,reported
T-CSE-TELECOM-001-A003-2026-08-12,CSE-TELECOM-001,CSE-TELECOM-001-A003,identity-logs,2026-08-12,58,1,reported
T-CSE-TELECOM-001-A003-2026-08-13,CSE-TELECOM-001,CSE-TELECOM-001-A003,identity-logs,2026-08-13,79,1,reported
T-CSE-TELECOM-001-A003-2026-08-14,CSE-TELECOM-001,CSE-TELECOM-001-A003,identity-logs,2026-08-14,76,1,reported
T-CSE-TELECOM-001-A003-2026-08-15,CSE-TELECOM-001,CSE-TELECOM-001-A003,identity-logs,2026-08-15,46,1,reported
T-CSE-TELECOM-001-A003-2026-08-16,CSE-TELECOM-001,CSE-TELECOM-001-A003,identity-logs,2026-08-16,33,1,reported
T-CSE-TELECOM-001-A003-2026-08-17,CSE-TELECOM-001,CSE-TELECOM-001-A003,identity-logs,2026-08-17,44,1,reported
T-CSE-TELECOM-001-A003-2026-08-18,CSE-TELECOM-001,CSE-TELECOM-001-A003,identity-logs,2026-08-18,73,1,reported
T-CSE-TELECOM-001-A003-2026-08-19,CSE-TELECOM-001,CSE-TELECOM-001-A003,identity-logs,2026-08-19,49,1,reported
T-CSE-TELECOM-001-A003-2026-08-20,CSE-TELECOM-001,CSE-TELECOM-001-A003,identity-logs,2026-08-20,55,1,reported
T-CSE-TELECOM-001-A003-2026-08-21,CSE-TELECOM-001,CSE-TELECOM-001-A003,identity-logs,2026-08-21,26,1,reported
T-CSE-TELECOM-001-A003-2026-08-22,CSE-TELECOM-001,CSE-TELECOM-001-A003,identity-logs,2026-08-22,71,1,reported
T-CSE-TELECOM-001-A003-2026-08-23,CSE-TELECOM-001,CSE-TELECOM-001-A003,identity-logs,2026-08-23,21,1,reported
T-CSE-TELECOM-001-A003-2026-08-24,CSE-TELECOM-001,CSE-TELECOM-001-A003,identity-logs,2026-08-24,30,1,reported
T-CSE-TELECOM-001-A003-2026-08-25,CSE-TELECOM-001,CSE-TELECOM-001-A003,identity-logs,2026-08-25,40,1,reported
T-CSE-TELECOM-001-A003-2026-08-26,CSE-TELECOM-001,CSE-TELECOM-001-A003,identity-logs,2026-08-26,62,1,reported
T-CSE-TELECOM-001-A003-2026-08-27,CSE-TELECOM-001,CSE-TELECOM-001-A003,identity-logs,2026-08-27,83,1,reported
T-CSE-TELECOM-001-A003-2026-08-28,CSE-TELECOM-001,CSE-TELECOM-001-A003,identity-logs,2026-08-28,58,1,reported
T-CSE-TELECOM-001-A003-2026-08-29,CSE-TELECOM-001,CSE-TELECOM-001-A003,identity-logs,2026-08-29,23,1,reported
T-CSE-TELECOM-001-A003-2026-08-30,CSE-TELECOM-001,CSE-TELECOM-001-A003,identity-logs,2026-08-30,62,1,reported
T-CSE-TELECOM-001-A003-2026-08-31,CSE-TELECOM-001,CSE-TELECOM-001-A003,identity-logs,2026-08-31,13,1,reported
T-CSE-TELECOM-001-A004-2026-06-03,CSE-TELECOM-001,CSE-TELECOM-001-A004,endpoint-events,2026-06-03,45,1,reported
T-CSE-TELECOM-001-A004-2026-06-04,CSE-TELECOM-001,CSE-TELECOM-001-A004,endpoint-events,2026-06-04,80,1,reported
T-CSE-TELECOM-001-A004-2026-06-05,CSE-TELECOM-001,CSE-TELECOM-001-A004,endpoint-events,2026-06-05,27,1,reported
T-CSE-TELECOM-001-A004-2026-06-06,CSE-TELECOM-001,CSE-TELECOM-001-A004,endpoint-events,2026-06-06,70,1,reported
T-CSE-TELECOM-001-A004-2026-06-07,CSE-TELECOM-001,CSE-TELECOM-001-A004,endpoint-events,2026-06-07,59,1,reported
T-CSE-TELECOM-001-A004-2026-06-08,CSE-TELECOM-001,CSE-TELECOM-001-A004,endpoint-events,2026-06-08,45,1,reported
T-CSE-TELECOM-001-A004-2026-06-09,CSE-TELECOM-001,CSE-TELECOM-001-A004,endpoint-events,2026-06-09,86,1,reported
T-CSE-TELECOM-001-A004-2026-06-10,CSE-TELECOM-001,CSE-TELECOM-001-A004,endpoint-events,2026-06-10,60,1,reported
T-CSE-TELECOM-001-A004-2026-06-11,CSE-TELECOM-001,CSE-TELECOM-001-A004,endpoint-events,2026-06-11,59,1,reported
T-CSE-TELECOM-001-A004-2026-06-12,CSE-TELECOM-001,CSE-TELECOM-001-A004,endpoint-events,2026-06-12,25,1,reported
T-CSE-TELECOM-001-A004-2026-06-13,CSE-TELECOM-001,CSE-TELECOM-001-A004,endpoint-events,2026-06-13,41,1,reported
T-CSE-TELECOM-001-A004-2026-06-14,CSE-TELECOM-001,CSE-TELECOM-001-A004,endpoint-events,2026-06-14,72,1,reported
T-CSE-TELECOM-001-A004-2026-06-15,CSE-TELECOM-001,CSE-TELECOM-001-A004,endpoint-events,2026-06-15,15,1,reported
T-CSE-TELECOM-001-A004-2026-06-16,CSE-TELECOM-001,CSE-TELECOM-001-A004,endpoint-events,2026-06-16,83,1,reported
T-CSE-TELECOM-001-A004-2026-06-17,CSE-TELECOM-001,CSE-TELECOM-001-A004,endpoint-events,2026-06-17,53,1,reported
T-CSE-TELECOM-001-A004-2026-06-18,CSE-TELECOM-001,CSE-TELECOM-001-A004,endpoint-events,2026-06-18,40,1,reported
T-CSE-TELECOM-001-A004-2026-06-19,CSE-TELECOM-001,CSE-TELECOM-001-A004,endpoint-events,2026-06-19,20,1,reported
T-CSE-TELECOM-001-A004-2026-06-20,CSE-TELECOM-001,CSE-TELECOM-001-A004,endpoint-events,2026-06-20,71,1,reported
T-CSE-TELECOM-001-A004-2026-06-21,CSE-TELECOM-001,CSE-TELECOM-001-A004,endpoint-events,2026-06-21,50,1,reported
T-CSE-TELECOM-001-A004-2026-06-22,CSE-TELECOM-001,CSE-TELECOM-001-A004,endpoint-events,2026-06-22,64,1,reported
T-CSE-TELECOM-001-A004-2026-06-23,CSE-TELECOM-001,CSE-TELECOM-001-A004,endpoint-events,2026-06-23,26,1,reported
T-CSE-TELECOM-001-A004-2026-06-24,CSE-TELECOM-001,CSE-TELECOM-001-A004,endpoint-events,2026-06-24,29,1,reported
T-CSE-TELECOM-001-A004-2026-06-25,CSE-TELECOM-001,CSE-TELECOM-001-A004,endpoint-events,2026-06-25,17,1,reported
T-CSE-TELECOM-001-A004-2026-06-26,CSE-TELECOM-001,CSE-TELECOM-001-A004,endpoint-events,2026-06-26,16,1,reported
T-CSE-TELECOM-001-A004-2026-06-27,CSE-TELECOM-001,CSE-TELECOM-001-A004,endpoint-events,2026-06-27,50,1,reported
T-CSE-TELECOM-001-A004-2026-06-28,CSE-TELECOM-001,CSE-TELECOM-001-A004,endpoint-events,2026-06-28,75,1,reported
T-CSE-TELECOM-001-A004-2026-06-29,CSE-TELECOM-001,CSE-TELECOM-001-A004,endpoint-events,2026-06-29,26,1,reported
T-CSE-TELECOM-001-A004-2026-06-30,CSE-TELECOM-001,CSE-TELECOM-001-A004,endpoint-events,2026-06-30,24,1,reported
T-CSE-TELECOM-001-A004-2026-07-01,CSE-TELECOM-001,CSE-TELECOM-001-A004,endpoint-events,2026-07-01,42,1,reported
T-CSE-TELECOM-001-A004-2026-07-02,CSE-TELECOM-001,CSE-TELECOM-001-A004,endpoint-events,2026-07-02,80,1,reported
T-CSE-TELECOM-001-A004-2026-07-03,CSE-TELECOM-001,CSE-TELECOM-001-A004,endpoint-events,2026-07-03,29,1,reported
T-CSE-TELECOM-001-A004-2026-07-04,CSE-TELECOM-001,CSE-TELECOM-001-A004,endpoint-events,2026-07-04,61,1,reported
T-CSE-TELECOM-001-A004-2026-07-05,CSE-TELECOM-001,CSE-TELECOM-001-A004,endpoint-events,2026-07-05,70,1,reported
T-CSE-TELECOM-001-A004-2026-07-06,CSE-TELECOM-001,CSE-TELECOM-001-A004,endpoint-events,2026-07-06,59,1,reported
T-CSE-TELECOM-001-A004-2026-07-07,CSE-TELECOM-001,CSE-TELECOM-001-A004,endpoint-events,2026-07-07,81,1,reported
T-CSE-TELECOM-001-A004-2026-07-08,CSE-TELECOM-001,CSE-TELECOM-001-A004,endpoint-events,2026-07-08,65,1,reported
T-CSE-TELECOM-001-A004-2026-07-09,CSE-TELECOM-001,CSE-TELECOM-001-A004,endpoint-events,2026-07-09,87,1,reported
T-CSE-TELECOM-001-A004-2026-07-10,CSE-TELECOM-001,CSE-TELECOM-001-A004,endpoint-events,2026-07-10,31,1,reported
T-CSE-TELECOM-001-A004-2026-07-11,CSE-TELECOM-001,CSE-TELECOM-001-A004,endpoint-events,2026-07-11,65,1,reported
T-CSE-TELECOM-001-A004-2026-07-12,CSE-TELECOM-001,CSE-TELECOM-001-A004,endpoint-events,2026-07-12,24,1,reported
T-CSE-TELECOM-001-A004-2026-07-13,CSE-TELECOM-001,CSE-TELECOM-001-A004,endpoint-events,2026-07-13,74,1,reported
T-CSE-TELECOM-001-A004-2026-07-14,CSE-TELECOM-001,CSE-TELECOM-001-A004,endpoint-events,2026-07-14,64,1,reported
T-CSE-TELECOM-001-A004-2026-07-15,CSE-TELECOM-001,CSE-TELECOM-001-A004,endpoint-events,2026-07-15,47,1,reported
T-CSE-TELECOM-001-A004-2026-07-16,CSE-TELECOM-001,CSE-TELECOM-001-A004,endpoint-events,2026-07-16,16,1,reported
T-CSE-TELECOM-001-A004-2026-07-17,CSE-TELECOM-001,CSE-TELECOM-001-A004,endpoint-events,2026-07-17,59,1,reported
T-CSE-TELECOM-001-A004-2026-07-18,CSE-TELECOM-001,CSE-TELECOM-001-A004,endpoint-events,2026-07-18,39,1,reported
T-CSE-TELECOM-001-A004-2026-07-19,CSE-TELECOM-001,CSE-TELECOM-001-A004,endpoint-events,2026-07-19,68,1,reported
T-CSE-TELECOM-001-A004-2026-07-20,CSE-TELECOM-001,CSE-TELECOM-001-A004,endpoint-events,2026-07-20,68,1,reported
T-CSE-TELECOM-001-A004-2026-07-21,CSE-TELECOM-001,CSE-TELECOM-001-A004,endpoint-events,2026-07-21,42,1,reported
T-CSE-TELECOM-001-A004-2026-07-22,CSE-TELECOM-001,CSE-TELECOM-001-A004,endpoint-events,2026-07-22,58,1,reported
T-CSE-TELECOM-001-A004-2026-07-23,CSE-TELECOM-001,CSE-TELECOM-001-A004,endpoint-events,2026-07-23,24,1,reported
T-CSE-TELECOM-001-A004-2026-07-24,CSE-TELECOM-001,CSE-TELECOM-001-A004,endpoint-events,2026-07-24,59,1,reported
T-CSE-TELECOM-001-A004-2026-07-25,CSE-TELECOM-001,CSE-TELECOM-001-A004,endpoint-events,2026-07-25,81,1,reported
T-CSE-TELECOM-001-A004-2026-07-26,CSE-TELECOM-001,CSE-TELECOM-001-A004,endpoint-events,2026-07-26,57,1,reported
T-CSE-TELECOM-001-A004-2026-07-27,CSE-TELECOM-001,CSE-TELECOM-001-A004,endpoint-events,2026-07-27,19,1,reported
T-CSE-TELECOM-001-A004-2026-07-28,CSE-TELECOM-001,CSE-TELECOM-001-A004,endpoint-events,2026-07-28,62,1,reported
T-CSE-TELECOM-001-A004-2026-07-29,CSE-TELECOM-001,CSE-TELECOM-001-A004,endpoint-events,2026-07-29,47,1,reported
T-CSE-TELECOM-001-A004-2026-07-30,CSE-TELECOM-001,CSE-TELECOM-001-A004,endpoint-events,2026-07-30,36,1,reported
T-CSE-TELECOM-001-A004-2026-07-31,CSE-TELECOM-001,CSE-TELECOM-001-A004,endpoint-events,2026-07-31,27,1,reported
T-CSE-TELECOM-001-A004-2026-08-01,CSE-TELECOM-001,CSE-TELECOM-001-A004,endpoint-events,2026-08-01,70,1,reported
T-CSE-TELECOM-001-A004-2026-08-02,CSE-TELECOM-001,CSE-TELECOM-001-A004,endpoint-events,2026-08-02,23,1,reported
T-CSE-TELECOM-001-A004-2026-08-03,CSE-TELECOM-001,CSE-TELECOM-001-A004,endpoint-events,2026-08-03,39,1,reported
T-CSE-TELECOM-001-A004-2026-08-04,CSE-TELECOM-001,CSE-TELECOM-001-A004,endpoint-events,2026-08-04,88,1,reported
T-CSE-TELECOM-001-A004-2026-08-05,CSE-TELECOM-001,CSE-TELECOM-001-A004,endpoint-events,2026-08-05,14,1,reported
T-CSE-TELECOM-001-A004-2026-08-06,CSE-TELECOM-001,CSE-TELECOM-001-A004,endpoint-events,2026-08-06,18,1,reported
T-CSE-TELECOM-001-A004-2026-08-07,CSE-TELECOM-001,CSE-TELECOM-001-A004,endpoint-events,2026-08-07,54,1,reported
T-CSE-TELECOM-001-A004-2026-08-08,CSE-TELECOM-001,CSE-TELECOM-001-A004,endpoint-events,2026-08-08,43,1,reported
T-CSE-TELECOM-001-A004-2026-08-09,CSE-TELECOM-001,CSE-TELECOM-001-A004,endpoint-events,2026-08-09,28,1,reported
T-CSE-TELECOM-001-A004-2026-08-10,CSE-TELECOM-001,CSE-TELECOM-001-A004,endpoint-events,2026-08-10,84,1,reported
T-CSE-TELECOM-001-A004-2026-08-11,CSE-TELECOM-001,CSE-TELECOM-001-A004,endpoint-events,2026-08-11,38,1,reported
T-CSE-TELECOM-001-A004-2026-08-12,CSE-TELECOM-001,CSE-TELECOM-001-A004,endpoint-events,2026-08-12,20,1,reported
T-CSE-TELECOM-001-A004-2026-08-13,CSE-TELECOM-001,CSE-TELECOM-001-A004,endpoint-events,2026-08-13,82,1,reported
T-CSE-TELECOM-001-A004-2026-08-14,CSE-TELECOM-001,CSE-TELECOM-001-A004,endpoint-events,2026-08-14,38,1,reported
T-CSE-TELECOM-001-A004-2026-08-15,CSE-TELECOM-001,CSE-TELECOM-001-A004,endpoint-events,2026-08-15,87,1,reported
T-CSE-TELECOM-001-A004-2026-08-16,CSE-TELECOM-001,CSE-TELECOM-001-A004,endpoint-events,2026-08-16,39,1,reported
T-CSE-TELECOM-001-A004-2026-08-17,CSE-TELECOM-001,CSE-TELECOM-001-A004,endpoint-events,2026-08-17,41,1,reported
T-CSE-TELECOM-001-A004-2026-08-18,CSE-TELECOM-001,CSE-TELECOM-001-A004,endpoint-events,2026-08-18,54,1,reported
T-CSE-TELECOM-001-A004-2026-08-19,CSE-TELECOM-001,CSE-TELECOM-001-A004,endpoint-events,2026-08-19,30,1,reported
T-CSE-TELECOM-001-A004-2026-08-20,CSE-TELECOM-001,CSE-TELECOM-001-A004,endpoint-events,2026-08-20,88,1,reported
T-CSE-TELECOM-001-A004-2026-08-21,CSE-TELECOM-001,CSE-TELECOM-001-A004,endpoint-events,2026-08-21,12,1,reported
T-CSE-TELECOM-001-A004-2026-08-22,CSE-TELECOM-001,CSE-TELECOM-001-A004,endpoint-events,2026-08-22,47,1,reported
T-CSE-TELECOM-001-A004-2026-08-23,CSE-TELECOM-001,CSE-TELECOM-001-A004,endpoint-events,2026-08-23,30,1,reported
T-CSE-TELECOM-001-A004-2026-08-24,CSE-TELECOM-001,CSE-TELECOM-001-A004,endpoint-events,2026-08-24,28,1,reported
T-CSE-TELECOM-001-A004-2026-08-25,CSE-TELECOM-001,CSE-TELECOM-001-A004,endpoint-events,2026-08-25,81,1,reported
T-CSE-TELECOM-001-A004-2026-08-26,CSE-TELECOM-001,CSE-TELECOM-001-A004,endpoint-events,2026-08-26,44,1,reported
T-CSE-TELECOM-001-A004-2026-08-27,CSE-TELECOM-001,CSE-TELECOM-001-A004,endpoint-events,2026-08-27,34,1,reported
T-CSE-TELECOM-001-A004-2026-08-28,CSE-TELECOM-001,CSE-TELECOM-001-A004,endpoint-events,2026-08-28,26,1,reported
T-CSE-TELECOM-001-A004-2026-08-29,CSE-TELECOM-001,CSE-TELECOM-001-A004,endpoint-events,2026-08-29,15,1,reported
T-CSE-TELECOM-001-A004-2026-08-30,CSE-TELECOM-001,CSE-TELECOM-001-A004,endpoint-events,2026-08-30,28,1,reported
T-CSE-TELECOM-001-A004-2026-08-31,CSE-TELECOM-001,CSE-TELECOM-001-A004,endpoint-events,2026-08-31,13,1,reported
T-CSE-TELECOM-001-A005-2026-06-03,CSE-TELECOM-001,CSE-TELECOM-001-A005,identity-logs,2026-06-03,57,1,reported
T-CSE-TELECOM-001-A005-2026-06-04,CSE-TELECOM-001,CSE-TELECOM-001-A005,identity-logs,2026-06-04,42,1,reported
T-CSE-TELECOM-001-A005-2026-06-05,CSE-TELECOM-001,CSE-TELECOM-001-A005,identity-logs,2026-06-05,87,1,reported
T-CSE-TELECOM-001-A005-2026-06-06,CSE-TELECOM-001,CSE-TELECOM-001-A005,identity-logs,2026-06-06,53,1,reported
T-CSE-TELECOM-001-A005-2026-06-07,CSE-TELECOM-001,CSE-TELECOM-001-A005,identity-logs,2026-06-07,14,1,reported
T-CSE-TELECOM-001-A005-2026-06-08,CSE-TELECOM-001,CSE-TELECOM-001-A005,identity-logs,2026-06-08,34,1,reported
T-CSE-TELECOM-001-A005-2026-06-09,CSE-TELECOM-001,CSE-TELECOM-001-A005,identity-logs,2026-06-09,45,1,reported
T-CSE-TELECOM-001-A005-2026-06-10,CSE-TELECOM-001,CSE-TELECOM-001-A005,identity-logs,2026-06-10,18,1,reported
T-CSE-TELECOM-001-A005-2026-06-11,CSE-TELECOM-001,CSE-TELECOM-001-A005,identity-logs,2026-06-11,28,1,reported
T-CSE-TELECOM-001-A005-2026-06-12,CSE-TELECOM-001,CSE-TELECOM-001-A005,identity-logs,2026-06-12,65,1,reported
T-CSE-TELECOM-001-A005-2026-06-13,CSE-TELECOM-001,CSE-TELECOM-001-A005,identity-logs,2026-06-13,79,1,reported
T-CSE-TELECOM-001-A005-2026-06-14,CSE-TELECOM-001,CSE-TELECOM-001-A005,identity-logs,2026-06-14,26,1,reported
T-CSE-TELECOM-001-A005-2026-06-15,CSE-TELECOM-001,CSE-TELECOM-001-A005,identity-logs,2026-06-15,20,1,reported
T-CSE-TELECOM-001-A005-2026-06-16,CSE-TELECOM-001,CSE-TELECOM-001-A005,identity-logs,2026-06-16,72,1,reported
T-CSE-TELECOM-001-A005-2026-06-17,CSE-TELECOM-001,CSE-TELECOM-001-A005,identity-logs,2026-06-17,69,1,reported
T-CSE-TELECOM-001-A005-2026-06-18,CSE-TELECOM-001,CSE-TELECOM-001-A005,identity-logs,2026-06-18,58,1,reported
T-CSE-TELECOM-001-A005-2026-06-19,CSE-TELECOM-001,CSE-TELECOM-001-A005,identity-logs,2026-06-19,77,1,reported
T-CSE-TELECOM-001-A005-2026-06-20,CSE-TELECOM-001,CSE-TELECOM-001-A005,identity-logs,2026-06-20,87,1,reported
T-CSE-TELECOM-001-A005-2026-06-21,CSE-TELECOM-001,CSE-TELECOM-001-A005,identity-logs,2026-06-21,25,1,reported
T-CSE-TELECOM-001-A005-2026-06-22,CSE-TELECOM-001,CSE-TELECOM-001-A005,identity-logs,2026-06-22,69,1,reported
T-CSE-TELECOM-001-A005-2026-06-23,CSE-TELECOM-001,CSE-TELECOM-001-A005,identity-logs,2026-06-23,76,1,reported
T-CSE-TELECOM-001-A005-2026-06-24,CSE-TELECOM-001,CSE-TELECOM-001-A005,identity-logs,2026-06-24,40,1,reported
T-CSE-TELECOM-001-A005-2026-06-25,CSE-TELECOM-001,CSE-TELECOM-001-A005,identity-logs,2026-06-25,17,1,reported
T-CSE-TELECOM-001-A005-2026-06-26,CSE-TELECOM-001,CSE-TELECOM-001-A005,identity-logs,2026-06-26,78,1,reported
T-CSE-TELECOM-001-A005-2026-06-27,CSE-TELECOM-001,CSE-TELECOM-001-A005,identity-logs,2026-06-27,50,1,reported
T-CSE-TELECOM-001-A005-2026-06-28,CSE-TELECOM-001,CSE-TELECOM-001-A005,identity-logs,2026-06-28,70,1,reported
T-CSE-TELECOM-001-A005-2026-06-29,CSE-TELECOM-001,CSE-TELECOM-001-A005,identity-logs,2026-06-29,15,1,reported
T-CSE-TELECOM-001-A005-2026-06-30,CSE-TELECOM-001,CSE-TELECOM-001-A005,identity-logs,2026-06-30,19,1,reported
T-CSE-TELECOM-001-A005-2026-07-01,CSE-TELECOM-001,CSE-TELECOM-001-A005,identity-logs,2026-07-01,73,1,reported
T-CSE-TELECOM-001-A005-2026-07-02,CSE-TELECOM-001,CSE-TELECOM-001-A005,identity-logs,2026-07-02,63,1,reported
T-CSE-TELECOM-001-A005-2026-07-03,CSE-TELECOM-001,CSE-TELECOM-001-A005,identity-logs,2026-07-03,66,1,reported
T-CSE-TELECOM-001-A005-2026-07-04,CSE-TELECOM-001,CSE-TELECOM-001-A005,identity-logs,2026-07-04,25,1,reported
T-CSE-TELECOM-001-A005-2026-07-05,CSE-TELECOM-001,CSE-TELECOM-001-A005,identity-logs,2026-07-05,74,1,reported
T-CSE-TELECOM-001-A005-2026-07-06,CSE-TELECOM-001,CSE-TELECOM-001-A005,identity-logs,2026-07-06,68,1,reported
T-CSE-TELECOM-001-A005-2026-07-07,CSE-TELECOM-001,CSE-TELECOM-001-A005,identity-logs,2026-07-07,21,1,reported
T-CSE-TELECOM-001-A005-2026-07-08,CSE-TELECOM-001,CSE-TELECOM-001-A005,identity-logs,2026-07-08,22,1,reported
T-CSE-TELECOM-001-A005-2026-07-09,CSE-TELECOM-001,CSE-TELECOM-001-A005,identity-logs,2026-07-09,53,1,reported
T-CSE-TELECOM-001-A005-2026-07-10,CSE-TELECOM-001,CSE-TELECOM-001-A005,identity-logs,2026-07-10,89,1,reported
T-CSE-TELECOM-001-A005-2026-07-11,CSE-TELECOM-001,CSE-TELECOM-001-A005,identity-logs,2026-07-11,30,1,reported
T-CSE-TELECOM-001-A005-2026-07-12,CSE-TELECOM-001,CSE-TELECOM-001-A005,identity-logs,2026-07-12,20,1,reported
T-CSE-TELECOM-001-A005-2026-07-13,CSE-TELECOM-001,CSE-TELECOM-001-A005,identity-logs,2026-07-13,28,1,reported
T-CSE-TELECOM-001-A005-2026-07-14,CSE-TELECOM-001,CSE-TELECOM-001-A005,identity-logs,2026-07-14,47,1,reported
T-CSE-TELECOM-001-A005-2026-07-15,CSE-TELECOM-001,CSE-TELECOM-001-A005,identity-logs,2026-07-15,86,1,reported
T-CSE-TELECOM-001-A005-2026-07-16,CSE-TELECOM-001,CSE-TELECOM-001-A005,identity-logs,2026-07-16,82,1,reported
T-CSE-TELECOM-001-A005-2026-07-17,CSE-TELECOM-001,CSE-TELECOM-001-A005,identity-logs,2026-07-17,53,1,reported
T-CSE-TELECOM-001-A005-2026-07-18,CSE-TELECOM-001,CSE-TELECOM-001-A005,identity-logs,2026-07-18,60,1,reported
T-CSE-TELECOM-001-A005-2026-07-19,CSE-TELECOM-001,CSE-TELECOM-001-A005,identity-logs,2026-07-19,88,1,reported
T-CSE-TELECOM-001-A005-2026-07-20,CSE-TELECOM-001,CSE-TELECOM-001-A005,identity-logs,2026-07-20,79,1,reported
T-CSE-TELECOM-001-A005-2026-07-21,CSE-TELECOM-001,CSE-TELECOM-001-A005,identity-logs,2026-07-21,49,1,reported
T-CSE-TELECOM-001-A005-2026-07-22,CSE-TELECOM-001,CSE-TELECOM-001-A005,identity-logs,2026-07-22,70,1,reported
T-CSE-TELECOM-001-A005-2026-07-23,CSE-TELECOM-001,CSE-TELECOM-001-A005,identity-logs,2026-07-23,76,1,reported
T-CSE-TELECOM-001-A005-2026-07-24,CSE-TELECOM-001,CSE-TELECOM-001-A005,identity-logs,2026-07-24,89,1,reported
T-CSE-TELECOM-001-A005-2026-07-25,CSE-TELECOM-001,CSE-TELECOM-001-A005,identity-logs,2026-07-25,67,1,reported
T-CSE-TELECOM-001-A005-2026-07-26,CSE-TELECOM-001,CSE-TELECOM-001-A005,identity-logs,2026-07-26,24,1,reported
T-CSE-TELECOM-001-A005-2026-07-27,CSE-TELECOM-001,CSE-TELECOM-001-A005,identity-logs,2026-07-27,26,1,reported
T-CSE-TELECOM-001-A005-2026-07-28,CSE-TELECOM-001,CSE-TELECOM-001-A005,identity-logs,2026-07-28,82,1,reported
T-CSE-TELECOM-001-A005-2026-07-29,CSE-TELECOM-001,CSE-TELECOM-001-A005,identity-logs,2026-07-29,39,1,reported
T-CSE-TELECOM-001-A005-2026-07-30,CSE-TELECOM-001,CSE-TELECOM-001-A005,identity-logs,2026-07-30,67,1,reported
T-CSE-TELECOM-001-A005-2026-07-31,CSE-TELECOM-001,CSE-TELECOM-001-A005,identity-logs,2026-07-31,69,1,reported
T-CSE-TELECOM-001-A005-2026-08-01,CSE-TELECOM-001,CSE-TELECOM-001-A005,identity-logs,2026-08-01,41,1,reported
T-CSE-TELECOM-001-A005-2026-08-02,CSE-TELECOM-001,CSE-TELECOM-001-A005,identity-logs,2026-08-02,64,1,reported
T-CSE-TELECOM-001-A005-2026-08-03,CSE-TELECOM-001,CSE-TELECOM-001-A005,identity-logs,2026-08-03,55,1,reported
T-CSE-TELECOM-001-A005-2026-08-04,CSE-TELECOM-001,CSE-TELECOM-001-A005,identity-logs,2026-08-04,70,1,reported
T-CSE-TELECOM-001-A005-2026-08-05,CSE-TELECOM-001,CSE-TELECOM-001-A005,identity-logs,2026-08-05,63,1,reported
T-CSE-TELECOM-001-A005-2026-08-06,CSE-TELECOM-001,CSE-TELECOM-001-A005,identity-logs,2026-08-06,65,1,reported
T-CSE-TELECOM-001-A005-2026-08-07,CSE-TELECOM-001,CSE-TELECOM-001-A005,identity-logs,2026-08-07,24,1,reported
T-CSE-TELECOM-001-A005-2026-08-08,CSE-TELECOM-001,CSE-TELECOM-001-A005,identity-logs,2026-08-08,52,1,reported
T-CSE-TELECOM-001-A005-2026-08-09,CSE-TELECOM-001,CSE-TELECOM-001-A005,identity-logs,2026-08-09,66,1,reported
T-CSE-TELECOM-001-A005-2026-08-10,CSE-TELECOM-001,CSE-TELECOM-001-A005,identity-logs,2026-08-10,52,1,reported
T-CSE-TELECOM-001-A005-2026-08-11,CSE-TELECOM-001,CSE-TELECOM-001-A005,identity-logs,2026-08-11,44,1,reported
T-CSE-TELECOM-001-A005-2026-08-12,CSE-TELECOM-001,CSE-TELECOM-001-A005,identity-logs,2026-08-12,59,1,reported
T-CSE-TELECOM-001-A005-2026-08-13,CSE-TELECOM-001,CSE-TELECOM-001-A005,identity-logs,2026-08-13,31,1,reported
T-CSE-TELECOM-001-A005-2026-08-14,CSE-TELECOM-001,CSE-TELECOM-001-A005,identity-logs,2026-08-14,72,1,reported
T-CSE-TELECOM-001-A005-2026-08-15,CSE-TELECOM-001,CSE-TELECOM-001-A005,identity-logs,2026-08-15,20,1,reported
T-CSE-TELECOM-001-A005-2026-08-16,CSE-TELECOM-001,CSE-TELECOM-001-A005,identity-logs,2026-08-16,23,1,reported
T-CSE-TELECOM-001-A005-2026-08-17,CSE-TELECOM-001,CSE-TELECOM-001-A005,identity-logs,2026-08-17,22,1,reported
T-CSE-TELECOM-001-A005-2026-08-18,CSE-TELECOM-001,CSE-TELECOM-001-A005,identity-logs,2026-08-18,23,1,reported
T-CSE-TELECOM-001-A005-2026-08-19,CSE-TELECOM-001,CSE-TELECOM-001-A005,identity-logs,2026-08-19,67,1,reported
T-CSE-TELECOM-001-A005-2026-08-20,CSE-TELECOM-001,CSE-TELECOM-001-A005,identity-logs,2026-08-20,24,1,reported
T-CSE-TELECOM-001-A005-2026-08-21,CSE-TELECOM-001,CSE-TELECOM-001-A005,identity-logs,2026-08-21,59,1,reported
T-CSE-TELECOM-001-A005-2026-08-22,CSE-TELECOM-001,CSE-TELECOM-001-A005,identity-logs,2026-08-22,28,1,reported
T-CSE-TELECOM-001-A005-2026-08-23,CSE-TELECOM-001,CSE-TELECOM-001-A005,identity-logs,2026-08-23,83,1,reported
T-CSE-TELECOM-001-A005-2026-08-24,CSE-TELECOM-001,CSE-TELECOM-001-A005,identity-logs,2026-08-24,19,1,reported
T-CSE-TELECOM-001-A005-2026-08-25,CSE-TELECOM-001,CSE-TELECOM-001-A005,identity-logs,2026-08-25,87,1,reported
T-CSE-TELECOM-001-A005-2026-08-26,CSE-TELECOM-001,CSE-TELECOM-001-A005,identity-logs,2026-08-26,83,1,reported
T-CSE-TELECOM-001-A005-2026-08-27,CSE-TELECOM-001,CSE-TELECOM-001-A005,identity-logs,2026-08-27,83,1,reported
T-CSE-TELECOM-001-A005-2026-08-28,CSE-TELECOM-001,CSE-TELECOM-001-A005,identity-logs,2026-08-28,54,1,reported
T-CSE-TELECOM-001-A005-2026-08-29,CSE-TELECOM-001,CSE-TELECOM-001-A005,identity-logs,2026-08-29,27,1,reported
T-CSE-TELECOM-001-A005-2026-08-30,CSE-TELECOM-001,CSE-TELECOM-001-A005,identity-logs,2026-08-30,64,1,reported
T-CSE-TELECOM-001-A005-2026-08-31,CSE-TELECOM-001,CSE-TELECOM-001-A005,identity-logs,2026-08-31,57,1,reported
T-CSE-TELECOM-001-A006-2026-06-03,CSE-TELECOM-001,CSE-TELECOM-001-A006,endpoint-events,2026-06-03,66,1,reported
T-CSE-TELECOM-001-A006-2026-06-04,CSE-TELECOM-001,CSE-TELECOM-001-A006,endpoint-events,2026-06-04,18,1,reported
T-CSE-TELECOM-001-A006-2026-06-05,CSE-TELECOM-001,CSE-TELECOM-001-A006,endpoint-events,2026-06-05,48,1,reported
T-CSE-TELECOM-001-A006-2026-06-06,CSE-TELECOM-001,CSE-TELECOM-001-A006,endpoint-events,2026-06-06,88,1,reported
T-CSE-TELECOM-001-A006-2026-06-07,CSE-TELECOM-001,CSE-TELECOM-001-A006,endpoint-events,2026-06-07,51,1,reported
T-CSE-TELECOM-001-A006-2026-06-08,CSE-TELECOM-001,CSE-TELECOM-001-A006,endpoint-events,2026-06-08,57,1,reported
T-CSE-TELECOM-001-A006-2026-06-09,CSE-TELECOM-001,CSE-TELECOM-001-A006,endpoint-events,2026-06-09,25,1,reported
T-CSE-TELECOM-001-A006-2026-06-10,CSE-TELECOM-001,CSE-TELECOM-001-A006,endpoint-events,2026-06-10,85,1,reported
T-CSE-TELECOM-001-A006-2026-06-11,CSE-TELECOM-001,CSE-TELECOM-001-A006,endpoint-events,2026-06-11,76,1,reported
T-CSE-TELECOM-001-A006-2026-06-12,CSE-TELECOM-001,CSE-TELECOM-001-A006,endpoint-events,2026-06-12,39,1,reported
T-CSE-TELECOM-001-A006-2026-06-13,CSE-TELECOM-001,CSE-TELECOM-001-A006,endpoint-events,2026-06-13,31,1,reported
T-CSE-TELECOM-001-A006-2026-06-14,CSE-TELECOM-001,CSE-TELECOM-001-A006,endpoint-events,2026-06-14,73,1,reported
T-CSE-TELECOM-001-A006-2026-06-15,CSE-TELECOM-001,CSE-TELECOM-001-A006,endpoint-events,2026-06-15,40,1,reported
T-CSE-TELECOM-001-A006-2026-06-16,CSE-TELECOM-001,CSE-TELECOM-001-A006,endpoint-events,2026-06-16,25,1,reported
T-CSE-TELECOM-001-A006-2026-06-17,CSE-TELECOM-001,CSE-TELECOM-001-A006,endpoint-events,2026-06-17,56,1,reported
T-CSE-TELECOM-001-A006-2026-06-18,CSE-TELECOM-001,CSE-TELECOM-001-A006,endpoint-events,2026-06-18,83,1,reported
T-CSE-TELECOM-001-A006-2026-06-19,CSE-TELECOM-001,CSE-TELECOM-001-A006,endpoint-events,2026-06-19,59,1,reported
T-CSE-TELECOM-001-A006-2026-06-20,CSE-TELECOM-001,CSE-TELECOM-001-A006,endpoint-events,2026-06-20,26,1,reported
T-CSE-TELECOM-001-A006-2026-06-21,CSE-TELECOM-001,CSE-TELECOM-001-A006,endpoint-events,2026-06-21,47,1,reported
T-CSE-TELECOM-001-A006-2026-06-22,CSE-TELECOM-001,CSE-TELECOM-001-A006,endpoint-events,2026-06-22,85,1,reported
T-CSE-TELECOM-001-A006-2026-06-23,CSE-TELECOM-001,CSE-TELECOM-001-A006,endpoint-events,2026-06-23,40,1,reported
T-CSE-TELECOM-001-A006-2026-06-24,CSE-TELECOM-001,CSE-TELECOM-001-A006,endpoint-events,2026-06-24,66,1,reported
T-CSE-TELECOM-001-A006-2026-06-25,CSE-TELECOM-001,CSE-TELECOM-001-A006,endpoint-events,2026-06-25,83,1,reported
T-CSE-TELECOM-001-A006-2026-06-26,CSE-TELECOM-001,CSE-TELECOM-001-A006,endpoint-events,2026-06-26,83,1,reported
T-CSE-TELECOM-001-A006-2026-06-27,CSE-TELECOM-001,CSE-TELECOM-001-A006,endpoint-events,2026-06-27,15,1,reported
T-CSE-TELECOM-001-A006-2026-06-28,CSE-TELECOM-001,CSE-TELECOM-001-A006,endpoint-events,2026-06-28,89,1,reported
T-CSE-TELECOM-001-A006-2026-06-29,CSE-TELECOM-001,CSE-TELECOM-001-A006,endpoint-events,2026-06-29,46,1,reported
T-CSE-TELECOM-001-A006-2026-06-30,CSE-TELECOM-001,CSE-TELECOM-001-A006,endpoint-events,2026-06-30,15,1,reported
T-CSE-TELECOM-001-A006-2026-07-01,CSE-TELECOM-001,CSE-TELECOM-001-A006,endpoint-events,2026-07-01,35,1,reported
T-CSE-TELECOM-001-A006-2026-07-02,CSE-TELECOM-001,CSE-TELECOM-001-A006,endpoint-events,2026-07-02,46,1,reported
T-CSE-TELECOM-001-A006-2026-07-03,CSE-TELECOM-001,CSE-TELECOM-001-A006,endpoint-events,2026-07-03,51,1,reported
T-CSE-TELECOM-001-A006-2026-07-04,CSE-TELECOM-001,CSE-TELECOM-001-A006,endpoint-events,2026-07-04,55,1,reported
T-CSE-TELECOM-001-A006-2026-07-05,CSE-TELECOM-001,CSE-TELECOM-001-A006,endpoint-events,2026-07-05,56,1,reported
T-CSE-TELECOM-001-A006-2026-07-06,CSE-TELECOM-001,CSE-TELECOM-001-A006,endpoint-events,2026-07-06,12,1,reported
T-CSE-TELECOM-001-A006-2026-07-07,CSE-TELECOM-001,CSE-TELECOM-001-A006,endpoint-events,2026-07-07,35,1,reported
T-CSE-TELECOM-001-A006-2026-07-08,CSE-TELECOM-001,CSE-TELECOM-001-A006,endpoint-events,2026-07-08,30,1,reported
T-CSE-TELECOM-001-A006-2026-07-09,CSE-TELECOM-001,CSE-TELECOM-001-A006,endpoint-events,2026-07-09,84,1,reported
T-CSE-TELECOM-001-A006-2026-07-10,CSE-TELECOM-001,CSE-TELECOM-001-A006,endpoint-events,2026-07-10,63,1,reported
T-CSE-TELECOM-001-A006-2026-07-11,CSE-TELECOM-001,CSE-TELECOM-001-A006,endpoint-events,2026-07-11,20,1,reported
T-CSE-TELECOM-001-A006-2026-07-12,CSE-TELECOM-001,CSE-TELECOM-001-A006,endpoint-events,2026-07-12,30,1,reported
T-CSE-TELECOM-001-A006-2026-07-13,CSE-TELECOM-001,CSE-TELECOM-001-A006,endpoint-events,2026-07-13,15,1,reported
T-CSE-TELECOM-001-A006-2026-07-14,CSE-TELECOM-001,CSE-TELECOM-001-A006,endpoint-events,2026-07-14,23,1,reported
T-CSE-TELECOM-001-A006-2026-07-15,CSE-TELECOM-001,CSE-TELECOM-001-A006,endpoint-events,2026-07-15,79,1,reported
T-CSE-TELECOM-001-A006-2026-07-16,CSE-TELECOM-001,CSE-TELECOM-001-A006,endpoint-events,2026-07-16,39,1,reported
T-CSE-TELECOM-001-A006-2026-07-17,CSE-TELECOM-001,CSE-TELECOM-001-A006,endpoint-events,2026-07-17,60,1,reported
T-CSE-TELECOM-001-A006-2026-07-18,CSE-TELECOM-001,CSE-TELECOM-001-A006,endpoint-events,2026-07-18,65,1,reported
T-CSE-TELECOM-001-A006-2026-07-19,CSE-TELECOM-001,CSE-TELECOM-001-A006,endpoint-events,2026-07-19,70,1,reported
T-CSE-TELECOM-001-A006-2026-07-20,CSE-TELECOM-001,CSE-TELECOM-001-A006,endpoint-events,2026-07-20,55,1,reported
T-CSE-TELECOM-001-A006-2026-07-21,CSE-TELECOM-001,CSE-TELECOM-001-A006,endpoint-events,2026-07-21,32,1,reported
T-CSE-TELECOM-001-A006-2026-07-22,CSE-TELECOM-001,CSE-TELECOM-001-A006,endpoint-events,2026-07-22,59,1,reported
T-CSE-TELECOM-001-A006-2026-07-23,CSE-TELECOM-001,CSE-TELECOM-001-A006,endpoint-events,2026-07-23,51,1,reported
T-CSE-TELECOM-001-A006-2026-07-24,CSE-TELECOM-001,CSE-TELECOM-001-A006,endpoint-events,2026-07-24,53,1,reported
T-CSE-TELECOM-001-A006-2026-07-25,CSE-TELECOM-001,CSE-TELECOM-001-A006,endpoint-events,2026-07-25,84,1,reported
T-CSE-TELECOM-001-A006-2026-07-26,CSE-TELECOM-001,CSE-TELECOM-001-A006,endpoint-events,2026-07-26,88,1,reported
T-CSE-TELECOM-001-A006-2026-07-27,CSE-TELECOM-001,CSE-TELECOM-001-A006,endpoint-events,2026-07-27,22,1,reported
T-CSE-TELECOM-001-A006-2026-07-28,CSE-TELECOM-001,CSE-TELECOM-001-A006,endpoint-events,2026-07-28,18,1,reported
T-CSE-TELECOM-001-A006-2026-07-29,CSE-TELECOM-001,CSE-TELECOM-001-A006,endpoint-events,2026-07-29,31,1,reported
T-CSE-TELECOM-001-A006-2026-07-30,CSE-TELECOM-001,CSE-TELECOM-001-A006,endpoint-events,2026-07-30,32,1,reported
T-CSE-TELECOM-001-A006-2026-07-31,CSE-TELECOM-001,CSE-TELECOM-001-A006,endpoint-events,2026-07-31,18,1,reported
T-CSE-TELECOM-001-A006-2026-08-01,CSE-TELECOM-001,CSE-TELECOM-001-A006,endpoint-events,2026-08-01,22,1,reported
T-CSE-TELECOM-001-A006-2026-08-02,CSE-TELECOM-001,CSE-TELECOM-001-A006,endpoint-events,2026-08-02,46,1,reported
T-CSE-TELECOM-001-A006-2026-08-03,CSE-TELECOM-001,CSE-TELECOM-001-A006,endpoint-events,2026-08-03,68,1,reported
T-CSE-TELECOM-001-A006-2026-08-04,CSE-TELECOM-001,CSE-TELECOM-001-A006,endpoint-events,2026-08-04,66,1,reported
T-CSE-TELECOM-001-A006-2026-08-05,CSE-TELECOM-001,CSE-TELECOM-001-A006,endpoint-events,2026-08-05,74,1,reported
T-CSE-TELECOM-001-A006-2026-08-06,CSE-TELECOM-001,CSE-TELECOM-001-A006,endpoint-events,2026-08-06,89,1,reported
T-CSE-TELECOM-001-A006-2026-08-07,CSE-TELECOM-001,CSE-TELECOM-001-A006,endpoint-events,2026-08-07,68,1,reported
T-CSE-TELECOM-001-A006-2026-08-08,CSE-TELECOM-001,CSE-TELECOM-001-A006,endpoint-events,2026-08-08,65,1,reported
T-CSE-TELECOM-001-A006-2026-08-09,CSE-TELECOM-001,CSE-TELECOM-001-A006,endpoint-events,2026-08-09,46,1,reported
T-CSE-TELECOM-001-A006-2026-08-10,CSE-TELECOM-001,CSE-TELECOM-001-A006,endpoint-events,2026-08-10,39,1,reported
T-CSE-TELECOM-001-A006-2026-08-11,CSE-TELECOM-001,CSE-TELECOM-001-A006,endpoint-events,2026-08-11,77,1,reported
T-CSE-TELECOM-001-A006-2026-08-12,CSE-TELECOM-001,CSE-TELECOM-001-A006,endpoint-events,2026-08-12,26,1,reported
T-CSE-TELECOM-001-A006-2026-08-13,CSE-TELECOM-001,CSE-TELECOM-001-A006,endpoint-events,2026-08-13,56,1,reported
T-CSE-TELECOM-001-A006-2026-08-14,CSE-TELECOM-001,CSE-TELECOM-001-A006,endpoint-events,2026-08-14,67,1,reported
T-CSE-TELECOM-001-A006-2026-08-15,CSE-TELECOM-001,CSE-TELECOM-001-A006,endpoint-events,2026-08-15,26,1,reported
T-CSE-TELECOM-001-A006-2026-08-16,CSE-TELECOM-001,CSE-TELECOM-001-A006,endpoint-events,2026-08-16,48,1,reported
T-CSE-TELECOM-001-A006-2026-08-17,CSE-TELECOM-001,CSE-TELECOM-001-A006,endpoint-events,2026-08-17,87,1,reported
T-CSE-TELECOM-001-A006-2026-08-18,CSE-TELECOM-001,CSE-TELECOM-001-A006,endpoint-events,2026-08-18,74,1,reported
T-CSE-TELECOM-001-A006-2026-08-19,CSE-TELECOM-001,CSE-TELECOM-001-A006,endpoint-events,2026-08-19,79,1,reported
T-CSE-TELECOM-001-A006-2026-08-20,CSE-TELECOM-001,CSE-TELECOM-001-A006,endpoint-events,2026-08-20,51,1,reported
T-CSE-TELECOM-001-A006-2026-08-21,CSE-TELECOM-001,CSE-TELECOM-001-A006,endpoint-events,2026-08-21,17,1,reported
T-CSE-TELECOM-001-A006-2026-08-22,CSE-TELECOM-001,CSE-TELECOM-001-A006,endpoint-events,2026-08-22,40,1,reported
T-CSE-TELECOM-001-A006-2026-08-23,CSE-TELECOM-001,CSE-TELECOM-001-A006,endpoint-events,2026-08-23,62,1,reported
T-CSE-TELECOM-001-A006-2026-08-24,CSE-TELECOM-001,CSE-TELECOM-001-A006,endpoint-events,2026-08-24,88,1,reported
T-CSE-TELECOM-001-A006-2026-08-25,CSE-TELECOM-001,CSE-TELECOM-001-A006,endpoint-events,2026-08-25,19,1,reported
T-CSE-TELECOM-001-A006-2026-08-26,CSE-TELECOM-001,CSE-TELECOM-001-A006,endpoint-events,2026-08-26,12,1,reported
T-CSE-TELECOM-001-A006-2026-08-27,CSE-TELECOM-001,CSE-TELECOM-001-A006,endpoint-events,2026-08-27,38,1,reported
T-CSE-TELECOM-001-A006-2026-08-28,CSE-TELECOM-001,CSE-TELECOM-001-A006,endpoint-events,2026-08-28,50,1,reported
T-CSE-TELECOM-001-A006-2026-08-29,CSE-TELECOM-001,CSE-TELECOM-001-A006,endpoint-events,2026-08-29,39,1,reported
T-CSE-TELECOM-001-A006-2026-08-30,CSE-TELECOM-001,CSE-TELECOM-001-A006,endpoint-events,2026-08-30,29,1,reported
T-CSE-TELECOM-001-A006-2026-08-31,CSE-TELECOM-001,CSE-TELECOM-001-A006,endpoint-events,2026-08-31,44,1,reported
T-CSE-TELECOM-001-A007-2026-06-03,CSE-TELECOM-001,CSE-TELECOM-001-A007,identity-logs,2026-06-03,49,1,reported
T-CSE-TELECOM-001-A007-2026-06-04,CSE-TELECOM-001,CSE-TELECOM-001-A007,identity-logs,2026-06-04,53,1,reported
T-CSE-TELECOM-001-A007-2026-06-05,CSE-TELECOM-001,CSE-TELECOM-001-A007,identity-logs,2026-06-05,27,1,reported
T-CSE-TELECOM-001-A007-2026-06-06,CSE-TELECOM-001,CSE-TELECOM-001-A007,identity-logs,2026-06-06,12,1,reported
T-CSE-TELECOM-001-A007-2026-06-07,CSE-TELECOM-001,CSE-TELECOM-001-A007,identity-logs,2026-06-07,75,1,reported
T-CSE-TELECOM-001-A007-2026-06-08,CSE-TELECOM-001,CSE-TELECOM-001-A007,identity-logs,2026-06-08,67,1,reported
T-CSE-TELECOM-001-A007-2026-06-09,CSE-TELECOM-001,CSE-TELECOM-001-A007,identity-logs,2026-06-09,34,1,reported
T-CSE-TELECOM-001-A007-2026-06-10,CSE-TELECOM-001,CSE-TELECOM-001-A007,identity-logs,2026-06-10,28,1,reported
T-CSE-TELECOM-001-A007-2026-06-11,CSE-TELECOM-001,CSE-TELECOM-001-A007,identity-logs,2026-06-11,60,1,reported
T-CSE-TELECOM-001-A007-2026-06-12,CSE-TELECOM-001,CSE-TELECOM-001-A007,identity-logs,2026-06-12,80,1,reported
T-CSE-TELECOM-001-A007-2026-06-13,CSE-TELECOM-001,CSE-TELECOM-001-A007,identity-logs,2026-06-13,41,1,reported
T-CSE-TELECOM-001-A007-2026-06-14,CSE-TELECOM-001,CSE-TELECOM-001-A007,identity-logs,2026-06-14,76,1,reported
T-CSE-TELECOM-001-A007-2026-06-15,CSE-TELECOM-001,CSE-TELECOM-001-A007,identity-logs,2026-06-15,83,1,reported
T-CSE-TELECOM-001-A007-2026-06-16,CSE-TELECOM-001,CSE-TELECOM-001-A007,identity-logs,2026-06-16,57,1,reported
T-CSE-TELECOM-001-A007-2026-06-17,CSE-TELECOM-001,CSE-TELECOM-001-A007,identity-logs,2026-06-17,21,1,reported
T-CSE-TELECOM-001-A007-2026-06-18,CSE-TELECOM-001,CSE-TELECOM-001-A007,identity-logs,2026-06-18,62,1,reported
T-CSE-TELECOM-001-A007-2026-06-19,CSE-TELECOM-001,CSE-TELECOM-001-A007,identity-logs,2026-06-19,17,1,reported
T-CSE-TELECOM-001-A007-2026-06-20,CSE-TELECOM-001,CSE-TELECOM-001-A007,identity-logs,2026-06-20,67,1,reported
T-CSE-TELECOM-001-A007-2026-06-21,CSE-TELECOM-001,CSE-TELECOM-001-A007,identity-logs,2026-06-21,14,1,reported
T-CSE-TELECOM-001-A007-2026-06-22,CSE-TELECOM-001,CSE-TELECOM-001-A007,identity-logs,2026-06-22,70,1,reported
T-CSE-TELECOM-001-A007-2026-06-23,CSE-TELECOM-001,CSE-TELECOM-001-A007,identity-logs,2026-06-23,21,1,reported
T-CSE-TELECOM-001-A007-2026-06-24,CSE-TELECOM-001,CSE-TELECOM-001-A007,identity-logs,2026-06-24,52,1,reported
T-CSE-TELECOM-001-A007-2026-06-25,CSE-TELECOM-001,CSE-TELECOM-001-A007,identity-logs,2026-06-25,85,1,reported
T-CSE-TELECOM-001-A007-2026-06-26,CSE-TELECOM-001,CSE-TELECOM-001-A007,identity-logs,2026-06-26,66,1,reported
T-CSE-TELECOM-001-A007-2026-06-27,CSE-TELECOM-001,CSE-TELECOM-001-A007,identity-logs,2026-06-27,85,1,reported
T-CSE-TELECOM-001-A007-2026-06-28,CSE-TELECOM-001,CSE-TELECOM-001-A007,identity-logs,2026-06-28,63,1,reported
T-CSE-TELECOM-001-A007-2026-06-29,CSE-TELECOM-001,CSE-TELECOM-001-A007,identity-logs,2026-06-29,65,1,reported
T-CSE-TELECOM-001-A007-2026-06-30,CSE-TELECOM-001,CSE-TELECOM-001-A007,identity-logs,2026-06-30,49,1,reported
T-CSE-TELECOM-001-A007-2026-07-01,CSE-TELECOM-001,CSE-TELECOM-001-A007,identity-logs,2026-07-01,26,1,reported
T-CSE-TELECOM-001-A007-2026-07-02,CSE-TELECOM-001,CSE-TELECOM-001-A007,identity-logs,2026-07-02,63,1,reported
T-CSE-TELECOM-001-A007-2026-07-03,CSE-TELECOM-001,CSE-TELECOM-001-A007,identity-logs,2026-07-03,14,1,reported
T-CSE-TELECOM-001-A007-2026-07-04,CSE-TELECOM-001,CSE-TELECOM-001-A007,identity-logs,2026-07-04,53,1,reported
T-CSE-TELECOM-001-A007-2026-07-05,CSE-TELECOM-001,CSE-TELECOM-001-A007,identity-logs,2026-07-05,33,1,reported
T-CSE-TELECOM-001-A007-2026-07-06,CSE-TELECOM-001,CSE-TELECOM-001-A007,identity-logs,2026-07-06,70,1,reported
T-CSE-TELECOM-001-A007-2026-07-07,CSE-TELECOM-001,CSE-TELECOM-001-A007,identity-logs,2026-07-07,58,1,reported
T-CSE-TELECOM-001-A007-2026-07-08,CSE-TELECOM-001,CSE-TELECOM-001-A007,identity-logs,2026-07-08,23,1,reported
T-CSE-TELECOM-001-A007-2026-07-09,CSE-TELECOM-001,CSE-TELECOM-001-A007,identity-logs,2026-07-09,67,1,reported
T-CSE-TELECOM-001-A007-2026-07-10,CSE-TELECOM-001,CSE-TELECOM-001-A007,identity-logs,2026-07-10,25,1,reported
T-CSE-TELECOM-001-A007-2026-07-11,CSE-TELECOM-001,CSE-TELECOM-001-A007,identity-logs,2026-07-11,43,1,reported
T-CSE-TELECOM-001-A007-2026-07-12,CSE-TELECOM-001,CSE-TELECOM-001-A007,identity-logs,2026-07-12,67,1,reported
T-CSE-TELECOM-001-A007-2026-07-13,CSE-TELECOM-001,CSE-TELECOM-001-A007,identity-logs,2026-07-13,87,1,reported
T-CSE-TELECOM-001-A007-2026-07-14,CSE-TELECOM-001,CSE-TELECOM-001-A007,identity-logs,2026-07-14,63,1,reported
T-CSE-TELECOM-001-A007-2026-07-15,CSE-TELECOM-001,CSE-TELECOM-001-A007,identity-logs,2026-07-15,79,1,reported
T-CSE-TELECOM-001-A007-2026-07-16,CSE-TELECOM-001,CSE-TELECOM-001-A007,identity-logs,2026-07-16,22,1,reported
T-CSE-TELECOM-001-A007-2026-07-17,CSE-TELECOM-001,CSE-TELECOM-001-A007,identity-logs,2026-07-17,62,1,reported
T-CSE-TELECOM-001-A007-2026-07-18,CSE-TELECOM-001,CSE-TELECOM-001-A007,identity-logs,2026-07-18,51,1,reported
T-CSE-TELECOM-001-A007-2026-07-19,CSE-TELECOM-001,CSE-TELECOM-001-A007,identity-logs,2026-07-19,55,1,reported
T-CSE-TELECOM-001-A007-2026-07-20,CSE-TELECOM-001,CSE-TELECOM-001-A007,identity-logs,2026-07-20,40,1,reported
T-CSE-TELECOM-001-A007-2026-07-21,CSE-TELECOM-001,CSE-TELECOM-001-A007,identity-logs,2026-07-21,54,1,reported
T-CSE-TELECOM-001-A007-2026-07-22,CSE-TELECOM-001,CSE-TELECOM-001-A007,identity-logs,2026-07-22,33,1,reported
T-CSE-TELECOM-001-A007-2026-07-23,CSE-TELECOM-001,CSE-TELECOM-001-A007,identity-logs,2026-07-23,21,1,reported
T-CSE-TELECOM-001-A007-2026-07-24,CSE-TELECOM-001,CSE-TELECOM-001-A007,identity-logs,2026-07-24,77,1,reported
T-CSE-TELECOM-001-A007-2026-07-25,CSE-TELECOM-001,CSE-TELECOM-001-A007,identity-logs,2026-07-25,26,1,reported
T-CSE-TELECOM-001-A007-2026-07-26,CSE-TELECOM-001,CSE-TELECOM-001-A007,identity-logs,2026-07-26,79,1,reported
T-CSE-TELECOM-001-A007-2026-07-27,CSE-TELECOM-001,CSE-TELECOM-001-A007,identity-logs,2026-07-27,77,1,reported
T-CSE-TELECOM-001-A007-2026-07-28,CSE-TELECOM-001,CSE-TELECOM-001-A007,identity-logs,2026-07-28,36,1,reported
T-CSE-TELECOM-001-A007-2026-07-29,CSE-TELECOM-001,CSE-TELECOM-001-A007,identity-logs,2026-07-29,56,1,reported
T-CSE-TELECOM-001-A007-2026-07-30,CSE-TELECOM-001,CSE-TELECOM-001-A007,identity-logs,2026-07-30,56,1,reported
T-CSE-TELECOM-001-A007-2026-07-31,CSE-TELECOM-001,CSE-TELECOM-001-A007,identity-logs,2026-07-31,30,1,reported
T-CSE-TELECOM-001-A007-2026-08-01,CSE-TELECOM-001,CSE-TELECOM-001-A007,identity-logs,2026-08-01,42,1,reported
T-CSE-TELECOM-001-A007-2026-08-02,CSE-TELECOM-001,CSE-TELECOM-001-A007,identity-logs,2026-08-02,25,1,reported
T-CSE-TELECOM-001-A007-2026-08-03,CSE-TELECOM-001,CSE-TELECOM-001-A007,identity-logs,2026-08-03,30,1,reported
T-CSE-TELECOM-001-A007-2026-08-04,CSE-TELECOM-001,CSE-TELECOM-001-A007,identity-logs,2026-08-04,44,1,reported
T-CSE-TELECOM-001-A007-2026-08-05,CSE-TELECOM-001,CSE-TELECOM-001-A007,identity-logs,2026-08-05,37,1,reported
T-CSE-TELECOM-001-A007-2026-08-06,CSE-TELECOM-001,CSE-TELECOM-001-A007,identity-logs,2026-08-06,34,1,reported
T-CSE-TELECOM-001-A007-2026-08-07,CSE-TELECOM-001,CSE-TELECOM-001-A007,identity-logs,2026-08-07,89,1,reported
T-CSE-TELECOM-001-A007-2026-08-08,CSE-TELECOM-001,CSE-TELECOM-001-A007,identity-logs,2026-08-08,31,1,reported
T-CSE-TELECOM-001-A007-2026-08-09,CSE-TELECOM-001,CSE-TELECOM-001-A007,identity-logs,2026-08-09,21,1,reported
T-CSE-TELECOM-001-A007-2026-08-10,CSE-TELECOM-001,CSE-TELECOM-001-A007,identity-logs,2026-08-10,34,1,reported
T-CSE-TELECOM-001-A007-2026-08-11,CSE-TELECOM-001,CSE-TELECOM-001-A007,identity-logs,2026-08-11,75,1,reported
T-CSE-TELECOM-001-A007-2026-08-12,CSE-TELECOM-001,CSE-TELECOM-001-A007,identity-logs,2026-08-12,71,1,reported
T-CSE-TELECOM-001-A007-2026-08-13,CSE-TELECOM-001,CSE-TELECOM-001-A007,identity-logs,2026-08-13,84,1,reported
T-CSE-TELECOM-001-A007-2026-08-14,CSE-TELECOM-001,CSE-TELECOM-001-A007,identity-logs,2026-08-14,86,1,reported
T-CSE-TELECOM-001-A007-2026-08-15,CSE-TELECOM-001,CSE-TELECOM-001-A007,identity-logs,2026-08-15,69,1,reported
T-CSE-TELECOM-001-A007-2026-08-16,CSE-TELECOM-001,CSE-TELECOM-001-A007,identity-logs,2026-08-16,84,1,reported
T-CSE-TELECOM-001-A007-2026-08-17,CSE-TELECOM-001,CSE-TELECOM-001-A007,identity-logs,2026-08-17,53,1,reported
T-CSE-TELECOM-001-A007-2026-08-18,CSE-TELECOM-001,CSE-TELECOM-001-A007,identity-logs,2026-08-18,52,1,reported
T-CSE-TELECOM-001-A007-2026-08-19,CSE-TELECOM-001,CSE-TELECOM-001-A007,identity-logs,2026-08-19,31,1,reported
T-CSE-TELECOM-001-A007-2026-08-20,CSE-TELECOM-001,CSE-TELECOM-001-A007,identity-logs,2026-08-20,68,1,reported
T-CSE-TELECOM-001-A007-2026-08-21,CSE-TELECOM-001,CSE-TELECOM-001-A007,identity-logs,2026-08-21,20,1,reported
T-CSE-TELECOM-001-A007-2026-08-22,CSE-TELECOM-001,CSE-TELECOM-001-A007,identity-logs,2026-08-22,72,1,reported
T-CSE-TELECOM-001-A007-2026-08-23,CSE-TELECOM-001,CSE-TELECOM-001-A007,identity-logs,2026-08-23,68,1,reported
T-CSE-TELECOM-001-A007-2026-08-24,CSE-TELECOM-001,CSE-TELECOM-001-A007,identity-logs,2026-08-24,50,1,reported
T-CSE-TELECOM-001-A007-2026-08-25,CSE-TELECOM-001,CSE-TELECOM-001-A007,identity-logs,2026-08-25,47,1,reported
T-CSE-TELECOM-001-A007-2026-08-26,CSE-TELECOM-001,CSE-TELECOM-001-A007,identity-logs,2026-08-26,87,1,reported
T-CSE-TELECOM-001-A007-2026-08-27,CSE-TELECOM-001,CSE-TELECOM-001-A007,identity-logs,2026-08-27,19,1,reported
T-CSE-TELECOM-001-A007-2026-08-28,CSE-TELECOM-001,CSE-TELECOM-001-A007,identity-logs,2026-08-28,57,1,reported
T-CSE-TELECOM-001-A007-2026-08-29,CSE-TELECOM-001,CSE-TELECOM-001-A007,identity-logs,2026-08-29,76,1,reported
T-CSE-TELECOM-001-A007-2026-08-30,CSE-TELECOM-001,CSE-TELECOM-001-A007,identity-logs,2026-08-30,21,1,reported
T-CSE-TELECOM-001-A007-2026-08-31,CSE-TELECOM-001,CSE-TELECOM-001-A007,identity-logs,2026-08-31,51,1,reported
T-CSE-TELECOM-001-A008-2026-06-03,CSE-TELECOM-001,CSE-TELECOM-001-A008,endpoint-events,2026-06-03,71,1,reported
T-CSE-TELECOM-001-A008-2026-06-04,CSE-TELECOM-001,CSE-TELECOM-001-A008,endpoint-events,2026-06-04,69,1,reported
T-CSE-TELECOM-001-A008-2026-06-05,CSE-TELECOM-001,CSE-TELECOM-001-A008,endpoint-events,2026-06-05,16,1,reported
T-CSE-TELECOM-001-A008-2026-06-06,CSE-TELECOM-001,CSE-TELECOM-001-A008,endpoint-events,2026-06-06,19,1,reported
T-CSE-TELECOM-001-A008-2026-06-07,CSE-TELECOM-001,CSE-TELECOM-001-A008,endpoint-events,2026-06-07,59,1,reported
T-CSE-TELECOM-001-A008-2026-06-08,CSE-TELECOM-001,CSE-TELECOM-001-A008,endpoint-events,2026-06-08,48,1,reported
T-CSE-TELECOM-001-A008-2026-06-09,CSE-TELECOM-001,CSE-TELECOM-001-A008,endpoint-events,2026-06-09,21,1,reported
T-CSE-TELECOM-001-A008-2026-06-10,CSE-TELECOM-001,CSE-TELECOM-001-A008,endpoint-events,2026-06-10,23,1,reported
T-CSE-TELECOM-001-A008-2026-06-11,CSE-TELECOM-001,CSE-TELECOM-001-A008,endpoint-events,2026-06-11,88,1,reported
T-CSE-TELECOM-001-A008-2026-06-12,CSE-TELECOM-001,CSE-TELECOM-001-A008,endpoint-events,2026-06-12,76,1,reported
T-CSE-TELECOM-001-A008-2026-06-13,CSE-TELECOM-001,CSE-TELECOM-001-A008,endpoint-events,2026-06-13,61,1,reported
T-CSE-TELECOM-001-A008-2026-06-14,CSE-TELECOM-001,CSE-TELECOM-001-A008,endpoint-events,2026-06-14,71,1,reported
T-CSE-TELECOM-001-A008-2026-06-15,CSE-TELECOM-001,CSE-TELECOM-001-A008,endpoint-events,2026-06-15,86,1,reported
T-CSE-TELECOM-001-A008-2026-06-16,CSE-TELECOM-001,CSE-TELECOM-001-A008,endpoint-events,2026-06-16,82,1,reported
T-CSE-TELECOM-001-A008-2026-06-17,CSE-TELECOM-001,CSE-TELECOM-001-A008,endpoint-events,2026-06-17,17,1,reported
T-CSE-TELECOM-001-A008-2026-06-18,CSE-TELECOM-001,CSE-TELECOM-001-A008,endpoint-events,2026-06-18,69,1,reported
T-CSE-TELECOM-001-A008-2026-06-19,CSE-TELECOM-001,CSE-TELECOM-001-A008,endpoint-events,2026-06-19,85,1,reported
T-CSE-TELECOM-001-A008-2026-06-20,CSE-TELECOM-001,CSE-TELECOM-001-A008,endpoint-events,2026-06-20,36,1,reported
T-CSE-TELECOM-001-A008-2026-06-21,CSE-TELECOM-001,CSE-TELECOM-001-A008,endpoint-events,2026-06-21,53,1,reported
T-CSE-TELECOM-001-A008-2026-06-22,CSE-TELECOM-001,CSE-TELECOM-001-A008,endpoint-events,2026-06-22,89,1,reported
T-CSE-TELECOM-001-A008-2026-06-23,CSE-TELECOM-001,CSE-TELECOM-001-A008,endpoint-events,2026-06-23,72,1,reported
T-CSE-TELECOM-001-A008-2026-06-24,CSE-TELECOM-001,CSE-TELECOM-001-A008,endpoint-events,2026-06-24,76,1,reported
T-CSE-TELECOM-001-A008-2026-06-25,CSE-TELECOM-001,CSE-TELECOM-001-A008,endpoint-events,2026-06-25,31,1,reported
T-CSE-TELECOM-001-A008-2026-06-26,CSE-TELECOM-001,CSE-TELECOM-001-A008,endpoint-events,2026-06-26,19,1,reported
T-CSE-TELECOM-001-A008-2026-06-27,CSE-TELECOM-001,CSE-TELECOM-001-A008,endpoint-events,2026-06-27,69,1,reported
T-CSE-TELECOM-001-A008-2026-06-28,CSE-TELECOM-001,CSE-TELECOM-001-A008,endpoint-events,2026-06-28,25,1,reported
T-CSE-TELECOM-001-A008-2026-06-29,CSE-TELECOM-001,CSE-TELECOM-001-A008,endpoint-events,2026-06-29,55,1,reported
T-CSE-TELECOM-001-A008-2026-06-30,CSE-TELECOM-001,CSE-TELECOM-001-A008,endpoint-events,2026-06-30,22,1,reported
T-CSE-TELECOM-001-A008-2026-07-01,CSE-TELECOM-001,CSE-TELECOM-001-A008,endpoint-events,2026-07-01,76,1,reported
T-CSE-TELECOM-001-A008-2026-07-02,CSE-TELECOM-001,CSE-TELECOM-001-A008,endpoint-events,2026-07-02,34,1,reported
T-CSE-TELECOM-001-A008-2026-07-03,CSE-TELECOM-001,CSE-TELECOM-001-A008,endpoint-events,2026-07-03,17,1,reported
T-CSE-TELECOM-001-A008-2026-07-04,CSE-TELECOM-001,CSE-TELECOM-001-A008,endpoint-events,2026-07-04,43,1,reported
T-CSE-TELECOM-001-A008-2026-07-05,CSE-TELECOM-001,CSE-TELECOM-001-A008,endpoint-events,2026-07-05,68,1,reported
T-CSE-TELECOM-001-A008-2026-07-06,CSE-TELECOM-001,CSE-TELECOM-001-A008,endpoint-events,2026-07-06,68,1,reported
T-CSE-TELECOM-001-A008-2026-07-07,CSE-TELECOM-001,CSE-TELECOM-001-A008,endpoint-events,2026-07-07,79,1,reported
T-CSE-TELECOM-001-A008-2026-07-08,CSE-TELECOM-001,CSE-TELECOM-001-A008,endpoint-events,2026-07-08,78,1,reported
T-CSE-TELECOM-001-A008-2026-07-09,CSE-TELECOM-001,CSE-TELECOM-001-A008,endpoint-events,2026-07-09,32,1,reported
T-CSE-TELECOM-001-A008-2026-07-10,CSE-TELECOM-001,CSE-TELECOM-001-A008,endpoint-events,2026-07-10,58,1,reported
T-CSE-TELECOM-001-A008-2026-07-11,CSE-TELECOM-001,CSE-TELECOM-001-A008,endpoint-events,2026-07-11,59,1,reported
T-CSE-TELECOM-001-A008-2026-07-12,CSE-TELECOM-001,CSE-TELECOM-001-A008,endpoint-events,2026-07-12,48,1,reported
T-CSE-TELECOM-001-A008-2026-07-13,CSE-TELECOM-001,CSE-TELECOM-001-A008,endpoint-events,2026-07-13,61,1,reported
T-CSE-TELECOM-001-A008-2026-07-14,CSE-TELECOM-001,CSE-TELECOM-001-A008,endpoint-events,2026-07-14,64,1,reported
T-CSE-TELECOM-001-A008-2026-07-15,CSE-TELECOM-001,CSE-TELECOM-001-A008,endpoint-events,2026-07-15,55,1,reported
T-CSE-TELECOM-001-A008-2026-07-16,CSE-TELECOM-001,CSE-TELECOM-001-A008,endpoint-events,2026-07-16,88,1,reported
T-CSE-TELECOM-001-A008-2026-07-17,CSE-TELECOM-001,CSE-TELECOM-001-A008,endpoint-events,2026-07-17,18,1,reported
T-CSE-TELECOM-001-A008-2026-07-18,CSE-TELECOM-001,CSE-TELECOM-001-A008,endpoint-events,2026-07-18,54,1,reported
T-CSE-TELECOM-001-A008-2026-07-19,CSE-TELECOM-001,CSE-TELECOM-001-A008,endpoint-events,2026-07-19,20,1,reported
T-CSE-TELECOM-001-A008-2026-07-20,CSE-TELECOM-001,CSE-TELECOM-001-A008,endpoint-events,2026-07-20,54,1,reported
T-CSE-TELECOM-001-A008-2026-07-21,CSE-TELECOM-001,CSE-TELECOM-001-A008,endpoint-events,2026-07-21,24,1,reported
T-CSE-TELECOM-001-A008-2026-07-22,CSE-TELECOM-001,CSE-TELECOM-001-A008,endpoint-events,2026-07-22,83,1,reported
T-CSE-TELECOM-001-A008-2026-07-23,CSE-TELECOM-001,CSE-TELECOM-001-A008,endpoint-events,2026-07-23,61,1,reported
T-CSE-TELECOM-001-A008-2026-07-24,CSE-TELECOM-001,CSE-TELECOM-001-A008,endpoint-events,2026-07-24,48,1,reported
T-CSE-TELECOM-001-A008-2026-07-25,CSE-TELECOM-001,CSE-TELECOM-001-A008,endpoint-events,2026-07-25,44,1,reported
T-CSE-TELECOM-001-A008-2026-07-26,CSE-TELECOM-001,CSE-TELECOM-001-A008,endpoint-events,2026-07-26,89,1,reported
T-CSE-TELECOM-001-A008-2026-07-27,CSE-TELECOM-001,CSE-TELECOM-001-A008,endpoint-events,2026-07-27,31,1,reported
T-CSE-TELECOM-001-A008-2026-07-28,CSE-TELECOM-001,CSE-TELECOM-001-A008,endpoint-events,2026-07-28,54,1,reported
T-CSE-TELECOM-001-A008-2026-07-29,CSE-TELECOM-001,CSE-TELECOM-001-A008,endpoint-events,2026-07-29,22,1,reported
T-CSE-TELECOM-001-A008-2026-07-30,CSE-TELECOM-001,CSE-TELECOM-001-A008,endpoint-events,2026-07-30,86,1,reported
T-CSE-TELECOM-001-A008-2026-07-31,CSE-TELECOM-001,CSE-TELECOM-001-A008,endpoint-events,2026-07-31,30,1,reported
T-CSE-TELECOM-001-A008-2026-08-01,CSE-TELECOM-001,CSE-TELECOM-001-A008,endpoint-events,2026-08-01,56,1,reported
T-CSE-TELECOM-001-A008-2026-08-02,CSE-TELECOM-001,CSE-TELECOM-001-A008,endpoint-events,2026-08-02,51,1,reported
T-CSE-TELECOM-001-A008-2026-08-03,CSE-TELECOM-001,CSE-TELECOM-001-A008,endpoint-events,2026-08-03,62,1,reported
T-CSE-TELECOM-001-A008-2026-08-04,CSE-TELECOM-001,CSE-TELECOM-001-A008,endpoint-events,2026-08-04,28,1,reported
T-CSE-TELECOM-001-A008-2026-08-05,CSE-TELECOM-001,CSE-TELECOM-001-A008,endpoint-events,2026-08-05,88,1,reported
T-CSE-TELECOM-001-A008-2026-08-06,CSE-TELECOM-001,CSE-TELECOM-001-A008,endpoint-events,2026-08-06,22,1,reported
T-CSE-TELECOM-001-A008-2026-08-07,CSE-TELECOM-001,CSE-TELECOM-001-A008,endpoint-events,2026-08-07,51,1,reported
T-CSE-TELECOM-001-A008-2026-08-08,CSE-TELECOM-001,CSE-TELECOM-001-A008,endpoint-events,2026-08-08,83,1,reported
T-CSE-TELECOM-001-A008-2026-08-09,CSE-TELECOM-001,CSE-TELECOM-001-A008,endpoint-events,2026-08-09,60,1,reported
T-CSE-TELECOM-001-A008-2026-08-10,CSE-TELECOM-001,CSE-TELECOM-001-A008,endpoint-events,2026-08-10,54,1,reported
T-CSE-TELECOM-001-A008-2026-08-11,CSE-TELECOM-001,CSE-TELECOM-001-A008,endpoint-events,2026-08-11,28,1,reported
T-CSE-TELECOM-001-A008-2026-08-12,CSE-TELECOM-001,CSE-TELECOM-001-A008,endpoint-events,2026-08-12,79,1,reported
T-CSE-TELECOM-001-A008-2026-08-13,CSE-TELECOM-001,CSE-TELECOM-001-A008,endpoint-events,2026-08-13,23,1,reported
T-CSE-TELECOM-001-A008-2026-08-14,CSE-TELECOM-001,CSE-TELECOM-001-A008,endpoint-events,2026-08-14,66,1,reported
T-CSE-TELECOM-001-A008-2026-08-15,CSE-TELECOM-001,CSE-TELECOM-001-A008,endpoint-events,2026-08-15,77,1,reported
T-CSE-TELECOM-001-A008-2026-08-16,CSE-TELECOM-001,CSE-TELECOM-001-A008,endpoint-events,2026-08-16,58,1,reported
T-CSE-TELECOM-001-A008-2026-08-17,CSE-TELECOM-001,CSE-TELECOM-001-A008,endpoint-events,2026-08-17,14,1,reported
T-CSE-TELECOM-001-A008-2026-08-18,CSE-TELECOM-001,CSE-TELECOM-001-A008,endpoint-events,2026-08-18,58,1,reported
T-CSE-TELECOM-001-A008-2026-08-19,CSE-TELECOM-001,CSE-TELECOM-001-A008,endpoint-events,2026-08-19,51,1,reported
T-CSE-TELECOM-001-A008-2026-08-20,CSE-TELECOM-001,CSE-TELECOM-001-A008,endpoint-events,2026-08-20,35,1,reported
T-CSE-TELECOM-001-A008-2026-08-21,CSE-TELECOM-001,CSE-TELECOM-001-A008,endpoint-events,2026-08-21,39,1,reported
T-CSE-TELECOM-001-A008-2026-08-22,CSE-TELECOM-001,CSE-TELECOM-001-A008,endpoint-events,2026-08-22,55,1,reported
T-CSE-TELECOM-001-A008-2026-08-23,CSE-TELECOM-001,CSE-TELECOM-001-A008,endpoint-events,2026-08-23,74,1,reported
T-CSE-TELECOM-001-A008-2026-08-24,CSE-TELECOM-001,CSE-TELECOM-001-A008,endpoint-events,2026-08-24,36,1,reported
T-CSE-TELECOM-001-A008-2026-08-25,CSE-TELECOM-001,CSE-TELECOM-001-A008,endpoint-events,2026-08-25,40,1,reported
T-CSE-TELECOM-001-A008-2026-08-26,CSE-TELECOM-001,CSE-TELECOM-001-A008,endpoint-events,2026-08-26,29,1,reported
T-CSE-TELECOM-001-A008-2026-08-27,CSE-TELECOM-001,CSE-TELECOM-001-A008,endpoint-events,2026-08-27,31,1,reported
T-CSE-TELECOM-001-A008-2026-08-28,CSE-TELECOM-001,CSE-TELECOM-001-A008,endpoint-events,2026-08-28,21,1,reported
T-CSE-TELECOM-001-A008-2026-08-29,CSE-TELECOM-001,CSE-TELECOM-001-A008,endpoint-events,2026-08-29,49,1,reported
T-CSE-TELECOM-001-A008-2026-08-30,CSE-TELECOM-001,CSE-TELECOM-001-A008,endpoint-events,2026-08-30,24,1,reported
T-CSE-TELECOM-001-A008-2026-08-31,CSE-TELECOM-001,CSE-TELECOM-001-A008,endpoint-events,2026-08-31,76,1,reported
T-CSE-TELECOM-001-A009-2026-06-03,CSE-TELECOM-001,CSE-TELECOM-001-A009,identity-logs,2026-06-03,81,1,reported
T-CSE-TELECOM-001-A009-2026-06-04,CSE-TELECOM-001,CSE-TELECOM-001-A009,identity-logs,2026-06-04,79,1,reported
T-CSE-TELECOM-001-A009-2026-06-05,CSE-TELECOM-001,CSE-TELECOM-001-A009,identity-logs,2026-06-05,16,1,reported
T-CSE-TELECOM-001-A009-2026-06-06,CSE-TELECOM-001,CSE-TELECOM-001-A009,identity-logs,2026-06-06,55,1,reported
T-CSE-TELECOM-001-A009-2026-06-07,CSE-TELECOM-001,CSE-TELECOM-001-A009,identity-logs,2026-06-07,28,1,reported
T-CSE-TELECOM-001-A009-2026-06-08,CSE-TELECOM-001,CSE-TELECOM-001-A009,identity-logs,2026-06-08,88,1,reported
T-CSE-TELECOM-001-A009-2026-06-09,CSE-TELECOM-001,CSE-TELECOM-001-A009,identity-logs,2026-06-09,60,1,reported
T-CSE-TELECOM-001-A009-2026-06-10,CSE-TELECOM-001,CSE-TELECOM-001-A009,identity-logs,2026-06-10,31,1,reported
T-CSE-TELECOM-001-A009-2026-06-11,CSE-TELECOM-001,CSE-TELECOM-001-A009,identity-logs,2026-06-11,32,1,reported
T-CSE-TELECOM-001-A009-2026-06-12,CSE-TELECOM-001,CSE-TELECOM-001-A009,identity-logs,2026-06-12,35,1,reported
T-CSE-TELECOM-001-A009-2026-06-13,CSE-TELECOM-001,CSE-TELECOM-001-A009,identity-logs,2026-06-13,33,1,reported
T-CSE-TELECOM-001-A009-2026-06-14,CSE-TELECOM-001,CSE-TELECOM-001-A009,identity-logs,2026-06-14,68,1,reported
T-CSE-TELECOM-001-A009-2026-06-15,CSE-TELECOM-001,CSE-TELECOM-001-A009,identity-logs,2026-06-15,17,1,reported
T-CSE-TELECOM-001-A009-2026-06-16,CSE-TELECOM-001,CSE-TELECOM-001-A009,identity-logs,2026-06-16,64,1,reported
T-CSE-TELECOM-001-A009-2026-06-17,CSE-TELECOM-001,CSE-TELECOM-001-A009,identity-logs,2026-06-17,58,1,reported
T-CSE-TELECOM-001-A009-2026-06-18,CSE-TELECOM-001,CSE-TELECOM-001-A009,identity-logs,2026-06-18,42,1,reported
T-CSE-TELECOM-001-A009-2026-06-19,CSE-TELECOM-001,CSE-TELECOM-001-A009,identity-logs,2026-06-19,68,1,reported
T-CSE-TELECOM-001-A009-2026-06-20,CSE-TELECOM-001,CSE-TELECOM-001-A009,identity-logs,2026-06-20,48,1,reported
T-CSE-TELECOM-001-A009-2026-06-21,CSE-TELECOM-001,CSE-TELECOM-001-A009,identity-logs,2026-06-21,69,1,reported
T-CSE-TELECOM-001-A009-2026-06-22,CSE-TELECOM-001,CSE-TELECOM-001-A009,identity-logs,2026-06-22,41,1,reported
T-CSE-TELECOM-001-A009-2026-06-23,CSE-TELECOM-001,CSE-TELECOM-001-A009,identity-logs,2026-06-23,80,1,reported
T-CSE-TELECOM-001-A009-2026-06-24,CSE-TELECOM-001,CSE-TELECOM-001-A009,identity-logs,2026-06-24,42,1,reported
T-CSE-TELECOM-001-A009-2026-06-25,CSE-TELECOM-001,CSE-TELECOM-001-A009,identity-logs,2026-06-25,51,1,reported
T-CSE-TELECOM-001-A009-2026-06-26,CSE-TELECOM-001,CSE-TELECOM-001-A009,identity-logs,2026-06-26,72,1,reported
T-CSE-TELECOM-001-A009-2026-06-27,CSE-TELECOM-001,CSE-TELECOM-001-A009,identity-logs,2026-06-27,36,1,reported
T-CSE-TELECOM-001-A009-2026-06-28,CSE-TELECOM-001,CSE-TELECOM-001-A009,identity-logs,2026-06-28,59,1,reported
T-CSE-TELECOM-001-A009-2026-06-29,CSE-TELECOM-001,CSE-TELECOM-001-A009,identity-logs,2026-06-29,85,1,reported
T-CSE-TELECOM-001-A009-2026-06-30,CSE-TELECOM-001,CSE-TELECOM-001-A009,identity-logs,2026-06-30,68,1,reported
T-CSE-TELECOM-001-A009-2026-07-01,CSE-TELECOM-001,CSE-TELECOM-001-A009,identity-logs,2026-07-01,71,1,reported
T-CSE-TELECOM-001-A009-2026-07-02,CSE-TELECOM-001,CSE-TELECOM-001-A009,identity-logs,2026-07-02,48,1,reported
T-CSE-TELECOM-001-A009-2026-07-03,CSE-TELECOM-001,CSE-TELECOM-001-A009,identity-logs,2026-07-03,60,1,reported
T-CSE-TELECOM-001-A009-2026-07-04,CSE-TELECOM-001,CSE-TELECOM-001-A009,identity-logs,2026-07-04,76,1,reported
T-CSE-TELECOM-001-A009-2026-07-05,CSE-TELECOM-001,CSE-TELECOM-001-A009,identity-logs,2026-07-05,79,1,reported
T-CSE-TELECOM-001-A009-2026-07-06,CSE-TELECOM-001,CSE-TELECOM-001-A009,identity-logs,2026-07-06,65,1,reported
T-CSE-TELECOM-001-A009-2026-07-07,CSE-TELECOM-001,CSE-TELECOM-001-A009,identity-logs,2026-07-07,32,1,reported
T-CSE-TELECOM-001-A009-2026-07-08,CSE-TELECOM-001,CSE-TELECOM-001-A009,identity-logs,2026-07-08,37,1,reported
T-CSE-TELECOM-001-A009-2026-07-09,CSE-TELECOM-001,CSE-TELECOM-001-A009,identity-logs,2026-07-09,89,1,reported
T-CSE-TELECOM-001-A009-2026-07-10,CSE-TELECOM-001,CSE-TELECOM-001-A009,identity-logs,2026-07-10,29,1,reported
T-CSE-TELECOM-001-A009-2026-07-11,CSE-TELECOM-001,CSE-TELECOM-001-A009,identity-logs,2026-07-11,44,1,reported
T-CSE-TELECOM-001-A009-2026-07-12,CSE-TELECOM-001,CSE-TELECOM-001-A009,identity-logs,2026-07-12,18,1,reported
T-CSE-TELECOM-001-A009-2026-07-13,CSE-TELECOM-001,CSE-TELECOM-001-A009,identity-logs,2026-07-13,73,1,reported
T-CSE-TELECOM-001-A009-2026-07-14,CSE-TELECOM-001,CSE-TELECOM-001-A009,identity-logs,2026-07-14,59,1,reported
T-CSE-TELECOM-001-A009-2026-07-15,CSE-TELECOM-001,CSE-TELECOM-001-A009,identity-logs,2026-07-15,82,1,reported
T-CSE-TELECOM-001-A009-2026-07-16,CSE-TELECOM-001,CSE-TELECOM-001-A009,identity-logs,2026-07-16,25,1,reported
T-CSE-TELECOM-001-A009-2026-07-17,CSE-TELECOM-001,CSE-TELECOM-001-A009,identity-logs,2026-07-17,78,1,reported
T-CSE-TELECOM-001-A009-2026-07-18,CSE-TELECOM-001,CSE-TELECOM-001-A009,identity-logs,2026-07-18,27,1,reported
T-CSE-TELECOM-001-A009-2026-07-19,CSE-TELECOM-001,CSE-TELECOM-001-A009,identity-logs,2026-07-19,48,1,reported
T-CSE-TELECOM-001-A009-2026-07-20,CSE-TELECOM-001,CSE-TELECOM-001-A009,identity-logs,2026-07-20,22,1,reported
T-CSE-TELECOM-001-A009-2026-07-21,CSE-TELECOM-001,CSE-TELECOM-001-A009,identity-logs,2026-07-21,32,1,reported
T-CSE-TELECOM-001-A009-2026-07-22,CSE-TELECOM-001,CSE-TELECOM-001-A009,identity-logs,2026-07-22,46,1,reported
T-CSE-TELECOM-001-A009-2026-07-23,CSE-TELECOM-001,CSE-TELECOM-001-A009,identity-logs,2026-07-23,69,1,reported
T-CSE-TELECOM-001-A009-2026-07-24,CSE-TELECOM-001,CSE-TELECOM-001-A009,identity-logs,2026-07-24,77,1,reported
T-CSE-TELECOM-001-A009-2026-07-25,CSE-TELECOM-001,CSE-TELECOM-001-A009,identity-logs,2026-07-25,30,1,reported
T-CSE-TELECOM-001-A009-2026-07-26,CSE-TELECOM-001,CSE-TELECOM-001-A009,identity-logs,2026-07-26,67,1,reported
T-CSE-TELECOM-001-A009-2026-07-27,CSE-TELECOM-001,CSE-TELECOM-001-A009,identity-logs,2026-07-27,23,1,reported
T-CSE-TELECOM-001-A009-2026-07-28,CSE-TELECOM-001,CSE-TELECOM-001-A009,identity-logs,2026-07-28,40,1,reported
T-CSE-TELECOM-001-A009-2026-07-29,CSE-TELECOM-001,CSE-TELECOM-001-A009,identity-logs,2026-07-29,69,1,reported
T-CSE-TELECOM-001-A009-2026-07-30,CSE-TELECOM-001,CSE-TELECOM-001-A009,identity-logs,2026-07-30,56,1,reported
T-CSE-TELECOM-001-A009-2026-07-31,CSE-TELECOM-001,CSE-TELECOM-001-A009,identity-logs,2026-07-31,15,1,reported
T-CSE-TELECOM-001-A009-2026-08-01,CSE-TELECOM-001,CSE-TELECOM-001-A009,identity-logs,2026-08-01,65,1,reported
T-CSE-TELECOM-001-A009-2026-08-02,CSE-TELECOM-001,CSE-TELECOM-001-A009,identity-logs,2026-08-02,18,1,reported
T-CSE-TELECOM-001-A009-2026-08-03,CSE-TELECOM-001,CSE-TELECOM-001-A009,identity-logs,2026-08-03,62,1,reported
T-CSE-TELECOM-001-A009-2026-08-04,CSE-TELECOM-001,CSE-TELECOM-001-A009,identity-logs,2026-08-04,76,1,reported
T-CSE-TELECOM-001-A009-2026-08-05,CSE-TELECOM-001,CSE-TELECOM-001-A009,identity-logs,2026-08-05,59,1,reported
T-CSE-TELECOM-001-A009-2026-08-06,CSE-TELECOM-001,CSE-TELECOM-001-A009,identity-logs,2026-08-06,42,1,reported
T-CSE-TELECOM-001-A009-2026-08-07,CSE-TELECOM-001,CSE-TELECOM-001-A009,identity-logs,2026-08-07,61,1,reported
T-CSE-TELECOM-001-A009-2026-08-08,CSE-TELECOM-001,CSE-TELECOM-001-A009,identity-logs,2026-08-08,22,1,reported
T-CSE-TELECOM-001-A009-2026-08-09,CSE-TELECOM-001,CSE-TELECOM-001-A009,identity-logs,2026-08-09,59,1,reported
T-CSE-TELECOM-001-A009-2026-08-10,CSE-TELECOM-001,CSE-TELECOM-001-A009,identity-logs,2026-08-10,40,1,reported
T-CSE-TELECOM-001-A009-2026-08-11,CSE-TELECOM-001,CSE-TELECOM-001-A009,identity-logs,2026-08-11,15,1,reported
T-CSE-TELECOM-001-A009-2026-08-12,CSE-TELECOM-001,CSE-TELECOM-001-A009,identity-logs,2026-08-12,52,1,reported
T-CSE-TELECOM-001-A009-2026-08-13,CSE-TELECOM-001,CSE-TELECOM-001-A009,identity-logs,2026-08-13,24,1,reported
T-CSE-TELECOM-001-A009-2026-08-14,CSE-TELECOM-001,CSE-TELECOM-001-A009,identity-logs,2026-08-14,54,1,reported
T-CSE-TELECOM-001-A009-2026-08-15,CSE-TELECOM-001,CSE-TELECOM-001-A009,identity-logs,2026-08-15,30,1,reported
T-CSE-TELECOM-001-A009-2026-08-16,CSE-TELECOM-001,CSE-TELECOM-001-A009,identity-logs,2026-08-16,29,1,reported
T-CSE-TELECOM-001-A009-2026-08-17,CSE-TELECOM-001,CSE-TELECOM-001-A009,identity-logs,2026-08-17,16,1,reported
T-CSE-TELECOM-001-A009-2026-08-18,CSE-TELECOM-001,CSE-TELECOM-001-A009,identity-logs,2026-08-18,48,1,reported
T-CSE-TELECOM-001-A009-2026-08-19,CSE-TELECOM-001,CSE-TELECOM-001-A009,identity-logs,2026-08-19,72,1,reported
T-CSE-TELECOM-001-A009-2026-08-20,CSE-TELECOM-001,CSE-TELECOM-001-A009,identity-logs,2026-08-20,29,1,reported
T-CSE-TELECOM-001-A009-2026-08-21,CSE-TELECOM-001,CSE-TELECOM-001-A009,identity-logs,2026-08-21,72,1,reported
T-CSE-TELECOM-001-A009-2026-08-22,CSE-TELECOM-001,CSE-TELECOM-001-A009,identity-logs,2026-08-22,69,1,reported
T-CSE-TELECOM-001-A009-2026-08-23,CSE-TELECOM-001,CSE-TELECOM-001-A009,identity-logs,2026-08-23,12,1,reported
T-CSE-TELECOM-001-A009-2026-08-24,CSE-TELECOM-001,CSE-TELECOM-001-A009,identity-logs,2026-08-24,22,1,reported
T-CSE-TELECOM-001-A009-2026-08-25,CSE-TELECOM-001,CSE-TELECOM-001-A009,identity-logs,2026-08-25,14,1,reported
T-CSE-TELECOM-001-A009-2026-08-26,CSE-TELECOM-001,CSE-TELECOM-001-A009,identity-logs,2026-08-26,44,1,reported
T-CSE-TELECOM-001-A009-2026-08-27,CSE-TELECOM-001,CSE-TELECOM-001-A009,identity-logs,2026-08-27,39,1,reported
T-CSE-TELECOM-001-A009-2026-08-28,CSE-TELECOM-001,CSE-TELECOM-001-A009,identity-logs,2026-08-28,31,1,reported
T-CSE-TELECOM-001-A009-2026-08-29,CSE-TELECOM-001,CSE-TELECOM-001-A009,identity-logs,2026-08-29,82,1,reported
T-CSE-TELECOM-001-A009-2026-08-30,CSE-TELECOM-001,CSE-TELECOM-001-A009,identity-logs,2026-08-30,89,1,reported
T-CSE-TELECOM-001-A009-2026-08-31,CSE-TELECOM-001,CSE-TELECOM-001-A009,identity-logs,2026-08-31,79,1,reported
T-CSE-TELECOM-001-A010-2026-06-03,CSE-TELECOM-001,CSE-TELECOM-001-A010,endpoint-events,2026-06-03,66,1,reported
T-CSE-TELECOM-001-A010-2026-06-04,CSE-TELECOM-001,CSE-TELECOM-001-A010,endpoint-events,2026-06-04,26,1,reported
T-CSE-TELECOM-001-A010-2026-06-05,CSE-TELECOM-001,CSE-TELECOM-001-A010,endpoint-events,2026-06-05,48,1,reported
T-CSE-TELECOM-001-A010-2026-06-06,CSE-TELECOM-001,CSE-TELECOM-001-A010,endpoint-events,2026-06-06,42,1,reported
T-CSE-TELECOM-001-A010-2026-06-07,CSE-TELECOM-001,CSE-TELECOM-001-A010,endpoint-events,2026-06-07,50,1,reported
T-CSE-TELECOM-001-A010-2026-06-08,CSE-TELECOM-001,CSE-TELECOM-001-A010,endpoint-events,2026-06-08,27,1,reported
T-CSE-TELECOM-001-A010-2026-06-09,CSE-TELECOM-001,CSE-TELECOM-001-A010,endpoint-events,2026-06-09,18,1,reported
T-CSE-TELECOM-001-A010-2026-06-10,CSE-TELECOM-001,CSE-TELECOM-001-A010,endpoint-events,2026-06-10,42,1,reported
T-CSE-TELECOM-001-A010-2026-06-11,CSE-TELECOM-001,CSE-TELECOM-001-A010,endpoint-events,2026-06-11,65,1,reported
T-CSE-TELECOM-001-A010-2026-06-12,CSE-TELECOM-001,CSE-TELECOM-001-A010,endpoint-events,2026-06-12,70,1,reported
T-CSE-TELECOM-001-A010-2026-06-13,CSE-TELECOM-001,CSE-TELECOM-001-A010,endpoint-events,2026-06-13,20,1,reported
T-CSE-TELECOM-001-A010-2026-06-14,CSE-TELECOM-001,CSE-TELECOM-001-A010,endpoint-events,2026-06-14,26,1,reported
T-CSE-TELECOM-001-A010-2026-06-15,CSE-TELECOM-001,CSE-TELECOM-001-A010,endpoint-events,2026-06-15,75,1,reported
T-CSE-TELECOM-001-A010-2026-06-16,CSE-TELECOM-001,CSE-TELECOM-001-A010,endpoint-events,2026-06-16,88,1,reported
T-CSE-TELECOM-001-A010-2026-06-17,CSE-TELECOM-001,CSE-TELECOM-001-A010,endpoint-events,2026-06-17,80,1,reported
T-CSE-TELECOM-001-A010-2026-06-18,CSE-TELECOM-001,CSE-TELECOM-001-A010,endpoint-events,2026-06-18,14,1,reported
T-CSE-TELECOM-001-A010-2026-06-19,CSE-TELECOM-001,CSE-TELECOM-001-A010,endpoint-events,2026-06-19,77,1,reported
T-CSE-TELECOM-001-A010-2026-06-20,CSE-TELECOM-001,CSE-TELECOM-001-A010,endpoint-events,2026-06-20,85,1,reported
T-CSE-TELECOM-001-A010-2026-06-21,CSE-TELECOM-001,CSE-TELECOM-001-A010,endpoint-events,2026-06-21,42,1,reported
T-CSE-TELECOM-001-A010-2026-06-22,CSE-TELECOM-001,CSE-TELECOM-001-A010,endpoint-events,2026-06-22,30,1,reported
T-CSE-TELECOM-001-A010-2026-06-23,CSE-TELECOM-001,CSE-TELECOM-001-A010,endpoint-events,2026-06-23,49,1,reported
T-CSE-TELECOM-001-A010-2026-06-24,CSE-TELECOM-001,CSE-TELECOM-001-A010,endpoint-events,2026-06-24,66,1,reported
T-CSE-TELECOM-001-A010-2026-06-25,CSE-TELECOM-001,CSE-TELECOM-001-A010,endpoint-events,2026-06-25,12,1,reported
T-CSE-TELECOM-001-A010-2026-06-26,CSE-TELECOM-001,CSE-TELECOM-001-A010,endpoint-events,2026-06-26,57,1,reported
T-CSE-TELECOM-001-A010-2026-06-27,CSE-TELECOM-001,CSE-TELECOM-001-A010,endpoint-events,2026-06-27,42,1,reported
T-CSE-TELECOM-001-A010-2026-06-28,CSE-TELECOM-001,CSE-TELECOM-001-A010,endpoint-events,2026-06-28,85,1,reported
T-CSE-TELECOM-001-A010-2026-06-29,CSE-TELECOM-001,CSE-TELECOM-001-A010,endpoint-events,2026-06-29,65,1,reported
T-CSE-TELECOM-001-A010-2026-06-30,CSE-TELECOM-001,CSE-TELECOM-001-A010,endpoint-events,2026-06-30,35,1,reported
T-CSE-TELECOM-001-A010-2026-07-01,CSE-TELECOM-001,CSE-TELECOM-001-A010,endpoint-events,2026-07-01,22,1,reported
T-CSE-TELECOM-001-A010-2026-07-02,CSE-TELECOM-001,CSE-TELECOM-001-A010,endpoint-events,2026-07-02,79,1,reported
T-CSE-TELECOM-001-A010-2026-07-03,CSE-TELECOM-001,CSE-TELECOM-001-A010,endpoint-events,2026-07-03,58,1,reported
T-CSE-TELECOM-001-A010-2026-07-04,CSE-TELECOM-001,CSE-TELECOM-001-A010,endpoint-events,2026-07-04,20,1,reported
T-CSE-TELECOM-001-A010-2026-07-05,CSE-TELECOM-001,CSE-TELECOM-001-A010,endpoint-events,2026-07-05,79,1,reported
T-CSE-TELECOM-001-A010-2026-07-06,CSE-TELECOM-001,CSE-TELECOM-001-A010,endpoint-events,2026-07-06,81,1,reported
T-CSE-TELECOM-001-A010-2026-07-07,CSE-TELECOM-001,CSE-TELECOM-001-A010,endpoint-events,2026-07-07,76,1,reported
T-CSE-TELECOM-001-A010-2026-07-08,CSE-TELECOM-001,CSE-TELECOM-001-A010,endpoint-events,2026-07-08,76,1,reported
T-CSE-TELECOM-001-A010-2026-07-09,CSE-TELECOM-001,CSE-TELECOM-001-A010,endpoint-events,2026-07-09,82,1,reported
T-CSE-TELECOM-001-A010-2026-07-10,CSE-TELECOM-001,CSE-TELECOM-001-A010,endpoint-events,2026-07-10,14,1,reported
T-CSE-TELECOM-001-A010-2026-07-11,CSE-TELECOM-001,CSE-TELECOM-001-A010,endpoint-events,2026-07-11,61,1,reported
T-CSE-TELECOM-001-A010-2026-07-12,CSE-TELECOM-001,CSE-TELECOM-001-A010,endpoint-events,2026-07-12,72,1,reported
T-CSE-TELECOM-001-A010-2026-07-13,CSE-TELECOM-001,CSE-TELECOM-001-A010,endpoint-events,2026-07-13,17,1,reported
T-CSE-TELECOM-001-A010-2026-07-14,CSE-TELECOM-001,CSE-TELECOM-001-A010,endpoint-events,2026-07-14,61,1,reported
T-CSE-TELECOM-001-A010-2026-07-15,CSE-TELECOM-001,CSE-TELECOM-001-A010,endpoint-events,2026-07-15,59,1,reported
T-CSE-TELECOM-001-A010-2026-07-16,CSE-TELECOM-001,CSE-TELECOM-001-A010,endpoint-events,2026-07-16,44,1,reported
T-CSE-TELECOM-001-A010-2026-07-17,CSE-TELECOM-001,CSE-TELECOM-001-A010,endpoint-events,2026-07-17,14,1,reported
T-CSE-TELECOM-001-A010-2026-07-18,CSE-TELECOM-001,CSE-TELECOM-001-A010,endpoint-events,2026-07-18,57,1,reported
T-CSE-TELECOM-001-A010-2026-07-19,CSE-TELECOM-001,CSE-TELECOM-001-A010,endpoint-events,2026-07-19,20,1,reported
T-CSE-TELECOM-001-A010-2026-07-20,CSE-TELECOM-001,CSE-TELECOM-001-A010,endpoint-events,2026-07-20,56,1,reported
T-CSE-TELECOM-001-A010-2026-07-21,CSE-TELECOM-001,CSE-TELECOM-001-A010,endpoint-events,2026-07-21,42,1,reported
T-CSE-TELECOM-001-A010-2026-07-22,CSE-TELECOM-001,CSE-TELECOM-001-A010,endpoint-events,2026-07-22,25,1,reported
T-CSE-TELECOM-001-A010-2026-07-23,CSE-TELECOM-001,CSE-TELECOM-001-A010,endpoint-events,2026-07-23,86,1,reported
T-CSE-TELECOM-001-A010-2026-07-24,CSE-TELECOM-001,CSE-TELECOM-001-A010,endpoint-events,2026-07-24,54,1,reported
T-CSE-TELECOM-001-A010-2026-07-25,CSE-TELECOM-001,CSE-TELECOM-001-A010,endpoint-events,2026-07-25,29,1,reported
T-CSE-TELECOM-001-A010-2026-07-26,CSE-TELECOM-001,CSE-TELECOM-001-A010,endpoint-events,2026-07-26,17,1,reported
T-CSE-TELECOM-001-A010-2026-07-27,CSE-TELECOM-001,CSE-TELECOM-001-A010,endpoint-events,2026-07-27,57,1,reported
T-CSE-TELECOM-001-A010-2026-07-28,CSE-TELECOM-001,CSE-TELECOM-001-A010,endpoint-events,2026-07-28,81,1,reported
T-CSE-TELECOM-001-A010-2026-07-29,CSE-TELECOM-001,CSE-TELECOM-001-A010,endpoint-events,2026-07-29,55,1,reported
T-CSE-TELECOM-001-A010-2026-07-30,CSE-TELECOM-001,CSE-TELECOM-001-A010,endpoint-events,2026-07-30,34,1,reported
T-CSE-TELECOM-001-A010-2026-07-31,CSE-TELECOM-001,CSE-TELECOM-001-A010,endpoint-events,2026-07-31,71,1,reported
T-CSE-TELECOM-001-A010-2026-08-01,CSE-TELECOM-001,CSE-TELECOM-001-A010,endpoint-events,2026-08-01,73,1,reported
T-CSE-TELECOM-001-A010-2026-08-02,CSE-TELECOM-001,CSE-TELECOM-001-A010,endpoint-events,2026-08-02,35,1,reported
T-CSE-TELECOM-001-A010-2026-08-03,CSE-TELECOM-001,CSE-TELECOM-001-A010,endpoint-events,2026-08-03,29,1,reported
T-CSE-TELECOM-001-A010-2026-08-04,CSE-TELECOM-001,CSE-TELECOM-001-A010,endpoint-events,2026-08-04,20,1,reported
T-CSE-TELECOM-001-A010-2026-08-05,CSE-TELECOM-001,CSE-TELECOM-001-A010,endpoint-events,2026-08-05,70,1,reported
T-CSE-TELECOM-001-A010-2026-08-06,CSE-TELECOM-001,CSE-TELECOM-001-A010,endpoint-events,2026-08-06,16,1,reported
T-CSE-TELECOM-001-A010-2026-08-07,CSE-TELECOM-001,CSE-TELECOM-001-A010,endpoint-events,2026-08-07,49,1,reported
T-CSE-TELECOM-001-A010-2026-08-08,CSE-TELECOM-001,CSE-TELECOM-001-A010,endpoint-events,2026-08-08,37,1,reported
T-CSE-TELECOM-001-A010-2026-08-09,CSE-TELECOM-001,CSE-TELECOM-001-A010,endpoint-events,2026-08-09,17,1,reported
T-CSE-TELECOM-001-A010-2026-08-10,CSE-TELECOM-001,CSE-TELECOM-001-A010,endpoint-events,2026-08-10,37,1,reported
T-CSE-TELECOM-001-A010-2026-08-11,CSE-TELECOM-001,CSE-TELECOM-001-A010,endpoint-events,2026-08-11,17,1,reported
T-CSE-TELECOM-001-A010-2026-08-12,CSE-TELECOM-001,CSE-TELECOM-001-A010,endpoint-events,2026-08-12,52,1,reported
T-CSE-TELECOM-001-A010-2026-08-13,CSE-TELECOM-001,CSE-TELECOM-001-A010,endpoint-events,2026-08-13,51,1,reported
T-CSE-TELECOM-001-A010-2026-08-14,CSE-TELECOM-001,CSE-TELECOM-001-A010,endpoint-events,2026-08-14,77,1,reported
T-CSE-TELECOM-001-A010-2026-08-15,CSE-TELECOM-001,CSE-TELECOM-001-A010,endpoint-events,2026-08-15,62,1,reported
T-CSE-TELECOM-001-A010-2026-08-16,CSE-TELECOM-001,CSE-TELECOM-001-A010,endpoint-events,2026-08-16,81,1,reported
T-CSE-TELECOM-001-A010-2026-08-17,CSE-TELECOM-001,CSE-TELECOM-001-A010,endpoint-events,2026-08-17,72,1,reported
T-CSE-TELECOM-001-A010-2026-08-18,CSE-TELECOM-001,CSE-TELECOM-001-A010,endpoint-events,2026-08-18,44,1,reported
T-CSE-TELECOM-001-A010-2026-08-19,CSE-TELECOM-001,CSE-TELECOM-001-A010,endpoint-events,2026-08-19,16,1,reported
T-CSE-TELECOM-001-A010-2026-08-20,CSE-TELECOM-001,CSE-TELECOM-001-A010,endpoint-events,2026-08-20,36,1,reported
T-CSE-TELECOM-001-A010-2026-08-21,CSE-TELECOM-001,CSE-TELECOM-001-A010,endpoint-events,2026-08-21,48,1,reported
T-CSE-TELECOM-001-A010-2026-08-22,CSE-TELECOM-001,CSE-TELECOM-001-A010,endpoint-events,2026-08-22,57,1,reported
T-CSE-TELECOM-001-A010-2026-08-23,CSE-TELECOM-001,CSE-TELECOM-001-A010,endpoint-events,2026-08-23,18,1,reported
T-CSE-TELECOM-001-A010-2026-08-24,CSE-TELECOM-001,CSE-TELECOM-001-A010,endpoint-events,2026-08-24,54,1,reported
T-CSE-TELECOM-001-A010-2026-08-25,CSE-TELECOM-001,CSE-TELECOM-001-A010,endpoint-events,2026-08-25,46,1,reported
T-CSE-TELECOM-001-A010-2026-08-26,CSE-TELECOM-001,CSE-TELECOM-001-A010,endpoint-events,2026-08-26,27,1,reported
T-CSE-TELECOM-001-A010-2026-08-27,CSE-TELECOM-001,CSE-TELECOM-001-A010,endpoint-events,2026-08-27,59,1,reported
T-CSE-TELECOM-001-A010-2026-08-28,CSE-TELECOM-001,CSE-TELECOM-001-A010,endpoint-events,2026-08-28,67,1,reported
T-CSE-TELECOM-001-A010-2026-08-29,CSE-TELECOM-001,CSE-TELECOM-001-A010,endpoint-events,2026-08-29,63,1,reported
T-CSE-TELECOM-001-A010-2026-08-30,CSE-TELECOM-001,CSE-TELECOM-001-A010,endpoint-events,2026-08-30,68,1,reported
T-CSE-TELECOM-001-A010-2026-08-31,CSE-TELECOM-001,CSE-TELECOM-001-A010,endpoint-events,2026-08-31,61,1,reported
T-CSE-FINANCE-001-A001-2026-06-03,CSE-FINANCE-001,CSE-FINANCE-001-A001,identity-logs,2026-06-03,55,1,reported
T-CSE-FINANCE-001-A001-2026-06-04,CSE-FINANCE-001,CSE-FINANCE-001-A001,identity-logs,2026-06-04,35,1,reported
T-CSE-FINANCE-001-A001-2026-06-05,CSE-FINANCE-001,CSE-FINANCE-001-A001,identity-logs,2026-06-05,75,1,reported
T-CSE-FINANCE-001-A001-2026-06-06,CSE-FINANCE-001,CSE-FINANCE-001-A001,identity-logs,2026-06-06,75,1,reported
T-CSE-FINANCE-001-A001-2026-06-07,CSE-FINANCE-001,CSE-FINANCE-001-A001,identity-logs,2026-06-07,59,1,reported
T-CSE-FINANCE-001-A001-2026-06-08,CSE-FINANCE-001,CSE-FINANCE-001-A001,identity-logs,2026-06-08,78,1,reported
T-CSE-FINANCE-001-A001-2026-06-09,CSE-FINANCE-001,CSE-FINANCE-001-A001,identity-logs,2026-06-09,46,1,reported
T-CSE-FINANCE-001-A001-2026-06-10,CSE-FINANCE-001,CSE-FINANCE-001-A001,identity-logs,2026-06-10,22,1,reported
T-CSE-FINANCE-001-A001-2026-06-11,CSE-FINANCE-001,CSE-FINANCE-001-A001,identity-logs,2026-06-11,66,1,reported
T-CSE-FINANCE-001-A001-2026-06-12,CSE-FINANCE-001,CSE-FINANCE-001-A001,identity-logs,2026-06-12,22,1,reported
T-CSE-FINANCE-001-A001-2026-06-13,CSE-FINANCE-001,CSE-FINANCE-001-A001,identity-logs,2026-06-13,67,1,reported
T-CSE-FINANCE-001-A001-2026-06-14,CSE-FINANCE-001,CSE-FINANCE-001-A001,identity-logs,2026-06-14,89,1,reported
T-CSE-FINANCE-001-A001-2026-06-15,CSE-FINANCE-001,CSE-FINANCE-001-A001,identity-logs,2026-06-15,35,1,reported
T-CSE-FINANCE-001-A001-2026-06-16,CSE-FINANCE-001,CSE-FINANCE-001-A001,identity-logs,2026-06-16,81,1,reported
T-CSE-FINANCE-001-A001-2026-06-17,CSE-FINANCE-001,CSE-FINANCE-001-A001,identity-logs,2026-06-17,49,1,reported
T-CSE-FINANCE-001-A001-2026-06-18,CSE-FINANCE-001,CSE-FINANCE-001-A001,identity-logs,2026-06-18,53,1,reported
T-CSE-FINANCE-001-A001-2026-06-19,CSE-FINANCE-001,CSE-FINANCE-001-A001,identity-logs,2026-06-19,25,1,reported
T-CSE-FINANCE-001-A001-2026-06-20,CSE-FINANCE-001,CSE-FINANCE-001-A001,identity-logs,2026-06-20,22,1,reported
T-CSE-FINANCE-001-A001-2026-06-21,CSE-FINANCE-001,CSE-FINANCE-001-A001,identity-logs,2026-06-21,53,1,reported
T-CSE-FINANCE-001-A001-2026-06-22,CSE-FINANCE-001,CSE-FINANCE-001-A001,identity-logs,2026-06-22,49,1,reported
T-CSE-FINANCE-001-A001-2026-06-23,CSE-FINANCE-001,CSE-FINANCE-001-A001,identity-logs,2026-06-23,51,1,reported
T-CSE-FINANCE-001-A001-2026-06-24,CSE-FINANCE-001,CSE-FINANCE-001-A001,identity-logs,2026-06-24,69,1,reported
T-CSE-FINANCE-001-A001-2026-06-25,CSE-FINANCE-001,CSE-FINANCE-001-A001,identity-logs,2026-06-25,89,1,reported
T-CSE-FINANCE-001-A001-2026-06-26,CSE-FINANCE-001,CSE-FINANCE-001-A001,identity-logs,2026-06-26,66,1,reported
T-CSE-FINANCE-001-A001-2026-06-27,CSE-FINANCE-001,CSE-FINANCE-001-A001,identity-logs,2026-06-27,33,1,reported
T-CSE-FINANCE-001-A001-2026-06-28,CSE-FINANCE-001,CSE-FINANCE-001-A001,identity-logs,2026-06-28,68,1,reported
T-CSE-FINANCE-001-A001-2026-06-29,CSE-FINANCE-001,CSE-FINANCE-001-A001,identity-logs,2026-06-29,56,1,reported
T-CSE-FINANCE-001-A001-2026-06-30,CSE-FINANCE-001,CSE-FINANCE-001-A001,identity-logs,2026-06-30,69,1,reported
T-CSE-FINANCE-001-A001-2026-07-01,CSE-FINANCE-001,CSE-FINANCE-001-A001,identity-logs,2026-07-01,17,1,reported
T-CSE-FINANCE-001-A001-2026-07-02,CSE-FINANCE-001,CSE-FINANCE-001-A001,identity-logs,2026-07-02,57,1,reported
T-CSE-FINANCE-001-A001-2026-07-03,CSE-FINANCE-001,CSE-FINANCE-001-A001,identity-logs,2026-07-03,67,1,reported
T-CSE-FINANCE-001-A001-2026-07-04,CSE-FINANCE-001,CSE-FINANCE-001-A001,identity-logs,2026-07-04,47,1,reported
T-CSE-FINANCE-001-A001-2026-07-05,CSE-FINANCE-001,CSE-FINANCE-001-A001,identity-logs,2026-07-05,19,1,reported
T-CSE-FINANCE-001-A001-2026-07-06,CSE-FINANCE-001,CSE-FINANCE-001-A001,identity-logs,2026-07-06,21,1,reported
T-CSE-FINANCE-001-A001-2026-07-07,CSE-FINANCE-001,CSE-FINANCE-001-A001,identity-logs,2026-07-07,63,1,reported
T-CSE-FINANCE-001-A001-2026-07-08,CSE-FINANCE-001,CSE-FINANCE-001-A001,identity-logs,2026-07-08,58,1,reported
T-CSE-FINANCE-001-A001-2026-07-09,CSE-FINANCE-001,CSE-FINANCE-001-A001,identity-logs,2026-07-09,77,1,reported
T-CSE-FINANCE-001-A001-2026-07-10,CSE-FINANCE-001,CSE-FINANCE-001-A001,identity-logs,2026-07-10,32,1,reported
T-CSE-FINANCE-001-A001-2026-07-11,CSE-FINANCE-001,CSE-FINANCE-001-A001,identity-logs,2026-07-11,15,1,reported
T-CSE-FINANCE-001-A001-2026-07-12,CSE-FINANCE-001,CSE-FINANCE-001-A001,identity-logs,2026-07-12,30,1,reported
T-CSE-FINANCE-001-A001-2026-07-13,CSE-FINANCE-001,CSE-FINANCE-001-A001,identity-logs,2026-07-13,89,1,reported
T-CSE-FINANCE-001-A001-2026-07-14,CSE-FINANCE-001,CSE-FINANCE-001-A001,identity-logs,2026-07-14,68,1,reported
T-CSE-FINANCE-001-A001-2026-07-15,CSE-FINANCE-001,CSE-FINANCE-001-A001,identity-logs,2026-07-15,16,1,reported
T-CSE-FINANCE-001-A001-2026-07-16,CSE-FINANCE-001,CSE-FINANCE-001-A001,identity-logs,2026-07-16,28,1,reported
T-CSE-FINANCE-001-A001-2026-07-17,CSE-FINANCE-001,CSE-FINANCE-001-A001,identity-logs,2026-07-17,20,1,reported
T-CSE-FINANCE-001-A001-2026-07-18,CSE-FINANCE-001,CSE-FINANCE-001-A001,identity-logs,2026-07-18,42,1,reported
T-CSE-FINANCE-001-A001-2026-07-19,CSE-FINANCE-001,CSE-FINANCE-001-A001,identity-logs,2026-07-19,58,1,reported
T-CSE-FINANCE-001-A001-2026-07-20,CSE-FINANCE-001,CSE-FINANCE-001-A001,identity-logs,2026-07-20,58,1,reported
T-CSE-FINANCE-001-A001-2026-07-21,CSE-FINANCE-001,CSE-FINANCE-001-A001,identity-logs,2026-07-21,61,1,reported
T-CSE-FINANCE-001-A001-2026-07-22,CSE-FINANCE-001,CSE-FINANCE-001-A001,identity-logs,2026-07-22,84,1,reported
T-CSE-FINANCE-001-A001-2026-07-23,CSE-FINANCE-001,CSE-FINANCE-001-A001,identity-logs,2026-07-23,16,1,reported
T-CSE-FINANCE-001-A001-2026-07-24,CSE-FINANCE-001,CSE-FINANCE-001-A001,identity-logs,2026-07-24,89,1,reported
T-CSE-FINANCE-001-A001-2026-07-25,CSE-FINANCE-001,CSE-FINANCE-001-A001,identity-logs,2026-07-25,31,1,reported
T-CSE-FINANCE-001-A001-2026-07-26,CSE-FINANCE-001,CSE-FINANCE-001-A001,identity-logs,2026-07-26,69,1,reported
T-CSE-FINANCE-001-A001-2026-07-27,CSE-FINANCE-001,CSE-FINANCE-001-A001,identity-logs,2026-07-27,59,1,reported
T-CSE-FINANCE-001-A001-2026-07-28,CSE-FINANCE-001,CSE-FINANCE-001-A001,identity-logs,2026-07-28,59,1,reported
T-CSE-FINANCE-001-A001-2026-07-29,CSE-FINANCE-001,CSE-FINANCE-001-A001,identity-logs,2026-07-29,68,1,reported
T-CSE-FINANCE-001-A001-2026-07-30,CSE-FINANCE-001,CSE-FINANCE-001-A001,identity-logs,2026-07-30,21,1,reported
T-CSE-FINANCE-001-A001-2026-07-31,CSE-FINANCE-001,CSE-FINANCE-001-A001,identity-logs,2026-07-31,85,1,reported
T-CSE-FINANCE-001-A001-2026-08-01,CSE-FINANCE-001,CSE-FINANCE-001-A001,identity-logs,2026-08-01,29,1,reported
T-CSE-FINANCE-001-A001-2026-08-02,CSE-FINANCE-001,CSE-FINANCE-001-A001,identity-logs,2026-08-02,79,1,reported
T-CSE-FINANCE-001-A001-2026-08-03,CSE-FINANCE-001,CSE-FINANCE-001-A001,identity-logs,2026-08-03,58,1,reported
T-CSE-FINANCE-001-A001-2026-08-04,CSE-FINANCE-001,CSE-FINANCE-001-A001,identity-logs,2026-08-04,62,1,reported
T-CSE-FINANCE-001-A001-2026-08-05,CSE-FINANCE-001,CSE-FINANCE-001-A001,identity-logs,2026-08-05,52,1,reported
T-CSE-FINANCE-001-A001-2026-08-06,CSE-FINANCE-001,CSE-FINANCE-001-A001,identity-logs,2026-08-06,47,1,reported
T-CSE-FINANCE-001-A001-2026-08-07,CSE-FINANCE-001,CSE-FINANCE-001-A001,identity-logs,2026-08-07,43,1,reported
T-CSE-FINANCE-001-A001-2026-08-08,CSE-FINANCE-001,CSE-FINANCE-001-A001,identity-logs,2026-08-08,26,1,reported
T-CSE-FINANCE-001-A001-2026-08-09,CSE-FINANCE-001,CSE-FINANCE-001-A001,identity-logs,2026-08-09,15,1,reported
T-CSE-FINANCE-001-A001-2026-08-10,CSE-FINANCE-001,CSE-FINANCE-001-A001,identity-logs,2026-08-10,35,1,reported
T-CSE-FINANCE-001-A001-2026-08-11,CSE-FINANCE-001,CSE-FINANCE-001-A001,identity-logs,2026-08-11,75,1,reported
T-CSE-FINANCE-001-A001-2026-08-12,CSE-FINANCE-001,CSE-FINANCE-001-A001,identity-logs,2026-08-12,78,1,reported
T-CSE-FINANCE-001-A001-2026-08-13,CSE-FINANCE-001,CSE-FINANCE-001-A001,identity-logs,2026-08-13,61,1,reported
T-CSE-FINANCE-001-A001-2026-08-14,CSE-FINANCE-001,CSE-FINANCE-001-A001,identity-logs,2026-08-14,83,1,reported
T-CSE-FINANCE-001-A001-2026-08-15,CSE-FINANCE-001,CSE-FINANCE-001-A001,identity-logs,2026-08-15,27,1,reported
T-CSE-FINANCE-001-A001-2026-08-16,CSE-FINANCE-001,CSE-FINANCE-001-A001,identity-logs,2026-08-16,45,1,reported
T-CSE-FINANCE-001-A001-2026-08-17,CSE-FINANCE-001,CSE-FINANCE-001-A001,identity-logs,2026-08-17,45,1,reported
T-CSE-FINANCE-001-A001-2026-08-18,CSE-FINANCE-001,CSE-FINANCE-001-A001,identity-logs,2026-08-18,69,1,reported
T-CSE-FINANCE-001-A001-2026-08-19,CSE-FINANCE-001,CSE-FINANCE-001-A001,identity-logs,2026-08-19,39,1,reported
T-CSE-FINANCE-001-A001-2026-08-20,CSE-FINANCE-001,CSE-FINANCE-001-A001,identity-logs,2026-08-20,48,1,reported
T-CSE-FINANCE-001-A001-2026-08-21,CSE-FINANCE-001,CSE-FINANCE-001-A001,identity-logs,2026-08-21,74,1,reported
T-CSE-FINANCE-001-A001-2026-08-22,CSE-FINANCE-001,CSE-FINANCE-001-A001,identity-logs,2026-08-22,37,1,reported
T-CSE-FINANCE-001-A001-2026-08-23,CSE-FINANCE-001,CSE-FINANCE-001-A001,identity-logs,2026-08-23,27,1,reported
T-CSE-FINANCE-001-A001-2026-08-24,CSE-FINANCE-001,CSE-FINANCE-001-A001,identity-logs,2026-08-24,29,1,reported
T-CSE-FINANCE-001-A001-2026-08-25,CSE-FINANCE-001,CSE-FINANCE-001-A001,identity-logs,2026-08-25,21,1,reported
T-CSE-FINANCE-001-A001-2026-08-26,CSE-FINANCE-001,CSE-FINANCE-001-A001,identity-logs,2026-08-26,69,1,reported
T-CSE-FINANCE-001-A001-2026-08-27,CSE-FINANCE-001,CSE-FINANCE-001-A001,identity-logs,2026-08-27,34,1,reported
T-CSE-FINANCE-001-A001-2026-08-28,CSE-FINANCE-001,CSE-FINANCE-001-A001,identity-logs,2026-08-28,68,1,reported
T-CSE-FINANCE-001-A001-2026-08-29,CSE-FINANCE-001,CSE-FINANCE-001-A001,identity-logs,2026-08-29,23,1,reported
T-CSE-FINANCE-001-A001-2026-08-30,CSE-FINANCE-001,CSE-FINANCE-001-A001,identity-logs,2026-08-30,52,1,reported
T-CSE-FINANCE-001-A001-2026-08-31,CSE-FINANCE-001,CSE-FINANCE-001-A001,identity-logs,2026-08-31,56,1,reported
T-CSE-FINANCE-001-A002-2026-06-03,CSE-FINANCE-001,CSE-FINANCE-001-A002,endpoint-events,2026-06-03,20,1,reported
T-CSE-FINANCE-001-A002-2026-06-04,CSE-FINANCE-001,CSE-FINANCE-001-A002,endpoint-events,2026-06-04,82,1,reported
T-CSE-FINANCE-001-A002-2026-06-05,CSE-FINANCE-001,CSE-FINANCE-001-A002,endpoint-events,2026-06-05,81,1,reported
T-CSE-FINANCE-001-A002-2026-06-06,CSE-FINANCE-001,CSE-FINANCE-001-A002,endpoint-events,2026-06-06,49,1,reported
T-CSE-FINANCE-001-A002-2026-06-07,CSE-FINANCE-001,CSE-FINANCE-001-A002,endpoint-events,2026-06-07,50,1,reported
T-CSE-FINANCE-001-A002-2026-06-08,CSE-FINANCE-001,CSE-FINANCE-001-A002,endpoint-events,2026-06-08,32,1,reported
T-CSE-FINANCE-001-A002-2026-06-09,CSE-FINANCE-001,CSE-FINANCE-001-A002,endpoint-events,2026-06-09,34,1,reported
T-CSE-FINANCE-001-A002-2026-06-10,CSE-FINANCE-001,CSE-FINANCE-001-A002,endpoint-events,2026-06-10,58,1,reported
T-CSE-FINANCE-001-A002-2026-06-11,CSE-FINANCE-001,CSE-FINANCE-001-A002,endpoint-events,2026-06-11,77,1,reported
T-CSE-FINANCE-001-A002-2026-06-12,CSE-FINANCE-001,CSE-FINANCE-001-A002,endpoint-events,2026-06-12,40,1,reported
T-CSE-FINANCE-001-A002-2026-06-13,CSE-FINANCE-001,CSE-FINANCE-001-A002,endpoint-events,2026-06-13,27,1,reported
T-CSE-FINANCE-001-A002-2026-06-14,CSE-FINANCE-001,CSE-FINANCE-001-A002,endpoint-events,2026-06-14,37,1,reported
T-CSE-FINANCE-001-A002-2026-06-15,CSE-FINANCE-001,CSE-FINANCE-001-A002,endpoint-events,2026-06-15,29,1,reported
T-CSE-FINANCE-001-A002-2026-06-16,CSE-FINANCE-001,CSE-FINANCE-001-A002,endpoint-events,2026-06-16,42,1,reported
T-CSE-FINANCE-001-A002-2026-06-17,CSE-FINANCE-001,CSE-FINANCE-001-A002,endpoint-events,2026-06-17,75,1,reported
T-CSE-FINANCE-001-A002-2026-06-18,CSE-FINANCE-001,CSE-FINANCE-001-A002,endpoint-events,2026-06-18,15,1,reported
T-CSE-FINANCE-001-A002-2026-06-19,CSE-FINANCE-001,CSE-FINANCE-001-A002,endpoint-events,2026-06-19,58,1,reported
T-CSE-FINANCE-001-A002-2026-06-20,CSE-FINANCE-001,CSE-FINANCE-001-A002,endpoint-events,2026-06-20,82,1,reported
T-CSE-FINANCE-001-A002-2026-06-21,CSE-FINANCE-001,CSE-FINANCE-001-A002,endpoint-events,2026-06-21,85,1,reported
T-CSE-FINANCE-001-A002-2026-06-22,CSE-FINANCE-001,CSE-FINANCE-001-A002,endpoint-events,2026-06-22,59,1,reported
T-CSE-FINANCE-001-A002-2026-06-23,CSE-FINANCE-001,CSE-FINANCE-001-A002,endpoint-events,2026-06-23,71,1,reported
T-CSE-FINANCE-001-A002-2026-06-24,CSE-FINANCE-001,CSE-FINANCE-001-A002,endpoint-events,2026-06-24,82,1,reported
T-CSE-FINANCE-001-A002-2026-06-25,CSE-FINANCE-001,CSE-FINANCE-001-A002,endpoint-events,2026-06-25,28,1,reported
T-CSE-FINANCE-001-A002-2026-06-26,CSE-FINANCE-001,CSE-FINANCE-001-A002,endpoint-events,2026-06-26,23,1,reported
T-CSE-FINANCE-001-A002-2026-06-27,CSE-FINANCE-001,CSE-FINANCE-001-A002,endpoint-events,2026-06-27,20,1,reported
T-CSE-FINANCE-001-A002-2026-06-28,CSE-FINANCE-001,CSE-FINANCE-001-A002,endpoint-events,2026-06-28,51,1,reported
T-CSE-FINANCE-001-A002-2026-06-29,CSE-FINANCE-001,CSE-FINANCE-001-A002,endpoint-events,2026-06-29,62,1,reported
T-CSE-FINANCE-001-A002-2026-06-30,CSE-FINANCE-001,CSE-FINANCE-001-A002,endpoint-events,2026-06-30,73,1,reported
T-CSE-FINANCE-001-A002-2026-07-01,CSE-FINANCE-001,CSE-FINANCE-001-A002,endpoint-events,2026-07-01,79,1,reported
T-CSE-FINANCE-001-A002-2026-07-02,CSE-FINANCE-001,CSE-FINANCE-001-A002,endpoint-events,2026-07-02,64,1,reported
T-CSE-FINANCE-001-A002-2026-07-03,CSE-FINANCE-001,CSE-FINANCE-001-A002,endpoint-events,2026-07-03,64,1,reported
T-CSE-FINANCE-001-A002-2026-07-04,CSE-FINANCE-001,CSE-FINANCE-001-A002,endpoint-events,2026-07-04,85,1,reported
T-CSE-FINANCE-001-A002-2026-07-05,CSE-FINANCE-001,CSE-FINANCE-001-A002,endpoint-events,2026-07-05,21,1,reported
T-CSE-FINANCE-001-A002-2026-07-06,CSE-FINANCE-001,CSE-FINANCE-001-A002,endpoint-events,2026-07-06,28,1,reported
T-CSE-FINANCE-001-A002-2026-07-07,CSE-FINANCE-001,CSE-FINANCE-001-A002,endpoint-events,2026-07-07,52,1,reported
T-CSE-FINANCE-001-A002-2026-07-08,CSE-FINANCE-001,CSE-FINANCE-001-A002,endpoint-events,2026-07-08,21,1,reported
T-CSE-FINANCE-001-A002-2026-07-09,CSE-FINANCE-001,CSE-FINANCE-001-A002,endpoint-events,2026-07-09,69,1,reported
T-CSE-FINANCE-001-A002-2026-07-10,CSE-FINANCE-001,CSE-FINANCE-001-A002,endpoint-events,2026-07-10,71,1,reported
T-CSE-FINANCE-001-A002-2026-07-11,CSE-FINANCE-001,CSE-FINANCE-001-A002,endpoint-events,2026-07-11,78,1,reported
T-CSE-FINANCE-001-A002-2026-07-12,CSE-FINANCE-001,CSE-FINANCE-001-A002,endpoint-events,2026-07-12,56,1,reported
T-CSE-FINANCE-001-A002-2026-07-13,CSE-FINANCE-001,CSE-FINANCE-001-A002,endpoint-events,2026-07-13,28,1,reported
T-CSE-FINANCE-001-A002-2026-07-14,CSE-FINANCE-001,CSE-FINANCE-001-A002,endpoint-events,2026-07-14,82,1,reported
T-CSE-FINANCE-001-A002-2026-07-15,CSE-FINANCE-001,CSE-FINANCE-001-A002,endpoint-events,2026-07-15,87,1,reported
T-CSE-FINANCE-001-A002-2026-07-16,CSE-FINANCE-001,CSE-FINANCE-001-A002,endpoint-events,2026-07-16,35,1,reported
T-CSE-FINANCE-001-A002-2026-07-17,CSE-FINANCE-001,CSE-FINANCE-001-A002,endpoint-events,2026-07-17,28,1,reported
T-CSE-FINANCE-001-A002-2026-07-18,CSE-FINANCE-001,CSE-FINANCE-001-A002,endpoint-events,2026-07-18,67,1,reported
T-CSE-FINANCE-001-A002-2026-07-19,CSE-FINANCE-001,CSE-FINANCE-001-A002,endpoint-events,2026-07-19,76,1,reported
T-CSE-FINANCE-001-A002-2026-07-20,CSE-FINANCE-001,CSE-FINANCE-001-A002,endpoint-events,2026-07-20,19,1,reported
T-CSE-FINANCE-001-A002-2026-07-21,CSE-FINANCE-001,CSE-FINANCE-001-A002,endpoint-events,2026-07-21,27,1,reported
T-CSE-FINANCE-001-A002-2026-07-22,CSE-FINANCE-001,CSE-FINANCE-001-A002,endpoint-events,2026-07-22,78,1,reported
T-CSE-FINANCE-001-A002-2026-07-23,CSE-FINANCE-001,CSE-FINANCE-001-A002,endpoint-events,2026-07-23,31,1,reported
T-CSE-FINANCE-001-A002-2026-07-24,CSE-FINANCE-001,CSE-FINANCE-001-A002,endpoint-events,2026-07-24,50,1,reported
T-CSE-FINANCE-001-A002-2026-07-25,CSE-FINANCE-001,CSE-FINANCE-001-A002,endpoint-events,2026-07-25,33,1,reported
T-CSE-FINANCE-001-A002-2026-07-26,CSE-FINANCE-001,CSE-FINANCE-001-A002,endpoint-events,2026-07-26,32,1,reported
T-CSE-FINANCE-001-A002-2026-07-27,CSE-FINANCE-001,CSE-FINANCE-001-A002,endpoint-events,2026-07-27,53,1,reported
T-CSE-FINANCE-001-A002-2026-07-28,CSE-FINANCE-001,CSE-FINANCE-001-A002,endpoint-events,2026-07-28,40,1,reported
T-CSE-FINANCE-001-A002-2026-07-29,CSE-FINANCE-001,CSE-FINANCE-001-A002,endpoint-events,2026-07-29,56,1,reported
T-CSE-FINANCE-001-A002-2026-07-30,CSE-FINANCE-001,CSE-FINANCE-001-A002,endpoint-events,2026-07-30,78,1,reported
T-CSE-FINANCE-001-A002-2026-07-31,CSE-FINANCE-001,CSE-FINANCE-001-A002,endpoint-events,2026-07-31,48,1,reported
T-CSE-FINANCE-001-A002-2026-08-01,CSE-FINANCE-001,CSE-FINANCE-001-A002,endpoint-events,2026-08-01,22,1,reported
T-CSE-FINANCE-001-A002-2026-08-02,CSE-FINANCE-001,CSE-FINANCE-001-A002,endpoint-events,2026-08-02,44,1,reported
T-CSE-FINANCE-001-A002-2026-08-03,CSE-FINANCE-001,CSE-FINANCE-001-A002,endpoint-events,2026-08-03,37,1,reported
T-CSE-FINANCE-001-A002-2026-08-04,CSE-FINANCE-001,CSE-FINANCE-001-A002,endpoint-events,2026-08-04,82,1,reported
T-CSE-FINANCE-001-A002-2026-08-05,CSE-FINANCE-001,CSE-FINANCE-001-A002,endpoint-events,2026-08-05,47,1,reported
T-CSE-FINANCE-001-A002-2026-08-06,CSE-FINANCE-001,CSE-FINANCE-001-A002,endpoint-events,2026-08-06,28,1,reported
T-CSE-FINANCE-001-A002-2026-08-07,CSE-FINANCE-001,CSE-FINANCE-001-A002,endpoint-events,2026-08-07,50,1,reported
T-CSE-FINANCE-001-A002-2026-08-08,CSE-FINANCE-001,CSE-FINANCE-001-A002,endpoint-events,2026-08-08,80,1,reported
T-CSE-FINANCE-001-A002-2026-08-09,CSE-FINANCE-001,CSE-FINANCE-001-A002,endpoint-events,2026-08-09,23,1,reported
T-CSE-FINANCE-001-A002-2026-08-10,CSE-FINANCE-001,CSE-FINANCE-001-A002,endpoint-events,2026-08-10,76,1,reported
T-CSE-FINANCE-001-A002-2026-08-11,CSE-FINANCE-001,CSE-FINANCE-001-A002,endpoint-events,2026-08-11,33,1,reported
T-CSE-FINANCE-001-A002-2026-08-12,CSE-FINANCE-001,CSE-FINANCE-001-A002,endpoint-events,2026-08-12,87,1,reported
T-CSE-FINANCE-001-A002-2026-08-13,CSE-FINANCE-001,CSE-FINANCE-001-A002,endpoint-events,2026-08-13,86,1,reported
T-CSE-FINANCE-001-A002-2026-08-14,CSE-FINANCE-001,CSE-FINANCE-001-A002,endpoint-events,2026-08-14,31,1,reported
T-CSE-FINANCE-001-A002-2026-08-15,CSE-FINANCE-001,CSE-FINANCE-001-A002,endpoint-events,2026-08-15,33,1,reported
T-CSE-FINANCE-001-A002-2026-08-16,CSE-FINANCE-001,CSE-FINANCE-001-A002,endpoint-events,2026-08-16,89,1,reported
T-CSE-FINANCE-001-A002-2026-08-17,CSE-FINANCE-001,CSE-FINANCE-001-A002,endpoint-events,2026-08-17,55,1,reported
T-CSE-FINANCE-001-A002-2026-08-18,CSE-FINANCE-001,CSE-FINANCE-001-A002,endpoint-events,2026-08-18,84,1,reported
T-CSE-FINANCE-001-A002-2026-08-19,CSE-FINANCE-001,CSE-FINANCE-001-A002,endpoint-events,2026-08-19,17,1,reported
T-CSE-FINANCE-001-A002-2026-08-20,CSE-FINANCE-001,CSE-FINANCE-001-A002,endpoint-events,2026-08-20,15,1,reported
T-CSE-FINANCE-001-A002-2026-08-21,CSE-FINANCE-001,CSE-FINANCE-001-A002,endpoint-events,2026-08-21,22,1,reported
T-CSE-FINANCE-001-A002-2026-08-22,CSE-FINANCE-001,CSE-FINANCE-001-A002,endpoint-events,2026-08-22,17,1,reported
T-CSE-FINANCE-001-A002-2026-08-23,CSE-FINANCE-001,CSE-FINANCE-001-A002,endpoint-events,2026-08-23,85,1,reported
T-CSE-FINANCE-001-A002-2026-08-24,CSE-FINANCE-001,CSE-FINANCE-001-A002,endpoint-events,2026-08-24,45,1,reported
T-CSE-FINANCE-001-A002-2026-08-25,CSE-FINANCE-001,CSE-FINANCE-001-A002,endpoint-events,2026-08-25,38,1,reported
T-CSE-FINANCE-001-A002-2026-08-26,CSE-FINANCE-001,CSE-FINANCE-001-A002,endpoint-events,2026-08-26,85,1,reported
T-CSE-FINANCE-001-A002-2026-08-27,CSE-FINANCE-001,CSE-FINANCE-001-A002,endpoint-events,2026-08-27,65,1,reported
T-CSE-FINANCE-001-A002-2026-08-28,CSE-FINANCE-001,CSE-FINANCE-001-A002,endpoint-events,2026-08-28,15,1,reported
T-CSE-FINANCE-001-A002-2026-08-29,CSE-FINANCE-001,CSE-FINANCE-001-A002,endpoint-events,2026-08-29,75,1,reported
T-CSE-FINANCE-001-A002-2026-08-30,CSE-FINANCE-001,CSE-FINANCE-001-A002,endpoint-events,2026-08-30,81,1,reported
T-CSE-FINANCE-001-A002-2026-08-31,CSE-FINANCE-001,CSE-FINANCE-001-A002,endpoint-events,2026-08-31,49,1,reported
T-CSE-FINANCE-001-A003-2026-06-03,CSE-FINANCE-001,CSE-FINANCE-001-A003,identity-logs,2026-06-03,50,1,reported
T-CSE-FINANCE-001-A003-2026-06-04,CSE-FINANCE-001,CSE-FINANCE-001-A003,identity-logs,2026-06-04,73,1,reported
T-CSE-FINANCE-001-A003-2026-06-05,CSE-FINANCE-001,CSE-FINANCE-001-A003,identity-logs,2026-06-05,43,1,reported
T-CSE-FINANCE-001-A003-2026-06-06,CSE-FINANCE-001,CSE-FINANCE-001-A003,identity-logs,2026-06-06,63,1,reported
T-CSE-FINANCE-001-A003-2026-06-07,CSE-FINANCE-001,CSE-FINANCE-001-A003,identity-logs,2026-06-07,50,1,reported
T-CSE-FINANCE-001-A003-2026-06-08,CSE-FINANCE-001,CSE-FINANCE-001-A003,identity-logs,2026-06-08,70,1,reported
T-CSE-FINANCE-001-A003-2026-06-09,CSE-FINANCE-001,CSE-FINANCE-001-A003,identity-logs,2026-06-09,21,1,reported
T-CSE-FINANCE-001-A003-2026-06-10,CSE-FINANCE-001,CSE-FINANCE-001-A003,identity-logs,2026-06-10,19,1,reported
T-CSE-FINANCE-001-A003-2026-06-11,CSE-FINANCE-001,CSE-FINANCE-001-A003,identity-logs,2026-06-11,32,1,reported
T-CSE-FINANCE-001-A003-2026-06-12,CSE-FINANCE-001,CSE-FINANCE-001-A003,identity-logs,2026-06-12,68,1,reported
T-CSE-FINANCE-001-A003-2026-06-13,CSE-FINANCE-001,CSE-FINANCE-001-A003,identity-logs,2026-06-13,65,1,reported
T-CSE-FINANCE-001-A003-2026-06-14,CSE-FINANCE-001,CSE-FINANCE-001-A003,identity-logs,2026-06-14,73,1,reported
T-CSE-FINANCE-001-A003-2026-06-15,CSE-FINANCE-001,CSE-FINANCE-001-A003,identity-logs,2026-06-15,71,1,reported
T-CSE-FINANCE-001-A003-2026-06-16,CSE-FINANCE-001,CSE-FINANCE-001-A003,identity-logs,2026-06-16,38,1,reported
T-CSE-FINANCE-001-A003-2026-06-17,CSE-FINANCE-001,CSE-FINANCE-001-A003,identity-logs,2026-06-17,55,1,reported
T-CSE-FINANCE-001-A003-2026-06-18,CSE-FINANCE-001,CSE-FINANCE-001-A003,identity-logs,2026-06-18,89,1,reported
T-CSE-FINANCE-001-A003-2026-06-19,CSE-FINANCE-001,CSE-FINANCE-001-A003,identity-logs,2026-06-19,30,1,reported
T-CSE-FINANCE-001-A003-2026-06-20,CSE-FINANCE-001,CSE-FINANCE-001-A003,identity-logs,2026-06-20,52,1,reported
T-CSE-FINANCE-001-A003-2026-06-21,CSE-FINANCE-001,CSE-FINANCE-001-A003,identity-logs,2026-06-21,52,1,reported
T-CSE-FINANCE-001-A003-2026-06-22,CSE-FINANCE-001,CSE-FINANCE-001-A003,identity-logs,2026-06-22,56,1,reported
T-CSE-FINANCE-001-A003-2026-06-23,CSE-FINANCE-001,CSE-FINANCE-001-A003,identity-logs,2026-06-23,63,1,reported
T-CSE-FINANCE-001-A003-2026-06-24,CSE-FINANCE-001,CSE-FINANCE-001-A003,identity-logs,2026-06-24,28,1,reported
T-CSE-FINANCE-001-A003-2026-06-25,CSE-FINANCE-001,CSE-FINANCE-001-A003,identity-logs,2026-06-25,59,1,reported
T-CSE-FINANCE-001-A003-2026-06-26,CSE-FINANCE-001,CSE-FINANCE-001-A003,identity-logs,2026-06-26,77,1,reported
T-CSE-FINANCE-001-A003-2026-06-27,CSE-FINANCE-001,CSE-FINANCE-001-A003,identity-logs,2026-06-27,83,1,reported
T-CSE-FINANCE-001-A003-2026-06-28,CSE-FINANCE-001,CSE-FINANCE-001-A003,identity-logs,2026-06-28,25,1,reported
T-CSE-FINANCE-001-A003-2026-06-29,CSE-FINANCE-001,CSE-FINANCE-001-A003,identity-logs,2026-06-29,52,1,reported
T-CSE-FINANCE-001-A003-2026-06-30,CSE-FINANCE-001,CSE-FINANCE-001-A003,identity-logs,2026-06-30,42,1,reported
T-CSE-FINANCE-001-A003-2026-07-01,CSE-FINANCE-001,CSE-FINANCE-001-A003,identity-logs,2026-07-01,71,1,reported
T-CSE-FINANCE-001-A003-2026-07-02,CSE-FINANCE-001,CSE-FINANCE-001-A003,identity-logs,2026-07-02,27,1,reported
T-CSE-FINANCE-001-A003-2026-07-03,CSE-FINANCE-001,CSE-FINANCE-001-A003,identity-logs,2026-07-03,46,1,reported
T-CSE-FINANCE-001-A003-2026-07-04,CSE-FINANCE-001,CSE-FINANCE-001-A003,identity-logs,2026-07-04,69,1,reported
T-CSE-FINANCE-001-A003-2026-07-05,CSE-FINANCE-001,CSE-FINANCE-001-A003,identity-logs,2026-07-05,43,1,reported
T-CSE-FINANCE-001-A003-2026-07-06,CSE-FINANCE-001,CSE-FINANCE-001-A003,identity-logs,2026-07-06,30,1,reported
T-CSE-FINANCE-001-A003-2026-07-07,CSE-FINANCE-001,CSE-FINANCE-001-A003,identity-logs,2026-07-07,24,1,reported
T-CSE-FINANCE-001-A003-2026-07-08,CSE-FINANCE-001,CSE-FINANCE-001-A003,identity-logs,2026-07-08,18,1,reported
T-CSE-FINANCE-001-A003-2026-07-09,CSE-FINANCE-001,CSE-FINANCE-001-A003,identity-logs,2026-07-09,49,1,reported
T-CSE-FINANCE-001-A003-2026-07-10,CSE-FINANCE-001,CSE-FINANCE-001-A003,identity-logs,2026-07-10,61,1,reported
T-CSE-FINANCE-001-A003-2026-07-11,CSE-FINANCE-001,CSE-FINANCE-001-A003,identity-logs,2026-07-11,65,1,reported
T-CSE-FINANCE-001-A003-2026-07-12,CSE-FINANCE-001,CSE-FINANCE-001-A003,identity-logs,2026-07-12,43,1,reported
T-CSE-FINANCE-001-A003-2026-07-13,CSE-FINANCE-001,CSE-FINANCE-001-A003,identity-logs,2026-07-13,32,1,reported
T-CSE-FINANCE-001-A003-2026-07-14,CSE-FINANCE-001,CSE-FINANCE-001-A003,identity-logs,2026-07-14,53,1,reported
T-CSE-FINANCE-001-A003-2026-07-15,CSE-FINANCE-001,CSE-FINANCE-001-A003,identity-logs,2026-07-15,85,1,reported
T-CSE-FINANCE-001-A003-2026-07-16,CSE-FINANCE-001,CSE-FINANCE-001-A003,identity-logs,2026-07-16,52,1,reported
T-CSE-FINANCE-001-A003-2026-07-17,CSE-FINANCE-001,CSE-FINANCE-001-A003,identity-logs,2026-07-17,36,1,reported
T-CSE-FINANCE-001-A003-2026-07-18,CSE-FINANCE-001,CSE-FINANCE-001-A003,identity-logs,2026-07-18,32,1,reported
T-CSE-FINANCE-001-A003-2026-07-19,CSE-FINANCE-001,CSE-FINANCE-001-A003,identity-logs,2026-07-19,75,1,reported
T-CSE-FINANCE-001-A003-2026-07-20,CSE-FINANCE-001,CSE-FINANCE-001-A003,identity-logs,2026-07-20,77,1,reported
T-CSE-FINANCE-001-A003-2026-07-21,CSE-FINANCE-001,CSE-FINANCE-001-A003,identity-logs,2026-07-21,71,1,reported
T-CSE-FINANCE-001-A003-2026-07-22,CSE-FINANCE-001,CSE-FINANCE-001-A003,identity-logs,2026-07-22,75,1,reported
T-CSE-FINANCE-001-A003-2026-07-23,CSE-FINANCE-001,CSE-FINANCE-001-A003,identity-logs,2026-07-23,51,1,reported
T-CSE-FINANCE-001-A003-2026-07-24,CSE-FINANCE-001,CSE-FINANCE-001-A003,identity-logs,2026-07-24,75,1,reported
T-CSE-FINANCE-001-A003-2026-07-25,CSE-FINANCE-001,CSE-FINANCE-001-A003,identity-logs,2026-07-25,14,1,reported
T-CSE-FINANCE-001-A003-2026-07-26,CSE-FINANCE-001,CSE-FINANCE-001-A003,identity-logs,2026-07-26,23,1,reported
T-CSE-FINANCE-001-A003-2026-07-27,CSE-FINANCE-001,CSE-FINANCE-001-A003,identity-logs,2026-07-27,62,1,reported
T-CSE-FINANCE-001-A003-2026-07-28,CSE-FINANCE-001,CSE-FINANCE-001-A003,identity-logs,2026-07-28,76,1,reported
T-CSE-FINANCE-001-A003-2026-07-29,CSE-FINANCE-001,CSE-FINANCE-001-A003,identity-logs,2026-07-29,70,1,reported
T-CSE-FINANCE-001-A003-2026-07-30,CSE-FINANCE-001,CSE-FINANCE-001-A003,identity-logs,2026-07-30,42,1,reported
T-CSE-FINANCE-001-A003-2026-07-31,CSE-FINANCE-001,CSE-FINANCE-001-A003,identity-logs,2026-07-31,39,1,reported
T-CSE-FINANCE-001-A003-2026-08-01,CSE-FINANCE-001,CSE-FINANCE-001-A003,identity-logs,2026-08-01,86,1,reported
T-CSE-FINANCE-001-A003-2026-08-02,CSE-FINANCE-001,CSE-FINANCE-001-A003,identity-logs,2026-08-02,57,1,reported
T-CSE-FINANCE-001-A003-2026-08-03,CSE-FINANCE-001,CSE-FINANCE-001-A003,identity-logs,2026-08-03,18,1,reported
T-CSE-FINANCE-001-A003-2026-08-04,CSE-FINANCE-001,CSE-FINANCE-001-A003,identity-logs,2026-08-04,18,1,reported
T-CSE-FINANCE-001-A003-2026-08-05,CSE-FINANCE-001,CSE-FINANCE-001-A003,identity-logs,2026-08-05,48,1,reported
T-CSE-FINANCE-001-A003-2026-08-06,CSE-FINANCE-001,CSE-FINANCE-001-A003,identity-logs,2026-08-06,75,1,reported
T-CSE-FINANCE-001-A003-2026-08-07,CSE-FINANCE-001,CSE-FINANCE-001-A003,identity-logs,2026-08-07,88,1,reported
T-CSE-FINANCE-001-A003-2026-08-08,CSE-FINANCE-001,CSE-FINANCE-001-A003,identity-logs,2026-08-08,72,1,reported
T-CSE-FINANCE-001-A003-2026-08-09,CSE-FINANCE-001,CSE-FINANCE-001-A003,identity-logs,2026-08-09,48,1,reported
T-CSE-FINANCE-001-A003-2026-08-10,CSE-FINANCE-001,CSE-FINANCE-001-A003,identity-logs,2026-08-10,80,1,reported
T-CSE-FINANCE-001-A003-2026-08-11,CSE-FINANCE-001,CSE-FINANCE-001-A003,identity-logs,2026-08-11,13,1,reported
T-CSE-FINANCE-001-A003-2026-08-12,CSE-FINANCE-001,CSE-FINANCE-001-A003,identity-logs,2026-08-12,25,1,reported
T-CSE-FINANCE-001-A003-2026-08-13,CSE-FINANCE-001,CSE-FINANCE-001-A003,identity-logs,2026-08-13,67,1,reported
T-CSE-FINANCE-001-A003-2026-08-14,CSE-FINANCE-001,CSE-FINANCE-001-A003,identity-logs,2026-08-14,29,1,reported
T-CSE-FINANCE-001-A003-2026-08-15,CSE-FINANCE-001,CSE-FINANCE-001-A003,identity-logs,2026-08-15,45,1,reported
T-CSE-FINANCE-001-A003-2026-08-16,CSE-FINANCE-001,CSE-FINANCE-001-A003,identity-logs,2026-08-16,58,1,reported
T-CSE-FINANCE-001-A003-2026-08-17,CSE-FINANCE-001,CSE-FINANCE-001-A003,identity-logs,2026-08-17,63,1,reported
T-CSE-FINANCE-001-A003-2026-08-18,CSE-FINANCE-001,CSE-FINANCE-001-A003,identity-logs,2026-08-18,58,1,reported
T-CSE-FINANCE-001-A003-2026-08-19,CSE-FINANCE-001,CSE-FINANCE-001-A003,identity-logs,2026-08-19,17,1,reported
T-CSE-FINANCE-001-A003-2026-08-20,CSE-FINANCE-001,CSE-FINANCE-001-A003,identity-logs,2026-08-20,63,1,reported
T-CSE-FINANCE-001-A003-2026-08-21,CSE-FINANCE-001,CSE-FINANCE-001-A003,identity-logs,2026-08-21,18,1,reported
T-CSE-FINANCE-001-A003-2026-08-22,CSE-FINANCE-001,CSE-FINANCE-001-A003,identity-logs,2026-08-22,84,1,reported
T-CSE-FINANCE-001-A003-2026-08-23,CSE-FINANCE-001,CSE-FINANCE-001-A003,identity-logs,2026-08-23,83,1,reported
T-CSE-FINANCE-001-A003-2026-08-24,CSE-FINANCE-001,CSE-FINANCE-001-A003,identity-logs,2026-08-24,36,1,reported
T-CSE-FINANCE-001-A003-2026-08-25,CSE-FINANCE-001,CSE-FINANCE-001-A003,identity-logs,2026-08-25,58,1,reported
T-CSE-FINANCE-001-A003-2026-08-26,CSE-FINANCE-001,CSE-FINANCE-001-A003,identity-logs,2026-08-26,82,1,reported
T-CSE-FINANCE-001-A003-2026-08-27,CSE-FINANCE-001,CSE-FINANCE-001-A003,identity-logs,2026-08-27,48,1,reported
T-CSE-FINANCE-001-A003-2026-08-28,CSE-FINANCE-001,CSE-FINANCE-001-A003,identity-logs,2026-08-28,21,1,reported
T-CSE-FINANCE-001-A003-2026-08-29,CSE-FINANCE-001,CSE-FINANCE-001-A003,identity-logs,2026-08-29,61,1,reported
T-CSE-FINANCE-001-A003-2026-08-30,CSE-FINANCE-001,CSE-FINANCE-001-A003,identity-logs,2026-08-30,76,1,reported
T-CSE-FINANCE-001-A003-2026-08-31,CSE-FINANCE-001,CSE-FINANCE-001-A003,identity-logs,2026-08-31,69,1,reported
T-CSE-FINANCE-001-A004-2026-06-03,CSE-FINANCE-001,CSE-FINANCE-001-A004,endpoint-events,2026-06-03,82,1,reported
T-CSE-FINANCE-001-A004-2026-06-04,CSE-FINANCE-001,CSE-FINANCE-001-A004,endpoint-events,2026-06-04,47,1,reported
T-CSE-FINANCE-001-A004-2026-06-05,CSE-FINANCE-001,CSE-FINANCE-001-A004,endpoint-events,2026-06-05,27,1,reported
T-CSE-FINANCE-001-A004-2026-06-06,CSE-FINANCE-001,CSE-FINANCE-001-A004,endpoint-events,2026-06-06,28,1,reported
T-CSE-FINANCE-001-A004-2026-06-07,CSE-FINANCE-001,CSE-FINANCE-001-A004,endpoint-events,2026-06-07,24,1,reported
T-CSE-FINANCE-001-A004-2026-06-08,CSE-FINANCE-001,CSE-FINANCE-001-A004,endpoint-events,2026-06-08,62,1,reported
T-CSE-FINANCE-001-A004-2026-06-09,CSE-FINANCE-001,CSE-FINANCE-001-A004,endpoint-events,2026-06-09,59,1,reported
T-CSE-FINANCE-001-A004-2026-06-10,CSE-FINANCE-001,CSE-FINANCE-001-A004,endpoint-events,2026-06-10,55,1,reported
T-CSE-FINANCE-001-A004-2026-06-11,CSE-FINANCE-001,CSE-FINANCE-001-A004,endpoint-events,2026-06-11,83,1,reported
T-CSE-FINANCE-001-A004-2026-06-12,CSE-FINANCE-001,CSE-FINANCE-001-A004,endpoint-events,2026-06-12,58,1,reported
T-CSE-FINANCE-001-A004-2026-06-13,CSE-FINANCE-001,CSE-FINANCE-001-A004,endpoint-events,2026-06-13,30,1,reported
T-CSE-FINANCE-001-A004-2026-06-14,CSE-FINANCE-001,CSE-FINANCE-001-A004,endpoint-events,2026-06-14,37,1,reported
T-CSE-FINANCE-001-A004-2026-06-15,CSE-FINANCE-001,CSE-FINANCE-001-A004,endpoint-events,2026-06-15,89,1,reported
T-CSE-FINANCE-001-A004-2026-06-16,CSE-FINANCE-001,CSE-FINANCE-001-A004,endpoint-events,2026-06-16,77,1,reported
T-CSE-FINANCE-001-A004-2026-06-17,CSE-FINANCE-001,CSE-FINANCE-001-A004,endpoint-events,2026-06-17,63,1,reported
T-CSE-FINANCE-001-A004-2026-06-18,CSE-FINANCE-001,CSE-FINANCE-001-A004,endpoint-events,2026-06-18,76,1,reported
T-CSE-FINANCE-001-A004-2026-06-19,CSE-FINANCE-001,CSE-FINANCE-001-A004,endpoint-events,2026-06-19,17,1,reported
T-CSE-FINANCE-001-A004-2026-06-20,CSE-FINANCE-001,CSE-FINANCE-001-A004,endpoint-events,2026-06-20,17,1,reported
T-CSE-FINANCE-001-A004-2026-06-21,CSE-FINANCE-001,CSE-FINANCE-001-A004,endpoint-events,2026-06-21,16,1,reported
T-CSE-FINANCE-001-A004-2026-06-22,CSE-FINANCE-001,CSE-FINANCE-001-A004,endpoint-events,2026-06-22,29,1,reported
T-CSE-FINANCE-001-A004-2026-06-23,CSE-FINANCE-001,CSE-FINANCE-001-A004,endpoint-events,2026-06-23,54,1,reported
T-CSE-FINANCE-001-A004-2026-06-24,CSE-FINANCE-001,CSE-FINANCE-001-A004,endpoint-events,2026-06-24,72,1,reported
T-CSE-FINANCE-001-A004-2026-06-25,CSE-FINANCE-001,CSE-FINANCE-001-A004,endpoint-events,2026-06-25,78,1,reported
T-CSE-FINANCE-001-A004-2026-06-26,CSE-FINANCE-001,CSE-FINANCE-001-A004,endpoint-events,2026-06-26,70,1,reported
T-CSE-FINANCE-001-A004-2026-06-27,CSE-FINANCE-001,CSE-FINANCE-001-A004,endpoint-events,2026-06-27,31,1,reported
T-CSE-FINANCE-001-A004-2026-06-28,CSE-FINANCE-001,CSE-FINANCE-001-A004,endpoint-events,2026-06-28,89,1,reported
T-CSE-FINANCE-001-A004-2026-06-29,CSE-FINANCE-001,CSE-FINANCE-001-A004,endpoint-events,2026-06-29,77,1,reported
T-CSE-FINANCE-001-A004-2026-06-30,CSE-FINANCE-001,CSE-FINANCE-001-A004,endpoint-events,2026-06-30,29,1,reported
T-CSE-FINANCE-001-A004-2026-07-01,CSE-FINANCE-001,CSE-FINANCE-001-A004,endpoint-events,2026-07-01,53,1,reported
T-CSE-FINANCE-001-A004-2026-07-02,CSE-FINANCE-001,CSE-FINANCE-001-A004,endpoint-events,2026-07-02,52,1,reported
T-CSE-FINANCE-001-A004-2026-07-03,CSE-FINANCE-001,CSE-FINANCE-001-A004,endpoint-events,2026-07-03,32,1,reported
T-CSE-FINANCE-001-A004-2026-07-04,CSE-FINANCE-001,CSE-FINANCE-001-A004,endpoint-events,2026-07-04,62,1,reported
T-CSE-FINANCE-001-A004-2026-07-05,CSE-FINANCE-001,CSE-FINANCE-001-A004,endpoint-events,2026-07-05,50,1,reported
T-CSE-FINANCE-001-A004-2026-07-06,CSE-FINANCE-001,CSE-FINANCE-001-A004,endpoint-events,2026-07-06,87,1,reported
T-CSE-FINANCE-001-A004-2026-07-07,CSE-FINANCE-001,CSE-FINANCE-001-A004,endpoint-events,2026-07-07,55,1,reported
T-CSE-FINANCE-001-A004-2026-07-08,CSE-FINANCE-001,CSE-FINANCE-001-A004,endpoint-events,2026-07-08,76,1,reported
T-CSE-FINANCE-001-A004-2026-07-09,CSE-FINANCE-001,CSE-FINANCE-001-A004,endpoint-events,2026-07-09,77,1,reported
T-CSE-FINANCE-001-A004-2026-07-10,CSE-FINANCE-001,CSE-FINANCE-001-A004,endpoint-events,2026-07-10,80,1,reported
T-CSE-FINANCE-001-A004-2026-07-11,CSE-FINANCE-001,CSE-FINANCE-001-A004,endpoint-events,2026-07-11,74,1,reported
T-CSE-FINANCE-001-A004-2026-07-12,CSE-FINANCE-001,CSE-FINANCE-001-A004,endpoint-events,2026-07-12,84,1,reported
T-CSE-FINANCE-001-A004-2026-07-13,CSE-FINANCE-001,CSE-FINANCE-001-A004,endpoint-events,2026-07-13,50,1,reported
T-CSE-FINANCE-001-A004-2026-07-14,CSE-FINANCE-001,CSE-FINANCE-001-A004,endpoint-events,2026-07-14,72,1,reported
T-CSE-FINANCE-001-A004-2026-07-15,CSE-FINANCE-001,CSE-FINANCE-001-A004,endpoint-events,2026-07-15,14,1,reported
T-CSE-FINANCE-001-A004-2026-07-16,CSE-FINANCE-001,CSE-FINANCE-001-A004,endpoint-events,2026-07-16,59,1,reported
T-CSE-FINANCE-001-A004-2026-07-17,CSE-FINANCE-001,CSE-FINANCE-001-A004,endpoint-events,2026-07-17,54,1,reported
T-CSE-FINANCE-001-A004-2026-07-18,CSE-FINANCE-001,CSE-FINANCE-001-A004,endpoint-events,2026-07-18,26,1,reported
T-CSE-FINANCE-001-A004-2026-07-19,CSE-FINANCE-001,CSE-FINANCE-001-A004,endpoint-events,2026-07-19,65,1,reported
T-CSE-FINANCE-001-A004-2026-07-20,CSE-FINANCE-001,CSE-FINANCE-001-A004,endpoint-events,2026-07-20,86,1,reported
T-CSE-FINANCE-001-A004-2026-07-21,CSE-FINANCE-001,CSE-FINANCE-001-A004,endpoint-events,2026-07-21,51,1,reported
T-CSE-FINANCE-001-A004-2026-07-22,CSE-FINANCE-001,CSE-FINANCE-001-A004,endpoint-events,2026-07-22,15,1,reported
T-CSE-FINANCE-001-A004-2026-07-23,CSE-FINANCE-001,CSE-FINANCE-001-A004,endpoint-events,2026-07-23,88,1,reported
T-CSE-FINANCE-001-A004-2026-07-24,CSE-FINANCE-001,CSE-FINANCE-001-A004,endpoint-events,2026-07-24,72,1,reported
T-CSE-FINANCE-001-A004-2026-07-25,CSE-FINANCE-001,CSE-FINANCE-001-A004,endpoint-events,2026-07-25,45,1,reported
T-CSE-FINANCE-001-A004-2026-07-26,CSE-FINANCE-001,CSE-FINANCE-001-A004,endpoint-events,2026-07-26,86,1,reported
T-CSE-FINANCE-001-A004-2026-07-27,CSE-FINANCE-001,CSE-FINANCE-001-A004,endpoint-events,2026-07-27,85,1,reported
T-CSE-FINANCE-001-A004-2026-07-28,CSE-FINANCE-001,CSE-FINANCE-001-A004,endpoint-events,2026-07-28,41,1,reported
T-CSE-FINANCE-001-A004-2026-07-29,CSE-FINANCE-001,CSE-FINANCE-001-A004,endpoint-events,2026-07-29,18,1,reported
T-CSE-FINANCE-001-A004-2026-07-30,CSE-FINANCE-001,CSE-FINANCE-001-A004,endpoint-events,2026-07-30,86,1,reported
T-CSE-FINANCE-001-A004-2026-07-31,CSE-FINANCE-001,CSE-FINANCE-001-A004,endpoint-events,2026-07-31,73,1,reported
T-CSE-FINANCE-001-A004-2026-08-01,CSE-FINANCE-001,CSE-FINANCE-001-A004,endpoint-events,2026-08-01,33,1,reported
T-CSE-FINANCE-001-A004-2026-08-02,CSE-FINANCE-001,CSE-FINANCE-001-A004,endpoint-events,2026-08-02,79,1,reported
T-CSE-FINANCE-001-A004-2026-08-03,CSE-FINANCE-001,CSE-FINANCE-001-A004,endpoint-events,2026-08-03,60,1,reported
T-CSE-FINANCE-001-A004-2026-08-04,CSE-FINANCE-001,CSE-FINANCE-001-A004,endpoint-events,2026-08-04,30,1,reported
T-CSE-FINANCE-001-A004-2026-08-05,CSE-FINANCE-001,CSE-FINANCE-001-A004,endpoint-events,2026-08-05,43,1,reported
T-CSE-FINANCE-001-A004-2026-08-06,CSE-FINANCE-001,CSE-FINANCE-001-A004,endpoint-events,2026-08-06,16,1,reported
T-CSE-FINANCE-001-A004-2026-08-07,CSE-FINANCE-001,CSE-FINANCE-001-A004,endpoint-events,2026-08-07,85,1,reported
T-CSE-FINANCE-001-A004-2026-08-08,CSE-FINANCE-001,CSE-FINANCE-001-A004,endpoint-events,2026-08-08,26,1,reported
T-CSE-FINANCE-001-A004-2026-08-09,CSE-FINANCE-001,CSE-FINANCE-001-A004,endpoint-events,2026-08-09,36,1,reported
T-CSE-FINANCE-001-A004-2026-08-10,CSE-FINANCE-001,CSE-FINANCE-001-A004,endpoint-events,2026-08-10,14,1,reported
T-CSE-FINANCE-001-A004-2026-08-11,CSE-FINANCE-001,CSE-FINANCE-001-A004,endpoint-events,2026-08-11,68,1,reported
T-CSE-FINANCE-001-A004-2026-08-12,CSE-FINANCE-001,CSE-FINANCE-001-A004,endpoint-events,2026-08-12,52,1,reported
T-CSE-FINANCE-001-A004-2026-08-13,CSE-FINANCE-001,CSE-FINANCE-001-A004,endpoint-events,2026-08-13,65,1,reported
T-CSE-FINANCE-001-A004-2026-08-14,CSE-FINANCE-001,CSE-FINANCE-001-A004,endpoint-events,2026-08-14,31,1,reported
T-CSE-FINANCE-001-A004-2026-08-15,CSE-FINANCE-001,CSE-FINANCE-001-A004,endpoint-events,2026-08-15,64,1,reported
T-CSE-FINANCE-001-A004-2026-08-16,CSE-FINANCE-001,CSE-FINANCE-001-A004,endpoint-events,2026-08-16,38,1,reported
T-CSE-FINANCE-001-A004-2026-08-17,CSE-FINANCE-001,CSE-FINANCE-001-A004,endpoint-events,2026-08-17,64,1,reported
T-CSE-FINANCE-001-A004-2026-08-18,CSE-FINANCE-001,CSE-FINANCE-001-A004,endpoint-events,2026-08-18,76,1,reported
T-CSE-FINANCE-001-A004-2026-08-19,CSE-FINANCE-001,CSE-FINANCE-001-A004,endpoint-events,2026-08-19,72,1,reported
T-CSE-FINANCE-001-A004-2026-08-20,CSE-FINANCE-001,CSE-FINANCE-001-A004,endpoint-events,2026-08-20,19,1,reported
T-CSE-FINANCE-001-A004-2026-08-21,CSE-FINANCE-001,CSE-FINANCE-001-A004,endpoint-events,2026-08-21,29,1,reported
T-CSE-FINANCE-001-A004-2026-08-22,CSE-FINANCE-001,CSE-FINANCE-001-A004,endpoint-events,2026-08-22,78,1,reported
T-CSE-FINANCE-001-A004-2026-08-23,CSE-FINANCE-001,CSE-FINANCE-001-A004,endpoint-events,2026-08-23,38,1,reported
T-CSE-FINANCE-001-A004-2026-08-24,CSE-FINANCE-001,CSE-FINANCE-001-A004,endpoint-events,2026-08-24,83,1,reported
T-CSE-FINANCE-001-A004-2026-08-25,CSE-FINANCE-001,CSE-FINANCE-001-A004,endpoint-events,2026-08-25,53,1,reported
T-CSE-FINANCE-001-A004-2026-08-26,CSE-FINANCE-001,CSE-FINANCE-001-A004,endpoint-events,2026-08-26,73,1,reported
T-CSE-FINANCE-001-A004-2026-08-27,CSE-FINANCE-001,CSE-FINANCE-001-A004,endpoint-events,2026-08-27,79,1,reported
T-CSE-FINANCE-001-A004-2026-08-28,CSE-FINANCE-001,CSE-FINANCE-001-A004,endpoint-events,2026-08-28,60,1,reported
T-CSE-FINANCE-001-A004-2026-08-29,CSE-FINANCE-001,CSE-FINANCE-001-A004,endpoint-events,2026-08-29,52,1,reported
T-CSE-FINANCE-001-A004-2026-08-30,CSE-FINANCE-001,CSE-FINANCE-001-A004,endpoint-events,2026-08-30,34,1,reported
T-CSE-FINANCE-001-A004-2026-08-31,CSE-FINANCE-001,CSE-FINANCE-001-A004,endpoint-events,2026-08-31,70,1,reported
T-CSE-FINANCE-001-A005-2026-06-03,CSE-FINANCE-001,CSE-FINANCE-001-A005,identity-logs,2026-06-03,80,1,reported
T-CSE-FINANCE-001-A005-2026-06-04,CSE-FINANCE-001,CSE-FINANCE-001-A005,identity-logs,2026-06-04,55,1,reported
T-CSE-FINANCE-001-A005-2026-06-05,CSE-FINANCE-001,CSE-FINANCE-001-A005,identity-logs,2026-06-05,81,1,reported
T-CSE-FINANCE-001-A005-2026-06-06,CSE-FINANCE-001,CSE-FINANCE-001-A005,identity-logs,2026-06-06,57,1,reported
T-CSE-FINANCE-001-A005-2026-06-07,CSE-FINANCE-001,CSE-FINANCE-001-A005,identity-logs,2026-06-07,45,1,reported
T-CSE-FINANCE-001-A005-2026-06-08,CSE-FINANCE-001,CSE-FINANCE-001-A005,identity-logs,2026-06-08,73,1,reported
T-CSE-FINANCE-001-A005-2026-06-09,CSE-FINANCE-001,CSE-FINANCE-001-A005,identity-logs,2026-06-09,36,1,reported
T-CSE-FINANCE-001-A005-2026-06-10,CSE-FINANCE-001,CSE-FINANCE-001-A005,identity-logs,2026-06-10,43,1,reported
T-CSE-FINANCE-001-A005-2026-06-11,CSE-FINANCE-001,CSE-FINANCE-001-A005,identity-logs,2026-06-11,47,1,reported
T-CSE-FINANCE-001-A005-2026-06-12,CSE-FINANCE-001,CSE-FINANCE-001-A005,identity-logs,2026-06-12,83,1,reported
T-CSE-FINANCE-001-A005-2026-06-13,CSE-FINANCE-001,CSE-FINANCE-001-A005,identity-logs,2026-06-13,50,1,reported
T-CSE-FINANCE-001-A005-2026-06-14,CSE-FINANCE-001,CSE-FINANCE-001-A005,identity-logs,2026-06-14,40,1,reported
T-CSE-FINANCE-001-A005-2026-06-15,CSE-FINANCE-001,CSE-FINANCE-001-A005,identity-logs,2026-06-15,50,1,reported
T-CSE-FINANCE-001-A005-2026-06-16,CSE-FINANCE-001,CSE-FINANCE-001-A005,identity-logs,2026-06-16,48,1,reported
T-CSE-FINANCE-001-A005-2026-06-17,CSE-FINANCE-001,CSE-FINANCE-001-A005,identity-logs,2026-06-17,38,1,reported
T-CSE-FINANCE-001-A005-2026-06-18,CSE-FINANCE-001,CSE-FINANCE-001-A005,identity-logs,2026-06-18,74,1,reported
T-CSE-FINANCE-001-A005-2026-06-19,CSE-FINANCE-001,CSE-FINANCE-001-A005,identity-logs,2026-06-19,52,1,reported
T-CSE-FINANCE-001-A005-2026-06-20,CSE-FINANCE-001,CSE-FINANCE-001-A005,identity-logs,2026-06-20,73,1,reported
T-CSE-FINANCE-001-A005-2026-06-21,CSE-FINANCE-001,CSE-FINANCE-001-A005,identity-logs,2026-06-21,56,1,reported
T-CSE-FINANCE-001-A005-2026-06-22,CSE-FINANCE-001,CSE-FINANCE-001-A005,identity-logs,2026-06-22,83,1,reported
T-CSE-FINANCE-001-A005-2026-06-23,CSE-FINANCE-001,CSE-FINANCE-001-A005,identity-logs,2026-06-23,47,1,reported
T-CSE-FINANCE-001-A005-2026-06-24,CSE-FINANCE-001,CSE-FINANCE-001-A005,identity-logs,2026-06-24,48,1,reported
T-CSE-FINANCE-001-A005-2026-06-25,CSE-FINANCE-001,CSE-FINANCE-001-A005,identity-logs,2026-06-25,27,1,reported
T-CSE-FINANCE-001-A005-2026-06-26,CSE-FINANCE-001,CSE-FINANCE-001-A005,identity-logs,2026-06-26,85,1,reported
T-CSE-FINANCE-001-A005-2026-06-27,CSE-FINANCE-001,CSE-FINANCE-001-A005,identity-logs,2026-06-27,81,1,reported
T-CSE-FINANCE-001-A005-2026-06-28,CSE-FINANCE-001,CSE-FINANCE-001-A005,identity-logs,2026-06-28,60,1,reported
T-CSE-FINANCE-001-A005-2026-06-29,CSE-FINANCE-001,CSE-FINANCE-001-A005,identity-logs,2026-06-29,62,1,reported
T-CSE-FINANCE-001-A005-2026-06-30,CSE-FINANCE-001,CSE-FINANCE-001-A005,identity-logs,2026-06-30,56,1,reported
T-CSE-FINANCE-001-A005-2026-07-01,CSE-FINANCE-001,CSE-FINANCE-001-A005,identity-logs,2026-07-01,30,1,reported
T-CSE-FINANCE-001-A005-2026-07-02,CSE-FINANCE-001,CSE-FINANCE-001-A005,identity-logs,2026-07-02,49,1,reported
T-CSE-FINANCE-001-A005-2026-07-03,CSE-FINANCE-001,CSE-FINANCE-001-A005,identity-logs,2026-07-03,17,1,reported
T-CSE-FINANCE-001-A005-2026-07-04,CSE-FINANCE-001,CSE-FINANCE-001-A005,identity-logs,2026-07-04,48,1,reported
T-CSE-FINANCE-001-A005-2026-07-05,CSE-FINANCE-001,CSE-FINANCE-001-A005,identity-logs,2026-07-05,22,1,reported
T-CSE-FINANCE-001-A005-2026-07-06,CSE-FINANCE-001,CSE-FINANCE-001-A005,identity-logs,2026-07-06,56,1,reported
T-CSE-FINANCE-001-A005-2026-07-07,CSE-FINANCE-001,CSE-FINANCE-001-A005,identity-logs,2026-07-07,68,1,reported
T-CSE-FINANCE-001-A005-2026-07-08,CSE-FINANCE-001,CSE-FINANCE-001-A005,identity-logs,2026-07-08,44,1,reported
T-CSE-FINANCE-001-A005-2026-07-09,CSE-FINANCE-001,CSE-FINANCE-001-A005,identity-logs,2026-07-09,73,1,reported
T-CSE-FINANCE-001-A005-2026-07-10,CSE-FINANCE-001,CSE-FINANCE-001-A005,identity-logs,2026-07-10,39,1,reported
T-CSE-FINANCE-001-A005-2026-07-11,CSE-FINANCE-001,CSE-FINANCE-001-A005,identity-logs,2026-07-11,37,1,reported
T-CSE-FINANCE-001-A005-2026-07-12,CSE-FINANCE-001,CSE-FINANCE-001-A005,identity-logs,2026-07-12,80,1,reported
T-CSE-FINANCE-001-A005-2026-07-13,CSE-FINANCE-001,CSE-FINANCE-001-A005,identity-logs,2026-07-13,46,1,reported
T-CSE-FINANCE-001-A005-2026-07-14,CSE-FINANCE-001,CSE-FINANCE-001-A005,identity-logs,2026-07-14,83,1,reported
T-CSE-FINANCE-001-A005-2026-07-15,CSE-FINANCE-001,CSE-FINANCE-001-A005,identity-logs,2026-07-15,46,1,reported
T-CSE-FINANCE-001-A005-2026-07-16,CSE-FINANCE-001,CSE-FINANCE-001-A005,identity-logs,2026-07-16,29,1,reported
T-CSE-FINANCE-001-A005-2026-07-17,CSE-FINANCE-001,CSE-FINANCE-001-A005,identity-logs,2026-07-17,25,1,reported
T-CSE-FINANCE-001-A005-2026-07-18,CSE-FINANCE-001,CSE-FINANCE-001-A005,identity-logs,2026-07-18,87,1,reported
T-CSE-FINANCE-001-A005-2026-07-19,CSE-FINANCE-001,CSE-FINANCE-001-A005,identity-logs,2026-07-19,42,1,reported
T-CSE-FINANCE-001-A005-2026-07-20,CSE-FINANCE-001,CSE-FINANCE-001-A005,identity-logs,2026-07-20,43,1,reported
T-CSE-FINANCE-001-A005-2026-07-21,CSE-FINANCE-001,CSE-FINANCE-001-A005,identity-logs,2026-07-21,18,1,reported
T-CSE-FINANCE-001-A005-2026-07-22,CSE-FINANCE-001,CSE-FINANCE-001-A005,identity-logs,2026-07-22,79,1,reported
T-CSE-FINANCE-001-A005-2026-07-23,CSE-FINANCE-001,CSE-FINANCE-001-A005,identity-logs,2026-07-23,40,1,reported
T-CSE-FINANCE-001-A005-2026-07-24,CSE-FINANCE-001,CSE-FINANCE-001-A005,identity-logs,2026-07-24,41,1,reported
T-CSE-FINANCE-001-A005-2026-07-25,CSE-FINANCE-001,CSE-FINANCE-001-A005,identity-logs,2026-07-25,18,1,reported
T-CSE-FINANCE-001-A005-2026-07-26,CSE-FINANCE-001,CSE-FINANCE-001-A005,identity-logs,2026-07-26,24,1,reported
T-CSE-FINANCE-001-A005-2026-07-27,CSE-FINANCE-001,CSE-FINANCE-001-A005,identity-logs,2026-07-27,64,1,reported
T-CSE-FINANCE-001-A005-2026-07-28,CSE-FINANCE-001,CSE-FINANCE-001-A005,identity-logs,2026-07-28,54,1,reported
T-CSE-FINANCE-001-A005-2026-07-29,CSE-FINANCE-001,CSE-FINANCE-001-A005,identity-logs,2026-07-29,72,1,reported
T-CSE-FINANCE-001-A005-2026-07-30,CSE-FINANCE-001,CSE-FINANCE-001-A005,identity-logs,2026-07-30,24,1,reported
T-CSE-FINANCE-001-A005-2026-07-31,CSE-FINANCE-001,CSE-FINANCE-001-A005,identity-logs,2026-07-31,29,1,reported
T-CSE-FINANCE-001-A005-2026-08-01,CSE-FINANCE-001,CSE-FINANCE-001-A005,identity-logs,2026-08-01,12,1,reported
T-CSE-FINANCE-001-A005-2026-08-02,CSE-FINANCE-001,CSE-FINANCE-001-A005,identity-logs,2026-08-02,82,1,reported
T-CSE-FINANCE-001-A005-2026-08-03,CSE-FINANCE-001,CSE-FINANCE-001-A005,identity-logs,2026-08-03,32,1,reported
T-CSE-FINANCE-001-A005-2026-08-04,CSE-FINANCE-001,CSE-FINANCE-001-A005,identity-logs,2026-08-04,64,1,reported
T-CSE-FINANCE-001-A005-2026-08-05,CSE-FINANCE-001,CSE-FINANCE-001-A005,identity-logs,2026-08-05,72,1,reported
T-CSE-FINANCE-001-A005-2026-08-06,CSE-FINANCE-001,CSE-FINANCE-001-A005,identity-logs,2026-08-06,73,1,reported
T-CSE-FINANCE-001-A005-2026-08-07,CSE-FINANCE-001,CSE-FINANCE-001-A005,identity-logs,2026-08-07,37,1,reported
T-CSE-FINANCE-001-A005-2026-08-08,CSE-FINANCE-001,CSE-FINANCE-001-A005,identity-logs,2026-08-08,48,1,reported
T-CSE-FINANCE-001-A005-2026-08-09,CSE-FINANCE-001,CSE-FINANCE-001-A005,identity-logs,2026-08-09,53,1,reported
T-CSE-FINANCE-001-A005-2026-08-10,CSE-FINANCE-001,CSE-FINANCE-001-A005,identity-logs,2026-08-10,48,1,reported
T-CSE-FINANCE-001-A005-2026-08-11,CSE-FINANCE-001,CSE-FINANCE-001-A005,identity-logs,2026-08-11,19,1,reported
T-CSE-FINANCE-001-A005-2026-08-12,CSE-FINANCE-001,CSE-FINANCE-001-A005,identity-logs,2026-08-12,23,1,reported
T-CSE-FINANCE-001-A005-2026-08-13,CSE-FINANCE-001,CSE-FINANCE-001-A005,identity-logs,2026-08-13,85,1,reported
T-CSE-FINANCE-001-A005-2026-08-14,CSE-FINANCE-001,CSE-FINANCE-001-A005,identity-logs,2026-08-14,41,1,reported
T-CSE-FINANCE-001-A005-2026-08-15,CSE-FINANCE-001,CSE-FINANCE-001-A005,identity-logs,2026-08-15,80,1,reported
T-CSE-FINANCE-001-A005-2026-08-16,CSE-FINANCE-001,CSE-FINANCE-001-A005,identity-logs,2026-08-16,16,1,reported
T-CSE-FINANCE-001-A005-2026-08-17,CSE-FINANCE-001,CSE-FINANCE-001-A005,identity-logs,2026-08-17,34,1,reported
T-CSE-FINANCE-001-A005-2026-08-18,CSE-FINANCE-001,CSE-FINANCE-001-A005,identity-logs,2026-08-18,65,1,reported
T-CSE-FINANCE-001-A005-2026-08-19,CSE-FINANCE-001,CSE-FINANCE-001-A005,identity-logs,2026-08-19,34,1,reported
T-CSE-FINANCE-001-A005-2026-08-20,CSE-FINANCE-001,CSE-FINANCE-001-A005,identity-logs,2026-08-20,16,1,reported
T-CSE-FINANCE-001-A005-2026-08-21,CSE-FINANCE-001,CSE-FINANCE-001-A005,identity-logs,2026-08-21,62,1,reported
T-CSE-FINANCE-001-A005-2026-08-22,CSE-FINANCE-001,CSE-FINANCE-001-A005,identity-logs,2026-08-22,75,1,reported
T-CSE-FINANCE-001-A005-2026-08-23,CSE-FINANCE-001,CSE-FINANCE-001-A005,identity-logs,2026-08-23,35,1,reported
T-CSE-FINANCE-001-A005-2026-08-24,CSE-FINANCE-001,CSE-FINANCE-001-A005,identity-logs,2026-08-24,49,1,reported
T-CSE-FINANCE-001-A005-2026-08-25,CSE-FINANCE-001,CSE-FINANCE-001-A005,identity-logs,2026-08-25,16,1,reported
T-CSE-FINANCE-001-A005-2026-08-26,CSE-FINANCE-001,CSE-FINANCE-001-A005,identity-logs,2026-08-26,13,1,reported
T-CSE-FINANCE-001-A005-2026-08-27,CSE-FINANCE-001,CSE-FINANCE-001-A005,identity-logs,2026-08-27,50,1,reported
T-CSE-FINANCE-001-A005-2026-08-28,CSE-FINANCE-001,CSE-FINANCE-001-A005,identity-logs,2026-08-28,84,1,reported
T-CSE-FINANCE-001-A005-2026-08-29,CSE-FINANCE-001,CSE-FINANCE-001-A005,identity-logs,2026-08-29,89,1,reported
T-CSE-FINANCE-001-A005-2026-08-30,CSE-FINANCE-001,CSE-FINANCE-001-A005,identity-logs,2026-08-30,25,1,reported
T-CSE-FINANCE-001-A005-2026-08-31,CSE-FINANCE-001,CSE-FINANCE-001-A005,identity-logs,2026-08-31,54,1,reported
T-CSE-FINANCE-001-A006-2026-06-03,CSE-FINANCE-001,CSE-FINANCE-001-A006,endpoint-events,2026-06-03,48,1,reported
T-CSE-FINANCE-001-A006-2026-06-04,CSE-FINANCE-001,CSE-FINANCE-001-A006,endpoint-events,2026-06-04,70,1,reported
T-CSE-FINANCE-001-A006-2026-06-05,CSE-FINANCE-001,CSE-FINANCE-001-A006,endpoint-events,2026-06-05,81,1,reported
T-CSE-FINANCE-001-A006-2026-06-06,CSE-FINANCE-001,CSE-FINANCE-001-A006,endpoint-events,2026-06-06,79,1,reported
T-CSE-FINANCE-001-A006-2026-06-07,CSE-FINANCE-001,CSE-FINANCE-001-A006,endpoint-events,2026-06-07,75,1,reported
T-CSE-FINANCE-001-A006-2026-06-08,CSE-FINANCE-001,CSE-FINANCE-001-A006,endpoint-events,2026-06-08,29,1,reported
T-CSE-FINANCE-001-A006-2026-06-09,CSE-FINANCE-001,CSE-FINANCE-001-A006,endpoint-events,2026-06-09,76,1,reported
T-CSE-FINANCE-001-A006-2026-06-10,CSE-FINANCE-001,CSE-FINANCE-001-A006,endpoint-events,2026-06-10,71,1,reported
T-CSE-FINANCE-001-A006-2026-06-11,CSE-FINANCE-001,CSE-FINANCE-001-A006,endpoint-events,2026-06-11,46,1,reported
T-CSE-FINANCE-001-A006-2026-06-12,CSE-FINANCE-001,CSE-FINANCE-001-A006,endpoint-events,2026-06-12,36,1,reported
T-CSE-FINANCE-001-A006-2026-06-13,CSE-FINANCE-001,CSE-FINANCE-001-A006,endpoint-events,2026-06-13,26,1,reported
T-CSE-FINANCE-001-A006-2026-06-14,CSE-FINANCE-001,CSE-FINANCE-001-A006,endpoint-events,2026-06-14,54,1,reported
T-CSE-FINANCE-001-A006-2026-06-15,CSE-FINANCE-001,CSE-FINANCE-001-A006,endpoint-events,2026-06-15,32,1,reported
T-CSE-FINANCE-001-A006-2026-06-16,CSE-FINANCE-001,CSE-FINANCE-001-A006,endpoint-events,2026-06-16,70,1,reported
T-CSE-FINANCE-001-A006-2026-06-17,CSE-FINANCE-001,CSE-FINANCE-001-A006,endpoint-events,2026-06-17,44,1,reported
T-CSE-FINANCE-001-A006-2026-06-18,CSE-FINANCE-001,CSE-FINANCE-001-A006,endpoint-events,2026-06-18,35,1,reported
T-CSE-FINANCE-001-A006-2026-06-19,CSE-FINANCE-001,CSE-FINANCE-001-A006,endpoint-events,2026-06-19,13,1,reported
T-CSE-FINANCE-001-A006-2026-06-20,CSE-FINANCE-001,CSE-FINANCE-001-A006,endpoint-events,2026-06-20,55,1,reported
T-CSE-FINANCE-001-A006-2026-06-21,CSE-FINANCE-001,CSE-FINANCE-001-A006,endpoint-events,2026-06-21,49,1,reported
T-CSE-FINANCE-001-A006-2026-06-22,CSE-FINANCE-001,CSE-FINANCE-001-A006,endpoint-events,2026-06-22,84,1,reported
T-CSE-FINANCE-001-A006-2026-06-23,CSE-FINANCE-001,CSE-FINANCE-001-A006,endpoint-events,2026-06-23,36,1,reported
T-CSE-FINANCE-001-A006-2026-06-24,CSE-FINANCE-001,CSE-FINANCE-001-A006,endpoint-events,2026-06-24,34,1,reported
T-CSE-FINANCE-001-A006-2026-06-25,CSE-FINANCE-001,CSE-FINANCE-001-A006,endpoint-events,2026-06-25,63,1,reported
T-CSE-FINANCE-001-A006-2026-06-26,CSE-FINANCE-001,CSE-FINANCE-001-A006,endpoint-events,2026-06-26,66,1,reported
T-CSE-FINANCE-001-A006-2026-06-27,CSE-FINANCE-001,CSE-FINANCE-001-A006,endpoint-events,2026-06-27,77,1,reported
T-CSE-FINANCE-001-A006-2026-06-28,CSE-FINANCE-001,CSE-FINANCE-001-A006,endpoint-events,2026-06-28,53,1,reported
T-CSE-FINANCE-001-A006-2026-06-29,CSE-FINANCE-001,CSE-FINANCE-001-A006,endpoint-events,2026-06-29,23,1,reported
T-CSE-FINANCE-001-A006-2026-06-30,CSE-FINANCE-001,CSE-FINANCE-001-A006,endpoint-events,2026-06-30,63,1,reported
T-CSE-FINANCE-001-A006-2026-07-01,CSE-FINANCE-001,CSE-FINANCE-001-A006,endpoint-events,2026-07-01,24,1,reported
T-CSE-FINANCE-001-A006-2026-07-02,CSE-FINANCE-001,CSE-FINANCE-001-A006,endpoint-events,2026-07-02,35,1,reported
T-CSE-FINANCE-001-A006-2026-07-03,CSE-FINANCE-001,CSE-FINANCE-001-A006,endpoint-events,2026-07-03,29,1,reported
T-CSE-FINANCE-001-A006-2026-07-04,CSE-FINANCE-001,CSE-FINANCE-001-A006,endpoint-events,2026-07-04,73,1,reported
T-CSE-FINANCE-001-A006-2026-07-05,CSE-FINANCE-001,CSE-FINANCE-001-A006,endpoint-events,2026-07-05,53,1,reported
T-CSE-FINANCE-001-A006-2026-07-06,CSE-FINANCE-001,CSE-FINANCE-001-A006,endpoint-events,2026-07-06,43,1,reported
T-CSE-FINANCE-001-A006-2026-07-07,CSE-FINANCE-001,CSE-FINANCE-001-A006,endpoint-events,2026-07-07,12,1,reported
T-CSE-FINANCE-001-A006-2026-07-08,CSE-FINANCE-001,CSE-FINANCE-001-A006,endpoint-events,2026-07-08,45,1,reported
T-CSE-FINANCE-001-A006-2026-07-09,CSE-FINANCE-001,CSE-FINANCE-001-A006,endpoint-events,2026-07-09,61,1,reported
T-CSE-FINANCE-001-A006-2026-07-10,CSE-FINANCE-001,CSE-FINANCE-001-A006,endpoint-events,2026-07-10,42,1,reported
T-CSE-FINANCE-001-A006-2026-07-11,CSE-FINANCE-001,CSE-FINANCE-001-A006,endpoint-events,2026-07-11,69,1,reported
T-CSE-FINANCE-001-A006-2026-07-12,CSE-FINANCE-001,CSE-FINANCE-001-A006,endpoint-events,2026-07-12,46,1,reported
T-CSE-FINANCE-001-A006-2026-07-13,CSE-FINANCE-001,CSE-FINANCE-001-A006,endpoint-events,2026-07-13,54,1,reported
T-CSE-FINANCE-001-A006-2026-07-14,CSE-FINANCE-001,CSE-FINANCE-001-A006,endpoint-events,2026-07-14,50,1,reported
T-CSE-FINANCE-001-A006-2026-07-15,CSE-FINANCE-001,CSE-FINANCE-001-A006,endpoint-events,2026-07-15,86,1,reported
T-CSE-FINANCE-001-A006-2026-07-16,CSE-FINANCE-001,CSE-FINANCE-001-A006,endpoint-events,2026-07-16,85,1,reported
T-CSE-FINANCE-001-A006-2026-07-17,CSE-FINANCE-001,CSE-FINANCE-001-A006,endpoint-events,2026-07-17,13,1,reported
T-CSE-FINANCE-001-A006-2026-07-18,CSE-FINANCE-001,CSE-FINANCE-001-A006,endpoint-events,2026-07-18,45,1,reported
T-CSE-FINANCE-001-A006-2026-07-19,CSE-FINANCE-001,CSE-FINANCE-001-A006,endpoint-events,2026-07-19,58,1,reported
T-CSE-FINANCE-001-A006-2026-07-20,CSE-FINANCE-001,CSE-FINANCE-001-A006,endpoint-events,2026-07-20,42,1,reported
T-CSE-FINANCE-001-A006-2026-07-21,CSE-FINANCE-001,CSE-FINANCE-001-A006,endpoint-events,2026-07-21,19,1,reported
T-CSE-FINANCE-001-A006-2026-07-22,CSE-FINANCE-001,CSE-FINANCE-001-A006,endpoint-events,2026-07-22,27,1,reported
T-CSE-FINANCE-001-A006-2026-07-23,CSE-FINANCE-001,CSE-FINANCE-001-A006,endpoint-events,2026-07-23,71,1,reported
T-CSE-FINANCE-001-A006-2026-07-24,CSE-FINANCE-001,CSE-FINANCE-001-A006,endpoint-events,2026-07-24,51,1,reported
T-CSE-FINANCE-001-A006-2026-07-25,CSE-FINANCE-001,CSE-FINANCE-001-A006,endpoint-events,2026-07-25,32,1,reported
T-CSE-FINANCE-001-A006-2026-07-26,CSE-FINANCE-001,CSE-FINANCE-001-A006,endpoint-events,2026-07-26,63,1,reported
T-CSE-FINANCE-001-A006-2026-07-27,CSE-FINANCE-001,CSE-FINANCE-001-A006,endpoint-events,2026-07-27,76,1,reported
T-CSE-FINANCE-001-A006-2026-07-28,CSE-FINANCE-001,CSE-FINANCE-001-A006,endpoint-events,2026-07-28,51,1,reported
T-CSE-FINANCE-001-A006-2026-07-29,CSE-FINANCE-001,CSE-FINANCE-001-A006,endpoint-events,2026-07-29,27,1,reported
T-CSE-FINANCE-001-A006-2026-07-30,CSE-FINANCE-001,CSE-FINANCE-001-A006,endpoint-events,2026-07-30,49,1,reported
T-CSE-FINANCE-001-A006-2026-07-31,CSE-FINANCE-001,CSE-FINANCE-001-A006,endpoint-events,2026-07-31,59,1,reported
T-CSE-FINANCE-001-A006-2026-08-01,CSE-FINANCE-001,CSE-FINANCE-001-A006,endpoint-events,2026-08-01,40,1,reported
T-CSE-FINANCE-001-A006-2026-08-02,CSE-FINANCE-001,CSE-FINANCE-001-A006,endpoint-events,2026-08-02,40,1,reported
T-CSE-FINANCE-001-A006-2026-08-03,CSE-FINANCE-001,CSE-FINANCE-001-A006,endpoint-events,2026-08-03,29,1,reported
T-CSE-FINANCE-001-A006-2026-08-04,CSE-FINANCE-001,CSE-FINANCE-001-A006,endpoint-events,2026-08-04,73,1,reported
T-CSE-FINANCE-001-A006-2026-08-05,CSE-FINANCE-001,CSE-FINANCE-001-A006,endpoint-events,2026-08-05,31,1,reported
T-CSE-FINANCE-001-A006-2026-08-06,CSE-FINANCE-001,CSE-FINANCE-001-A006,endpoint-events,2026-08-06,70,1,reported
T-CSE-FINANCE-001-A006-2026-08-07,CSE-FINANCE-001,CSE-FINANCE-001-A006,endpoint-events,2026-08-07,89,1,reported
T-CSE-FINANCE-001-A006-2026-08-08,CSE-FINANCE-001,CSE-FINANCE-001-A006,endpoint-events,2026-08-08,59,1,reported
T-CSE-FINANCE-001-A006-2026-08-09,CSE-FINANCE-001,CSE-FINANCE-001-A006,endpoint-events,2026-08-09,65,1,reported
T-CSE-FINANCE-001-A006-2026-08-10,CSE-FINANCE-001,CSE-FINANCE-001-A006,endpoint-events,2026-08-10,82,1,reported
T-CSE-FINANCE-001-A006-2026-08-11,CSE-FINANCE-001,CSE-FINANCE-001-A006,endpoint-events,2026-08-11,72,1,reported
T-CSE-FINANCE-001-A006-2026-08-12,CSE-FINANCE-001,CSE-FINANCE-001-A006,endpoint-events,2026-08-12,80,1,reported
T-CSE-FINANCE-001-A006-2026-08-13,CSE-FINANCE-001,CSE-FINANCE-001-A006,endpoint-events,2026-08-13,39,1,reported
T-CSE-FINANCE-001-A006-2026-08-14,CSE-FINANCE-001,CSE-FINANCE-001-A006,endpoint-events,2026-08-14,43,1,reported
T-CSE-FINANCE-001-A006-2026-08-15,CSE-FINANCE-001,CSE-FINANCE-001-A006,endpoint-events,2026-08-15,88,1,reported
T-CSE-FINANCE-001-A006-2026-08-16,CSE-FINANCE-001,CSE-FINANCE-001-A006,endpoint-events,2026-08-16,22,1,reported
T-CSE-FINANCE-001-A006-2026-08-17,CSE-FINANCE-001,CSE-FINANCE-001-A006,endpoint-events,2026-08-17,79,1,reported
T-CSE-FINANCE-001-A006-2026-08-18,CSE-FINANCE-001,CSE-FINANCE-001-A006,endpoint-events,2026-08-18,69,1,reported
T-CSE-FINANCE-001-A006-2026-08-19,CSE-FINANCE-001,CSE-FINANCE-001-A006,endpoint-events,2026-08-19,79,1,reported
T-CSE-FINANCE-001-A006-2026-08-20,CSE-FINANCE-001,CSE-FINANCE-001-A006,endpoint-events,2026-08-20,58,1,reported
T-CSE-FINANCE-001-A006-2026-08-21,CSE-FINANCE-001,CSE-FINANCE-001-A006,endpoint-events,2026-08-21,21,1,reported
T-CSE-FINANCE-001-A006-2026-08-22,CSE-FINANCE-001,CSE-FINANCE-001-A006,endpoint-events,2026-08-22,84,1,reported
T-CSE-FINANCE-001-A006-2026-08-23,CSE-FINANCE-001,CSE-FINANCE-001-A006,endpoint-events,2026-08-23,26,1,reported
T-CSE-FINANCE-001-A006-2026-08-24,CSE-FINANCE-001,CSE-FINANCE-001-A006,endpoint-events,2026-08-24,19,1,reported
T-CSE-FINANCE-001-A006-2026-08-25,CSE-FINANCE-001,CSE-FINANCE-001-A006,endpoint-events,2026-08-25,82,1,reported
T-CSE-FINANCE-001-A006-2026-08-26,CSE-FINANCE-001,CSE-FINANCE-001-A006,endpoint-events,2026-08-26,76,1,reported
T-CSE-FINANCE-001-A006-2026-08-27,CSE-FINANCE-001,CSE-FINANCE-001-A006,endpoint-events,2026-08-27,37,1,reported
T-CSE-FINANCE-001-A006-2026-08-28,CSE-FINANCE-001,CSE-FINANCE-001-A006,endpoint-events,2026-08-28,85,1,reported
T-CSE-FINANCE-001-A006-2026-08-29,CSE-FINANCE-001,CSE-FINANCE-001-A006,endpoint-events,2026-08-29,80,1,reported
T-CSE-FINANCE-001-A006-2026-08-30,CSE-FINANCE-001,CSE-FINANCE-001-A006,endpoint-events,2026-08-30,31,1,reported
T-CSE-FINANCE-001-A006-2026-08-31,CSE-FINANCE-001,CSE-FINANCE-001-A006,endpoint-events,2026-08-31,33,1,reported
T-CSE-FINANCE-001-A007-2026-06-03,CSE-FINANCE-001,CSE-FINANCE-001-A007,identity-logs,2026-06-03,53,1,reported
T-CSE-FINANCE-001-A007-2026-06-04,CSE-FINANCE-001,CSE-FINANCE-001-A007,identity-logs,2026-06-04,78,1,reported
T-CSE-FINANCE-001-A007-2026-06-05,CSE-FINANCE-001,CSE-FINANCE-001-A007,identity-logs,2026-06-05,68,1,reported
T-CSE-FINANCE-001-A007-2026-06-06,CSE-FINANCE-001,CSE-FINANCE-001-A007,identity-logs,2026-06-06,26,1,reported
T-CSE-FINANCE-001-A007-2026-06-07,CSE-FINANCE-001,CSE-FINANCE-001-A007,identity-logs,2026-06-07,38,1,reported
T-CSE-FINANCE-001-A007-2026-06-08,CSE-FINANCE-001,CSE-FINANCE-001-A007,identity-logs,2026-06-08,86,1,reported
T-CSE-FINANCE-001-A007-2026-06-09,CSE-FINANCE-001,CSE-FINANCE-001-A007,identity-logs,2026-06-09,74,1,reported
T-CSE-FINANCE-001-A007-2026-06-10,CSE-FINANCE-001,CSE-FINANCE-001-A007,identity-logs,2026-06-10,23,1,reported
T-CSE-FINANCE-001-A007-2026-06-11,CSE-FINANCE-001,CSE-FINANCE-001-A007,identity-logs,2026-06-11,77,1,reported
T-CSE-FINANCE-001-A007-2026-06-12,CSE-FINANCE-001,CSE-FINANCE-001-A007,identity-logs,2026-06-12,69,1,reported
T-CSE-FINANCE-001-A007-2026-06-13,CSE-FINANCE-001,CSE-FINANCE-001-A007,identity-logs,2026-06-13,19,1,reported
T-CSE-FINANCE-001-A007-2026-06-14,CSE-FINANCE-001,CSE-FINANCE-001-A007,identity-logs,2026-06-14,70,1,reported
T-CSE-FINANCE-001-A007-2026-06-15,CSE-FINANCE-001,CSE-FINANCE-001-A007,identity-logs,2026-06-15,28,1,reported
T-CSE-FINANCE-001-A007-2026-06-16,CSE-FINANCE-001,CSE-FINANCE-001-A007,identity-logs,2026-06-16,77,1,reported
T-CSE-FINANCE-001-A007-2026-06-17,CSE-FINANCE-001,CSE-FINANCE-001-A007,identity-logs,2026-06-17,65,1,reported
T-CSE-FINANCE-001-A007-2026-06-18,CSE-FINANCE-001,CSE-FINANCE-001-A007,identity-logs,2026-06-18,70,1,reported
T-CSE-FINANCE-001-A007-2026-06-19,CSE-FINANCE-001,CSE-FINANCE-001-A007,identity-logs,2026-06-19,84,1,reported
T-CSE-FINANCE-001-A007-2026-06-20,CSE-FINANCE-001,CSE-FINANCE-001-A007,identity-logs,2026-06-20,19,1,reported
T-CSE-FINANCE-001-A007-2026-06-21,CSE-FINANCE-001,CSE-FINANCE-001-A007,identity-logs,2026-06-21,83,1,reported
T-CSE-FINANCE-001-A007-2026-06-22,CSE-FINANCE-001,CSE-FINANCE-001-A007,identity-logs,2026-06-22,71,1,reported
T-CSE-FINANCE-001-A007-2026-06-23,CSE-FINANCE-001,CSE-FINANCE-001-A007,identity-logs,2026-06-23,51,1,reported
T-CSE-FINANCE-001-A007-2026-06-24,CSE-FINANCE-001,CSE-FINANCE-001-A007,identity-logs,2026-06-24,14,1,reported
T-CSE-FINANCE-001-A007-2026-06-25,CSE-FINANCE-001,CSE-FINANCE-001-A007,identity-logs,2026-06-25,62,1,reported
T-CSE-FINANCE-001-A007-2026-06-26,CSE-FINANCE-001,CSE-FINANCE-001-A007,identity-logs,2026-06-26,44,1,reported
T-CSE-FINANCE-001-A007-2026-06-27,CSE-FINANCE-001,CSE-FINANCE-001-A007,identity-logs,2026-06-27,12,1,reported
T-CSE-FINANCE-001-A007-2026-06-28,CSE-FINANCE-001,CSE-FINANCE-001-A007,identity-logs,2026-06-28,39,1,reported
T-CSE-FINANCE-001-A007-2026-06-29,CSE-FINANCE-001,CSE-FINANCE-001-A007,identity-logs,2026-06-29,86,1,reported
T-CSE-FINANCE-001-A007-2026-06-30,CSE-FINANCE-001,CSE-FINANCE-001-A007,identity-logs,2026-06-30,21,1,reported
T-CSE-FINANCE-001-A007-2026-07-01,CSE-FINANCE-001,CSE-FINANCE-001-A007,identity-logs,2026-07-01,17,1,reported
T-CSE-FINANCE-001-A007-2026-07-02,CSE-FINANCE-001,CSE-FINANCE-001-A007,identity-logs,2026-07-02,66,1,reported
T-CSE-FINANCE-001-A007-2026-07-03,CSE-FINANCE-001,CSE-FINANCE-001-A007,identity-logs,2026-07-03,56,1,reported
T-CSE-FINANCE-001-A007-2026-07-04,CSE-FINANCE-001,CSE-FINANCE-001-A007,identity-logs,2026-07-04,20,1,reported
T-CSE-FINANCE-001-A007-2026-07-05,CSE-FINANCE-001,CSE-FINANCE-001-A007,identity-logs,2026-07-05,81,1,reported
T-CSE-FINANCE-001-A007-2026-07-06,CSE-FINANCE-001,CSE-FINANCE-001-A007,identity-logs,2026-07-06,19,1,reported
T-CSE-FINANCE-001-A007-2026-07-07,CSE-FINANCE-001,CSE-FINANCE-001-A007,identity-logs,2026-07-07,20,1,reported
T-CSE-FINANCE-001-A007-2026-07-08,CSE-FINANCE-001,CSE-FINANCE-001-A007,identity-logs,2026-07-08,72,1,reported
T-CSE-FINANCE-001-A007-2026-07-09,CSE-FINANCE-001,CSE-FINANCE-001-A007,identity-logs,2026-07-09,16,1,reported
T-CSE-FINANCE-001-A007-2026-07-10,CSE-FINANCE-001,CSE-FINANCE-001-A007,identity-logs,2026-07-10,48,1,reported
T-CSE-FINANCE-001-A007-2026-07-11,CSE-FINANCE-001,CSE-FINANCE-001-A007,identity-logs,2026-07-11,64,1,reported
T-CSE-FINANCE-001-A007-2026-07-12,CSE-FINANCE-001,CSE-FINANCE-001-A007,identity-logs,2026-07-12,35,1,reported
T-CSE-FINANCE-001-A007-2026-07-13,CSE-FINANCE-001,CSE-FINANCE-001-A007,identity-logs,2026-07-13,29,1,reported
T-CSE-FINANCE-001-A007-2026-07-14,CSE-FINANCE-001,CSE-FINANCE-001-A007,identity-logs,2026-07-14,65,1,reported
T-CSE-FINANCE-001-A007-2026-07-15,CSE-FINANCE-001,CSE-FINANCE-001-A007,identity-logs,2026-07-15,59,1,reported
T-CSE-FINANCE-001-A007-2026-07-16,CSE-FINANCE-001,CSE-FINANCE-001-A007,identity-logs,2026-07-16,60,1,reported
T-CSE-FINANCE-001-A007-2026-07-17,CSE-FINANCE-001,CSE-FINANCE-001-A007,identity-logs,2026-07-17,69,1,reported
T-CSE-FINANCE-001-A007-2026-07-18,CSE-FINANCE-001,CSE-FINANCE-001-A007,identity-logs,2026-07-18,60,1,reported
T-CSE-FINANCE-001-A007-2026-07-19,CSE-FINANCE-001,CSE-FINANCE-001-A007,identity-logs,2026-07-19,60,1,reported
T-CSE-FINANCE-001-A007-2026-07-20,CSE-FINANCE-001,CSE-FINANCE-001-A007,identity-logs,2026-07-20,22,1,reported
T-CSE-FINANCE-001-A007-2026-07-21,CSE-FINANCE-001,CSE-FINANCE-001-A007,identity-logs,2026-07-21,81,1,reported
T-CSE-FINANCE-001-A007-2026-07-22,CSE-FINANCE-001,CSE-FINANCE-001-A007,identity-logs,2026-07-22,29,1,reported
T-CSE-FINANCE-001-A007-2026-07-23,CSE-FINANCE-001,CSE-FINANCE-001-A007,identity-logs,2026-07-23,56,1,reported
T-CSE-FINANCE-001-A007-2026-07-24,CSE-FINANCE-001,CSE-FINANCE-001-A007,identity-logs,2026-07-24,27,1,reported
T-CSE-FINANCE-001-A007-2026-07-25,CSE-FINANCE-001,CSE-FINANCE-001-A007,identity-logs,2026-07-25,34,1,reported
T-CSE-FINANCE-001-A007-2026-07-26,CSE-FINANCE-001,CSE-FINANCE-001-A007,identity-logs,2026-07-26,80,1,reported
T-CSE-FINANCE-001-A007-2026-07-27,CSE-FINANCE-001,CSE-FINANCE-001-A007,identity-logs,2026-07-27,62,1,reported
T-CSE-FINANCE-001-A007-2026-07-28,CSE-FINANCE-001,CSE-FINANCE-001-A007,identity-logs,2026-07-28,79,1,reported
T-CSE-FINANCE-001-A007-2026-07-29,CSE-FINANCE-001,CSE-FINANCE-001-A007,identity-logs,2026-07-29,28,1,reported
T-CSE-FINANCE-001-A007-2026-07-30,CSE-FINANCE-001,CSE-FINANCE-001-A007,identity-logs,2026-07-30,40,1,reported
T-CSE-FINANCE-001-A007-2026-07-31,CSE-FINANCE-001,CSE-FINANCE-001-A007,identity-logs,2026-07-31,12,1,reported
T-CSE-FINANCE-001-A007-2026-08-01,CSE-FINANCE-001,CSE-FINANCE-001-A007,identity-logs,2026-08-01,14,1,reported
T-CSE-FINANCE-001-A007-2026-08-02,CSE-FINANCE-001,CSE-FINANCE-001-A007,identity-logs,2026-08-02,50,1,reported
T-CSE-FINANCE-001-A007-2026-08-03,CSE-FINANCE-001,CSE-FINANCE-001-A007,identity-logs,2026-08-03,71,1,reported
T-CSE-FINANCE-001-A007-2026-08-04,CSE-FINANCE-001,CSE-FINANCE-001-A007,identity-logs,2026-08-04,81,1,reported
T-CSE-FINANCE-001-A007-2026-08-05,CSE-FINANCE-001,CSE-FINANCE-001-A007,identity-logs,2026-08-05,66,1,reported
T-CSE-FINANCE-001-A007-2026-08-06,CSE-FINANCE-001,CSE-FINANCE-001-A007,identity-logs,2026-08-06,80,1,reported
T-CSE-FINANCE-001-A007-2026-08-07,CSE-FINANCE-001,CSE-FINANCE-001-A007,identity-logs,2026-08-07,60,1,reported
T-CSE-FINANCE-001-A007-2026-08-08,CSE-FINANCE-001,CSE-FINANCE-001-A007,identity-logs,2026-08-08,41,1,reported
T-CSE-FINANCE-001-A007-2026-08-09,CSE-FINANCE-001,CSE-FINANCE-001-A007,identity-logs,2026-08-09,43,1,reported
T-CSE-FINANCE-001-A007-2026-08-10,CSE-FINANCE-001,CSE-FINANCE-001-A007,identity-logs,2026-08-10,70,1,reported
T-CSE-FINANCE-001-A007-2026-08-11,CSE-FINANCE-001,CSE-FINANCE-001-A007,identity-logs,2026-08-11,56,1,reported
T-CSE-FINANCE-001-A007-2026-08-12,CSE-FINANCE-001,CSE-FINANCE-001-A007,identity-logs,2026-08-12,31,1,reported
T-CSE-FINANCE-001-A007-2026-08-13,CSE-FINANCE-001,CSE-FINANCE-001-A007,identity-logs,2026-08-13,47,1,reported
T-CSE-FINANCE-001-A007-2026-08-14,CSE-FINANCE-001,CSE-FINANCE-001-A007,identity-logs,2026-08-14,36,1,reported
T-CSE-FINANCE-001-A007-2026-08-15,CSE-FINANCE-001,CSE-FINANCE-001-A007,identity-logs,2026-08-15,26,1,reported
T-CSE-FINANCE-001-A007-2026-08-16,CSE-FINANCE-001,CSE-FINANCE-001-A007,identity-logs,2026-08-16,16,1,reported
T-CSE-FINANCE-001-A007-2026-08-17,CSE-FINANCE-001,CSE-FINANCE-001-A007,identity-logs,2026-08-17,65,1,reported
T-CSE-FINANCE-001-A007-2026-08-18,CSE-FINANCE-001,CSE-FINANCE-001-A007,identity-logs,2026-08-18,14,1,reported
T-CSE-FINANCE-001-A007-2026-08-19,CSE-FINANCE-001,CSE-FINANCE-001-A007,identity-logs,2026-08-19,42,1,reported
T-CSE-FINANCE-001-A007-2026-08-20,CSE-FINANCE-001,CSE-FINANCE-001-A007,identity-logs,2026-08-20,38,1,reported
T-CSE-FINANCE-001-A007-2026-08-21,CSE-FINANCE-001,CSE-FINANCE-001-A007,identity-logs,2026-08-21,20,1,reported
T-CSE-FINANCE-001-A007-2026-08-22,CSE-FINANCE-001,CSE-FINANCE-001-A007,identity-logs,2026-08-22,24,1,reported
T-CSE-FINANCE-001-A007-2026-08-23,CSE-FINANCE-001,CSE-FINANCE-001-A007,identity-logs,2026-08-23,88,1,reported
T-CSE-FINANCE-001-A007-2026-08-24,CSE-FINANCE-001,CSE-FINANCE-001-A007,identity-logs,2026-08-24,16,1,reported
T-CSE-FINANCE-001-A007-2026-08-25,CSE-FINANCE-001,CSE-FINANCE-001-A007,identity-logs,2026-08-25,69,1,reported
T-CSE-FINANCE-001-A007-2026-08-26,CSE-FINANCE-001,CSE-FINANCE-001-A007,identity-logs,2026-08-26,88,1,reported
T-CSE-FINANCE-001-A007-2026-08-27,CSE-FINANCE-001,CSE-FINANCE-001-A007,identity-logs,2026-08-27,18,1,reported
T-CSE-FINANCE-001-A007-2026-08-28,CSE-FINANCE-001,CSE-FINANCE-001-A007,identity-logs,2026-08-28,43,1,reported
T-CSE-FINANCE-001-A007-2026-08-29,CSE-FINANCE-001,CSE-FINANCE-001-A007,identity-logs,2026-08-29,17,1,reported
T-CSE-FINANCE-001-A007-2026-08-30,CSE-FINANCE-001,CSE-FINANCE-001-A007,identity-logs,2026-08-30,63,1,reported
T-CSE-FINANCE-001-A007-2026-08-31,CSE-FINANCE-001,CSE-FINANCE-001-A007,identity-logs,2026-08-31,68,1,reported
T-CSE-FINANCE-001-A008-2026-06-03,CSE-FINANCE-001,CSE-FINANCE-001-A008,endpoint-events,2026-06-03,41,1,reported
T-CSE-FINANCE-001-A008-2026-06-04,CSE-FINANCE-001,CSE-FINANCE-001-A008,endpoint-events,2026-06-04,81,1,reported
T-CSE-FINANCE-001-A008-2026-06-05,CSE-FINANCE-001,CSE-FINANCE-001-A008,endpoint-events,2026-06-05,39,1,reported
T-CSE-FINANCE-001-A008-2026-06-06,CSE-FINANCE-001,CSE-FINANCE-001-A008,endpoint-events,2026-06-06,19,1,reported
T-CSE-FINANCE-001-A008-2026-06-07,CSE-FINANCE-001,CSE-FINANCE-001-A008,endpoint-events,2026-06-07,29,1,reported
T-CSE-FINANCE-001-A008-2026-06-08,CSE-FINANCE-001,CSE-FINANCE-001-A008,endpoint-events,2026-06-08,76,1,reported
T-CSE-FINANCE-001-A008-2026-06-09,CSE-FINANCE-001,CSE-FINANCE-001-A008,endpoint-events,2026-06-09,49,1,reported
T-CSE-FINANCE-001-A008-2026-06-10,CSE-FINANCE-001,CSE-FINANCE-001-A008,endpoint-events,2026-06-10,41,1,reported
T-CSE-FINANCE-001-A008-2026-06-11,CSE-FINANCE-001,CSE-FINANCE-001-A008,endpoint-events,2026-06-11,85,1,reported
T-CSE-FINANCE-001-A008-2026-06-12,CSE-FINANCE-001,CSE-FINANCE-001-A008,endpoint-events,2026-06-12,52,1,reported
T-CSE-FINANCE-001-A008-2026-06-13,CSE-FINANCE-001,CSE-FINANCE-001-A008,endpoint-events,2026-06-13,85,1,reported
T-CSE-FINANCE-001-A008-2026-06-14,CSE-FINANCE-001,CSE-FINANCE-001-A008,endpoint-events,2026-06-14,88,1,reported
T-CSE-FINANCE-001-A008-2026-06-15,CSE-FINANCE-001,CSE-FINANCE-001-A008,endpoint-events,2026-06-15,53,1,reported
T-CSE-FINANCE-001-A008-2026-06-16,CSE-FINANCE-001,CSE-FINANCE-001-A008,endpoint-events,2026-06-16,42,1,reported
T-CSE-FINANCE-001-A008-2026-06-17,CSE-FINANCE-001,CSE-FINANCE-001-A008,endpoint-events,2026-06-17,50,1,reported
T-CSE-FINANCE-001-A008-2026-06-18,CSE-FINANCE-001,CSE-FINANCE-001-A008,endpoint-events,2026-06-18,30,1,reported
T-CSE-FINANCE-001-A008-2026-06-19,CSE-FINANCE-001,CSE-FINANCE-001-A008,endpoint-events,2026-06-19,78,1,reported
T-CSE-FINANCE-001-A008-2026-06-20,CSE-FINANCE-001,CSE-FINANCE-001-A008,endpoint-events,2026-06-20,40,1,reported
T-CSE-FINANCE-001-A008-2026-06-21,CSE-FINANCE-001,CSE-FINANCE-001-A008,endpoint-events,2026-06-21,64,1,reported
T-CSE-FINANCE-001-A008-2026-06-22,CSE-FINANCE-001,CSE-FINANCE-001-A008,endpoint-events,2026-06-22,50,1,reported
T-CSE-FINANCE-001-A008-2026-06-23,CSE-FINANCE-001,CSE-FINANCE-001-A008,endpoint-events,2026-06-23,47,1,reported
T-CSE-FINANCE-001-A008-2026-06-24,CSE-FINANCE-001,CSE-FINANCE-001-A008,endpoint-events,2026-06-24,19,1,reported
T-CSE-FINANCE-001-A008-2026-06-25,CSE-FINANCE-001,CSE-FINANCE-001-A008,endpoint-events,2026-06-25,83,1,reported
T-CSE-FINANCE-001-A008-2026-06-26,CSE-FINANCE-001,CSE-FINANCE-001-A008,endpoint-events,2026-06-26,87,1,reported
T-CSE-FINANCE-001-A008-2026-06-27,CSE-FINANCE-001,CSE-FINANCE-001-A008,endpoint-events,2026-06-27,34,1,reported
T-CSE-FINANCE-001-A008-2026-06-28,CSE-FINANCE-001,CSE-FINANCE-001-A008,endpoint-events,2026-06-28,66,1,reported
T-CSE-FINANCE-001-A008-2026-06-29,CSE-FINANCE-001,CSE-FINANCE-001-A008,endpoint-events,2026-06-29,83,1,reported
T-CSE-FINANCE-001-A008-2026-06-30,CSE-FINANCE-001,CSE-FINANCE-001-A008,endpoint-events,2026-06-30,75,1,reported
T-CSE-FINANCE-001-A008-2026-07-01,CSE-FINANCE-001,CSE-FINANCE-001-A008,endpoint-events,2026-07-01,18,1,reported
T-CSE-FINANCE-001-A008-2026-07-02,CSE-FINANCE-001,CSE-FINANCE-001-A008,endpoint-events,2026-07-02,56,1,reported
T-CSE-FINANCE-001-A008-2026-07-03,CSE-FINANCE-001,CSE-FINANCE-001-A008,endpoint-events,2026-07-03,60,1,reported
T-CSE-FINANCE-001-A008-2026-07-04,CSE-FINANCE-001,CSE-FINANCE-001-A008,endpoint-events,2026-07-04,79,1,reported
T-CSE-FINANCE-001-A008-2026-07-05,CSE-FINANCE-001,CSE-FINANCE-001-A008,endpoint-events,2026-07-05,52,1,reported
T-CSE-FINANCE-001-A008-2026-07-06,CSE-FINANCE-001,CSE-FINANCE-001-A008,endpoint-events,2026-07-06,65,1,reported
T-CSE-FINANCE-001-A008-2026-07-07,CSE-FINANCE-001,CSE-FINANCE-001-A008,endpoint-events,2026-07-07,64,1,reported
T-CSE-FINANCE-001-A008-2026-07-08,CSE-FINANCE-001,CSE-FINANCE-001-A008,endpoint-events,2026-07-08,31,1,reported
T-CSE-FINANCE-001-A008-2026-07-09,CSE-FINANCE-001,CSE-FINANCE-001-A008,endpoint-events,2026-07-09,50,1,reported
T-CSE-FINANCE-001-A008-2026-07-10,CSE-FINANCE-001,CSE-FINANCE-001-A008,endpoint-events,2026-07-10,60,1,reported
T-CSE-FINANCE-001-A008-2026-07-11,CSE-FINANCE-001,CSE-FINANCE-001-A008,endpoint-events,2026-07-11,35,1,reported
T-CSE-FINANCE-001-A008-2026-07-12,CSE-FINANCE-001,CSE-FINANCE-001-A008,endpoint-events,2026-07-12,80,1,reported
T-CSE-FINANCE-001-A008-2026-07-13,CSE-FINANCE-001,CSE-FINANCE-001-A008,endpoint-events,2026-07-13,72,1,reported
T-CSE-FINANCE-001-A008-2026-07-14,CSE-FINANCE-001,CSE-FINANCE-001-A008,endpoint-events,2026-07-14,42,1,reported
T-CSE-FINANCE-001-A008-2026-07-15,CSE-FINANCE-001,CSE-FINANCE-001-A008,endpoint-events,2026-07-15,40,1,reported
T-CSE-FINANCE-001-A008-2026-07-16,CSE-FINANCE-001,CSE-FINANCE-001-A008,endpoint-events,2026-07-16,50,1,reported
T-CSE-FINANCE-001-A008-2026-07-17,CSE-FINANCE-001,CSE-FINANCE-001-A008,endpoint-events,2026-07-17,30,1,reported
T-CSE-FINANCE-001-A008-2026-07-18,CSE-FINANCE-001,CSE-FINANCE-001-A008,endpoint-events,2026-07-18,71,1,reported
T-CSE-FINANCE-001-A008-2026-07-19,CSE-FINANCE-001,CSE-FINANCE-001-A008,endpoint-events,2026-07-19,19,1,reported
T-CSE-FINANCE-001-A008-2026-07-20,CSE-FINANCE-001,CSE-FINANCE-001-A008,endpoint-events,2026-07-20,83,1,reported
T-CSE-FINANCE-001-A008-2026-07-21,CSE-FINANCE-001,CSE-FINANCE-001-A008,endpoint-events,2026-07-21,64,1,reported
T-CSE-FINANCE-001-A008-2026-07-22,CSE-FINANCE-001,CSE-FINANCE-001-A008,endpoint-events,2026-07-22,65,1,reported
T-CSE-FINANCE-001-A008-2026-07-23,CSE-FINANCE-001,CSE-FINANCE-001-A008,endpoint-events,2026-07-23,83,1,reported
T-CSE-FINANCE-001-A008-2026-07-24,CSE-FINANCE-001,CSE-FINANCE-001-A008,endpoint-events,2026-07-24,79,1,reported
T-CSE-FINANCE-001-A008-2026-07-25,CSE-FINANCE-001,CSE-FINANCE-001-A008,endpoint-events,2026-07-25,29,1,reported
T-CSE-FINANCE-001-A008-2026-07-26,CSE-FINANCE-001,CSE-FINANCE-001-A008,endpoint-events,2026-07-26,61,1,reported
T-CSE-FINANCE-001-A008-2026-07-27,CSE-FINANCE-001,CSE-FINANCE-001-A008,endpoint-events,2026-07-27,43,1,reported
T-CSE-FINANCE-001-A008-2026-07-28,CSE-FINANCE-001,CSE-FINANCE-001-A008,endpoint-events,2026-07-28,44,1,reported
T-CSE-FINANCE-001-A008-2026-07-29,CSE-FINANCE-001,CSE-FINANCE-001-A008,endpoint-events,2026-07-29,38,1,reported
T-CSE-FINANCE-001-A008-2026-07-30,CSE-FINANCE-001,CSE-FINANCE-001-A008,endpoint-events,2026-07-30,54,1,reported
T-CSE-FINANCE-001-A008-2026-07-31,CSE-FINANCE-001,CSE-FINANCE-001-A008,endpoint-events,2026-07-31,22,1,reported
T-CSE-FINANCE-001-A008-2026-08-01,CSE-FINANCE-001,CSE-FINANCE-001-A008,endpoint-events,2026-08-01,69,1,reported
T-CSE-FINANCE-001-A008-2026-08-02,CSE-FINANCE-001,CSE-FINANCE-001-A008,endpoint-events,2026-08-02,59,1,reported
T-CSE-FINANCE-001-A008-2026-08-03,CSE-FINANCE-001,CSE-FINANCE-001-A008,endpoint-events,2026-08-03,23,1,reported
T-CSE-FINANCE-001-A008-2026-08-04,CSE-FINANCE-001,CSE-FINANCE-001-A008,endpoint-events,2026-08-04,80,1,reported
T-CSE-FINANCE-001-A008-2026-08-05,CSE-FINANCE-001,CSE-FINANCE-001-A008,endpoint-events,2026-08-05,36,1,reported
T-CSE-FINANCE-001-A008-2026-08-06,CSE-FINANCE-001,CSE-FINANCE-001-A008,endpoint-events,2026-08-06,18,1,reported
T-CSE-FINANCE-001-A008-2026-08-07,CSE-FINANCE-001,CSE-FINANCE-001-A008,endpoint-events,2026-08-07,46,1,reported
T-CSE-FINANCE-001-A008-2026-08-08,CSE-FINANCE-001,CSE-FINANCE-001-A008,endpoint-events,2026-08-08,60,1,reported
T-CSE-FINANCE-001-A008-2026-08-09,CSE-FINANCE-001,CSE-FINANCE-001-A008,endpoint-events,2026-08-09,89,1,reported
T-CSE-FINANCE-001-A008-2026-08-10,CSE-FINANCE-001,CSE-FINANCE-001-A008,endpoint-events,2026-08-10,89,1,reported
T-CSE-FINANCE-001-A008-2026-08-11,CSE-FINANCE-001,CSE-FINANCE-001-A008,endpoint-events,2026-08-11,17,1,reported
T-CSE-FINANCE-001-A008-2026-08-12,CSE-FINANCE-001,CSE-FINANCE-001-A008,endpoint-events,2026-08-12,21,1,reported
T-CSE-FINANCE-001-A008-2026-08-13,CSE-FINANCE-001,CSE-FINANCE-001-A008,endpoint-events,2026-08-13,36,1,reported
T-CSE-FINANCE-001-A008-2026-08-14,CSE-FINANCE-001,CSE-FINANCE-001-A008,endpoint-events,2026-08-14,87,1,reported
T-CSE-FINANCE-001-A008-2026-08-15,CSE-FINANCE-001,CSE-FINANCE-001-A008,endpoint-events,2026-08-15,83,1,reported
T-CSE-FINANCE-001-A008-2026-08-16,CSE-FINANCE-001,CSE-FINANCE-001-A008,endpoint-events,2026-08-16,39,1,reported
T-CSE-FINANCE-001-A008-2026-08-17,CSE-FINANCE-001,CSE-FINANCE-001-A008,endpoint-events,2026-08-17,73,1,reported
T-CSE-FINANCE-001-A008-2026-08-18,CSE-FINANCE-001,CSE-FINANCE-001-A008,endpoint-events,2026-08-18,38,1,reported
T-CSE-FINANCE-001-A008-2026-08-19,CSE-FINANCE-001,CSE-FINANCE-001-A008,endpoint-events,2026-08-19,54,1,reported
T-CSE-FINANCE-001-A008-2026-08-20,CSE-FINANCE-001,CSE-FINANCE-001-A008,endpoint-events,2026-08-20,50,1,reported
T-CSE-FINANCE-001-A008-2026-08-21,CSE-FINANCE-001,CSE-FINANCE-001-A008,endpoint-events,2026-08-21,13,1,reported
T-CSE-FINANCE-001-A008-2026-08-22,CSE-FINANCE-001,CSE-FINANCE-001-A008,endpoint-events,2026-08-22,39,1,reported
T-CSE-FINANCE-001-A008-2026-08-23,CSE-FINANCE-001,CSE-FINANCE-001-A008,endpoint-events,2026-08-23,36,1,reported
T-CSE-FINANCE-001-A008-2026-08-24,CSE-FINANCE-001,CSE-FINANCE-001-A008,endpoint-events,2026-08-24,27,1,reported
T-CSE-FINANCE-001-A008-2026-08-25,CSE-FINANCE-001,CSE-FINANCE-001-A008,endpoint-events,2026-08-25,73,1,reported
T-CSE-FINANCE-001-A008-2026-08-26,CSE-FINANCE-001,CSE-FINANCE-001-A008,endpoint-events,2026-08-26,43,1,reported
T-CSE-FINANCE-001-A008-2026-08-27,CSE-FINANCE-001,CSE-FINANCE-001-A008,endpoint-events,2026-08-27,89,1,reported
T-CSE-FINANCE-001-A008-2026-08-28,CSE-FINANCE-001,CSE-FINANCE-001-A008,endpoint-events,2026-08-28,38,1,reported
T-CSE-FINANCE-001-A008-2026-08-29,CSE-FINANCE-001,CSE-FINANCE-001-A008,endpoint-events,2026-08-29,62,1,reported
T-CSE-FINANCE-001-A008-2026-08-30,CSE-FINANCE-001,CSE-FINANCE-001-A008,endpoint-events,2026-08-30,42,1,reported
T-CSE-FINANCE-001-A008-2026-08-31,CSE-FINANCE-001,CSE-FINANCE-001-A008,endpoint-events,2026-08-31,82,1,reported
T-CSE-FINANCE-001-A009-2026-06-03,CSE-FINANCE-001,CSE-FINANCE-001-A009,identity-logs,2026-06-03,53,1,reported
T-CSE-FINANCE-001-A009-2026-06-04,CSE-FINANCE-001,CSE-FINANCE-001-A009,identity-logs,2026-06-04,48,1,reported
T-CSE-FINANCE-001-A009-2026-06-05,CSE-FINANCE-001,CSE-FINANCE-001-A009,identity-logs,2026-06-05,60,1,reported
T-CSE-FINANCE-001-A009-2026-06-06,CSE-FINANCE-001,CSE-FINANCE-001-A009,identity-logs,2026-06-06,71,1,reported
T-CSE-FINANCE-001-A009-2026-06-07,CSE-FINANCE-001,CSE-FINANCE-001-A009,identity-logs,2026-06-07,80,1,reported
T-CSE-FINANCE-001-A009-2026-06-08,CSE-FINANCE-001,CSE-FINANCE-001-A009,identity-logs,2026-06-08,57,1,reported
T-CSE-FINANCE-001-A009-2026-06-09,CSE-FINANCE-001,CSE-FINANCE-001-A009,identity-logs,2026-06-09,51,1,reported
T-CSE-FINANCE-001-A009-2026-06-10,CSE-FINANCE-001,CSE-FINANCE-001-A009,identity-logs,2026-06-10,45,1,reported
T-CSE-FINANCE-001-A009-2026-06-11,CSE-FINANCE-001,CSE-FINANCE-001-A009,identity-logs,2026-06-11,58,1,reported
T-CSE-FINANCE-001-A009-2026-06-12,CSE-FINANCE-001,CSE-FINANCE-001-A009,identity-logs,2026-06-12,77,1,reported
T-CSE-FINANCE-001-A009-2026-06-13,CSE-FINANCE-001,CSE-FINANCE-001-A009,identity-logs,2026-06-13,75,1,reported
T-CSE-FINANCE-001-A009-2026-06-14,CSE-FINANCE-001,CSE-FINANCE-001-A009,identity-logs,2026-06-14,71,1,reported
T-CSE-FINANCE-001-A009-2026-06-15,CSE-FINANCE-001,CSE-FINANCE-001-A009,identity-logs,2026-06-15,24,1,reported
T-CSE-FINANCE-001-A009-2026-06-16,CSE-FINANCE-001,CSE-FINANCE-001-A009,identity-logs,2026-06-16,72,1,reported
T-CSE-FINANCE-001-A009-2026-06-17,CSE-FINANCE-001,CSE-FINANCE-001-A009,identity-logs,2026-06-17,52,1,reported
T-CSE-FINANCE-001-A009-2026-06-18,CSE-FINANCE-001,CSE-FINANCE-001-A009,identity-logs,2026-06-18,38,1,reported
T-CSE-FINANCE-001-A009-2026-06-19,CSE-FINANCE-001,CSE-FINANCE-001-A009,identity-logs,2026-06-19,59,1,reported
T-CSE-FINANCE-001-A009-2026-06-20,CSE-FINANCE-001,CSE-FINANCE-001-A009,identity-logs,2026-06-20,52,1,reported
T-CSE-FINANCE-001-A009-2026-06-21,CSE-FINANCE-001,CSE-FINANCE-001-A009,identity-logs,2026-06-21,64,1,reported
T-CSE-FINANCE-001-A009-2026-06-22,CSE-FINANCE-001,CSE-FINANCE-001-A009,identity-logs,2026-06-22,17,1,reported
T-CSE-FINANCE-001-A009-2026-06-23,CSE-FINANCE-001,CSE-FINANCE-001-A009,identity-logs,2026-06-23,84,1,reported
T-CSE-FINANCE-001-A009-2026-06-24,CSE-FINANCE-001,CSE-FINANCE-001-A009,identity-logs,2026-06-24,40,1,reported
T-CSE-FINANCE-001-A009-2026-06-25,CSE-FINANCE-001,CSE-FINANCE-001-A009,identity-logs,2026-06-25,30,1,reported
T-CSE-FINANCE-001-A009-2026-06-26,CSE-FINANCE-001,CSE-FINANCE-001-A009,identity-logs,2026-06-26,14,1,reported
T-CSE-FINANCE-001-A009-2026-06-27,CSE-FINANCE-001,CSE-FINANCE-001-A009,identity-logs,2026-06-27,45,1,reported
T-CSE-FINANCE-001-A009-2026-06-28,CSE-FINANCE-001,CSE-FINANCE-001-A009,identity-logs,2026-06-28,82,1,reported
T-CSE-FINANCE-001-A009-2026-06-29,CSE-FINANCE-001,CSE-FINANCE-001-A009,identity-logs,2026-06-29,86,1,reported
T-CSE-FINANCE-001-A009-2026-06-30,CSE-FINANCE-001,CSE-FINANCE-001-A009,identity-logs,2026-06-30,86,1,reported
T-CSE-FINANCE-001-A009-2026-07-01,CSE-FINANCE-001,CSE-FINANCE-001-A009,identity-logs,2026-07-01,65,1,reported
T-CSE-FINANCE-001-A009-2026-07-02,CSE-FINANCE-001,CSE-FINANCE-001-A009,identity-logs,2026-07-02,49,1,reported
T-CSE-FINANCE-001-A009-2026-07-03,CSE-FINANCE-001,CSE-FINANCE-001-A009,identity-logs,2026-07-03,31,1,reported
T-CSE-FINANCE-001-A009-2026-07-04,CSE-FINANCE-001,CSE-FINANCE-001-A009,identity-logs,2026-07-04,37,1,reported
T-CSE-FINANCE-001-A009-2026-07-05,CSE-FINANCE-001,CSE-FINANCE-001-A009,identity-logs,2026-07-05,54,1,reported
T-CSE-FINANCE-001-A009-2026-07-06,CSE-FINANCE-001,CSE-FINANCE-001-A009,identity-logs,2026-07-06,41,1,reported
T-CSE-FINANCE-001-A009-2026-07-07,CSE-FINANCE-001,CSE-FINANCE-001-A009,identity-logs,2026-07-07,60,1,reported
T-CSE-FINANCE-001-A009-2026-07-08,CSE-FINANCE-001,CSE-FINANCE-001-A009,identity-logs,2026-07-08,84,1,reported
T-CSE-FINANCE-001-A009-2026-07-09,CSE-FINANCE-001,CSE-FINANCE-001-A009,identity-logs,2026-07-09,43,1,reported
T-CSE-FINANCE-001-A009-2026-07-10,CSE-FINANCE-001,CSE-FINANCE-001-A009,identity-logs,2026-07-10,75,1,reported
T-CSE-FINANCE-001-A009-2026-07-11,CSE-FINANCE-001,CSE-FINANCE-001-A009,identity-logs,2026-07-11,82,1,reported
T-CSE-FINANCE-001-A009-2026-07-12,CSE-FINANCE-001,CSE-FINANCE-001-A009,identity-logs,2026-07-12,55,1,reported
T-CSE-FINANCE-001-A009-2026-07-13,CSE-FINANCE-001,CSE-FINANCE-001-A009,identity-logs,2026-07-13,44,1,reported
T-CSE-FINANCE-001-A009-2026-07-14,CSE-FINANCE-001,CSE-FINANCE-001-A009,identity-logs,2026-07-14,74,1,reported
T-CSE-FINANCE-001-A009-2026-07-15,CSE-FINANCE-001,CSE-FINANCE-001-A009,identity-logs,2026-07-15,74,1,reported
T-CSE-FINANCE-001-A009-2026-07-16,CSE-FINANCE-001,CSE-FINANCE-001-A009,identity-logs,2026-07-16,70,1,reported
T-CSE-FINANCE-001-A009-2026-07-17,CSE-FINANCE-001,CSE-FINANCE-001-A009,identity-logs,2026-07-17,33,1,reported
T-CSE-FINANCE-001-A009-2026-07-18,CSE-FINANCE-001,CSE-FINANCE-001-A009,identity-logs,2026-07-18,57,1,reported
T-CSE-FINANCE-001-A009-2026-07-19,CSE-FINANCE-001,CSE-FINANCE-001-A009,identity-logs,2026-07-19,33,1,reported
T-CSE-FINANCE-001-A009-2026-07-20,CSE-FINANCE-001,CSE-FINANCE-001-A009,identity-logs,2026-07-20,29,1,reported
T-CSE-FINANCE-001-A009-2026-07-21,CSE-FINANCE-001,CSE-FINANCE-001-A009,identity-logs,2026-07-21,81,1,reported
T-CSE-FINANCE-001-A009-2026-07-22,CSE-FINANCE-001,CSE-FINANCE-001-A009,identity-logs,2026-07-22,74,1,reported
T-CSE-FINANCE-001-A009-2026-07-23,CSE-FINANCE-001,CSE-FINANCE-001-A009,identity-logs,2026-07-23,35,1,reported
T-CSE-FINANCE-001-A009-2026-07-24,CSE-FINANCE-001,CSE-FINANCE-001-A009,identity-logs,2026-07-24,81,1,reported
T-CSE-FINANCE-001-A009-2026-07-25,CSE-FINANCE-001,CSE-FINANCE-001-A009,identity-logs,2026-07-25,19,1,reported
T-CSE-FINANCE-001-A009-2026-07-26,CSE-FINANCE-001,CSE-FINANCE-001-A009,identity-logs,2026-07-26,79,1,reported
T-CSE-FINANCE-001-A009-2026-07-27,CSE-FINANCE-001,CSE-FINANCE-001-A009,identity-logs,2026-07-27,16,1,reported
T-CSE-FINANCE-001-A009-2026-07-28,CSE-FINANCE-001,CSE-FINANCE-001-A009,identity-logs,2026-07-28,21,1,reported
T-CSE-FINANCE-001-A009-2026-07-29,CSE-FINANCE-001,CSE-FINANCE-001-A009,identity-logs,2026-07-29,18,1,reported
T-CSE-FINANCE-001-A009-2026-07-30,CSE-FINANCE-001,CSE-FINANCE-001-A009,identity-logs,2026-07-30,12,1,reported
T-CSE-FINANCE-001-A009-2026-07-31,CSE-FINANCE-001,CSE-FINANCE-001-A009,identity-logs,2026-07-31,64,1,reported
T-CSE-FINANCE-001-A009-2026-08-01,CSE-FINANCE-001,CSE-FINANCE-001-A009,identity-logs,2026-08-01,29,1,reported
T-CSE-FINANCE-001-A009-2026-08-02,CSE-FINANCE-001,CSE-FINANCE-001-A009,identity-logs,2026-08-02,41,1,reported
T-CSE-FINANCE-001-A009-2026-08-03,CSE-FINANCE-001,CSE-FINANCE-001-A009,identity-logs,2026-08-03,20,1,reported
T-CSE-FINANCE-001-A009-2026-08-04,CSE-FINANCE-001,CSE-FINANCE-001-A009,identity-logs,2026-08-04,31,1,reported
T-CSE-FINANCE-001-A009-2026-08-05,CSE-FINANCE-001,CSE-FINANCE-001-A009,identity-logs,2026-08-05,13,1,reported
T-CSE-FINANCE-001-A009-2026-08-06,CSE-FINANCE-001,CSE-FINANCE-001-A009,identity-logs,2026-08-06,39,1,reported
T-CSE-FINANCE-001-A009-2026-08-07,CSE-FINANCE-001,CSE-FINANCE-001-A009,identity-logs,2026-08-07,76,1,reported
T-CSE-FINANCE-001-A009-2026-08-08,CSE-FINANCE-001,CSE-FINANCE-001-A009,identity-logs,2026-08-08,70,1,reported
T-CSE-FINANCE-001-A009-2026-08-09,CSE-FINANCE-001,CSE-FINANCE-001-A009,identity-logs,2026-08-09,59,1,reported
T-CSE-FINANCE-001-A009-2026-08-10,CSE-FINANCE-001,CSE-FINANCE-001-A009,identity-logs,2026-08-10,19,1,reported
T-CSE-FINANCE-001-A009-2026-08-11,CSE-FINANCE-001,CSE-FINANCE-001-A009,identity-logs,2026-08-11,73,1,reported
T-CSE-FINANCE-001-A009-2026-08-12,CSE-FINANCE-001,CSE-FINANCE-001-A009,identity-logs,2026-08-12,74,1,reported
T-CSE-FINANCE-001-A009-2026-08-13,CSE-FINANCE-001,CSE-FINANCE-001-A009,identity-logs,2026-08-13,14,1,reported
T-CSE-FINANCE-001-A009-2026-08-14,CSE-FINANCE-001,CSE-FINANCE-001-A009,identity-logs,2026-08-14,12,1,reported
T-CSE-FINANCE-001-A009-2026-08-15,CSE-FINANCE-001,CSE-FINANCE-001-A009,identity-logs,2026-08-15,80,1,reported
T-CSE-FINANCE-001-A009-2026-08-16,CSE-FINANCE-001,CSE-FINANCE-001-A009,identity-logs,2026-08-16,82,1,reported
T-CSE-FINANCE-001-A009-2026-08-17,CSE-FINANCE-001,CSE-FINANCE-001-A009,identity-logs,2026-08-17,64,1,reported
T-CSE-FINANCE-001-A009-2026-08-18,CSE-FINANCE-001,CSE-FINANCE-001-A009,identity-logs,2026-08-18,13,1,reported
T-CSE-FINANCE-001-A009-2026-08-19,CSE-FINANCE-001,CSE-FINANCE-001-A009,identity-logs,2026-08-19,14,1,reported
T-CSE-FINANCE-001-A009-2026-08-20,CSE-FINANCE-001,CSE-FINANCE-001-A009,identity-logs,2026-08-20,79,1,reported
T-CSE-FINANCE-001-A009-2026-08-21,CSE-FINANCE-001,CSE-FINANCE-001-A009,identity-logs,2026-08-21,47,1,reported
T-CSE-FINANCE-001-A009-2026-08-22,CSE-FINANCE-001,CSE-FINANCE-001-A009,identity-logs,2026-08-22,80,1,reported
T-CSE-FINANCE-001-A009-2026-08-23,CSE-FINANCE-001,CSE-FINANCE-001-A009,identity-logs,2026-08-23,48,1,reported
T-CSE-FINANCE-001-A009-2026-08-24,CSE-FINANCE-001,CSE-FINANCE-001-A009,identity-logs,2026-08-24,14,1,reported
T-CSE-FINANCE-001-A009-2026-08-25,CSE-FINANCE-001,CSE-FINANCE-001-A009,identity-logs,2026-08-25,76,1,reported
T-CSE-FINANCE-001-A009-2026-08-26,CSE-FINANCE-001,CSE-FINANCE-001-A009,identity-logs,2026-08-26,67,1,reported
T-CSE-FINANCE-001-A009-2026-08-27,CSE-FINANCE-001,CSE-FINANCE-001-A009,identity-logs,2026-08-27,34,1,reported
T-CSE-FINANCE-001-A009-2026-08-28,CSE-FINANCE-001,CSE-FINANCE-001-A009,identity-logs,2026-08-28,25,1,reported
T-CSE-FINANCE-001-A009-2026-08-29,CSE-FINANCE-001,CSE-FINANCE-001-A009,identity-logs,2026-08-29,24,1,reported
T-CSE-FINANCE-001-A009-2026-08-30,CSE-FINANCE-001,CSE-FINANCE-001-A009,identity-logs,2026-08-30,79,1,reported
T-CSE-FINANCE-001-A009-2026-08-31,CSE-FINANCE-001,CSE-FINANCE-001-A009,identity-logs,2026-08-31,31,1,reported
T-CSE-FINANCE-001-A010-2026-06-03,CSE-FINANCE-001,CSE-FINANCE-001-A010,endpoint-events,2026-06-03,42,1,reported
T-CSE-FINANCE-001-A010-2026-06-04,CSE-FINANCE-001,CSE-FINANCE-001-A010,endpoint-events,2026-06-04,36,1,reported
T-CSE-FINANCE-001-A010-2026-06-05,CSE-FINANCE-001,CSE-FINANCE-001-A010,endpoint-events,2026-06-05,79,1,reported
T-CSE-FINANCE-001-A010-2026-06-06,CSE-FINANCE-001,CSE-FINANCE-001-A010,endpoint-events,2026-06-06,44,1,reported
T-CSE-FINANCE-001-A010-2026-06-07,CSE-FINANCE-001,CSE-FINANCE-001-A010,endpoint-events,2026-06-07,57,1,reported
T-CSE-FINANCE-001-A010-2026-06-08,CSE-FINANCE-001,CSE-FINANCE-001-A010,endpoint-events,2026-06-08,46,1,reported
T-CSE-FINANCE-001-A010-2026-06-09,CSE-FINANCE-001,CSE-FINANCE-001-A010,endpoint-events,2026-06-09,62,1,reported
T-CSE-FINANCE-001-A010-2026-06-10,CSE-FINANCE-001,CSE-FINANCE-001-A010,endpoint-events,2026-06-10,22,1,reported
T-CSE-FINANCE-001-A010-2026-06-11,CSE-FINANCE-001,CSE-FINANCE-001-A010,endpoint-events,2026-06-11,59,1,reported
T-CSE-FINANCE-001-A010-2026-06-12,CSE-FINANCE-001,CSE-FINANCE-001-A010,endpoint-events,2026-06-12,63,1,reported
T-CSE-FINANCE-001-A010-2026-06-13,CSE-FINANCE-001,CSE-FINANCE-001-A010,endpoint-events,2026-06-13,70,1,reported
T-CSE-FINANCE-001-A010-2026-06-14,CSE-FINANCE-001,CSE-FINANCE-001-A010,endpoint-events,2026-06-14,84,1,reported
T-CSE-FINANCE-001-A010-2026-06-15,CSE-FINANCE-001,CSE-FINANCE-001-A010,endpoint-events,2026-06-15,43,1,reported
T-CSE-FINANCE-001-A010-2026-06-16,CSE-FINANCE-001,CSE-FINANCE-001-A010,endpoint-events,2026-06-16,40,1,reported
T-CSE-FINANCE-001-A010-2026-06-17,CSE-FINANCE-001,CSE-FINANCE-001-A010,endpoint-events,2026-06-17,50,1,reported
T-CSE-FINANCE-001-A010-2026-06-18,CSE-FINANCE-001,CSE-FINANCE-001-A010,endpoint-events,2026-06-18,22,1,reported
T-CSE-FINANCE-001-A010-2026-06-19,CSE-FINANCE-001,CSE-FINANCE-001-A010,endpoint-events,2026-06-19,16,1,reported
T-CSE-FINANCE-001-A010-2026-06-20,CSE-FINANCE-001,CSE-FINANCE-001-A010,endpoint-events,2026-06-20,23,1,reported
T-CSE-FINANCE-001-A010-2026-06-21,CSE-FINANCE-001,CSE-FINANCE-001-A010,endpoint-events,2026-06-21,63,1,reported
T-CSE-FINANCE-001-A010-2026-06-22,CSE-FINANCE-001,CSE-FINANCE-001-A010,endpoint-events,2026-06-22,60,1,reported
T-CSE-FINANCE-001-A010-2026-06-23,CSE-FINANCE-001,CSE-FINANCE-001-A010,endpoint-events,2026-06-23,60,1,reported
T-CSE-FINANCE-001-A010-2026-06-24,CSE-FINANCE-001,CSE-FINANCE-001-A010,endpoint-events,2026-06-24,82,1,reported
T-CSE-FINANCE-001-A010-2026-06-25,CSE-FINANCE-001,CSE-FINANCE-001-A010,endpoint-events,2026-06-25,72,1,reported
T-CSE-FINANCE-001-A010-2026-06-26,CSE-FINANCE-001,CSE-FINANCE-001-A010,endpoint-events,2026-06-26,19,1,reported
T-CSE-FINANCE-001-A010-2026-06-27,CSE-FINANCE-001,CSE-FINANCE-001-A010,endpoint-events,2026-06-27,13,1,reported
T-CSE-FINANCE-001-A010-2026-06-28,CSE-FINANCE-001,CSE-FINANCE-001-A010,endpoint-events,2026-06-28,33,1,reported
T-CSE-FINANCE-001-A010-2026-06-29,CSE-FINANCE-001,CSE-FINANCE-001-A010,endpoint-events,2026-06-29,22,1,reported
T-CSE-FINANCE-001-A010-2026-06-30,CSE-FINANCE-001,CSE-FINANCE-001-A010,endpoint-events,2026-06-30,75,1,reported
T-CSE-FINANCE-001-A010-2026-07-01,CSE-FINANCE-001,CSE-FINANCE-001-A010,endpoint-events,2026-07-01,67,1,reported
T-CSE-FINANCE-001-A010-2026-07-02,CSE-FINANCE-001,CSE-FINANCE-001-A010,endpoint-events,2026-07-02,54,1,reported
T-CSE-FINANCE-001-A010-2026-07-03,CSE-FINANCE-001,CSE-FINANCE-001-A010,endpoint-events,2026-07-03,84,1,reported
T-CSE-FINANCE-001-A010-2026-07-04,CSE-FINANCE-001,CSE-FINANCE-001-A010,endpoint-events,2026-07-04,24,1,reported
T-CSE-FINANCE-001-A010-2026-07-05,CSE-FINANCE-001,CSE-FINANCE-001-A010,endpoint-events,2026-07-05,79,1,reported
T-CSE-FINANCE-001-A010-2026-07-06,CSE-FINANCE-001,CSE-FINANCE-001-A010,endpoint-events,2026-07-06,17,1,reported
T-CSE-FINANCE-001-A010-2026-07-07,CSE-FINANCE-001,CSE-FINANCE-001-A010,endpoint-events,2026-07-07,41,1,reported
T-CSE-FINANCE-001-A010-2026-07-08,CSE-FINANCE-001,CSE-FINANCE-001-A010,endpoint-events,2026-07-08,39,1,reported
T-CSE-FINANCE-001-A010-2026-07-09,CSE-FINANCE-001,CSE-FINANCE-001-A010,endpoint-events,2026-07-09,84,1,reported
T-CSE-FINANCE-001-A010-2026-07-10,CSE-FINANCE-001,CSE-FINANCE-001-A010,endpoint-events,2026-07-10,72,1,reported
T-CSE-FINANCE-001-A010-2026-07-11,CSE-FINANCE-001,CSE-FINANCE-001-A010,endpoint-events,2026-07-11,46,1,reported
T-CSE-FINANCE-001-A010-2026-07-12,CSE-FINANCE-001,CSE-FINANCE-001-A010,endpoint-events,2026-07-12,17,1,reported
T-CSE-FINANCE-001-A010-2026-07-13,CSE-FINANCE-001,CSE-FINANCE-001-A010,endpoint-events,2026-07-13,21,1,reported
T-CSE-FINANCE-001-A010-2026-07-14,CSE-FINANCE-001,CSE-FINANCE-001-A010,endpoint-events,2026-07-14,47,1,reported
T-CSE-FINANCE-001-A010-2026-07-15,CSE-FINANCE-001,CSE-FINANCE-001-A010,endpoint-events,2026-07-15,81,1,reported
T-CSE-FINANCE-001-A010-2026-07-16,CSE-FINANCE-001,CSE-FINANCE-001-A010,endpoint-events,2026-07-16,84,1,reported
T-CSE-FINANCE-001-A010-2026-07-17,CSE-FINANCE-001,CSE-FINANCE-001-A010,endpoint-events,2026-07-17,16,1,reported
T-CSE-FINANCE-001-A010-2026-07-18,CSE-FINANCE-001,CSE-FINANCE-001-A010,endpoint-events,2026-07-18,34,1,reported
T-CSE-FINANCE-001-A010-2026-07-19,CSE-FINANCE-001,CSE-FINANCE-001-A010,endpoint-events,2026-07-19,52,1,reported
T-CSE-FINANCE-001-A010-2026-07-20,CSE-FINANCE-001,CSE-FINANCE-001-A010,endpoint-events,2026-07-20,14,1,reported
T-CSE-FINANCE-001-A010-2026-07-21,CSE-FINANCE-001,CSE-FINANCE-001-A010,endpoint-events,2026-07-21,38,1,reported
T-CSE-FINANCE-001-A010-2026-07-22,CSE-FINANCE-001,CSE-FINANCE-001-A010,endpoint-events,2026-07-22,87,1,reported
T-CSE-FINANCE-001-A010-2026-07-23,CSE-FINANCE-001,CSE-FINANCE-001-A010,endpoint-events,2026-07-23,30,1,reported
T-CSE-FINANCE-001-A010-2026-07-24,CSE-FINANCE-001,CSE-FINANCE-001-A010,endpoint-events,2026-07-24,62,1,reported
T-CSE-FINANCE-001-A010-2026-07-25,CSE-FINANCE-001,CSE-FINANCE-001-A010,endpoint-events,2026-07-25,21,1,reported
T-CSE-FINANCE-001-A010-2026-07-26,CSE-FINANCE-001,CSE-FINANCE-001-A010,endpoint-events,2026-07-26,50,1,reported
T-CSE-FINANCE-001-A010-2026-07-27,CSE-FINANCE-001,CSE-FINANCE-001-A010,endpoint-events,2026-07-27,32,1,reported
T-CSE-FINANCE-001-A010-2026-07-28,CSE-FINANCE-001,CSE-FINANCE-001-A010,endpoint-events,2026-07-28,84,1,reported
T-CSE-FINANCE-001-A010-2026-07-29,CSE-FINANCE-001,CSE-FINANCE-001-A010,endpoint-events,2026-07-29,42,1,reported
T-CSE-FINANCE-001-A010-2026-07-30,CSE-FINANCE-001,CSE-FINANCE-001-A010,endpoint-events,2026-07-30,84,1,reported
T-CSE-FINANCE-001-A010-2026-07-31,CSE-FINANCE-001,CSE-FINANCE-001-A010,endpoint-events,2026-07-31,61,1,reported
T-CSE-FINANCE-001-A010-2026-08-01,CSE-FINANCE-001,CSE-FINANCE-001-A010,endpoint-events,2026-08-01,81,1,reported
T-CSE-FINANCE-001-A010-2026-08-02,CSE-FINANCE-001,CSE-FINANCE-001-A010,endpoint-events,2026-08-02,54,1,reported
T-CSE-FINANCE-001-A010-2026-08-03,CSE-FINANCE-001,CSE-FINANCE-001-A010,endpoint-events,2026-08-03,61,1,reported
T-CSE-FINANCE-001-A010-2026-08-04,CSE-FINANCE-001,CSE-FINANCE-001-A010,endpoint-events,2026-08-04,29,1,reported
T-CSE-FINANCE-001-A010-2026-08-05,CSE-FINANCE-001,CSE-FINANCE-001-A010,endpoint-events,2026-08-05,22,1,reported
T-CSE-FINANCE-001-A010-2026-08-06,CSE-FINANCE-001,CSE-FINANCE-001-A010,endpoint-events,2026-08-06,76,1,reported
T-CSE-FINANCE-001-A010-2026-08-07,CSE-FINANCE-001,CSE-FINANCE-001-A010,endpoint-events,2026-08-07,56,1,reported
T-CSE-FINANCE-001-A010-2026-08-08,CSE-FINANCE-001,CSE-FINANCE-001-A010,endpoint-events,2026-08-08,18,1,reported
T-CSE-FINANCE-001-A010-2026-08-09,CSE-FINANCE-001,CSE-FINANCE-001-A010,endpoint-events,2026-08-09,24,1,reported
T-CSE-FINANCE-001-A010-2026-08-10,CSE-FINANCE-001,CSE-FINANCE-001-A010,endpoint-events,2026-08-10,67,1,reported
T-CSE-FINANCE-001-A010-2026-08-11,CSE-FINANCE-001,CSE-FINANCE-001-A010,endpoint-events,2026-08-11,41,1,reported
T-CSE-FINANCE-001-A010-2026-08-12,CSE-FINANCE-001,CSE-FINANCE-001-A010,endpoint-events,2026-08-12,21,1,reported
T-CSE-FINANCE-001-A010-2026-08-13,CSE-FINANCE-001,CSE-FINANCE-001-A010,endpoint-events,2026-08-13,55,1,reported
T-CSE-FINANCE-001-A010-2026-08-14,CSE-FINANCE-001,CSE-FINANCE-001-A010,endpoint-events,2026-08-14,89,1,reported
T-CSE-FINANCE-001-A010-2026-08-15,CSE-FINANCE-001,CSE-FINANCE-001-A010,endpoint-events,2026-08-15,88,1,reported
T-CSE-FINANCE-001-A010-2026-08-16,CSE-FINANCE-001,CSE-FINANCE-001-A010,endpoint-events,2026-08-16,62,1,reported
T-CSE-FINANCE-001-A010-2026-08-17,CSE-FINANCE-001,CSE-FINANCE-001-A010,endpoint-events,2026-08-17,53,1,reported
T-CSE-FINANCE-001-A010-2026-08-18,CSE-FINANCE-001,CSE-FINANCE-001-A010,endpoint-events,2026-08-18,15,1,reported
T-CSE-FINANCE-001-A010-2026-08-19,CSE-FINANCE-001,CSE-FINANCE-001-A010,endpoint-events,2026-08-19,46,1,reported
T-CSE-FINANCE-001-A010-2026-08-20,CSE-FINANCE-001,CSE-FINANCE-001-A010,endpoint-events,2026-08-20,69,1,reported
T-CSE-FINANCE-001-A010-2026-08-21,CSE-FINANCE-001,CSE-FINANCE-001-A010,endpoint-events,2026-08-21,74,1,reported
T-CSE-FINANCE-001-A010-2026-08-22,CSE-FINANCE-001,CSE-FINANCE-001-A010,endpoint-events,2026-08-22,41,1,reported
T-CSE-FINANCE-001-A010-2026-08-23,CSE-FINANCE-001,CSE-FINANCE-001-A010,endpoint-events,2026-08-23,57,1,reported
T-CSE-FINANCE-001-A010-2026-08-24,CSE-FINANCE-001,CSE-FINANCE-001-A010,endpoint-events,2026-08-24,82,1,reported
T-CSE-FINANCE-001-A010-2026-08-25,CSE-FINANCE-001,CSE-FINANCE-001-A010,endpoint-events,2026-08-25,60,1,reported
T-CSE-FINANCE-001-A010-2026-08-26,CSE-FINANCE-001,CSE-FINANCE-001-A010,endpoint-events,2026-08-26,67,1,reported
T-CSE-FINANCE-001-A010-2026-08-27,CSE-FINANCE-001,CSE-FINANCE-001-A010,endpoint-events,2026-08-27,35,1,reported
T-CSE-FINANCE-001-A010-2026-08-28,CSE-FINANCE-001,CSE-FINANCE-001-A010,endpoint-events,2026-08-28,86,1,reported
T-CSE-FINANCE-001-A010-2026-08-29,CSE-FINANCE-001,CSE-FINANCE-001-A010,endpoint-events,2026-08-29,60,1,reported
T-CSE-FINANCE-001-A010-2026-08-30,CSE-FINANCE-001,CSE-FINANCE-001-A010,endpoint-events,2026-08-30,22,1,reported
T-CSE-FINANCE-001-A010-2026-08-31,CSE-FINANCE-001,CSE-FINANCE-001-A010,endpoint-events,2026-08-31,49,1,reported
T-CSE-POWER-002-A001-2026-06-03,CSE-POWER-002,CSE-POWER-002-A001,identity-logs,2026-06-03,43,1,reported
T-CSE-POWER-002-A001-2026-06-04,CSE-POWER-002,CSE-POWER-002-A001,identity-logs,2026-06-04,21,1,reported
T-CSE-POWER-002-A001-2026-06-05,CSE-POWER-002,CSE-POWER-002-A001,identity-logs,2026-06-05,22,1,reported
T-CSE-POWER-002-A001-2026-06-06,CSE-POWER-002,CSE-POWER-002-A001,identity-logs,2026-06-06,46,1,reported
T-CSE-POWER-002-A001-2026-06-07,CSE-POWER-002,CSE-POWER-002-A001,identity-logs,2026-06-07,31,1,reported
T-CSE-POWER-002-A001-2026-06-08,CSE-POWER-002,CSE-POWER-002-A001,identity-logs,2026-06-08,60,1,reported
T-CSE-POWER-002-A001-2026-06-09,CSE-POWER-002,CSE-POWER-002-A001,identity-logs,2026-06-09,31,1,reported
T-CSE-POWER-002-A001-2026-06-10,CSE-POWER-002,CSE-POWER-002-A001,identity-logs,2026-06-10,61,1,reported
T-CSE-POWER-002-A001-2026-06-11,CSE-POWER-002,CSE-POWER-002-A001,identity-logs,2026-06-11,52,1,reported
T-CSE-POWER-002-A001-2026-06-12,CSE-POWER-002,CSE-POWER-002-A001,identity-logs,2026-06-12,58,1,reported
T-CSE-POWER-002-A001-2026-06-13,CSE-POWER-002,CSE-POWER-002-A001,identity-logs,2026-06-13,25,1,reported
T-CSE-POWER-002-A001-2026-06-14,CSE-POWER-002,CSE-POWER-002-A001,identity-logs,2026-06-14,23,1,reported
T-CSE-POWER-002-A001-2026-06-15,CSE-POWER-002,CSE-POWER-002-A001,identity-logs,2026-06-15,12,1,reported
T-CSE-POWER-002-A001-2026-06-16,CSE-POWER-002,CSE-POWER-002-A001,identity-logs,2026-06-16,51,1,reported
T-CSE-POWER-002-A001-2026-06-17,CSE-POWER-002,CSE-POWER-002-A001,identity-logs,2026-06-17,68,1,reported
T-CSE-POWER-002-A001-2026-06-18,CSE-POWER-002,CSE-POWER-002-A001,identity-logs,2026-06-18,58,1,reported
T-CSE-POWER-002-A001-2026-06-19,CSE-POWER-002,CSE-POWER-002-A001,identity-logs,2026-06-19,46,1,reported
T-CSE-POWER-002-A001-2026-06-20,CSE-POWER-002,CSE-POWER-002-A001,identity-logs,2026-06-20,25,1,reported
T-CSE-POWER-002-A001-2026-06-21,CSE-POWER-002,CSE-POWER-002-A001,identity-logs,2026-06-21,28,1,reported
T-CSE-POWER-002-A001-2026-06-22,CSE-POWER-002,CSE-POWER-002-A001,identity-logs,2026-06-22,23,1,reported
T-CSE-POWER-002-A001-2026-06-23,CSE-POWER-002,CSE-POWER-002-A001,identity-logs,2026-06-23,35,1,reported
T-CSE-POWER-002-A001-2026-06-24,CSE-POWER-002,CSE-POWER-002-A001,identity-logs,2026-06-24,67,1,reported
T-CSE-POWER-002-A001-2026-06-25,CSE-POWER-002,CSE-POWER-002-A001,identity-logs,2026-06-25,69,1,reported
T-CSE-POWER-002-A001-2026-06-26,CSE-POWER-002,CSE-POWER-002-A001,identity-logs,2026-06-26,83,1,reported
T-CSE-POWER-002-A001-2026-06-27,CSE-POWER-002,CSE-POWER-002-A001,identity-logs,2026-06-27,83,1,reported
T-CSE-POWER-002-A001-2026-06-28,CSE-POWER-002,CSE-POWER-002-A001,identity-logs,2026-06-28,77,1,reported
T-CSE-POWER-002-A001-2026-06-29,CSE-POWER-002,CSE-POWER-002-A001,identity-logs,2026-06-29,64,1,reported
T-CSE-POWER-002-A001-2026-06-30,CSE-POWER-002,CSE-POWER-002-A001,identity-logs,2026-06-30,25,1,reported
T-CSE-POWER-002-A001-2026-07-01,CSE-POWER-002,CSE-POWER-002-A001,identity-logs,2026-07-01,15,1,reported
T-CSE-POWER-002-A001-2026-07-02,CSE-POWER-002,CSE-POWER-002-A001,identity-logs,2026-07-02,23,1,reported
T-CSE-POWER-002-A001-2026-07-03,CSE-POWER-002,CSE-POWER-002-A001,identity-logs,2026-07-03,57,1,reported
T-CSE-POWER-002-A001-2026-07-04,CSE-POWER-002,CSE-POWER-002-A001,identity-logs,2026-07-04,82,1,reported
T-CSE-POWER-002-A001-2026-07-05,CSE-POWER-002,CSE-POWER-002-A001,identity-logs,2026-07-05,23,1,reported
T-CSE-POWER-002-A001-2026-07-06,CSE-POWER-002,CSE-POWER-002-A001,identity-logs,2026-07-06,88,1,reported
T-CSE-POWER-002-A001-2026-07-07,CSE-POWER-002,CSE-POWER-002-A001,identity-logs,2026-07-07,88,1,reported
T-CSE-POWER-002-A001-2026-07-08,CSE-POWER-002,CSE-POWER-002-A001,identity-logs,2026-07-08,53,1,reported
T-CSE-POWER-002-A001-2026-07-09,CSE-POWER-002,CSE-POWER-002-A001,identity-logs,2026-07-09,61,1,reported
T-CSE-POWER-002-A001-2026-07-10,CSE-POWER-002,CSE-POWER-002-A001,identity-logs,2026-07-10,13,1,reported
T-CSE-POWER-002-A001-2026-07-11,CSE-POWER-002,CSE-POWER-002-A001,identity-logs,2026-07-11,49,1,reported
T-CSE-POWER-002-A001-2026-07-12,CSE-POWER-002,CSE-POWER-002-A001,identity-logs,2026-07-12,64,1,reported
T-CSE-POWER-002-A001-2026-07-13,CSE-POWER-002,CSE-POWER-002-A001,identity-logs,2026-07-13,61,1,reported
T-CSE-POWER-002-A001-2026-07-14,CSE-POWER-002,CSE-POWER-002-A001,identity-logs,2026-07-14,22,1,reported
T-CSE-POWER-002-A001-2026-07-15,CSE-POWER-002,CSE-POWER-002-A001,identity-logs,2026-07-15,83,1,reported
T-CSE-POWER-002-A001-2026-07-16,CSE-POWER-002,CSE-POWER-002-A001,identity-logs,2026-07-16,43,1,reported
T-CSE-POWER-002-A001-2026-07-17,CSE-POWER-002,CSE-POWER-002-A001,identity-logs,2026-07-17,85,1,reported
T-CSE-POWER-002-A001-2026-07-18,CSE-POWER-002,CSE-POWER-002-A001,identity-logs,2026-07-18,78,1,reported
T-CSE-POWER-002-A001-2026-07-19,CSE-POWER-002,CSE-POWER-002-A001,identity-logs,2026-07-19,33,1,reported
T-CSE-POWER-002-A001-2026-07-20,CSE-POWER-002,CSE-POWER-002-A001,identity-logs,2026-07-20,60,1,reported
T-CSE-POWER-002-A001-2026-07-21,CSE-POWER-002,CSE-POWER-002-A001,identity-logs,2026-07-21,33,1,reported
T-CSE-POWER-002-A001-2026-07-22,CSE-POWER-002,CSE-POWER-002-A001,identity-logs,2026-07-22,29,1,reported
T-CSE-POWER-002-A001-2026-07-23,CSE-POWER-002,CSE-POWER-002-A001,identity-logs,2026-07-23,46,1,reported
T-CSE-POWER-002-A001-2026-07-24,CSE-POWER-002,CSE-POWER-002-A001,identity-logs,2026-07-24,50,1,reported
T-CSE-POWER-002-A001-2026-07-25,CSE-POWER-002,CSE-POWER-002-A001,identity-logs,2026-07-25,46,1,reported
T-CSE-POWER-002-A001-2026-07-26,CSE-POWER-002,CSE-POWER-002-A001,identity-logs,2026-07-26,75,1,reported
T-CSE-POWER-002-A001-2026-07-27,CSE-POWER-002,CSE-POWER-002-A001,identity-logs,2026-07-27,30,1,reported
T-CSE-POWER-002-A001-2026-07-28,CSE-POWER-002,CSE-POWER-002-A001,identity-logs,2026-07-28,20,1,reported
T-CSE-POWER-002-A001-2026-07-29,CSE-POWER-002,CSE-POWER-002-A001,identity-logs,2026-07-29,33,1,reported
T-CSE-POWER-002-A001-2026-07-30,CSE-POWER-002,CSE-POWER-002-A001,identity-logs,2026-07-30,67,1,reported
T-CSE-POWER-002-A001-2026-07-31,CSE-POWER-002,CSE-POWER-002-A001,identity-logs,2026-07-31,47,1,reported
T-CSE-POWER-002-A001-2026-08-01,CSE-POWER-002,CSE-POWER-002-A001,identity-logs,2026-08-01,65,1,reported
T-CSE-POWER-002-A001-2026-08-02,CSE-POWER-002,CSE-POWER-002-A001,identity-logs,2026-08-02,50,1,reported
T-CSE-POWER-002-A001-2026-08-03,CSE-POWER-002,CSE-POWER-002-A001,identity-logs,2026-08-03,73,1,reported
T-CSE-POWER-002-A001-2026-08-04,CSE-POWER-002,CSE-POWER-002-A001,identity-logs,2026-08-04,21,1,reported
T-CSE-POWER-002-A001-2026-08-05,CSE-POWER-002,CSE-POWER-002-A001,identity-logs,2026-08-05,58,1,reported
T-CSE-POWER-002-A001-2026-08-06,CSE-POWER-002,CSE-POWER-002-A001,identity-logs,2026-08-06,44,1,reported
T-CSE-POWER-002-A001-2026-08-07,CSE-POWER-002,CSE-POWER-002-A001,identity-logs,2026-08-07,43,1,reported
T-CSE-POWER-002-A001-2026-08-08,CSE-POWER-002,CSE-POWER-002-A001,identity-logs,2026-08-08,75,1,reported
T-CSE-POWER-002-A001-2026-08-09,CSE-POWER-002,CSE-POWER-002-A001,identity-logs,2026-08-09,88,1,reported
T-CSE-POWER-002-A001-2026-08-10,CSE-POWER-002,CSE-POWER-002-A001,identity-logs,2026-08-10,37,1,reported
T-CSE-POWER-002-A001-2026-08-11,CSE-POWER-002,CSE-POWER-002-A001,identity-logs,2026-08-11,70,1,reported
T-CSE-POWER-002-A001-2026-08-12,CSE-POWER-002,CSE-POWER-002-A001,identity-logs,2026-08-12,25,1,reported
T-CSE-POWER-002-A001-2026-08-13,CSE-POWER-002,CSE-POWER-002-A001,identity-logs,2026-08-13,29,1,reported
T-CSE-POWER-002-A001-2026-08-14,CSE-POWER-002,CSE-POWER-002-A001,identity-logs,2026-08-14,50,1,reported
T-CSE-POWER-002-A001-2026-08-15,CSE-POWER-002,CSE-POWER-002-A001,identity-logs,2026-08-15,12,1,reported
T-CSE-POWER-002-A001-2026-08-16,CSE-POWER-002,CSE-POWER-002-A001,identity-logs,2026-08-16,62,1,reported
T-CSE-POWER-002-A001-2026-08-17,CSE-POWER-002,CSE-POWER-002-A001,identity-logs,2026-08-17,54,1,reported
T-CSE-POWER-002-A001-2026-08-18,CSE-POWER-002,CSE-POWER-002-A001,identity-logs,2026-08-18,60,1,reported
T-CSE-POWER-002-A001-2026-08-19,CSE-POWER-002,CSE-POWER-002-A001,identity-logs,2026-08-19,54,1,reported
T-CSE-POWER-002-A001-2026-08-20,CSE-POWER-002,CSE-POWER-002-A001,identity-logs,2026-08-20,0,0,explicit_zero
T-CSE-POWER-002-A001-2026-08-21,CSE-POWER-002,CSE-POWER-002-A001,identity-logs,2026-08-21,0,0,explicit_zero
T-CSE-POWER-002-A001-2026-08-22,CSE-POWER-002,CSE-POWER-002-A001,identity-logs,2026-08-22,0,0,explicit_zero
T-CSE-POWER-002-A001-2026-08-23,CSE-POWER-002,CSE-POWER-002-A001,identity-logs,2026-08-23,0,0,explicit_zero
T-CSE-POWER-002-A001-2026-08-24,CSE-POWER-002,CSE-POWER-002-A001,identity-logs,2026-08-24,0,0,explicit_zero
T-CSE-POWER-002-A001-2026-08-25,CSE-POWER-002,CSE-POWER-002-A001,identity-logs,2026-08-25,0,0,explicit_zero
T-CSE-POWER-002-A001-2026-08-26,CSE-POWER-002,CSE-POWER-002-A001,identity-logs,2026-08-26,0,0,explicit_zero
T-CSE-POWER-002-A001-2026-08-27,CSE-POWER-002,CSE-POWER-002-A001,identity-logs,2026-08-27,0,0,explicit_zero
T-CSE-POWER-002-A001-2026-08-28,CSE-POWER-002,CSE-POWER-002-A001,identity-logs,2026-08-28,0,0,explicit_zero
T-CSE-POWER-002-A001-2026-08-29,CSE-POWER-002,CSE-POWER-002-A001,identity-logs,2026-08-29,0,0,explicit_zero
T-CSE-POWER-002-A001-2026-08-30,CSE-POWER-002,CSE-POWER-002-A001,identity-logs,2026-08-30,0,0,explicit_zero
T-CSE-POWER-002-A001-2026-08-31,CSE-POWER-002,CSE-POWER-002-A001,identity-logs,2026-08-31,0,0,explicit_zero
T-CSE-POWER-002-A002-2026-06-03,CSE-POWER-002,CSE-POWER-002-A002,endpoint-events,2026-06-03,68,1,reported
T-CSE-POWER-002-A002-2026-06-04,CSE-POWER-002,CSE-POWER-002-A002,endpoint-events,2026-06-04,54,1,reported
T-CSE-POWER-002-A002-2026-06-05,CSE-POWER-002,CSE-POWER-002-A002,endpoint-events,2026-06-05,67,1,reported
T-CSE-POWER-002-A002-2026-06-06,CSE-POWER-002,CSE-POWER-002-A002,endpoint-events,2026-06-06,88,1,reported
T-CSE-POWER-002-A002-2026-06-07,CSE-POWER-002,CSE-POWER-002-A002,endpoint-events,2026-06-07,29,1,reported
T-CSE-POWER-002-A002-2026-06-08,CSE-POWER-002,CSE-POWER-002-A002,endpoint-events,2026-06-08,50,1,reported
T-CSE-POWER-002-A002-2026-06-09,CSE-POWER-002,CSE-POWER-002-A002,endpoint-events,2026-06-09,53,1,reported
T-CSE-POWER-002-A002-2026-06-10,CSE-POWER-002,CSE-POWER-002-A002,endpoint-events,2026-06-10,89,1,reported
T-CSE-POWER-002-A002-2026-06-11,CSE-POWER-002,CSE-POWER-002-A002,endpoint-events,2026-06-11,37,1,reported
T-CSE-POWER-002-A002-2026-06-12,CSE-POWER-002,CSE-POWER-002-A002,endpoint-events,2026-06-12,73,1,reported
T-CSE-POWER-002-A002-2026-06-13,CSE-POWER-002,CSE-POWER-002-A002,endpoint-events,2026-06-13,52,1,reported
T-CSE-POWER-002-A002-2026-06-14,CSE-POWER-002,CSE-POWER-002-A002,endpoint-events,2026-06-14,34,1,reported
T-CSE-POWER-002-A002-2026-06-15,CSE-POWER-002,CSE-POWER-002-A002,endpoint-events,2026-06-15,62,1,reported
T-CSE-POWER-002-A002-2026-06-16,CSE-POWER-002,CSE-POWER-002-A002,endpoint-events,2026-06-16,52,1,reported
T-CSE-POWER-002-A002-2026-06-17,CSE-POWER-002,CSE-POWER-002-A002,endpoint-events,2026-06-17,49,1,reported
T-CSE-POWER-002-A002-2026-06-18,CSE-POWER-002,CSE-POWER-002-A002,endpoint-events,2026-06-18,74,1,reported
T-CSE-POWER-002-A002-2026-06-19,CSE-POWER-002,CSE-POWER-002-A002,endpoint-events,2026-06-19,85,1,reported
T-CSE-POWER-002-A002-2026-06-20,CSE-POWER-002,CSE-POWER-002-A002,endpoint-events,2026-06-20,43,1,reported
T-CSE-POWER-002-A002-2026-06-21,CSE-POWER-002,CSE-POWER-002-A002,endpoint-events,2026-06-21,53,1,reported
T-CSE-POWER-002-A002-2026-06-22,CSE-POWER-002,CSE-POWER-002-A002,endpoint-events,2026-06-22,60,1,reported
T-CSE-POWER-002-A002-2026-06-23,CSE-POWER-002,CSE-POWER-002-A002,endpoint-events,2026-06-23,47,1,reported
T-CSE-POWER-002-A002-2026-06-24,CSE-POWER-002,CSE-POWER-002-A002,endpoint-events,2026-06-24,62,1,reported
T-CSE-POWER-002-A002-2026-06-25,CSE-POWER-002,CSE-POWER-002-A002,endpoint-events,2026-06-25,58,1,reported
T-CSE-POWER-002-A002-2026-06-26,CSE-POWER-002,CSE-POWER-002-A002,endpoint-events,2026-06-26,26,1,reported
T-CSE-POWER-002-A002-2026-06-27,CSE-POWER-002,CSE-POWER-002-A002,endpoint-events,2026-06-27,84,1,reported
T-CSE-POWER-002-A002-2026-06-28,CSE-POWER-002,CSE-POWER-002-A002,endpoint-events,2026-06-28,37,1,reported
T-CSE-POWER-002-A002-2026-06-29,CSE-POWER-002,CSE-POWER-002-A002,endpoint-events,2026-06-29,87,1,reported
T-CSE-POWER-002-A002-2026-06-30,CSE-POWER-002,CSE-POWER-002-A002,endpoint-events,2026-06-30,81,1,reported
T-CSE-POWER-002-A002-2026-07-01,CSE-POWER-002,CSE-POWER-002-A002,endpoint-events,2026-07-01,35,1,reported
T-CSE-POWER-002-A002-2026-07-02,CSE-POWER-002,CSE-POWER-002-A002,endpoint-events,2026-07-02,82,1,reported
T-CSE-POWER-002-A002-2026-07-03,CSE-POWER-002,CSE-POWER-002-A002,endpoint-events,2026-07-03,15,1,reported
T-CSE-POWER-002-A002-2026-07-04,CSE-POWER-002,CSE-POWER-002-A002,endpoint-events,2026-07-04,71,1,reported
T-CSE-POWER-002-A002-2026-07-05,CSE-POWER-002,CSE-POWER-002-A002,endpoint-events,2026-07-05,38,1,reported
T-CSE-POWER-002-A002-2026-07-06,CSE-POWER-002,CSE-POWER-002-A002,endpoint-events,2026-07-06,68,1,reported
T-CSE-POWER-002-A002-2026-07-07,CSE-POWER-002,CSE-POWER-002-A002,endpoint-events,2026-07-07,49,1,reported
T-CSE-POWER-002-A002-2026-07-08,CSE-POWER-002,CSE-POWER-002-A002,endpoint-events,2026-07-08,20,1,reported
T-CSE-POWER-002-A002-2026-07-09,CSE-POWER-002,CSE-POWER-002-A002,endpoint-events,2026-07-09,64,1,reported
T-CSE-POWER-002-A002-2026-07-10,CSE-POWER-002,CSE-POWER-002-A002,endpoint-events,2026-07-10,75,1,reported
T-CSE-POWER-002-A002-2026-07-11,CSE-POWER-002,CSE-POWER-002-A002,endpoint-events,2026-07-11,29,1,reported
T-CSE-POWER-002-A002-2026-07-12,CSE-POWER-002,CSE-POWER-002-A002,endpoint-events,2026-07-12,50,1,reported
T-CSE-POWER-002-A002-2026-07-13,CSE-POWER-002,CSE-POWER-002-A002,endpoint-events,2026-07-13,42,1,reported
T-CSE-POWER-002-A002-2026-07-14,CSE-POWER-002,CSE-POWER-002-A002,endpoint-events,2026-07-14,44,1,reported
T-CSE-POWER-002-A002-2026-07-15,CSE-POWER-002,CSE-POWER-002-A002,endpoint-events,2026-07-15,31,1,reported
T-CSE-POWER-002-A002-2026-07-16,CSE-POWER-002,CSE-POWER-002-A002,endpoint-events,2026-07-16,66,1,reported
T-CSE-POWER-002-A002-2026-07-17,CSE-POWER-002,CSE-POWER-002-A002,endpoint-events,2026-07-17,60,1,reported
T-CSE-POWER-002-A002-2026-07-18,CSE-POWER-002,CSE-POWER-002-A002,endpoint-events,2026-07-18,21,1,reported
T-CSE-POWER-002-A002-2026-07-19,CSE-POWER-002,CSE-POWER-002-A002,endpoint-events,2026-07-19,69,1,reported
T-CSE-POWER-002-A002-2026-07-20,CSE-POWER-002,CSE-POWER-002-A002,endpoint-events,2026-07-20,88,1,reported
T-CSE-POWER-002-A002-2026-07-21,CSE-POWER-002,CSE-POWER-002-A002,endpoint-events,2026-07-21,73,1,reported
T-CSE-POWER-002-A002-2026-07-22,CSE-POWER-002,CSE-POWER-002-A002,endpoint-events,2026-07-22,86,1,reported
T-CSE-POWER-002-A002-2026-07-23,CSE-POWER-002,CSE-POWER-002-A002,endpoint-events,2026-07-23,63,1,reported
T-CSE-POWER-002-A002-2026-07-24,CSE-POWER-002,CSE-POWER-002-A002,endpoint-events,2026-07-24,80,1,reported
T-CSE-POWER-002-A002-2026-07-25,CSE-POWER-002,CSE-POWER-002-A002,endpoint-events,2026-07-25,76,1,reported
T-CSE-POWER-002-A002-2026-07-26,CSE-POWER-002,CSE-POWER-002-A002,endpoint-events,2026-07-26,65,1,reported
T-CSE-POWER-002-A002-2026-07-27,CSE-POWER-002,CSE-POWER-002-A002,endpoint-events,2026-07-27,81,1,reported
T-CSE-POWER-002-A002-2026-07-28,CSE-POWER-002,CSE-POWER-002-A002,endpoint-events,2026-07-28,16,1,reported
T-CSE-POWER-002-A002-2026-07-29,CSE-POWER-002,CSE-POWER-002-A002,endpoint-events,2026-07-29,58,1,reported
T-CSE-POWER-002-A002-2026-07-30,CSE-POWER-002,CSE-POWER-002-A002,endpoint-events,2026-07-30,80,1,reported
T-CSE-POWER-002-A002-2026-07-31,CSE-POWER-002,CSE-POWER-002-A002,endpoint-events,2026-07-31,88,1,reported
T-CSE-POWER-002-A002-2026-08-01,CSE-POWER-002,CSE-POWER-002-A002,endpoint-events,2026-08-01,22,1,reported
T-CSE-POWER-002-A002-2026-08-02,CSE-POWER-002,CSE-POWER-002-A002,endpoint-events,2026-08-02,25,1,reported
T-CSE-POWER-002-A002-2026-08-03,CSE-POWER-002,CSE-POWER-002-A002,endpoint-events,2026-08-03,43,1,reported
T-CSE-POWER-002-A002-2026-08-04,CSE-POWER-002,CSE-POWER-002-A002,endpoint-events,2026-08-04,57,1,reported
T-CSE-POWER-002-A002-2026-08-05,CSE-POWER-002,CSE-POWER-002-A002,endpoint-events,2026-08-05,33,1,reported
T-CSE-POWER-002-A002-2026-08-06,CSE-POWER-002,CSE-POWER-002-A002,endpoint-events,2026-08-06,17,1,reported
T-CSE-POWER-002-A002-2026-08-07,CSE-POWER-002,CSE-POWER-002-A002,endpoint-events,2026-08-07,84,1,reported
T-CSE-POWER-002-A002-2026-08-08,CSE-POWER-002,CSE-POWER-002-A002,endpoint-events,2026-08-08,63,1,reported
T-CSE-POWER-002-A002-2026-08-09,CSE-POWER-002,CSE-POWER-002-A002,endpoint-events,2026-08-09,54,1,reported
T-CSE-POWER-002-A002-2026-08-10,CSE-POWER-002,CSE-POWER-002-A002,endpoint-events,2026-08-10,67,1,reported
T-CSE-POWER-002-A002-2026-08-11,CSE-POWER-002,CSE-POWER-002-A002,endpoint-events,2026-08-11,25,1,reported
T-CSE-POWER-002-A002-2026-08-12,CSE-POWER-002,CSE-POWER-002-A002,endpoint-events,2026-08-12,13,1,reported
T-CSE-POWER-002-A002-2026-08-13,CSE-POWER-002,CSE-POWER-002-A002,endpoint-events,2026-08-13,24,1,reported
T-CSE-POWER-002-A002-2026-08-14,CSE-POWER-002,CSE-POWER-002-A002,endpoint-events,2026-08-14,45,1,reported
T-CSE-POWER-002-A002-2026-08-15,CSE-POWER-002,CSE-POWER-002-A002,endpoint-events,2026-08-15,40,1,reported
T-CSE-POWER-002-A002-2026-08-16,CSE-POWER-002,CSE-POWER-002-A002,endpoint-events,2026-08-16,77,1,reported
T-CSE-POWER-002-A002-2026-08-17,CSE-POWER-002,CSE-POWER-002-A002,endpoint-events,2026-08-17,78,1,reported
T-CSE-POWER-002-A002-2026-08-18,CSE-POWER-002,CSE-POWER-002-A002,endpoint-events,2026-08-18,83,1,reported
T-CSE-POWER-002-A002-2026-08-19,CSE-POWER-002,CSE-POWER-002-A002,endpoint-events,2026-08-19,86,1,reported
T-CSE-POWER-002-A002-2026-08-20,CSE-POWER-002,CSE-POWER-002-A002,endpoint-events,2026-08-20,85,1,reported
T-CSE-POWER-002-A002-2026-08-21,CSE-POWER-002,CSE-POWER-002-A002,endpoint-events,2026-08-21,40,1,reported
T-CSE-POWER-002-A002-2026-08-22,CSE-POWER-002,CSE-POWER-002-A002,endpoint-events,2026-08-22,69,1,reported
T-CSE-POWER-002-A002-2026-08-23,CSE-POWER-002,CSE-POWER-002-A002,endpoint-events,2026-08-23,59,1,reported
T-CSE-POWER-002-A002-2026-08-24,CSE-POWER-002,CSE-POWER-002-A002,endpoint-events,2026-08-24,0,0,approved_inactive
T-CSE-POWER-002-A002-2026-08-25,CSE-POWER-002,CSE-POWER-002-A002,endpoint-events,2026-08-25,0,0,approved_inactive
T-CSE-POWER-002-A002-2026-08-26,CSE-POWER-002,CSE-POWER-002-A002,endpoint-events,2026-08-26,0,0,approved_inactive
T-CSE-POWER-002-A002-2026-08-27,CSE-POWER-002,CSE-POWER-002-A002,endpoint-events,2026-08-27,0,0,approved_inactive
T-CSE-POWER-002-A002-2026-08-28,CSE-POWER-002,CSE-POWER-002-A002,endpoint-events,2026-08-28,0,0,approved_inactive
T-CSE-POWER-002-A002-2026-08-29,CSE-POWER-002,CSE-POWER-002-A002,endpoint-events,2026-08-29,62,1,reported
T-CSE-POWER-002-A002-2026-08-30,CSE-POWER-002,CSE-POWER-002-A002,endpoint-events,2026-08-30,71,1,reported
T-CSE-POWER-002-A002-2026-08-31,CSE-POWER-002,CSE-POWER-002-A002,endpoint-events,2026-08-31,87,1,reported
T-CSE-POWER-002-A003-2026-06-03,CSE-POWER-002,CSE-POWER-002-A003,identity-logs,2026-06-03,76,1,reported
T-CSE-POWER-002-A003-2026-06-04,CSE-POWER-002,CSE-POWER-002-A003,identity-logs,2026-06-04,31,1,reported
T-CSE-POWER-002-A003-2026-06-05,CSE-POWER-002,CSE-POWER-002-A003,identity-logs,2026-06-05,56,1,reported
T-CSE-POWER-002-A003-2026-06-06,CSE-POWER-002,CSE-POWER-002-A003,identity-logs,2026-06-06,15,1,reported
T-CSE-POWER-002-A003-2026-06-07,CSE-POWER-002,CSE-POWER-002-A003,identity-logs,2026-06-07,73,1,reported
T-CSE-POWER-002-A003-2026-06-08,CSE-POWER-002,CSE-POWER-002-A003,identity-logs,2026-06-08,25,1,reported
T-CSE-POWER-002-A003-2026-06-09,CSE-POWER-002,CSE-POWER-002-A003,identity-logs,2026-06-09,49,1,reported
T-CSE-POWER-002-A003-2026-06-10,CSE-POWER-002,CSE-POWER-002-A003,identity-logs,2026-06-10,65,1,reported
T-CSE-POWER-002-A003-2026-06-11,CSE-POWER-002,CSE-POWER-002-A003,identity-logs,2026-06-11,22,1,reported
T-CSE-POWER-002-A003-2026-06-12,CSE-POWER-002,CSE-POWER-002-A003,identity-logs,2026-06-12,26,1,reported
T-CSE-POWER-002-A003-2026-06-13,CSE-POWER-002,CSE-POWER-002-A003,identity-logs,2026-06-13,30,1,reported
T-CSE-POWER-002-A003-2026-06-14,CSE-POWER-002,CSE-POWER-002-A003,identity-logs,2026-06-14,56,1,reported
T-CSE-POWER-002-A003-2026-06-15,CSE-POWER-002,CSE-POWER-002-A003,identity-logs,2026-06-15,51,1,reported
T-CSE-POWER-002-A003-2026-06-16,CSE-POWER-002,CSE-POWER-002-A003,identity-logs,2026-06-16,55,1,reported
T-CSE-POWER-002-A003-2026-06-17,CSE-POWER-002,CSE-POWER-002-A003,identity-logs,2026-06-17,70,1,reported
T-CSE-POWER-002-A003-2026-06-18,CSE-POWER-002,CSE-POWER-002-A003,identity-logs,2026-06-18,38,1,reported
T-CSE-POWER-002-A003-2026-06-19,CSE-POWER-002,CSE-POWER-002-A003,identity-logs,2026-06-19,78,1,reported
T-CSE-POWER-002-A003-2026-06-20,CSE-POWER-002,CSE-POWER-002-A003,identity-logs,2026-06-20,73,1,reported
T-CSE-POWER-002-A003-2026-06-21,CSE-POWER-002,CSE-POWER-002-A003,identity-logs,2026-06-21,56,1,reported
T-CSE-POWER-002-A003-2026-06-22,CSE-POWER-002,CSE-POWER-002-A003,identity-logs,2026-06-22,72,1,reported
T-CSE-POWER-002-A003-2026-06-23,CSE-POWER-002,CSE-POWER-002-A003,identity-logs,2026-06-23,24,1,reported
T-CSE-POWER-002-A003-2026-06-24,CSE-POWER-002,CSE-POWER-002-A003,identity-logs,2026-06-24,68,1,reported
T-CSE-POWER-002-A003-2026-06-25,CSE-POWER-002,CSE-POWER-002-A003,identity-logs,2026-06-25,69,1,reported
T-CSE-POWER-002-A003-2026-06-26,CSE-POWER-002,CSE-POWER-002-A003,identity-logs,2026-06-26,52,1,reported
T-CSE-POWER-002-A003-2026-06-27,CSE-POWER-002,CSE-POWER-002-A003,identity-logs,2026-06-27,20,1,reported
T-CSE-POWER-002-A003-2026-06-28,CSE-POWER-002,CSE-POWER-002-A003,identity-logs,2026-06-28,50,1,reported
T-CSE-POWER-002-A003-2026-06-29,CSE-POWER-002,CSE-POWER-002-A003,identity-logs,2026-06-29,17,1,reported
T-CSE-POWER-002-A003-2026-06-30,CSE-POWER-002,CSE-POWER-002-A003,identity-logs,2026-06-30,26,1,reported
T-CSE-POWER-002-A003-2026-07-01,CSE-POWER-002,CSE-POWER-002-A003,identity-logs,2026-07-01,14,1,reported
T-CSE-POWER-002-A003-2026-07-02,CSE-POWER-002,CSE-POWER-002-A003,identity-logs,2026-07-02,55,1,reported
T-CSE-POWER-002-A003-2026-07-03,CSE-POWER-002,CSE-POWER-002-A003,identity-logs,2026-07-03,25,1,reported
T-CSE-POWER-002-A003-2026-07-04,CSE-POWER-002,CSE-POWER-002-A003,identity-logs,2026-07-04,33,1,reported
T-CSE-POWER-002-A003-2026-07-05,CSE-POWER-002,CSE-POWER-002-A003,identity-logs,2026-07-05,43,1,reported
T-CSE-POWER-002-A003-2026-07-06,CSE-POWER-002,CSE-POWER-002-A003,identity-logs,2026-07-06,78,1,reported
T-CSE-POWER-002-A003-2026-07-07,CSE-POWER-002,CSE-POWER-002-A003,identity-logs,2026-07-07,34,1,reported
T-CSE-POWER-002-A003-2026-07-08,CSE-POWER-002,CSE-POWER-002-A003,identity-logs,2026-07-08,82,1,reported
T-CSE-POWER-002-A003-2026-07-09,CSE-POWER-002,CSE-POWER-002-A003,identity-logs,2026-07-09,32,1,reported
T-CSE-POWER-002-A003-2026-07-10,CSE-POWER-002,CSE-POWER-002-A003,identity-logs,2026-07-10,54,1,reported
T-CSE-POWER-002-A003-2026-07-11,CSE-POWER-002,CSE-POWER-002-A003,identity-logs,2026-07-11,83,1,reported
T-CSE-POWER-002-A003-2026-07-12,CSE-POWER-002,CSE-POWER-002-A003,identity-logs,2026-07-12,66,1,reported
T-CSE-POWER-002-A003-2026-07-13,CSE-POWER-002,CSE-POWER-002-A003,identity-logs,2026-07-13,71,1,reported
T-CSE-POWER-002-A003-2026-07-14,CSE-POWER-002,CSE-POWER-002-A003,identity-logs,2026-07-14,41,1,reported
T-CSE-POWER-002-A003-2026-07-15,CSE-POWER-002,CSE-POWER-002-A003,identity-logs,2026-07-15,63,1,reported
T-CSE-POWER-002-A003-2026-07-16,CSE-POWER-002,CSE-POWER-002-A003,identity-logs,2026-07-16,35,1,reported
T-CSE-POWER-002-A003-2026-07-17,CSE-POWER-002,CSE-POWER-002-A003,identity-logs,2026-07-17,35,1,reported
T-CSE-POWER-002-A003-2026-07-18,CSE-POWER-002,CSE-POWER-002-A003,identity-logs,2026-07-18,67,1,reported
T-CSE-POWER-002-A003-2026-07-19,CSE-POWER-002,CSE-POWER-002-A003,identity-logs,2026-07-19,62,1,reported
T-CSE-POWER-002-A003-2026-07-20,CSE-POWER-002,CSE-POWER-002-A003,identity-logs,2026-07-20,15,1,reported
T-CSE-POWER-002-A003-2026-07-21,CSE-POWER-002,CSE-POWER-002-A003,identity-logs,2026-07-21,37,1,reported
T-CSE-POWER-002-A003-2026-07-22,CSE-POWER-002,CSE-POWER-002-A003,identity-logs,2026-07-22,69,1,reported
T-CSE-POWER-002-A003-2026-07-23,CSE-POWER-002,CSE-POWER-002-A003,identity-logs,2026-07-23,87,1,reported
T-CSE-POWER-002-A003-2026-07-24,CSE-POWER-002,CSE-POWER-002-A003,identity-logs,2026-07-24,66,1,reported
T-CSE-POWER-002-A003-2026-07-25,CSE-POWER-002,CSE-POWER-002-A003,identity-logs,2026-07-25,61,1,reported
T-CSE-POWER-002-A003-2026-07-26,CSE-POWER-002,CSE-POWER-002-A003,identity-logs,2026-07-26,12,1,reported
T-CSE-POWER-002-A003-2026-07-27,CSE-POWER-002,CSE-POWER-002-A003,identity-logs,2026-07-27,39,1,reported
T-CSE-POWER-002-A003-2026-07-28,CSE-POWER-002,CSE-POWER-002-A003,identity-logs,2026-07-28,38,1,reported
T-CSE-POWER-002-A003-2026-07-29,CSE-POWER-002,CSE-POWER-002-A003,identity-logs,2026-07-29,47,1,reported
T-CSE-POWER-002-A003-2026-07-30,CSE-POWER-002,CSE-POWER-002-A003,identity-logs,2026-07-30,20,1,reported
T-CSE-POWER-002-A003-2026-07-31,CSE-POWER-002,CSE-POWER-002-A003,identity-logs,2026-07-31,85,1,reported
T-CSE-POWER-002-A003-2026-08-01,CSE-POWER-002,CSE-POWER-002-A003,identity-logs,2026-08-01,25,1,reported
T-CSE-POWER-002-A003-2026-08-02,CSE-POWER-002,CSE-POWER-002-A003,identity-logs,2026-08-02,80,1,reported
T-CSE-POWER-002-A003-2026-08-03,CSE-POWER-002,CSE-POWER-002-A003,identity-logs,2026-08-03,35,1,reported
T-CSE-POWER-002-A003-2026-08-04,CSE-POWER-002,CSE-POWER-002-A003,identity-logs,2026-08-04,58,1,reported
T-CSE-POWER-002-A003-2026-08-05,CSE-POWER-002,CSE-POWER-002-A003,identity-logs,2026-08-05,53,1,reported
T-CSE-POWER-002-A003-2026-08-06,CSE-POWER-002,CSE-POWER-002-A003,identity-logs,2026-08-06,37,1,reported
T-CSE-POWER-002-A003-2026-08-07,CSE-POWER-002,CSE-POWER-002-A003,identity-logs,2026-08-07,70,1,reported
T-CSE-POWER-002-A003-2026-08-08,CSE-POWER-002,CSE-POWER-002-A003,identity-logs,2026-08-08,26,1,reported
T-CSE-POWER-002-A003-2026-08-09,CSE-POWER-002,CSE-POWER-002-A003,identity-logs,2026-08-09,45,1,reported
T-CSE-POWER-002-A003-2026-08-10,CSE-POWER-002,CSE-POWER-002-A003,identity-logs,2026-08-10,74,1,reported
T-CSE-POWER-002-A003-2026-08-11,CSE-POWER-002,CSE-POWER-002-A003,identity-logs,2026-08-11,79,1,reported
T-CSE-POWER-002-A003-2026-08-12,CSE-POWER-002,CSE-POWER-002-A003,identity-logs,2026-08-12,52,1,reported
T-CSE-POWER-002-A003-2026-08-13,CSE-POWER-002,CSE-POWER-002-A003,identity-logs,2026-08-13,88,1,reported
T-CSE-POWER-002-A003-2026-08-14,CSE-POWER-002,CSE-POWER-002-A003,identity-logs,2026-08-14,61,1,reported
T-CSE-POWER-002-A003-2026-08-15,CSE-POWER-002,CSE-POWER-002-A003,identity-logs,2026-08-15,62,1,reported
T-CSE-POWER-002-A003-2026-08-16,CSE-POWER-002,CSE-POWER-002-A003,identity-logs,2026-08-16,87,1,reported
T-CSE-POWER-002-A003-2026-08-17,CSE-POWER-002,CSE-POWER-002-A003,identity-logs,2026-08-17,26,1,reported
T-CSE-POWER-002-A003-2026-08-18,CSE-POWER-002,CSE-POWER-002-A003,identity-logs,2026-08-18,56,1,reported
T-CSE-POWER-002-A003-2026-08-19,CSE-POWER-002,CSE-POWER-002-A003,identity-logs,2026-08-19,57,1,reported
T-CSE-POWER-002-A003-2026-08-20,CSE-POWER-002,CSE-POWER-002-A003,identity-logs,2026-08-20,70,1,reported
T-CSE-POWER-002-A003-2026-08-21,CSE-POWER-002,CSE-POWER-002-A003,identity-logs,2026-08-21,34,1,reported
T-CSE-POWER-002-A003-2026-08-22,CSE-POWER-002,CSE-POWER-002-A003,identity-logs,2026-08-22,50,1,reported
T-CSE-POWER-002-A003-2026-08-23,CSE-POWER-002,CSE-POWER-002-A003,identity-logs,2026-08-23,87,1,reported
T-CSE-POWER-002-A003-2026-08-24,CSE-POWER-002,CSE-POWER-002-A003,identity-logs,2026-08-24,22,1,reported
T-CSE-POWER-002-A003-2026-08-25,CSE-POWER-002,CSE-POWER-002-A003,identity-logs,2026-08-25,29,1,reported
T-CSE-POWER-002-A003-2026-08-26,CSE-POWER-002,CSE-POWER-002-A003,identity-logs,2026-08-26,52,1,reported
T-CSE-POWER-002-A003-2026-08-27,CSE-POWER-002,CSE-POWER-002-A003,identity-logs,2026-08-27,27,1,reported
T-CSE-POWER-002-A003-2026-08-28,CSE-POWER-002,CSE-POWER-002-A003,identity-logs,2026-08-28,42,1,reported
T-CSE-POWER-002-A003-2026-08-29,CSE-POWER-002,CSE-POWER-002-A003,identity-logs,2026-08-29,51,1,reported
T-CSE-POWER-002-A003-2026-08-30,CSE-POWER-002,CSE-POWER-002-A003,identity-logs,2026-08-30,26,1,reported
T-CSE-POWER-002-A003-2026-08-31,CSE-POWER-002,CSE-POWER-002-A003,identity-logs,2026-08-31,35,1,reported
T-CSE-POWER-002-A004-2026-06-03,CSE-POWER-002,CSE-POWER-002-A004,endpoint-events,2026-06-03,59,1,reported
T-CSE-POWER-002-A004-2026-06-04,CSE-POWER-002,CSE-POWER-002-A004,endpoint-events,2026-06-04,30,1,reported
T-CSE-POWER-002-A004-2026-06-05,CSE-POWER-002,CSE-POWER-002-A004,endpoint-events,2026-06-05,77,1,reported
T-CSE-POWER-002-A004-2026-06-06,CSE-POWER-002,CSE-POWER-002-A004,endpoint-events,2026-06-06,61,1,reported
T-CSE-POWER-002-A004-2026-06-07,CSE-POWER-002,CSE-POWER-002-A004,endpoint-events,2026-06-07,65,1,reported
T-CSE-POWER-002-A004-2026-06-08,CSE-POWER-002,CSE-POWER-002-A004,endpoint-events,2026-06-08,88,1,reported
T-CSE-POWER-002-A004-2026-06-09,CSE-POWER-002,CSE-POWER-002-A004,endpoint-events,2026-06-09,29,1,reported
T-CSE-POWER-002-A004-2026-06-10,CSE-POWER-002,CSE-POWER-002-A004,endpoint-events,2026-06-10,85,1,reported
T-CSE-POWER-002-A004-2026-06-11,CSE-POWER-002,CSE-POWER-002-A004,endpoint-events,2026-06-11,61,1,reported
T-CSE-POWER-002-A004-2026-06-12,CSE-POWER-002,CSE-POWER-002-A004,endpoint-events,2026-06-12,66,1,reported
T-CSE-POWER-002-A004-2026-06-13,CSE-POWER-002,CSE-POWER-002-A004,endpoint-events,2026-06-13,35,1,reported
T-CSE-POWER-002-A004-2026-06-14,CSE-POWER-002,CSE-POWER-002-A004,endpoint-events,2026-06-14,74,1,reported
T-CSE-POWER-002-A004-2026-06-15,CSE-POWER-002,CSE-POWER-002-A004,endpoint-events,2026-06-15,80,1,reported
T-CSE-POWER-002-A004-2026-06-16,CSE-POWER-002,CSE-POWER-002-A004,endpoint-events,2026-06-16,34,1,reported
T-CSE-POWER-002-A004-2026-06-17,CSE-POWER-002,CSE-POWER-002-A004,endpoint-events,2026-06-17,83,1,reported
T-CSE-POWER-002-A004-2026-06-18,CSE-POWER-002,CSE-POWER-002-A004,endpoint-events,2026-06-18,33,1,reported
T-CSE-POWER-002-A004-2026-06-19,CSE-POWER-002,CSE-POWER-002-A004,endpoint-events,2026-06-19,74,1,reported
T-CSE-POWER-002-A004-2026-06-20,CSE-POWER-002,CSE-POWER-002-A004,endpoint-events,2026-06-20,48,1,reported
T-CSE-POWER-002-A004-2026-06-21,CSE-POWER-002,CSE-POWER-002-A004,endpoint-events,2026-06-21,29,1,reported
T-CSE-POWER-002-A004-2026-06-22,CSE-POWER-002,CSE-POWER-002-A004,endpoint-events,2026-06-22,35,1,reported
T-CSE-POWER-002-A004-2026-06-23,CSE-POWER-002,CSE-POWER-002-A004,endpoint-events,2026-06-23,52,1,reported
T-CSE-POWER-002-A004-2026-06-24,CSE-POWER-002,CSE-POWER-002-A004,endpoint-events,2026-06-24,69,1,reported
T-CSE-POWER-002-A004-2026-06-25,CSE-POWER-002,CSE-POWER-002-A004,endpoint-events,2026-06-25,18,1,reported
T-CSE-POWER-002-A004-2026-06-26,CSE-POWER-002,CSE-POWER-002-A004,endpoint-events,2026-06-26,57,1,reported
T-CSE-POWER-002-A004-2026-06-27,CSE-POWER-002,CSE-POWER-002-A004,endpoint-events,2026-06-27,13,1,reported
T-CSE-POWER-002-A004-2026-06-28,CSE-POWER-002,CSE-POWER-002-A004,endpoint-events,2026-06-28,74,1,reported
T-CSE-POWER-002-A004-2026-06-29,CSE-POWER-002,CSE-POWER-002-A004,endpoint-events,2026-06-29,29,1,reported
T-CSE-POWER-002-A004-2026-06-30,CSE-POWER-002,CSE-POWER-002-A004,endpoint-events,2026-06-30,36,1,reported
T-CSE-POWER-002-A004-2026-07-01,CSE-POWER-002,CSE-POWER-002-A004,endpoint-events,2026-07-01,61,1,reported
T-CSE-POWER-002-A004-2026-07-02,CSE-POWER-002,CSE-POWER-002-A004,endpoint-events,2026-07-02,83,1,reported
T-CSE-POWER-002-A004-2026-07-03,CSE-POWER-002,CSE-POWER-002-A004,endpoint-events,2026-07-03,76,1,reported
T-CSE-POWER-002-A004-2026-07-04,CSE-POWER-002,CSE-POWER-002-A004,endpoint-events,2026-07-04,75,1,reported
T-CSE-POWER-002-A004-2026-07-05,CSE-POWER-002,CSE-POWER-002-A004,endpoint-events,2026-07-05,64,1,reported
T-CSE-POWER-002-A004-2026-07-06,CSE-POWER-002,CSE-POWER-002-A004,endpoint-events,2026-07-06,74,1,reported
T-CSE-POWER-002-A004-2026-07-07,CSE-POWER-002,CSE-POWER-002-A004,endpoint-events,2026-07-07,65,1,reported
T-CSE-POWER-002-A004-2026-07-08,CSE-POWER-002,CSE-POWER-002-A004,endpoint-events,2026-07-08,68,1,reported
T-CSE-POWER-002-A004-2026-07-09,CSE-POWER-002,CSE-POWER-002-A004,endpoint-events,2026-07-09,74,1,reported
T-CSE-POWER-002-A004-2026-07-10,CSE-POWER-002,CSE-POWER-002-A004,endpoint-events,2026-07-10,33,1,reported
T-CSE-POWER-002-A004-2026-07-11,CSE-POWER-002,CSE-POWER-002-A004,endpoint-events,2026-07-11,22,1,reported
T-CSE-POWER-002-A004-2026-07-12,CSE-POWER-002,CSE-POWER-002-A004,endpoint-events,2026-07-12,84,1,reported
T-CSE-POWER-002-A004-2026-07-13,CSE-POWER-002,CSE-POWER-002-A004,endpoint-events,2026-07-13,15,1,reported
T-CSE-POWER-002-A004-2026-07-14,CSE-POWER-002,CSE-POWER-002-A004,endpoint-events,2026-07-14,40,1,reported
T-CSE-POWER-002-A004-2026-07-15,CSE-POWER-002,CSE-POWER-002-A004,endpoint-events,2026-07-15,49,1,reported
T-CSE-POWER-002-A004-2026-07-16,CSE-POWER-002,CSE-POWER-002-A004,endpoint-events,2026-07-16,16,1,reported
T-CSE-POWER-002-A004-2026-07-17,CSE-POWER-002,CSE-POWER-002-A004,endpoint-events,2026-07-17,47,1,reported
T-CSE-POWER-002-A004-2026-07-18,CSE-POWER-002,CSE-POWER-002-A004,endpoint-events,2026-07-18,40,1,reported
T-CSE-POWER-002-A004-2026-07-19,CSE-POWER-002,CSE-POWER-002-A004,endpoint-events,2026-07-19,80,1,reported
T-CSE-POWER-002-A004-2026-07-20,CSE-POWER-002,CSE-POWER-002-A004,endpoint-events,2026-07-20,48,1,reported
T-CSE-POWER-002-A004-2026-07-21,CSE-POWER-002,CSE-POWER-002-A004,endpoint-events,2026-07-21,33,1,reported
T-CSE-POWER-002-A004-2026-07-22,CSE-POWER-002,CSE-POWER-002-A004,endpoint-events,2026-07-22,70,1,reported
T-CSE-POWER-002-A004-2026-07-23,CSE-POWER-002,CSE-POWER-002-A004,endpoint-events,2026-07-23,84,1,reported
T-CSE-POWER-002-A004-2026-07-24,CSE-POWER-002,CSE-POWER-002-A004,endpoint-events,2026-07-24,75,1,reported
T-CSE-POWER-002-A004-2026-07-25,CSE-POWER-002,CSE-POWER-002-A004,endpoint-events,2026-07-25,82,1,reported
T-CSE-POWER-002-A004-2026-07-26,CSE-POWER-002,CSE-POWER-002-A004,endpoint-events,2026-07-26,77,1,reported
T-CSE-POWER-002-A004-2026-07-27,CSE-POWER-002,CSE-POWER-002-A004,endpoint-events,2026-07-27,26,1,reported
T-CSE-POWER-002-A004-2026-07-28,CSE-POWER-002,CSE-POWER-002-A004,endpoint-events,2026-07-28,85,1,reported
T-CSE-POWER-002-A004-2026-07-29,CSE-POWER-002,CSE-POWER-002-A004,endpoint-events,2026-07-29,26,1,reported
T-CSE-POWER-002-A004-2026-07-30,CSE-POWER-002,CSE-POWER-002-A004,endpoint-events,2026-07-30,46,1,reported
T-CSE-POWER-002-A004-2026-07-31,CSE-POWER-002,CSE-POWER-002-A004,endpoint-events,2026-07-31,81,1,reported
T-CSE-POWER-002-A004-2026-08-01,CSE-POWER-002,CSE-POWER-002-A004,endpoint-events,2026-08-01,58,1,reported
T-CSE-POWER-002-A004-2026-08-02,CSE-POWER-002,CSE-POWER-002-A004,endpoint-events,2026-08-02,81,1,reported
T-CSE-POWER-002-A004-2026-08-03,CSE-POWER-002,CSE-POWER-002-A004,endpoint-events,2026-08-03,17,1,reported
T-CSE-POWER-002-A004-2026-08-04,CSE-POWER-002,CSE-POWER-002-A004,endpoint-events,2026-08-04,68,1,reported
T-CSE-POWER-002-A004-2026-08-05,CSE-POWER-002,CSE-POWER-002-A004,endpoint-events,2026-08-05,81,1,reported
T-CSE-POWER-002-A004-2026-08-06,CSE-POWER-002,CSE-POWER-002-A004,endpoint-events,2026-08-06,39,1,reported
T-CSE-POWER-002-A004-2026-08-07,CSE-POWER-002,CSE-POWER-002-A004,endpoint-events,2026-08-07,66,1,reported
T-CSE-POWER-002-A004-2026-08-08,CSE-POWER-002,CSE-POWER-002-A004,endpoint-events,2026-08-08,25,1,reported
T-CSE-POWER-002-A004-2026-08-09,CSE-POWER-002,CSE-POWER-002-A004,endpoint-events,2026-08-09,43,1,reported
T-CSE-POWER-002-A004-2026-08-10,CSE-POWER-002,CSE-POWER-002-A004,endpoint-events,2026-08-10,50,1,reported
T-CSE-POWER-002-A004-2026-08-11,CSE-POWER-002,CSE-POWER-002-A004,endpoint-events,2026-08-11,16,1,reported
T-CSE-POWER-002-A004-2026-08-12,CSE-POWER-002,CSE-POWER-002-A004,endpoint-events,2026-08-12,69,1,reported
T-CSE-POWER-002-A004-2026-08-13,CSE-POWER-002,CSE-POWER-002-A004,endpoint-events,2026-08-13,45,1,reported
T-CSE-POWER-002-A004-2026-08-14,CSE-POWER-002,CSE-POWER-002-A004,endpoint-events,2026-08-14,56,1,reported
T-CSE-POWER-002-A004-2026-08-15,CSE-POWER-002,CSE-POWER-002-A004,endpoint-events,2026-08-15,23,1,reported
T-CSE-POWER-002-A004-2026-08-16,CSE-POWER-002,CSE-POWER-002-A004,endpoint-events,2026-08-16,68,1,reported
T-CSE-POWER-002-A004-2026-08-17,CSE-POWER-002,CSE-POWER-002-A004,endpoint-events,2026-08-17,27,1,reported
T-CSE-POWER-002-A004-2026-08-18,CSE-POWER-002,CSE-POWER-002-A004,endpoint-events,2026-08-18,42,1,reported
T-CSE-POWER-002-A004-2026-08-19,CSE-POWER-002,CSE-POWER-002-A004,endpoint-events,2026-08-19,38,1,reported
T-CSE-POWER-002-A004-2026-08-20,CSE-POWER-002,CSE-POWER-002-A004,endpoint-events,2026-08-20,87,1,reported
T-CSE-POWER-002-A004-2026-08-21,CSE-POWER-002,CSE-POWER-002-A004,endpoint-events,2026-08-21,56,1,reported
T-CSE-POWER-002-A004-2026-08-22,CSE-POWER-002,CSE-POWER-002-A004,endpoint-events,2026-08-22,66,1,reported
T-CSE-POWER-002-A004-2026-08-23,CSE-POWER-002,CSE-POWER-002-A004,endpoint-events,2026-08-23,33,1,reported
T-CSE-POWER-002-A004-2026-08-24,CSE-POWER-002,CSE-POWER-002-A004,endpoint-events,2026-08-24,29,1,reported
T-CSE-POWER-002-A004-2026-08-25,CSE-POWER-002,CSE-POWER-002-A004,endpoint-events,2026-08-25,38,1,reported
T-CSE-POWER-002-A004-2026-08-26,CSE-POWER-002,CSE-POWER-002-A004,endpoint-events,2026-08-26,38,1,reported
T-CSE-POWER-002-A004-2026-08-27,CSE-POWER-002,CSE-POWER-002-A004,endpoint-events,2026-08-27,19,1,reported
T-CSE-POWER-002-A004-2026-08-28,CSE-POWER-002,CSE-POWER-002-A004,endpoint-events,2026-08-28,84,1,reported
T-CSE-POWER-002-A004-2026-08-29,CSE-POWER-002,CSE-POWER-002-A004,endpoint-events,2026-08-29,56,1,reported
T-CSE-POWER-002-A004-2026-08-30,CSE-POWER-002,CSE-POWER-002-A004,endpoint-events,2026-08-30,80,1,reported
T-CSE-POWER-002-A004-2026-08-31,CSE-POWER-002,CSE-POWER-002-A004,endpoint-events,2026-08-31,47,1,reported
T-CSE-POWER-002-A005-2026-06-03,CSE-POWER-002,CSE-POWER-002-A005,identity-logs,2026-06-03,88,1,reported
T-CSE-POWER-002-A005-2026-06-04,CSE-POWER-002,CSE-POWER-002-A005,identity-logs,2026-06-04,80,1,reported
T-CSE-POWER-002-A005-2026-06-05,CSE-POWER-002,CSE-POWER-002-A005,identity-logs,2026-06-05,33,1,reported
T-CSE-POWER-002-A005-2026-06-06,CSE-POWER-002,CSE-POWER-002-A005,identity-logs,2026-06-06,53,1,reported
T-CSE-POWER-002-A005-2026-06-07,CSE-POWER-002,CSE-POWER-002-A005,identity-logs,2026-06-07,49,1,reported
T-CSE-POWER-002-A005-2026-06-08,CSE-POWER-002,CSE-POWER-002-A005,identity-logs,2026-06-08,49,1,reported
T-CSE-POWER-002-A005-2026-06-09,CSE-POWER-002,CSE-POWER-002-A005,identity-logs,2026-06-09,85,1,reported
T-CSE-POWER-002-A005-2026-06-10,CSE-POWER-002,CSE-POWER-002-A005,identity-logs,2026-06-10,46,1,reported
T-CSE-POWER-002-A005-2026-06-11,CSE-POWER-002,CSE-POWER-002-A005,identity-logs,2026-06-11,77,1,reported
T-CSE-POWER-002-A005-2026-06-12,CSE-POWER-002,CSE-POWER-002-A005,identity-logs,2026-06-12,24,1,reported
T-CSE-POWER-002-A005-2026-06-13,CSE-POWER-002,CSE-POWER-002-A005,identity-logs,2026-06-13,29,1,reported
T-CSE-POWER-002-A005-2026-06-14,CSE-POWER-002,CSE-POWER-002-A005,identity-logs,2026-06-14,64,1,reported
T-CSE-POWER-002-A005-2026-06-15,CSE-POWER-002,CSE-POWER-002-A005,identity-logs,2026-06-15,19,1,reported
T-CSE-POWER-002-A005-2026-06-16,CSE-POWER-002,CSE-POWER-002-A005,identity-logs,2026-06-16,47,1,reported
T-CSE-POWER-002-A005-2026-06-17,CSE-POWER-002,CSE-POWER-002-A005,identity-logs,2026-06-17,28,1,reported
T-CSE-POWER-002-A005-2026-06-18,CSE-POWER-002,CSE-POWER-002-A005,identity-logs,2026-06-18,28,1,reported
T-CSE-POWER-002-A005-2026-06-19,CSE-POWER-002,CSE-POWER-002-A005,identity-logs,2026-06-19,43,1,reported
T-CSE-POWER-002-A005-2026-06-20,CSE-POWER-002,CSE-POWER-002-A005,identity-logs,2026-06-20,30,1,reported
T-CSE-POWER-002-A005-2026-06-21,CSE-POWER-002,CSE-POWER-002-A005,identity-logs,2026-06-21,53,1,reported
T-CSE-POWER-002-A005-2026-06-22,CSE-POWER-002,CSE-POWER-002-A005,identity-logs,2026-06-22,43,1,reported
T-CSE-POWER-002-A005-2026-06-23,CSE-POWER-002,CSE-POWER-002-A005,identity-logs,2026-06-23,62,1,reported
T-CSE-POWER-002-A005-2026-06-24,CSE-POWER-002,CSE-POWER-002-A005,identity-logs,2026-06-24,74,1,reported
T-CSE-POWER-002-A005-2026-06-25,CSE-POWER-002,CSE-POWER-002-A005,identity-logs,2026-06-25,30,1,reported
T-CSE-POWER-002-A005-2026-06-26,CSE-POWER-002,CSE-POWER-002-A005,identity-logs,2026-06-26,85,1,reported
T-CSE-POWER-002-A005-2026-06-27,CSE-POWER-002,CSE-POWER-002-A005,identity-logs,2026-06-27,46,1,reported
T-CSE-POWER-002-A005-2026-06-28,CSE-POWER-002,CSE-POWER-002-A005,identity-logs,2026-06-28,65,1,reported
T-CSE-POWER-002-A005-2026-06-29,CSE-POWER-002,CSE-POWER-002-A005,identity-logs,2026-06-29,60,1,reported
T-CSE-POWER-002-A005-2026-06-30,CSE-POWER-002,CSE-POWER-002-A005,identity-logs,2026-06-30,69,1,reported
T-CSE-POWER-002-A005-2026-07-01,CSE-POWER-002,CSE-POWER-002-A005,identity-logs,2026-07-01,21,1,reported
T-CSE-POWER-002-A005-2026-07-02,CSE-POWER-002,CSE-POWER-002-A005,identity-logs,2026-07-02,23,1,reported
T-CSE-POWER-002-A005-2026-07-03,CSE-POWER-002,CSE-POWER-002-A005,identity-logs,2026-07-03,63,1,reported
T-CSE-POWER-002-A005-2026-07-04,CSE-POWER-002,CSE-POWER-002-A005,identity-logs,2026-07-04,77,1,reported
T-CSE-POWER-002-A005-2026-07-05,CSE-POWER-002,CSE-POWER-002-A005,identity-logs,2026-07-05,47,1,reported
T-CSE-POWER-002-A005-2026-07-06,CSE-POWER-002,CSE-POWER-002-A005,identity-logs,2026-07-06,59,1,reported
T-CSE-POWER-002-A005-2026-07-07,CSE-POWER-002,CSE-POWER-002-A005,identity-logs,2026-07-07,70,1,reported
T-CSE-POWER-002-A005-2026-07-08,CSE-POWER-002,CSE-POWER-002-A005,identity-logs,2026-07-08,74,1,reported
T-CSE-POWER-002-A005-2026-07-09,CSE-POWER-002,CSE-POWER-002-A005,identity-logs,2026-07-09,53,1,reported
T-CSE-POWER-002-A005-2026-07-10,CSE-POWER-002,CSE-POWER-002-A005,identity-logs,2026-07-10,86,1,reported
T-CSE-POWER-002-A005-2026-07-11,CSE-POWER-002,CSE-POWER-002-A005,identity-logs,2026-07-11,12,1,reported
T-CSE-POWER-002-A005-2026-07-12,CSE-POWER-002,CSE-POWER-002-A005,identity-logs,2026-07-12,23,1,reported
T-CSE-POWER-002-A005-2026-07-13,CSE-POWER-002,CSE-POWER-002-A005,identity-logs,2026-07-13,70,1,reported
T-CSE-POWER-002-A005-2026-07-14,CSE-POWER-002,CSE-POWER-002-A005,identity-logs,2026-07-14,57,1,reported
T-CSE-POWER-002-A005-2026-07-15,CSE-POWER-002,CSE-POWER-002-A005,identity-logs,2026-07-15,20,1,reported
T-CSE-POWER-002-A005-2026-07-16,CSE-POWER-002,CSE-POWER-002-A005,identity-logs,2026-07-16,80,1,reported
T-CSE-POWER-002-A005-2026-07-17,CSE-POWER-002,CSE-POWER-002-A005,identity-logs,2026-07-17,62,1,reported
T-CSE-POWER-002-A005-2026-07-18,CSE-POWER-002,CSE-POWER-002-A005,identity-logs,2026-07-18,39,1,reported
T-CSE-POWER-002-A005-2026-07-19,CSE-POWER-002,CSE-POWER-002-A005,identity-logs,2026-07-19,66,1,reported
T-CSE-POWER-002-A005-2026-07-20,CSE-POWER-002,CSE-POWER-002-A005,identity-logs,2026-07-20,39,1,reported
T-CSE-POWER-002-A005-2026-07-21,CSE-POWER-002,CSE-POWER-002-A005,identity-logs,2026-07-21,75,1,reported
T-CSE-POWER-002-A005-2026-07-22,CSE-POWER-002,CSE-POWER-002-A005,identity-logs,2026-07-22,46,1,reported
T-CSE-POWER-002-A005-2026-07-23,CSE-POWER-002,CSE-POWER-002-A005,identity-logs,2026-07-23,53,1,reported
T-CSE-POWER-002-A005-2026-07-24,CSE-POWER-002,CSE-POWER-002-A005,identity-logs,2026-07-24,48,1,reported
T-CSE-POWER-002-A005-2026-07-25,CSE-POWER-002,CSE-POWER-002-A005,identity-logs,2026-07-25,55,1,reported
T-CSE-POWER-002-A005-2026-07-26,CSE-POWER-002,CSE-POWER-002-A005,identity-logs,2026-07-26,82,1,reported
T-CSE-POWER-002-A005-2026-07-27,CSE-POWER-002,CSE-POWER-002-A005,identity-logs,2026-07-27,85,1,reported
T-CSE-POWER-002-A005-2026-07-28,CSE-POWER-002,CSE-POWER-002-A005,identity-logs,2026-07-28,28,1,reported
T-CSE-POWER-002-A005-2026-07-29,CSE-POWER-002,CSE-POWER-002-A005,identity-logs,2026-07-29,84,1,reported
T-CSE-POWER-002-A005-2026-07-30,CSE-POWER-002,CSE-POWER-002-A005,identity-logs,2026-07-30,74,1,reported
T-CSE-POWER-002-A005-2026-07-31,CSE-POWER-002,CSE-POWER-002-A005,identity-logs,2026-07-31,55,1,reported
T-CSE-POWER-002-A005-2026-08-01,CSE-POWER-002,CSE-POWER-002-A005,identity-logs,2026-08-01,18,1,reported
T-CSE-POWER-002-A005-2026-08-02,CSE-POWER-002,CSE-POWER-002-A005,identity-logs,2026-08-02,17,1,reported
T-CSE-POWER-002-A005-2026-08-03,CSE-POWER-002,CSE-POWER-002-A005,identity-logs,2026-08-03,24,1,reported
T-CSE-POWER-002-A005-2026-08-04,CSE-POWER-002,CSE-POWER-002-A005,identity-logs,2026-08-04,70,1,reported
T-CSE-POWER-002-A005-2026-08-05,CSE-POWER-002,CSE-POWER-002-A005,identity-logs,2026-08-05,14,1,reported
T-CSE-POWER-002-A005-2026-08-06,CSE-POWER-002,CSE-POWER-002-A005,identity-logs,2026-08-06,27,1,reported
T-CSE-POWER-002-A005-2026-08-07,CSE-POWER-002,CSE-POWER-002-A005,identity-logs,2026-08-07,32,1,reported
T-CSE-POWER-002-A005-2026-08-08,CSE-POWER-002,CSE-POWER-002-A005,identity-logs,2026-08-08,68,1,reported
T-CSE-POWER-002-A005-2026-08-09,CSE-POWER-002,CSE-POWER-002-A005,identity-logs,2026-08-09,70,1,reported
T-CSE-POWER-002-A005-2026-08-10,CSE-POWER-002,CSE-POWER-002-A005,identity-logs,2026-08-10,12,1,reported
T-CSE-POWER-002-A005-2026-08-11,CSE-POWER-002,CSE-POWER-002-A005,identity-logs,2026-08-11,66,1,reported
T-CSE-POWER-002-A005-2026-08-12,CSE-POWER-002,CSE-POWER-002-A005,identity-logs,2026-08-12,37,1,reported
T-CSE-POWER-002-A005-2026-08-13,CSE-POWER-002,CSE-POWER-002-A005,identity-logs,2026-08-13,28,1,reported
T-CSE-POWER-002-A005-2026-08-14,CSE-POWER-002,CSE-POWER-002-A005,identity-logs,2026-08-14,50,1,reported
T-CSE-POWER-002-A005-2026-08-15,CSE-POWER-002,CSE-POWER-002-A005,identity-logs,2026-08-15,32,1,reported
T-CSE-POWER-002-A005-2026-08-16,CSE-POWER-002,CSE-POWER-002-A005,identity-logs,2026-08-16,47,1,reported
T-CSE-POWER-002-A005-2026-08-17,CSE-POWER-002,CSE-POWER-002-A005,identity-logs,2026-08-17,23,1,reported
T-CSE-POWER-002-A005-2026-08-18,CSE-POWER-002,CSE-POWER-002-A005,identity-logs,2026-08-18,58,1,reported
T-CSE-POWER-002-A005-2026-08-19,CSE-POWER-002,CSE-POWER-002-A005,identity-logs,2026-08-19,44,1,reported
T-CSE-POWER-002-A005-2026-08-20,CSE-POWER-002,CSE-POWER-002-A005,identity-logs,2026-08-20,22,1,reported
T-CSE-POWER-002-A005-2026-08-21,CSE-POWER-002,CSE-POWER-002-A005,identity-logs,2026-08-21,59,1,reported
T-CSE-POWER-002-A005-2026-08-22,CSE-POWER-002,CSE-POWER-002-A005,identity-logs,2026-08-22,33,1,reported
T-CSE-POWER-002-A005-2026-08-23,CSE-POWER-002,CSE-POWER-002-A005,identity-logs,2026-08-23,18,1,reported
T-CSE-POWER-002-A005-2026-08-24,CSE-POWER-002,CSE-POWER-002-A005,identity-logs,2026-08-24,62,1,reported
T-CSE-POWER-002-A005-2026-08-25,CSE-POWER-002,CSE-POWER-002-A005,identity-logs,2026-08-25,51,1,reported
T-CSE-POWER-002-A005-2026-08-26,CSE-POWER-002,CSE-POWER-002-A005,identity-logs,2026-08-26,41,1,reported
T-CSE-POWER-002-A005-2026-08-27,CSE-POWER-002,CSE-POWER-002-A005,identity-logs,2026-08-27,66,1,reported
T-CSE-POWER-002-A005-2026-08-28,CSE-POWER-002,CSE-POWER-002-A005,identity-logs,2026-08-28,23,1,reported
T-CSE-POWER-002-A005-2026-08-29,CSE-POWER-002,CSE-POWER-002-A005,identity-logs,2026-08-29,24,1,reported
T-CSE-POWER-002-A005-2026-08-30,CSE-POWER-002,CSE-POWER-002-A005,identity-logs,2026-08-30,12,1,reported
T-CSE-POWER-002-A005-2026-08-31,CSE-POWER-002,CSE-POWER-002-A005,identity-logs,2026-08-31,39,1,reported
T-CSE-POWER-002-A006-2026-06-03,CSE-POWER-002,CSE-POWER-002-A006,endpoint-events,2026-06-03,73,1,reported
T-CSE-POWER-002-A006-2026-06-04,CSE-POWER-002,CSE-POWER-002-A006,endpoint-events,2026-06-04,21,1,reported
T-CSE-POWER-002-A006-2026-06-05,CSE-POWER-002,CSE-POWER-002-A006,endpoint-events,2026-06-05,28,1,reported
T-CSE-POWER-002-A006-2026-06-06,CSE-POWER-002,CSE-POWER-002-A006,endpoint-events,2026-06-06,87,1,reported
T-CSE-POWER-002-A006-2026-06-07,CSE-POWER-002,CSE-POWER-002-A006,endpoint-events,2026-06-07,40,1,reported
T-CSE-POWER-002-A006-2026-06-08,CSE-POWER-002,CSE-POWER-002-A006,endpoint-events,2026-06-08,78,1,reported
T-CSE-POWER-002-A006-2026-06-09,CSE-POWER-002,CSE-POWER-002-A006,endpoint-events,2026-06-09,68,1,reported
T-CSE-POWER-002-A006-2026-06-10,CSE-POWER-002,CSE-POWER-002-A006,endpoint-events,2026-06-10,13,1,reported
T-CSE-POWER-002-A006-2026-06-11,CSE-POWER-002,CSE-POWER-002-A006,endpoint-events,2026-06-11,13,1,reported
T-CSE-POWER-002-A006-2026-06-12,CSE-POWER-002,CSE-POWER-002-A006,endpoint-events,2026-06-12,55,1,reported
T-CSE-POWER-002-A006-2026-06-13,CSE-POWER-002,CSE-POWER-002-A006,endpoint-events,2026-06-13,27,1,reported
T-CSE-POWER-002-A006-2026-06-14,CSE-POWER-002,CSE-POWER-002-A006,endpoint-events,2026-06-14,66,1,reported
T-CSE-POWER-002-A006-2026-06-15,CSE-POWER-002,CSE-POWER-002-A006,endpoint-events,2026-06-15,28,1,reported
T-CSE-POWER-002-A006-2026-06-16,CSE-POWER-002,CSE-POWER-002-A006,endpoint-events,2026-06-16,73,1,reported
T-CSE-POWER-002-A006-2026-06-17,CSE-POWER-002,CSE-POWER-002-A006,endpoint-events,2026-06-17,21,1,reported
T-CSE-POWER-002-A006-2026-06-18,CSE-POWER-002,CSE-POWER-002-A006,endpoint-events,2026-06-18,41,1,reported
T-CSE-POWER-002-A006-2026-06-19,CSE-POWER-002,CSE-POWER-002-A006,endpoint-events,2026-06-19,61,1,reported
T-CSE-POWER-002-A006-2026-06-20,CSE-POWER-002,CSE-POWER-002-A006,endpoint-events,2026-06-20,23,1,reported
T-CSE-POWER-002-A006-2026-06-21,CSE-POWER-002,CSE-POWER-002-A006,endpoint-events,2026-06-21,25,1,reported
T-CSE-POWER-002-A006-2026-06-22,CSE-POWER-002,CSE-POWER-002-A006,endpoint-events,2026-06-22,25,1,reported
T-CSE-POWER-002-A006-2026-06-23,CSE-POWER-002,CSE-POWER-002-A006,endpoint-events,2026-06-23,52,1,reported
T-CSE-POWER-002-A006-2026-06-24,CSE-POWER-002,CSE-POWER-002-A006,endpoint-events,2026-06-24,59,1,reported
T-CSE-POWER-002-A006-2026-06-25,CSE-POWER-002,CSE-POWER-002-A006,endpoint-events,2026-06-25,50,1,reported
T-CSE-POWER-002-A006-2026-06-26,CSE-POWER-002,CSE-POWER-002-A006,endpoint-events,2026-06-26,29,1,reported
T-CSE-POWER-002-A006-2026-06-27,CSE-POWER-002,CSE-POWER-002-A006,endpoint-events,2026-06-27,60,1,reported
T-CSE-POWER-002-A006-2026-06-28,CSE-POWER-002,CSE-POWER-002-A006,endpoint-events,2026-06-28,29,1,reported
T-CSE-POWER-002-A006-2026-06-29,CSE-POWER-002,CSE-POWER-002-A006,endpoint-events,2026-06-29,30,1,reported
T-CSE-POWER-002-A006-2026-06-30,CSE-POWER-002,CSE-POWER-002-A006,endpoint-events,2026-06-30,20,1,reported
T-CSE-POWER-002-A006-2026-07-01,CSE-POWER-002,CSE-POWER-002-A006,endpoint-events,2026-07-01,79,1,reported
T-CSE-POWER-002-A006-2026-07-02,CSE-POWER-002,CSE-POWER-002-A006,endpoint-events,2026-07-02,84,1,reported
T-CSE-POWER-002-A006-2026-07-03,CSE-POWER-002,CSE-POWER-002-A006,endpoint-events,2026-07-03,13,1,reported
T-CSE-POWER-002-A006-2026-07-04,CSE-POWER-002,CSE-POWER-002-A006,endpoint-events,2026-07-04,33,1,reported
T-CSE-POWER-002-A006-2026-07-05,CSE-POWER-002,CSE-POWER-002-A006,endpoint-events,2026-07-05,68,1,reported
T-CSE-POWER-002-A006-2026-07-06,CSE-POWER-002,CSE-POWER-002-A006,endpoint-events,2026-07-06,56,1,reported
T-CSE-POWER-002-A006-2026-07-07,CSE-POWER-002,CSE-POWER-002-A006,endpoint-events,2026-07-07,39,1,reported
T-CSE-POWER-002-A006-2026-07-08,CSE-POWER-002,CSE-POWER-002-A006,endpoint-events,2026-07-08,31,1,reported
T-CSE-POWER-002-A006-2026-07-09,CSE-POWER-002,CSE-POWER-002-A006,endpoint-events,2026-07-09,64,1,reported
T-CSE-POWER-002-A006-2026-07-10,CSE-POWER-002,CSE-POWER-002-A006,endpoint-events,2026-07-10,68,1,reported
T-CSE-POWER-002-A006-2026-07-11,CSE-POWER-002,CSE-POWER-002-A006,endpoint-events,2026-07-11,39,1,reported
T-CSE-POWER-002-A006-2026-07-12,CSE-POWER-002,CSE-POWER-002-A006,endpoint-events,2026-07-12,23,1,reported
T-CSE-POWER-002-A006-2026-07-13,CSE-POWER-002,CSE-POWER-002-A006,endpoint-events,2026-07-13,24,1,reported
T-CSE-POWER-002-A006-2026-07-14,CSE-POWER-002,CSE-POWER-002-A006,endpoint-events,2026-07-14,29,1,reported
T-CSE-POWER-002-A006-2026-07-15,CSE-POWER-002,CSE-POWER-002-A006,endpoint-events,2026-07-15,27,1,reported
T-CSE-POWER-002-A006-2026-07-16,CSE-POWER-002,CSE-POWER-002-A006,endpoint-events,2026-07-16,87,1,reported
T-CSE-POWER-002-A006-2026-07-17,CSE-POWER-002,CSE-POWER-002-A006,endpoint-events,2026-07-17,61,1,reported
T-CSE-POWER-002-A006-2026-07-18,CSE-POWER-002,CSE-POWER-002-A006,endpoint-events,2026-07-18,56,1,reported
T-CSE-POWER-002-A006-2026-07-19,CSE-POWER-002,CSE-POWER-002-A006,endpoint-events,2026-07-19,66,1,reported
T-CSE-POWER-002-A006-2026-07-20,CSE-POWER-002,CSE-POWER-002-A006,endpoint-events,2026-07-20,52,1,reported
T-CSE-POWER-002-A006-2026-07-21,CSE-POWER-002,CSE-POWER-002-A006,endpoint-events,2026-07-21,29,1,reported
T-CSE-POWER-002-A006-2026-07-22,CSE-POWER-002,CSE-POWER-002-A006,endpoint-events,2026-07-22,43,1,reported
T-CSE-POWER-002-A006-2026-07-23,CSE-POWER-002,CSE-POWER-002-A006,endpoint-events,2026-07-23,47,1,reported
T-CSE-POWER-002-A006-2026-07-24,CSE-POWER-002,CSE-POWER-002-A006,endpoint-events,2026-07-24,22,1,reported
T-CSE-POWER-002-A006-2026-07-25,CSE-POWER-002,CSE-POWER-002-A006,endpoint-events,2026-07-25,43,1,reported
T-CSE-POWER-002-A006-2026-07-26,CSE-POWER-002,CSE-POWER-002-A006,endpoint-events,2026-07-26,82,1,reported
T-CSE-POWER-002-A006-2026-07-27,CSE-POWER-002,CSE-POWER-002-A006,endpoint-events,2026-07-27,88,1,reported
T-CSE-POWER-002-A006-2026-07-28,CSE-POWER-002,CSE-POWER-002-A006,endpoint-events,2026-07-28,88,1,reported
T-CSE-POWER-002-A006-2026-07-29,CSE-POWER-002,CSE-POWER-002-A006,endpoint-events,2026-07-29,89,1,reported
T-CSE-POWER-002-A006-2026-07-30,CSE-POWER-002,CSE-POWER-002-A006,endpoint-events,2026-07-30,48,1,reported
T-CSE-POWER-002-A006-2026-07-31,CSE-POWER-002,CSE-POWER-002-A006,endpoint-events,2026-07-31,15,1,reported
T-CSE-POWER-002-A006-2026-08-01,CSE-POWER-002,CSE-POWER-002-A006,endpoint-events,2026-08-01,50,1,reported
T-CSE-POWER-002-A006-2026-08-02,CSE-POWER-002,CSE-POWER-002-A006,endpoint-events,2026-08-02,38,1,reported
T-CSE-POWER-002-A006-2026-08-03,CSE-POWER-002,CSE-POWER-002-A006,endpoint-events,2026-08-03,78,1,reported
T-CSE-POWER-002-A006-2026-08-04,CSE-POWER-002,CSE-POWER-002-A006,endpoint-events,2026-08-04,89,1,reported
T-CSE-POWER-002-A006-2026-08-05,CSE-POWER-002,CSE-POWER-002-A006,endpoint-events,2026-08-05,77,1,reported
T-CSE-POWER-002-A006-2026-08-06,CSE-POWER-002,CSE-POWER-002-A006,endpoint-events,2026-08-06,36,1,reported
T-CSE-POWER-002-A006-2026-08-07,CSE-POWER-002,CSE-POWER-002-A006,endpoint-events,2026-08-07,62,1,reported
T-CSE-POWER-002-A006-2026-08-08,CSE-POWER-002,CSE-POWER-002-A006,endpoint-events,2026-08-08,49,1,reported
T-CSE-POWER-002-A006-2026-08-09,CSE-POWER-002,CSE-POWER-002-A006,endpoint-events,2026-08-09,18,1,reported
T-CSE-POWER-002-A006-2026-08-10,CSE-POWER-002,CSE-POWER-002-A006,endpoint-events,2026-08-10,42,1,reported
T-CSE-POWER-002-A006-2026-08-11,CSE-POWER-002,CSE-POWER-002-A006,endpoint-events,2026-08-11,75,1,reported
T-CSE-POWER-002-A006-2026-08-12,CSE-POWER-002,CSE-POWER-002-A006,endpoint-events,2026-08-12,61,1,reported
T-CSE-POWER-002-A006-2026-08-13,CSE-POWER-002,CSE-POWER-002-A006,endpoint-events,2026-08-13,26,1,reported
T-CSE-POWER-002-A006-2026-08-14,CSE-POWER-002,CSE-POWER-002-A006,endpoint-events,2026-08-14,42,1,reported
T-CSE-POWER-002-A006-2026-08-15,CSE-POWER-002,CSE-POWER-002-A006,endpoint-events,2026-08-15,75,1,reported
T-CSE-POWER-002-A006-2026-08-16,CSE-POWER-002,CSE-POWER-002-A006,endpoint-events,2026-08-16,88,1,reported
T-CSE-POWER-002-A006-2026-08-17,CSE-POWER-002,CSE-POWER-002-A006,endpoint-events,2026-08-17,21,1,reported
T-CSE-POWER-002-A006-2026-08-18,CSE-POWER-002,CSE-POWER-002-A006,endpoint-events,2026-08-18,79,1,reported
T-CSE-POWER-002-A006-2026-08-19,CSE-POWER-002,CSE-POWER-002-A006,endpoint-events,2026-08-19,13,1,reported
T-CSE-POWER-002-A006-2026-08-20,CSE-POWER-002,CSE-POWER-002-A006,endpoint-events,2026-08-20,58,1,reported
T-CSE-POWER-002-A006-2026-08-21,CSE-POWER-002,CSE-POWER-002-A006,endpoint-events,2026-08-21,52,1,reported
T-CSE-POWER-002-A006-2026-08-22,CSE-POWER-002,CSE-POWER-002-A006,endpoint-events,2026-08-22,28,1,reported
T-CSE-POWER-002-A006-2026-08-23,CSE-POWER-002,CSE-POWER-002-A006,endpoint-events,2026-08-23,61,1,reported
T-CSE-POWER-002-A006-2026-08-24,CSE-POWER-002,CSE-POWER-002-A006,endpoint-events,2026-08-24,84,1,reported
T-CSE-POWER-002-A006-2026-08-25,CSE-POWER-002,CSE-POWER-002-A006,endpoint-events,2026-08-25,65,1,reported
T-CSE-POWER-002-A006-2026-08-26,CSE-POWER-002,CSE-POWER-002-A006,endpoint-events,2026-08-26,58,1,reported
T-CSE-POWER-002-A006-2026-08-27,CSE-POWER-002,CSE-POWER-002-A006,endpoint-events,2026-08-27,81,1,reported
T-CSE-POWER-002-A006-2026-08-28,CSE-POWER-002,CSE-POWER-002-A006,endpoint-events,2026-08-28,34,1,reported
T-CSE-POWER-002-A006-2026-08-29,CSE-POWER-002,CSE-POWER-002-A006,endpoint-events,2026-08-29,72,1,reported
T-CSE-POWER-002-A006-2026-08-30,CSE-POWER-002,CSE-POWER-002-A006,endpoint-events,2026-08-30,21,1,reported
T-CSE-POWER-002-A006-2026-08-31,CSE-POWER-002,CSE-POWER-002-A006,endpoint-events,2026-08-31,14,1,reported
T-CSE-POWER-002-A007-2026-06-03,CSE-POWER-002,CSE-POWER-002-A007,identity-logs,2026-06-03,87,1,reported
T-CSE-POWER-002-A007-2026-06-04,CSE-POWER-002,CSE-POWER-002-A007,identity-logs,2026-06-04,20,1,reported
T-CSE-POWER-002-A007-2026-06-05,CSE-POWER-002,CSE-POWER-002-A007,identity-logs,2026-06-05,13,1,reported
T-CSE-POWER-002-A007-2026-06-06,CSE-POWER-002,CSE-POWER-002-A007,identity-logs,2026-06-06,45,1,reported
T-CSE-POWER-002-A007-2026-06-07,CSE-POWER-002,CSE-POWER-002-A007,identity-logs,2026-06-07,39,1,reported
T-CSE-POWER-002-A007-2026-06-08,CSE-POWER-002,CSE-POWER-002-A007,identity-logs,2026-06-08,17,1,reported
T-CSE-POWER-002-A007-2026-06-09,CSE-POWER-002,CSE-POWER-002-A007,identity-logs,2026-06-09,19,1,reported
T-CSE-POWER-002-A007-2026-06-10,CSE-POWER-002,CSE-POWER-002-A007,identity-logs,2026-06-10,62,1,reported
T-CSE-POWER-002-A007-2026-06-11,CSE-POWER-002,CSE-POWER-002-A007,identity-logs,2026-06-11,76,1,reported
T-CSE-POWER-002-A007-2026-06-12,CSE-POWER-002,CSE-POWER-002-A007,identity-logs,2026-06-12,48,1,reported
T-CSE-POWER-002-A007-2026-06-13,CSE-POWER-002,CSE-POWER-002-A007,identity-logs,2026-06-13,76,1,reported
T-CSE-POWER-002-A007-2026-06-14,CSE-POWER-002,CSE-POWER-002-A007,identity-logs,2026-06-14,65,1,reported
T-CSE-POWER-002-A007-2026-06-15,CSE-POWER-002,CSE-POWER-002-A007,identity-logs,2026-06-15,66,1,reported
T-CSE-POWER-002-A007-2026-06-16,CSE-POWER-002,CSE-POWER-002-A007,identity-logs,2026-06-16,63,1,reported
T-CSE-POWER-002-A007-2026-06-17,CSE-POWER-002,CSE-POWER-002-A007,identity-logs,2026-06-17,22,1,reported
T-CSE-POWER-002-A007-2026-06-18,CSE-POWER-002,CSE-POWER-002-A007,identity-logs,2026-06-18,80,1,reported
T-CSE-POWER-002-A007-2026-06-19,CSE-POWER-002,CSE-POWER-002-A007,identity-logs,2026-06-19,80,1,reported
T-CSE-POWER-002-A007-2026-06-20,CSE-POWER-002,CSE-POWER-002-A007,identity-logs,2026-06-20,31,1,reported
T-CSE-POWER-002-A007-2026-06-21,CSE-POWER-002,CSE-POWER-002-A007,identity-logs,2026-06-21,47,1,reported
T-CSE-POWER-002-A007-2026-06-22,CSE-POWER-002,CSE-POWER-002-A007,identity-logs,2026-06-22,22,1,reported
T-CSE-POWER-002-A007-2026-06-23,CSE-POWER-002,CSE-POWER-002-A007,identity-logs,2026-06-23,51,1,reported
T-CSE-POWER-002-A007-2026-06-24,CSE-POWER-002,CSE-POWER-002-A007,identity-logs,2026-06-24,22,1,reported
T-CSE-POWER-002-A007-2026-06-25,CSE-POWER-002,CSE-POWER-002-A007,identity-logs,2026-06-25,77,1,reported
T-CSE-POWER-002-A007-2026-06-26,CSE-POWER-002,CSE-POWER-002-A007,identity-logs,2026-06-26,38,1,reported
T-CSE-POWER-002-A007-2026-06-27,CSE-POWER-002,CSE-POWER-002-A007,identity-logs,2026-06-27,31,1,reported
T-CSE-POWER-002-A007-2026-06-28,CSE-POWER-002,CSE-POWER-002-A007,identity-logs,2026-06-28,80,1,reported
T-CSE-POWER-002-A007-2026-06-29,CSE-POWER-002,CSE-POWER-002-A007,identity-logs,2026-06-29,53,1,reported
T-CSE-POWER-002-A007-2026-06-30,CSE-POWER-002,CSE-POWER-002-A007,identity-logs,2026-06-30,62,1,reported
T-CSE-POWER-002-A007-2026-07-01,CSE-POWER-002,CSE-POWER-002-A007,identity-logs,2026-07-01,87,1,reported
T-CSE-POWER-002-A007-2026-07-02,CSE-POWER-002,CSE-POWER-002-A007,identity-logs,2026-07-02,20,1,reported
T-CSE-POWER-002-A007-2026-07-03,CSE-POWER-002,CSE-POWER-002-A007,identity-logs,2026-07-03,51,1,reported
T-CSE-POWER-002-A007-2026-07-04,CSE-POWER-002,CSE-POWER-002-A007,identity-logs,2026-07-04,67,1,reported
T-CSE-POWER-002-A007-2026-07-05,CSE-POWER-002,CSE-POWER-002-A007,identity-logs,2026-07-05,42,1,reported
T-CSE-POWER-002-A007-2026-07-06,CSE-POWER-002,CSE-POWER-002-A007,identity-logs,2026-07-06,19,1,reported
T-CSE-POWER-002-A007-2026-07-07,CSE-POWER-002,CSE-POWER-002-A007,identity-logs,2026-07-07,43,1,reported
T-CSE-POWER-002-A007-2026-07-08,CSE-POWER-002,CSE-POWER-002-A007,identity-logs,2026-07-08,23,1,reported
T-CSE-POWER-002-A007-2026-07-09,CSE-POWER-002,CSE-POWER-002-A007,identity-logs,2026-07-09,67,1,reported
T-CSE-POWER-002-A007-2026-07-10,CSE-POWER-002,CSE-POWER-002-A007,identity-logs,2026-07-10,26,1,reported
T-CSE-POWER-002-A007-2026-07-11,CSE-POWER-002,CSE-POWER-002-A007,identity-logs,2026-07-11,70,1,reported
T-CSE-POWER-002-A007-2026-07-12,CSE-POWER-002,CSE-POWER-002-A007,identity-logs,2026-07-12,89,1,reported
T-CSE-POWER-002-A007-2026-07-13,CSE-POWER-002,CSE-POWER-002-A007,identity-logs,2026-07-13,19,1,reported
T-CSE-POWER-002-A007-2026-07-14,CSE-POWER-002,CSE-POWER-002-A007,identity-logs,2026-07-14,51,1,reported
T-CSE-POWER-002-A007-2026-07-15,CSE-POWER-002,CSE-POWER-002-A007,identity-logs,2026-07-15,34,1,reported
T-CSE-POWER-002-A007-2026-07-16,CSE-POWER-002,CSE-POWER-002-A007,identity-logs,2026-07-16,27,1,reported
T-CSE-POWER-002-A007-2026-07-17,CSE-POWER-002,CSE-POWER-002-A007,identity-logs,2026-07-17,13,1,reported
T-CSE-POWER-002-A007-2026-07-18,CSE-POWER-002,CSE-POWER-002-A007,identity-logs,2026-07-18,29,1,reported
T-CSE-POWER-002-A007-2026-07-19,CSE-POWER-002,CSE-POWER-002-A007,identity-logs,2026-07-19,13,1,reported
T-CSE-POWER-002-A007-2026-07-20,CSE-POWER-002,CSE-POWER-002-A007,identity-logs,2026-07-20,32,1,reported
T-CSE-POWER-002-A007-2026-07-21,CSE-POWER-002,CSE-POWER-002-A007,identity-logs,2026-07-21,75,1,reported
T-CSE-POWER-002-A007-2026-07-22,CSE-POWER-002,CSE-POWER-002-A007,identity-logs,2026-07-22,56,1,reported
T-CSE-POWER-002-A007-2026-07-23,CSE-POWER-002,CSE-POWER-002-A007,identity-logs,2026-07-23,78,1,reported
T-CSE-POWER-002-A007-2026-07-24,CSE-POWER-002,CSE-POWER-002-A007,identity-logs,2026-07-24,78,1,reported
T-CSE-POWER-002-A007-2026-07-25,CSE-POWER-002,CSE-POWER-002-A007,identity-logs,2026-07-25,45,1,reported
T-CSE-POWER-002-A007-2026-07-26,CSE-POWER-002,CSE-POWER-002-A007,identity-logs,2026-07-26,33,1,reported
T-CSE-POWER-002-A007-2026-07-27,CSE-POWER-002,CSE-POWER-002-A007,identity-logs,2026-07-27,59,1,reported
T-CSE-POWER-002-A007-2026-07-28,CSE-POWER-002,CSE-POWER-002-A007,identity-logs,2026-07-28,28,1,reported
T-CSE-POWER-002-A007-2026-07-29,CSE-POWER-002,CSE-POWER-002-A007,identity-logs,2026-07-29,46,1,reported
T-CSE-POWER-002-A007-2026-07-30,CSE-POWER-002,CSE-POWER-002-A007,identity-logs,2026-07-30,27,1,reported
T-CSE-POWER-002-A007-2026-07-31,CSE-POWER-002,CSE-POWER-002-A007,identity-logs,2026-07-31,15,1,reported
T-CSE-POWER-002-A007-2026-08-01,CSE-POWER-002,CSE-POWER-002-A007,identity-logs,2026-08-01,54,1,reported
T-CSE-POWER-002-A007-2026-08-02,CSE-POWER-002,CSE-POWER-002-A007,identity-logs,2026-08-02,66,1,reported
T-CSE-POWER-002-A007-2026-08-03,CSE-POWER-002,CSE-POWER-002-A007,identity-logs,2026-08-03,46,1,reported
T-CSE-POWER-002-A007-2026-08-04,CSE-POWER-002,CSE-POWER-002-A007,identity-logs,2026-08-04,79,1,reported
T-CSE-POWER-002-A007-2026-08-05,CSE-POWER-002,CSE-POWER-002-A007,identity-logs,2026-08-05,20,1,reported
T-CSE-POWER-002-A007-2026-08-06,CSE-POWER-002,CSE-POWER-002-A007,identity-logs,2026-08-06,45,1,reported
T-CSE-POWER-002-A007-2026-08-07,CSE-POWER-002,CSE-POWER-002-A007,identity-logs,2026-08-07,85,1,reported
T-CSE-POWER-002-A007-2026-08-08,CSE-POWER-002,CSE-POWER-002-A007,identity-logs,2026-08-08,21,1,reported
T-CSE-POWER-002-A007-2026-08-09,CSE-POWER-002,CSE-POWER-002-A007,identity-logs,2026-08-09,75,1,reported
T-CSE-POWER-002-A007-2026-08-10,CSE-POWER-002,CSE-POWER-002-A007,identity-logs,2026-08-10,70,1,reported
T-CSE-POWER-002-A007-2026-08-11,CSE-POWER-002,CSE-POWER-002-A007,identity-logs,2026-08-11,77,1,reported
T-CSE-POWER-002-A007-2026-08-12,CSE-POWER-002,CSE-POWER-002-A007,identity-logs,2026-08-12,58,1,reported
T-CSE-POWER-002-A007-2026-08-13,CSE-POWER-002,CSE-POWER-002-A007,identity-logs,2026-08-13,19,1,reported
T-CSE-POWER-002-A007-2026-08-14,CSE-POWER-002,CSE-POWER-002-A007,identity-logs,2026-08-14,75,1,reported
T-CSE-POWER-002-A007-2026-08-15,CSE-POWER-002,CSE-POWER-002-A007,identity-logs,2026-08-15,84,1,reported
T-CSE-POWER-002-A007-2026-08-16,CSE-POWER-002,CSE-POWER-002-A007,identity-logs,2026-08-16,33,1,reported
T-CSE-POWER-002-A007-2026-08-17,CSE-POWER-002,CSE-POWER-002-A007,identity-logs,2026-08-17,59,1,reported
T-CSE-POWER-002-A007-2026-08-18,CSE-POWER-002,CSE-POWER-002-A007,identity-logs,2026-08-18,32,1,reported
T-CSE-POWER-002-A007-2026-08-19,CSE-POWER-002,CSE-POWER-002-A007,identity-logs,2026-08-19,44,1,reported
T-CSE-POWER-002-A007-2026-08-20,CSE-POWER-002,CSE-POWER-002-A007,identity-logs,2026-08-20,25,1,reported
T-CSE-POWER-002-A007-2026-08-21,CSE-POWER-002,CSE-POWER-002-A007,identity-logs,2026-08-21,85,1,reported
T-CSE-POWER-002-A007-2026-08-22,CSE-POWER-002,CSE-POWER-002-A007,identity-logs,2026-08-22,26,1,reported
T-CSE-POWER-002-A007-2026-08-23,CSE-POWER-002,CSE-POWER-002-A007,identity-logs,2026-08-23,41,1,reported
T-CSE-POWER-002-A007-2026-08-24,CSE-POWER-002,CSE-POWER-002-A007,identity-logs,2026-08-24,77,1,reported
T-CSE-POWER-002-A007-2026-08-25,CSE-POWER-002,CSE-POWER-002-A007,identity-logs,2026-08-25,12,1,reported
T-CSE-POWER-002-A007-2026-08-26,CSE-POWER-002,CSE-POWER-002-A007,identity-logs,2026-08-26,17,1,reported
T-CSE-POWER-002-A007-2026-08-27,CSE-POWER-002,CSE-POWER-002-A007,identity-logs,2026-08-27,13,1,reported
T-CSE-POWER-002-A007-2026-08-28,CSE-POWER-002,CSE-POWER-002-A007,identity-logs,2026-08-28,43,1,reported
T-CSE-POWER-002-A007-2026-08-29,CSE-POWER-002,CSE-POWER-002-A007,identity-logs,2026-08-29,17,1,reported
T-CSE-POWER-002-A007-2026-08-30,CSE-POWER-002,CSE-POWER-002-A007,identity-logs,2026-08-30,72,1,reported
T-CSE-POWER-002-A007-2026-08-31,CSE-POWER-002,CSE-POWER-002-A007,identity-logs,2026-08-31,58,1,reported
T-CSE-POWER-002-A008-2026-06-03,CSE-POWER-002,CSE-POWER-002-A008,endpoint-events,2026-06-03,61,1,reported
T-CSE-POWER-002-A008-2026-06-04,CSE-POWER-002,CSE-POWER-002-A008,endpoint-events,2026-06-04,31,1,reported
T-CSE-POWER-002-A008-2026-06-05,CSE-POWER-002,CSE-POWER-002-A008,endpoint-events,2026-06-05,34,1,reported
T-CSE-POWER-002-A008-2026-06-06,CSE-POWER-002,CSE-POWER-002-A008,endpoint-events,2026-06-06,16,1,reported
T-CSE-POWER-002-A008-2026-06-07,CSE-POWER-002,CSE-POWER-002-A008,endpoint-events,2026-06-07,82,1,reported
T-CSE-POWER-002-A008-2026-06-08,CSE-POWER-002,CSE-POWER-002-A008,endpoint-events,2026-06-08,65,1,reported
T-CSE-POWER-002-A008-2026-06-09,CSE-POWER-002,CSE-POWER-002-A008,endpoint-events,2026-06-09,40,1,reported
T-CSE-POWER-002-A008-2026-06-10,CSE-POWER-002,CSE-POWER-002-A008,endpoint-events,2026-06-10,53,1,reported
T-CSE-POWER-002-A008-2026-06-11,CSE-POWER-002,CSE-POWER-002-A008,endpoint-events,2026-06-11,43,1,reported
T-CSE-POWER-002-A008-2026-06-12,CSE-POWER-002,CSE-POWER-002-A008,endpoint-events,2026-06-12,65,1,reported
T-CSE-POWER-002-A008-2026-06-13,CSE-POWER-002,CSE-POWER-002-A008,endpoint-events,2026-06-13,52,1,reported
T-CSE-POWER-002-A008-2026-06-14,CSE-POWER-002,CSE-POWER-002-A008,endpoint-events,2026-06-14,46,1,reported
T-CSE-POWER-002-A008-2026-06-15,CSE-POWER-002,CSE-POWER-002-A008,endpoint-events,2026-06-15,21,1,reported
T-CSE-POWER-002-A008-2026-06-16,CSE-POWER-002,CSE-POWER-002-A008,endpoint-events,2026-06-16,85,1,reported
T-CSE-POWER-002-A008-2026-06-17,CSE-POWER-002,CSE-POWER-002-A008,endpoint-events,2026-06-17,59,1,reported
T-CSE-POWER-002-A008-2026-06-18,CSE-POWER-002,CSE-POWER-002-A008,endpoint-events,2026-06-18,27,1,reported
T-CSE-POWER-002-A008-2026-06-19,CSE-POWER-002,CSE-POWER-002-A008,endpoint-events,2026-06-19,76,1,reported
T-CSE-POWER-002-A008-2026-06-20,CSE-POWER-002,CSE-POWER-002-A008,endpoint-events,2026-06-20,18,1,reported
T-CSE-POWER-002-A008-2026-06-21,CSE-POWER-002,CSE-POWER-002-A008,endpoint-events,2026-06-21,34,1,reported
T-CSE-POWER-002-A008-2026-06-22,CSE-POWER-002,CSE-POWER-002-A008,endpoint-events,2026-06-22,40,1,reported
T-CSE-POWER-002-A008-2026-06-23,CSE-POWER-002,CSE-POWER-002-A008,endpoint-events,2026-06-23,78,1,reported
T-CSE-POWER-002-A008-2026-06-24,CSE-POWER-002,CSE-POWER-002-A008,endpoint-events,2026-06-24,17,1,reported
T-CSE-POWER-002-A008-2026-06-25,CSE-POWER-002,CSE-POWER-002-A008,endpoint-events,2026-06-25,63,1,reported
T-CSE-POWER-002-A008-2026-06-26,CSE-POWER-002,CSE-POWER-002-A008,endpoint-events,2026-06-26,20,1,reported
T-CSE-POWER-002-A008-2026-06-27,CSE-POWER-002,CSE-POWER-002-A008,endpoint-events,2026-06-27,71,1,reported
T-CSE-POWER-002-A008-2026-06-28,CSE-POWER-002,CSE-POWER-002-A008,endpoint-events,2026-06-28,48,1,reported
T-CSE-POWER-002-A008-2026-06-29,CSE-POWER-002,CSE-POWER-002-A008,endpoint-events,2026-06-29,51,1,reported
T-CSE-POWER-002-A008-2026-06-30,CSE-POWER-002,CSE-POWER-002-A008,endpoint-events,2026-06-30,53,1,reported
T-CSE-POWER-002-A008-2026-07-01,CSE-POWER-002,CSE-POWER-002-A008,endpoint-events,2026-07-01,23,1,reported
T-CSE-POWER-002-A008-2026-07-02,CSE-POWER-002,CSE-POWER-002-A008,endpoint-events,2026-07-02,82,1,reported
T-CSE-POWER-002-A008-2026-07-03,CSE-POWER-002,CSE-POWER-002-A008,endpoint-events,2026-07-03,70,1,reported
T-CSE-POWER-002-A008-2026-07-04,CSE-POWER-002,CSE-POWER-002-A008,endpoint-events,2026-07-04,13,1,reported
T-CSE-POWER-002-A008-2026-07-05,CSE-POWER-002,CSE-POWER-002-A008,endpoint-events,2026-07-05,59,1,reported
T-CSE-POWER-002-A008-2026-07-06,CSE-POWER-002,CSE-POWER-002-A008,endpoint-events,2026-07-06,37,1,reported
T-CSE-POWER-002-A008-2026-07-07,CSE-POWER-002,CSE-POWER-002-A008,endpoint-events,2026-07-07,49,1,reported
T-CSE-POWER-002-A008-2026-07-08,CSE-POWER-002,CSE-POWER-002-A008,endpoint-events,2026-07-08,84,1,reported
T-CSE-POWER-002-A008-2026-07-09,CSE-POWER-002,CSE-POWER-002-A008,endpoint-events,2026-07-09,50,1,reported
T-CSE-POWER-002-A008-2026-07-10,CSE-POWER-002,CSE-POWER-002-A008,endpoint-events,2026-07-10,43,1,reported
T-CSE-POWER-002-A008-2026-07-11,CSE-POWER-002,CSE-POWER-002-A008,endpoint-events,2026-07-11,71,1,reported
T-CSE-POWER-002-A008-2026-07-12,CSE-POWER-002,CSE-POWER-002-A008,endpoint-events,2026-07-12,59,1,reported
T-CSE-POWER-002-A008-2026-07-13,CSE-POWER-002,CSE-POWER-002-A008,endpoint-events,2026-07-13,87,1,reported
T-CSE-POWER-002-A008-2026-07-14,CSE-POWER-002,CSE-POWER-002-A008,endpoint-events,2026-07-14,75,1,reported
T-CSE-POWER-002-A008-2026-07-15,CSE-POWER-002,CSE-POWER-002-A008,endpoint-events,2026-07-15,37,1,reported
T-CSE-POWER-002-A008-2026-07-16,CSE-POWER-002,CSE-POWER-002-A008,endpoint-events,2026-07-16,81,1,reported
T-CSE-POWER-002-A008-2026-07-17,CSE-POWER-002,CSE-POWER-002-A008,endpoint-events,2026-07-17,43,1,reported
T-CSE-POWER-002-A008-2026-07-18,CSE-POWER-002,CSE-POWER-002-A008,endpoint-events,2026-07-18,31,1,reported
T-CSE-POWER-002-A008-2026-07-19,CSE-POWER-002,CSE-POWER-002-A008,endpoint-events,2026-07-19,12,1,reported
T-CSE-POWER-002-A008-2026-07-20,CSE-POWER-002,CSE-POWER-002-A008,endpoint-events,2026-07-20,64,1,reported
T-CSE-POWER-002-A008-2026-07-21,CSE-POWER-002,CSE-POWER-002-A008,endpoint-events,2026-07-21,15,1,reported
T-CSE-POWER-002-A008-2026-07-22,CSE-POWER-002,CSE-POWER-002-A008,endpoint-events,2026-07-22,41,1,reported
T-CSE-POWER-002-A008-2026-07-23,CSE-POWER-002,CSE-POWER-002-A008,endpoint-events,2026-07-23,81,1,reported
T-CSE-POWER-002-A008-2026-07-24,CSE-POWER-002,CSE-POWER-002-A008,endpoint-events,2026-07-24,56,1,reported
T-CSE-POWER-002-A008-2026-07-25,CSE-POWER-002,CSE-POWER-002-A008,endpoint-events,2026-07-25,13,1,reported
T-CSE-POWER-002-A008-2026-07-26,CSE-POWER-002,CSE-POWER-002-A008,endpoint-events,2026-07-26,54,1,reported
T-CSE-POWER-002-A008-2026-07-27,CSE-POWER-002,CSE-POWER-002-A008,endpoint-events,2026-07-27,12,1,reported
T-CSE-POWER-002-A008-2026-07-28,CSE-POWER-002,CSE-POWER-002-A008,endpoint-events,2026-07-28,60,1,reported
T-CSE-POWER-002-A008-2026-07-29,CSE-POWER-002,CSE-POWER-002-A008,endpoint-events,2026-07-29,51,1,reported
T-CSE-POWER-002-A008-2026-07-30,CSE-POWER-002,CSE-POWER-002-A008,endpoint-events,2026-07-30,25,1,reported
T-CSE-POWER-002-A008-2026-07-31,CSE-POWER-002,CSE-POWER-002-A008,endpoint-events,2026-07-31,38,1,reported
T-CSE-POWER-002-A008-2026-08-01,CSE-POWER-002,CSE-POWER-002-A008,endpoint-events,2026-08-01,79,1,reported
T-CSE-POWER-002-A008-2026-08-02,CSE-POWER-002,CSE-POWER-002-A008,endpoint-events,2026-08-02,42,1,reported
T-CSE-POWER-002-A008-2026-08-03,CSE-POWER-002,CSE-POWER-002-A008,endpoint-events,2026-08-03,65,1,reported
T-CSE-POWER-002-A008-2026-08-04,CSE-POWER-002,CSE-POWER-002-A008,endpoint-events,2026-08-04,74,1,reported
T-CSE-POWER-002-A008-2026-08-05,CSE-POWER-002,CSE-POWER-002-A008,endpoint-events,2026-08-05,19,1,reported
T-CSE-POWER-002-A008-2026-08-06,CSE-POWER-002,CSE-POWER-002-A008,endpoint-events,2026-08-06,30,1,reported
T-CSE-POWER-002-A008-2026-08-07,CSE-POWER-002,CSE-POWER-002-A008,endpoint-events,2026-08-07,47,1,reported
T-CSE-POWER-002-A008-2026-08-08,CSE-POWER-002,CSE-POWER-002-A008,endpoint-events,2026-08-08,23,1,reported
T-CSE-POWER-002-A008-2026-08-09,CSE-POWER-002,CSE-POWER-002-A008,endpoint-events,2026-08-09,17,1,reported
T-CSE-POWER-002-A008-2026-08-10,CSE-POWER-002,CSE-POWER-002-A008,endpoint-events,2026-08-10,41,1,reported
T-CSE-POWER-002-A008-2026-08-11,CSE-POWER-002,CSE-POWER-002-A008,endpoint-events,2026-08-11,78,1,reported
T-CSE-POWER-002-A008-2026-08-12,CSE-POWER-002,CSE-POWER-002-A008,endpoint-events,2026-08-12,64,1,reported
T-CSE-POWER-002-A008-2026-08-13,CSE-POWER-002,CSE-POWER-002-A008,endpoint-events,2026-08-13,59,1,reported
T-CSE-POWER-002-A008-2026-08-14,CSE-POWER-002,CSE-POWER-002-A008,endpoint-events,2026-08-14,70,1,reported
T-CSE-POWER-002-A008-2026-08-15,CSE-POWER-002,CSE-POWER-002-A008,endpoint-events,2026-08-15,22,1,reported
T-CSE-POWER-002-A008-2026-08-16,CSE-POWER-002,CSE-POWER-002-A008,endpoint-events,2026-08-16,86,1,reported
T-CSE-POWER-002-A008-2026-08-17,CSE-POWER-002,CSE-POWER-002-A008,endpoint-events,2026-08-17,24,1,reported
T-CSE-POWER-002-A008-2026-08-18,CSE-POWER-002,CSE-POWER-002-A008,endpoint-events,2026-08-18,76,1,reported
T-CSE-POWER-002-A008-2026-08-19,CSE-POWER-002,CSE-POWER-002-A008,endpoint-events,2026-08-19,29,1,reported
T-CSE-POWER-002-A008-2026-08-20,CSE-POWER-002,CSE-POWER-002-A008,endpoint-events,2026-08-20,62,1,reported
T-CSE-POWER-002-A008-2026-08-21,CSE-POWER-002,CSE-POWER-002-A008,endpoint-events,2026-08-21,21,1,reported
T-CSE-POWER-002-A008-2026-08-22,CSE-POWER-002,CSE-POWER-002-A008,endpoint-events,2026-08-22,87,1,reported
T-CSE-POWER-002-A008-2026-08-23,CSE-POWER-002,CSE-POWER-002-A008,endpoint-events,2026-08-23,84,1,reported
T-CSE-POWER-002-A008-2026-08-24,CSE-POWER-002,CSE-POWER-002-A008,endpoint-events,2026-08-24,19,1,reported
T-CSE-POWER-002-A008-2026-08-25,CSE-POWER-002,CSE-POWER-002-A008,endpoint-events,2026-08-25,67,1,reported
T-CSE-POWER-002-A008-2026-08-26,CSE-POWER-002,CSE-POWER-002-A008,endpoint-events,2026-08-26,28,1,reported
T-CSE-POWER-002-A008-2026-08-27,CSE-POWER-002,CSE-POWER-002-A008,endpoint-events,2026-08-27,42,1,reported
T-CSE-POWER-002-A008-2026-08-28,CSE-POWER-002,CSE-POWER-002-A008,endpoint-events,2026-08-28,49,1,reported
T-CSE-POWER-002-A008-2026-08-29,CSE-POWER-002,CSE-POWER-002-A008,endpoint-events,2026-08-29,45,1,reported
T-CSE-POWER-002-A008-2026-08-30,CSE-POWER-002,CSE-POWER-002-A008,endpoint-events,2026-08-30,52,1,reported
T-CSE-POWER-002-A008-2026-08-31,CSE-POWER-002,CSE-POWER-002-A008,endpoint-events,2026-08-31,62,1,reported
T-CSE-POWER-002-A009-2026-06-03,CSE-POWER-002,CSE-POWER-002-A009,identity-logs,2026-06-03,53,1,reported
T-CSE-POWER-002-A009-2026-06-04,CSE-POWER-002,CSE-POWER-002-A009,identity-logs,2026-06-04,52,1,reported
T-CSE-POWER-002-A009-2026-06-05,CSE-POWER-002,CSE-POWER-002-A009,identity-logs,2026-06-05,69,1,reported
T-CSE-POWER-002-A009-2026-06-06,CSE-POWER-002,CSE-POWER-002-A009,identity-logs,2026-06-06,46,1,reported
T-CSE-POWER-002-A009-2026-06-07,CSE-POWER-002,CSE-POWER-002-A009,identity-logs,2026-06-07,41,1,reported
T-CSE-POWER-002-A009-2026-06-08,CSE-POWER-002,CSE-POWER-002-A009,identity-logs,2026-06-08,21,1,reported
T-CSE-POWER-002-A009-2026-06-09,CSE-POWER-002,CSE-POWER-002-A009,identity-logs,2026-06-09,37,1,reported
T-CSE-POWER-002-A009-2026-06-10,CSE-POWER-002,CSE-POWER-002-A009,identity-logs,2026-06-10,29,1,reported
T-CSE-POWER-002-A009-2026-06-11,CSE-POWER-002,CSE-POWER-002-A009,identity-logs,2026-06-11,86,1,reported
T-CSE-POWER-002-A009-2026-06-12,CSE-POWER-002,CSE-POWER-002-A009,identity-logs,2026-06-12,25,1,reported
T-CSE-POWER-002-A009-2026-06-13,CSE-POWER-002,CSE-POWER-002-A009,identity-logs,2026-06-13,31,1,reported
T-CSE-POWER-002-A009-2026-06-14,CSE-POWER-002,CSE-POWER-002-A009,identity-logs,2026-06-14,25,1,reported
T-CSE-POWER-002-A009-2026-06-15,CSE-POWER-002,CSE-POWER-002-A009,identity-logs,2026-06-15,33,1,reported
T-CSE-POWER-002-A009-2026-06-16,CSE-POWER-002,CSE-POWER-002-A009,identity-logs,2026-06-16,69,1,reported
T-CSE-POWER-002-A009-2026-06-17,CSE-POWER-002,CSE-POWER-002-A009,identity-logs,2026-06-17,71,1,reported
T-CSE-POWER-002-A009-2026-06-18,CSE-POWER-002,CSE-POWER-002-A009,identity-logs,2026-06-18,52,1,reported
T-CSE-POWER-002-A009-2026-06-19,CSE-POWER-002,CSE-POWER-002-A009,identity-logs,2026-06-19,64,1,reported
T-CSE-POWER-002-A009-2026-06-20,CSE-POWER-002,CSE-POWER-002-A009,identity-logs,2026-06-20,27,1,reported
T-CSE-POWER-002-A009-2026-06-21,CSE-POWER-002,CSE-POWER-002-A009,identity-logs,2026-06-21,80,1,reported
T-CSE-POWER-002-A009-2026-06-22,CSE-POWER-002,CSE-POWER-002-A009,identity-logs,2026-06-22,57,1,reported
T-CSE-POWER-002-A009-2026-06-23,CSE-POWER-002,CSE-POWER-002-A009,identity-logs,2026-06-23,38,1,reported
T-CSE-POWER-002-A009-2026-06-24,CSE-POWER-002,CSE-POWER-002-A009,identity-logs,2026-06-24,69,1,reported
T-CSE-POWER-002-A009-2026-06-25,CSE-POWER-002,CSE-POWER-002-A009,identity-logs,2026-06-25,51,1,reported
T-CSE-POWER-002-A009-2026-06-26,CSE-POWER-002,CSE-POWER-002-A009,identity-logs,2026-06-26,71,1,reported
T-CSE-POWER-002-A009-2026-06-27,CSE-POWER-002,CSE-POWER-002-A009,identity-logs,2026-06-27,45,1,reported
T-CSE-POWER-002-A009-2026-06-28,CSE-POWER-002,CSE-POWER-002-A009,identity-logs,2026-06-28,27,1,reported
T-CSE-POWER-002-A009-2026-06-29,CSE-POWER-002,CSE-POWER-002-A009,identity-logs,2026-06-29,23,1,reported
T-CSE-POWER-002-A009-2026-06-30,CSE-POWER-002,CSE-POWER-002-A009,identity-logs,2026-06-30,32,1,reported
T-CSE-POWER-002-A009-2026-07-01,CSE-POWER-002,CSE-POWER-002-A009,identity-logs,2026-07-01,50,1,reported
T-CSE-POWER-002-A009-2026-07-02,CSE-POWER-002,CSE-POWER-002-A009,identity-logs,2026-07-02,89,1,reported
T-CSE-POWER-002-A009-2026-07-03,CSE-POWER-002,CSE-POWER-002-A009,identity-logs,2026-07-03,17,1,reported
T-CSE-POWER-002-A009-2026-07-04,CSE-POWER-002,CSE-POWER-002-A009,identity-logs,2026-07-04,39,1,reported
T-CSE-POWER-002-A009-2026-07-05,CSE-POWER-002,CSE-POWER-002-A009,identity-logs,2026-07-05,53,1,reported
T-CSE-POWER-002-A009-2026-07-06,CSE-POWER-002,CSE-POWER-002-A009,identity-logs,2026-07-06,30,1,reported
T-CSE-POWER-002-A009-2026-07-07,CSE-POWER-002,CSE-POWER-002-A009,identity-logs,2026-07-07,23,1,reported
T-CSE-POWER-002-A009-2026-07-08,CSE-POWER-002,CSE-POWER-002-A009,identity-logs,2026-07-08,43,1,reported
T-CSE-POWER-002-A009-2026-07-09,CSE-POWER-002,CSE-POWER-002-A009,identity-logs,2026-07-09,57,1,reported
T-CSE-POWER-002-A009-2026-07-10,CSE-POWER-002,CSE-POWER-002-A009,identity-logs,2026-07-10,62,1,reported
T-CSE-POWER-002-A009-2026-07-11,CSE-POWER-002,CSE-POWER-002-A009,identity-logs,2026-07-11,77,1,reported
T-CSE-POWER-002-A009-2026-07-12,CSE-POWER-002,CSE-POWER-002-A009,identity-logs,2026-07-12,18,1,reported
T-CSE-POWER-002-A009-2026-07-13,CSE-POWER-002,CSE-POWER-002-A009,identity-logs,2026-07-13,50,1,reported
T-CSE-POWER-002-A009-2026-07-14,CSE-POWER-002,CSE-POWER-002-A009,identity-logs,2026-07-14,45,1,reported
T-CSE-POWER-002-A009-2026-07-15,CSE-POWER-002,CSE-POWER-002-A009,identity-logs,2026-07-15,34,1,reported
T-CSE-POWER-002-A009-2026-07-16,CSE-POWER-002,CSE-POWER-002-A009,identity-logs,2026-07-16,15,1,reported
T-CSE-POWER-002-A009-2026-07-17,CSE-POWER-002,CSE-POWER-002-A009,identity-logs,2026-07-17,63,1,reported
T-CSE-POWER-002-A009-2026-07-18,CSE-POWER-002,CSE-POWER-002-A009,identity-logs,2026-07-18,69,1,reported
T-CSE-POWER-002-A009-2026-07-19,CSE-POWER-002,CSE-POWER-002-A009,identity-logs,2026-07-19,83,1,reported
T-CSE-POWER-002-A009-2026-07-20,CSE-POWER-002,CSE-POWER-002-A009,identity-logs,2026-07-20,82,1,reported
T-CSE-POWER-002-A009-2026-07-21,CSE-POWER-002,CSE-POWER-002-A009,identity-logs,2026-07-21,43,1,reported
T-CSE-POWER-002-A009-2026-07-22,CSE-POWER-002,CSE-POWER-002-A009,identity-logs,2026-07-22,24,1,reported
T-CSE-POWER-002-A009-2026-07-23,CSE-POWER-002,CSE-POWER-002-A009,identity-logs,2026-07-23,71,1,reported
T-CSE-POWER-002-A009-2026-07-24,CSE-POWER-002,CSE-POWER-002-A009,identity-logs,2026-07-24,25,1,reported
T-CSE-POWER-002-A009-2026-07-25,CSE-POWER-002,CSE-POWER-002-A009,identity-logs,2026-07-25,29,1,reported
T-CSE-POWER-002-A009-2026-07-26,CSE-POWER-002,CSE-POWER-002-A009,identity-logs,2026-07-26,27,1,reported
T-CSE-POWER-002-A009-2026-07-27,CSE-POWER-002,CSE-POWER-002-A009,identity-logs,2026-07-27,13,1,reported
T-CSE-POWER-002-A009-2026-07-28,CSE-POWER-002,CSE-POWER-002-A009,identity-logs,2026-07-28,19,1,reported
T-CSE-POWER-002-A009-2026-07-29,CSE-POWER-002,CSE-POWER-002-A009,identity-logs,2026-07-29,40,1,reported
T-CSE-POWER-002-A009-2026-07-30,CSE-POWER-002,CSE-POWER-002-A009,identity-logs,2026-07-30,28,1,reported
T-CSE-POWER-002-A009-2026-07-31,CSE-POWER-002,CSE-POWER-002-A009,identity-logs,2026-07-31,37,1,reported
T-CSE-POWER-002-A009-2026-08-01,CSE-POWER-002,CSE-POWER-002-A009,identity-logs,2026-08-01,63,1,reported
T-CSE-POWER-002-A009-2026-08-02,CSE-POWER-002,CSE-POWER-002-A009,identity-logs,2026-08-02,59,1,reported
T-CSE-POWER-002-A009-2026-08-03,CSE-POWER-002,CSE-POWER-002-A009,identity-logs,2026-08-03,22,1,reported
T-CSE-POWER-002-A009-2026-08-04,CSE-POWER-002,CSE-POWER-002-A009,identity-logs,2026-08-04,86,1,reported
T-CSE-POWER-002-A009-2026-08-05,CSE-POWER-002,CSE-POWER-002-A009,identity-logs,2026-08-05,87,1,reported
T-CSE-POWER-002-A009-2026-08-06,CSE-POWER-002,CSE-POWER-002-A009,identity-logs,2026-08-06,45,1,reported
T-CSE-POWER-002-A009-2026-08-07,CSE-POWER-002,CSE-POWER-002-A009,identity-logs,2026-08-07,21,1,reported
T-CSE-POWER-002-A009-2026-08-08,CSE-POWER-002,CSE-POWER-002-A009,identity-logs,2026-08-08,14,1,reported
T-CSE-POWER-002-A009-2026-08-09,CSE-POWER-002,CSE-POWER-002-A009,identity-logs,2026-08-09,20,1,reported
T-CSE-POWER-002-A009-2026-08-10,CSE-POWER-002,CSE-POWER-002-A009,identity-logs,2026-08-10,37,1,reported
T-CSE-POWER-002-A009-2026-08-11,CSE-POWER-002,CSE-POWER-002-A009,identity-logs,2026-08-11,68,1,reported
T-CSE-POWER-002-A009-2026-08-12,CSE-POWER-002,CSE-POWER-002-A009,identity-logs,2026-08-12,28,1,reported
T-CSE-POWER-002-A009-2026-08-13,CSE-POWER-002,CSE-POWER-002-A009,identity-logs,2026-08-13,23,1,reported
T-CSE-POWER-002-A009-2026-08-14,CSE-POWER-002,CSE-POWER-002-A009,identity-logs,2026-08-14,54,1,reported
T-CSE-POWER-002-A009-2026-08-15,CSE-POWER-002,CSE-POWER-002-A009,identity-logs,2026-08-15,27,1,reported
T-CSE-POWER-002-A009-2026-08-16,CSE-POWER-002,CSE-POWER-002-A009,identity-logs,2026-08-16,17,1,reported
T-CSE-POWER-002-A009-2026-08-17,CSE-POWER-002,CSE-POWER-002-A009,identity-logs,2026-08-17,71,1,reported
T-CSE-POWER-002-A009-2026-08-18,CSE-POWER-002,CSE-POWER-002-A009,identity-logs,2026-08-18,18,1,reported
T-CSE-POWER-002-A009-2026-08-19,CSE-POWER-002,CSE-POWER-002-A009,identity-logs,2026-08-19,33,1,reported
T-CSE-POWER-002-A009-2026-08-20,CSE-POWER-002,CSE-POWER-002-A009,identity-logs,2026-08-20,85,1,reported
T-CSE-POWER-002-A009-2026-08-21,CSE-POWER-002,CSE-POWER-002-A009,identity-logs,2026-08-21,67,1,reported
T-CSE-POWER-002-A009-2026-08-22,CSE-POWER-002,CSE-POWER-002-A009,identity-logs,2026-08-22,62,1,reported
T-CSE-POWER-002-A009-2026-08-23,CSE-POWER-002,CSE-POWER-002-A009,identity-logs,2026-08-23,75,1,reported
T-CSE-POWER-002-A009-2026-08-24,CSE-POWER-002,CSE-POWER-002-A009,identity-logs,2026-08-24,15,1,reported
T-CSE-POWER-002-A009-2026-08-25,CSE-POWER-002,CSE-POWER-002-A009,identity-logs,2026-08-25,60,1,reported
T-CSE-POWER-002-A009-2026-08-26,CSE-POWER-002,CSE-POWER-002-A009,identity-logs,2026-08-26,66,1,reported
T-CSE-POWER-002-A009-2026-08-27,CSE-POWER-002,CSE-POWER-002-A009,identity-logs,2026-08-27,34,1,reported
T-CSE-POWER-002-A009-2026-08-28,CSE-POWER-002,CSE-POWER-002-A009,identity-logs,2026-08-28,57,1,reported
T-CSE-POWER-002-A009-2026-08-29,CSE-POWER-002,CSE-POWER-002-A009,identity-logs,2026-08-29,39,1,reported
T-CSE-POWER-002-A009-2026-08-30,CSE-POWER-002,CSE-POWER-002-A009,identity-logs,2026-08-30,35,1,reported
T-CSE-POWER-002-A009-2026-08-31,CSE-POWER-002,CSE-POWER-002-A009,identity-logs,2026-08-31,47,1,reported
T-CSE-POWER-002-A010-2026-06-03,CSE-POWER-002,CSE-POWER-002-A010,endpoint-events,2026-06-03,47,1,reported
T-CSE-POWER-002-A010-2026-06-04,CSE-POWER-002,CSE-POWER-002-A010,endpoint-events,2026-06-04,69,1,reported
T-CSE-POWER-002-A010-2026-06-05,CSE-POWER-002,CSE-POWER-002-A010,endpoint-events,2026-06-05,31,1,reported
T-CSE-POWER-002-A010-2026-06-06,CSE-POWER-002,CSE-POWER-002-A010,endpoint-events,2026-06-06,16,1,reported
T-CSE-POWER-002-A010-2026-06-07,CSE-POWER-002,CSE-POWER-002-A010,endpoint-events,2026-06-07,43,1,reported
T-CSE-POWER-002-A010-2026-06-08,CSE-POWER-002,CSE-POWER-002-A010,endpoint-events,2026-06-08,49,1,reported
T-CSE-POWER-002-A010-2026-06-09,CSE-POWER-002,CSE-POWER-002-A010,endpoint-events,2026-06-09,75,1,reported
T-CSE-POWER-002-A010-2026-06-10,CSE-POWER-002,CSE-POWER-002-A010,endpoint-events,2026-06-10,64,1,reported
T-CSE-POWER-002-A010-2026-06-11,CSE-POWER-002,CSE-POWER-002-A010,endpoint-events,2026-06-11,82,1,reported
T-CSE-POWER-002-A010-2026-06-12,CSE-POWER-002,CSE-POWER-002-A010,endpoint-events,2026-06-12,73,1,reported
T-CSE-POWER-002-A010-2026-06-13,CSE-POWER-002,CSE-POWER-002-A010,endpoint-events,2026-06-13,19,1,reported
T-CSE-POWER-002-A010-2026-06-14,CSE-POWER-002,CSE-POWER-002-A010,endpoint-events,2026-06-14,23,1,reported
T-CSE-POWER-002-A010-2026-06-15,CSE-POWER-002,CSE-POWER-002-A010,endpoint-events,2026-06-15,47,1,reported
T-CSE-POWER-002-A010-2026-06-16,CSE-POWER-002,CSE-POWER-002-A010,endpoint-events,2026-06-16,61,1,reported
T-CSE-POWER-002-A010-2026-06-17,CSE-POWER-002,CSE-POWER-002-A010,endpoint-events,2026-06-17,29,1,reported
T-CSE-POWER-002-A010-2026-06-18,CSE-POWER-002,CSE-POWER-002-A010,endpoint-events,2026-06-18,65,1,reported
T-CSE-POWER-002-A010-2026-06-19,CSE-POWER-002,CSE-POWER-002-A010,endpoint-events,2026-06-19,37,1,reported
T-CSE-POWER-002-A010-2026-06-20,CSE-POWER-002,CSE-POWER-002-A010,endpoint-events,2026-06-20,79,1,reported
T-CSE-POWER-002-A010-2026-06-21,CSE-POWER-002,CSE-POWER-002-A010,endpoint-events,2026-06-21,43,1,reported
T-CSE-POWER-002-A010-2026-06-22,CSE-POWER-002,CSE-POWER-002-A010,endpoint-events,2026-06-22,81,1,reported
T-CSE-POWER-002-A010-2026-06-23,CSE-POWER-002,CSE-POWER-002-A010,endpoint-events,2026-06-23,14,1,reported
T-CSE-POWER-002-A010-2026-06-24,CSE-POWER-002,CSE-POWER-002-A010,endpoint-events,2026-06-24,60,1,reported
T-CSE-POWER-002-A010-2026-06-25,CSE-POWER-002,CSE-POWER-002-A010,endpoint-events,2026-06-25,57,1,reported
T-CSE-POWER-002-A010-2026-06-26,CSE-POWER-002,CSE-POWER-002-A010,endpoint-events,2026-06-26,73,1,reported
T-CSE-POWER-002-A010-2026-06-27,CSE-POWER-002,CSE-POWER-002-A010,endpoint-events,2026-06-27,81,1,reported
T-CSE-POWER-002-A010-2026-06-28,CSE-POWER-002,CSE-POWER-002-A010,endpoint-events,2026-06-28,74,1,reported
T-CSE-POWER-002-A010-2026-06-29,CSE-POWER-002,CSE-POWER-002-A010,endpoint-events,2026-06-29,56,1,reported
T-CSE-POWER-002-A010-2026-06-30,CSE-POWER-002,CSE-POWER-002-A010,endpoint-events,2026-06-30,84,1,reported
T-CSE-POWER-002-A010-2026-07-01,CSE-POWER-002,CSE-POWER-002-A010,endpoint-events,2026-07-01,76,1,reported
T-CSE-POWER-002-A010-2026-07-02,CSE-POWER-002,CSE-POWER-002-A010,endpoint-events,2026-07-02,53,1,reported
T-CSE-POWER-002-A010-2026-07-03,CSE-POWER-002,CSE-POWER-002-A010,endpoint-events,2026-07-03,61,1,reported
T-CSE-POWER-002-A010-2026-07-04,CSE-POWER-002,CSE-POWER-002-A010,endpoint-events,2026-07-04,46,1,reported
T-CSE-POWER-002-A010-2026-07-05,CSE-POWER-002,CSE-POWER-002-A010,endpoint-events,2026-07-05,35,1,reported
T-CSE-POWER-002-A010-2026-07-06,CSE-POWER-002,CSE-POWER-002-A010,endpoint-events,2026-07-06,15,1,reported
T-CSE-POWER-002-A010-2026-07-07,CSE-POWER-002,CSE-POWER-002-A010,endpoint-events,2026-07-07,52,1,reported
T-CSE-POWER-002-A010-2026-07-08,CSE-POWER-002,CSE-POWER-002-A010,endpoint-events,2026-07-08,88,1,reported
T-CSE-POWER-002-A010-2026-07-09,CSE-POWER-002,CSE-POWER-002-A010,endpoint-events,2026-07-09,40,1,reported
T-CSE-POWER-002-A010-2026-07-10,CSE-POWER-002,CSE-POWER-002-A010,endpoint-events,2026-07-10,15,1,reported
T-CSE-POWER-002-A010-2026-07-11,CSE-POWER-002,CSE-POWER-002-A010,endpoint-events,2026-07-11,47,1,reported
T-CSE-POWER-002-A010-2026-07-12,CSE-POWER-002,CSE-POWER-002-A010,endpoint-events,2026-07-12,19,1,reported
T-CSE-POWER-002-A010-2026-07-13,CSE-POWER-002,CSE-POWER-002-A010,endpoint-events,2026-07-13,72,1,reported
T-CSE-POWER-002-A010-2026-07-14,CSE-POWER-002,CSE-POWER-002-A010,endpoint-events,2026-07-14,79,1,reported
T-CSE-POWER-002-A010-2026-07-15,CSE-POWER-002,CSE-POWER-002-A010,endpoint-events,2026-07-15,57,1,reported
T-CSE-POWER-002-A010-2026-07-16,CSE-POWER-002,CSE-POWER-002-A010,endpoint-events,2026-07-16,86,1,reported
T-CSE-POWER-002-A010-2026-07-17,CSE-POWER-002,CSE-POWER-002-A010,endpoint-events,2026-07-17,41,1,reported
T-CSE-POWER-002-A010-2026-07-18,CSE-POWER-002,CSE-POWER-002-A010,endpoint-events,2026-07-18,32,1,reported
T-CSE-POWER-002-A010-2026-07-19,CSE-POWER-002,CSE-POWER-002-A010,endpoint-events,2026-07-19,24,1,reported
T-CSE-POWER-002-A010-2026-07-20,CSE-POWER-002,CSE-POWER-002-A010,endpoint-events,2026-07-20,43,1,reported
T-CSE-POWER-002-A010-2026-07-21,CSE-POWER-002,CSE-POWER-002-A010,endpoint-events,2026-07-21,42,1,reported
T-CSE-POWER-002-A010-2026-07-22,CSE-POWER-002,CSE-POWER-002-A010,endpoint-events,2026-07-22,46,1,reported
T-CSE-POWER-002-A010-2026-07-23,CSE-POWER-002,CSE-POWER-002-A010,endpoint-events,2026-07-23,80,1,reported
T-CSE-POWER-002-A010-2026-07-24,CSE-POWER-002,CSE-POWER-002-A010,endpoint-events,2026-07-24,19,1,reported
T-CSE-POWER-002-A010-2026-07-25,CSE-POWER-002,CSE-POWER-002-A010,endpoint-events,2026-07-25,40,1,reported
T-CSE-POWER-002-A010-2026-07-26,CSE-POWER-002,CSE-POWER-002-A010,endpoint-events,2026-07-26,85,1,reported
T-CSE-POWER-002-A010-2026-07-27,CSE-POWER-002,CSE-POWER-002-A010,endpoint-events,2026-07-27,61,1,reported
T-CSE-POWER-002-A010-2026-07-28,CSE-POWER-002,CSE-POWER-002-A010,endpoint-events,2026-07-28,57,1,reported
T-CSE-POWER-002-A010-2026-07-29,CSE-POWER-002,CSE-POWER-002-A010,endpoint-events,2026-07-29,34,1,reported
T-CSE-POWER-002-A010-2026-07-30,CSE-POWER-002,CSE-POWER-002-A010,endpoint-events,2026-07-30,34,1,reported
T-CSE-POWER-002-A010-2026-07-31,CSE-POWER-002,CSE-POWER-002-A010,endpoint-events,2026-07-31,42,1,reported
T-CSE-POWER-002-A010-2026-08-01,CSE-POWER-002,CSE-POWER-002-A010,endpoint-events,2026-08-01,87,1,reported
T-CSE-POWER-002-A010-2026-08-02,CSE-POWER-002,CSE-POWER-002-A010,endpoint-events,2026-08-02,52,1,reported
T-CSE-POWER-002-A010-2026-08-03,CSE-POWER-002,CSE-POWER-002-A010,endpoint-events,2026-08-03,57,1,reported
T-CSE-POWER-002-A010-2026-08-04,CSE-POWER-002,CSE-POWER-002-A010,endpoint-events,2026-08-04,87,1,reported
T-CSE-POWER-002-A010-2026-08-05,CSE-POWER-002,CSE-POWER-002-A010,endpoint-events,2026-08-05,15,1,reported
T-CSE-POWER-002-A010-2026-08-06,CSE-POWER-002,CSE-POWER-002-A010,endpoint-events,2026-08-06,57,1,reported
T-CSE-POWER-002-A010-2026-08-07,CSE-POWER-002,CSE-POWER-002-A010,endpoint-events,2026-08-07,84,1,reported
T-CSE-POWER-002-A010-2026-08-08,CSE-POWER-002,CSE-POWER-002-A010,endpoint-events,2026-08-08,84,1,reported
T-CSE-POWER-002-A010-2026-08-09,CSE-POWER-002,CSE-POWER-002-A010,endpoint-events,2026-08-09,30,1,reported
T-CSE-POWER-002-A010-2026-08-10,CSE-POWER-002,CSE-POWER-002-A010,endpoint-events,2026-08-10,84,1,reported
T-CSE-POWER-002-A010-2026-08-11,CSE-POWER-002,CSE-POWER-002-A010,endpoint-events,2026-08-11,36,1,reported
T-CSE-POWER-002-A010-2026-08-12,CSE-POWER-002,CSE-POWER-002-A010,endpoint-events,2026-08-12,75,1,reported
T-CSE-POWER-002-A010-2026-08-13,CSE-POWER-002,CSE-POWER-002-A010,endpoint-events,2026-08-13,81,1,reported
T-CSE-POWER-002-A010-2026-08-14,CSE-POWER-002,CSE-POWER-002-A010,endpoint-events,2026-08-14,51,1,reported
T-CSE-POWER-002-A010-2026-08-15,CSE-POWER-002,CSE-POWER-002-A010,endpoint-events,2026-08-15,34,1,reported
T-CSE-POWER-002-A010-2026-08-16,CSE-POWER-002,CSE-POWER-002-A010,endpoint-events,2026-08-16,74,1,reported
T-CSE-POWER-002-A010-2026-08-17,CSE-POWER-002,CSE-POWER-002-A010,endpoint-events,2026-08-17,16,1,reported
T-CSE-POWER-002-A010-2026-08-18,CSE-POWER-002,CSE-POWER-002-A010,endpoint-events,2026-08-18,23,1,reported
T-CSE-POWER-002-A010-2026-08-19,CSE-POWER-002,CSE-POWER-002-A010,endpoint-events,2026-08-19,19,1,reported
T-CSE-POWER-002-A010-2026-08-20,CSE-POWER-002,CSE-POWER-002-A010,endpoint-events,2026-08-20,41,1,reported
T-CSE-POWER-002-A010-2026-08-21,CSE-POWER-002,CSE-POWER-002-A010,endpoint-events,2026-08-21,89,1,reported
T-CSE-POWER-002-A010-2026-08-22,CSE-POWER-002,CSE-POWER-002-A010,endpoint-events,2026-08-22,40,1,reported
T-CSE-POWER-002-A010-2026-08-23,CSE-POWER-002,CSE-POWER-002-A010,endpoint-events,2026-08-23,14,1,reported
T-CSE-POWER-002-A010-2026-08-24,CSE-POWER-002,CSE-POWER-002-A010,endpoint-events,2026-08-24,79,1,reported
T-CSE-POWER-002-A010-2026-08-25,CSE-POWER-002,CSE-POWER-002-A010,endpoint-events,2026-08-25,73,1,reported
T-CSE-POWER-002-A010-2026-08-26,CSE-POWER-002,CSE-POWER-002-A010,endpoint-events,2026-08-26,12,1,reported
T-CSE-POWER-002-A010-2026-08-27,CSE-POWER-002,CSE-POWER-002-A010,endpoint-events,2026-08-27,54,1,reported
T-CSE-POWER-002-A010-2026-08-28,CSE-POWER-002,CSE-POWER-002-A010,endpoint-events,2026-08-28,37,1,reported
T-CSE-POWER-002-A010-2026-08-29,CSE-POWER-002,CSE-POWER-002-A010,endpoint-events,2026-08-29,28,1,reported
T-CSE-POWER-002-A010-2026-08-30,CSE-POWER-002,CSE-POWER-002-A010,endpoint-events,2026-08-30,55,1,reported
T-CSE-POWER-002-A010-2026-08-31,CSE-POWER-002,CSE-POWER-002-A010,endpoint-events,2026-08-31,34,1,reported
T-CSE-TELECOM-002-A001-2026-06-03,CSE-TELECOM-002,CSE-TELECOM-002-A001,identity-logs,2026-06-03,53,1,reported
T-CSE-TELECOM-002-A001-2026-06-04,CSE-TELECOM-002,CSE-TELECOM-002-A001,identity-logs,2026-06-04,19,1,reported
T-CSE-TELECOM-002-A001-2026-06-05,CSE-TELECOM-002,CSE-TELECOM-002-A001,identity-logs,2026-06-05,14,1,reported
T-CSE-TELECOM-002-A001-2026-06-06,CSE-TELECOM-002,CSE-TELECOM-002-A001,identity-logs,2026-06-06,30,1,reported
T-CSE-TELECOM-002-A001-2026-06-07,CSE-TELECOM-002,CSE-TELECOM-002-A001,identity-logs,2026-06-07,87,1,reported
T-CSE-TELECOM-002-A001-2026-06-08,CSE-TELECOM-002,CSE-TELECOM-002-A001,identity-logs,2026-06-08,30,1,reported
T-CSE-TELECOM-002-A001-2026-06-09,CSE-TELECOM-002,CSE-TELECOM-002-A001,identity-logs,2026-06-09,26,1,reported
T-CSE-TELECOM-002-A001-2026-06-10,CSE-TELECOM-002,CSE-TELECOM-002-A001,identity-logs,2026-06-10,79,1,reported
T-CSE-TELECOM-002-A001-2026-06-11,CSE-TELECOM-002,CSE-TELECOM-002-A001,identity-logs,2026-06-11,58,1,reported
T-CSE-TELECOM-002-A001-2026-06-12,CSE-TELECOM-002,CSE-TELECOM-002-A001,identity-logs,2026-06-12,21,1,reported
T-CSE-TELECOM-002-A001-2026-06-13,CSE-TELECOM-002,CSE-TELECOM-002-A001,identity-logs,2026-06-13,59,1,reported
T-CSE-TELECOM-002-A001-2026-06-14,CSE-TELECOM-002,CSE-TELECOM-002-A001,identity-logs,2026-06-14,62,1,reported
T-CSE-TELECOM-002-A001-2026-06-15,CSE-TELECOM-002,CSE-TELECOM-002-A001,identity-logs,2026-06-15,87,1,reported
T-CSE-TELECOM-002-A001-2026-06-16,CSE-TELECOM-002,CSE-TELECOM-002-A001,identity-logs,2026-06-16,24,1,reported
T-CSE-TELECOM-002-A001-2026-06-17,CSE-TELECOM-002,CSE-TELECOM-002-A001,identity-logs,2026-06-17,55,1,reported
T-CSE-TELECOM-002-A001-2026-06-18,CSE-TELECOM-002,CSE-TELECOM-002-A001,identity-logs,2026-06-18,50,1,reported
T-CSE-TELECOM-002-A001-2026-06-19,CSE-TELECOM-002,CSE-TELECOM-002-A001,identity-logs,2026-06-19,53,1,reported
T-CSE-TELECOM-002-A001-2026-06-20,CSE-TELECOM-002,CSE-TELECOM-002-A001,identity-logs,2026-06-20,29,1,reported
T-CSE-TELECOM-002-A001-2026-06-21,CSE-TELECOM-002,CSE-TELECOM-002-A001,identity-logs,2026-06-21,32,1,reported
T-CSE-TELECOM-002-A001-2026-06-22,CSE-TELECOM-002,CSE-TELECOM-002-A001,identity-logs,2026-06-22,67,1,reported
T-CSE-TELECOM-002-A001-2026-06-23,CSE-TELECOM-002,CSE-TELECOM-002-A001,identity-logs,2026-06-23,74,1,reported
T-CSE-TELECOM-002-A001-2026-06-24,CSE-TELECOM-002,CSE-TELECOM-002-A001,identity-logs,2026-06-24,52,1,reported
T-CSE-TELECOM-002-A001-2026-06-25,CSE-TELECOM-002,CSE-TELECOM-002-A001,identity-logs,2026-06-25,34,1,reported
T-CSE-TELECOM-002-A001-2026-06-26,CSE-TELECOM-002,CSE-TELECOM-002-A001,identity-logs,2026-06-26,83,1,reported
T-CSE-TELECOM-002-A001-2026-06-27,CSE-TELECOM-002,CSE-TELECOM-002-A001,identity-logs,2026-06-27,57,1,reported
T-CSE-TELECOM-002-A001-2026-06-28,CSE-TELECOM-002,CSE-TELECOM-002-A001,identity-logs,2026-06-28,40,1,reported
T-CSE-TELECOM-002-A001-2026-06-29,CSE-TELECOM-002,CSE-TELECOM-002-A001,identity-logs,2026-06-29,87,1,reported
T-CSE-TELECOM-002-A001-2026-06-30,CSE-TELECOM-002,CSE-TELECOM-002-A001,identity-logs,2026-06-30,34,1,reported
T-CSE-TELECOM-002-A001-2026-07-01,CSE-TELECOM-002,CSE-TELECOM-002-A001,identity-logs,2026-07-01,60,1,reported
T-CSE-TELECOM-002-A001-2026-07-02,CSE-TELECOM-002,CSE-TELECOM-002-A001,identity-logs,2026-07-02,51,1,reported
T-CSE-TELECOM-002-A001-2026-07-03,CSE-TELECOM-002,CSE-TELECOM-002-A001,identity-logs,2026-07-03,49,1,reported
T-CSE-TELECOM-002-A001-2026-07-04,CSE-TELECOM-002,CSE-TELECOM-002-A001,identity-logs,2026-07-04,28,1,reported
T-CSE-TELECOM-002-A001-2026-07-05,CSE-TELECOM-002,CSE-TELECOM-002-A001,identity-logs,2026-07-05,34,1,reported
T-CSE-TELECOM-002-A001-2026-07-06,CSE-TELECOM-002,CSE-TELECOM-002-A001,identity-logs,2026-07-06,12,1,reported
T-CSE-TELECOM-002-A001-2026-07-07,CSE-TELECOM-002,CSE-TELECOM-002-A001,identity-logs,2026-07-07,85,1,reported
T-CSE-TELECOM-002-A001-2026-07-08,CSE-TELECOM-002,CSE-TELECOM-002-A001,identity-logs,2026-07-08,62,1,reported
T-CSE-TELECOM-002-A001-2026-07-09,CSE-TELECOM-002,CSE-TELECOM-002-A001,identity-logs,2026-07-09,84,1,reported
T-CSE-TELECOM-002-A001-2026-07-10,CSE-TELECOM-002,CSE-TELECOM-002-A001,identity-logs,2026-07-10,16,1,reported
T-CSE-TELECOM-002-A001-2026-07-11,CSE-TELECOM-002,CSE-TELECOM-002-A001,identity-logs,2026-07-11,35,1,reported
T-CSE-TELECOM-002-A001-2026-07-12,CSE-TELECOM-002,CSE-TELECOM-002-A001,identity-logs,2026-07-12,89,1,reported
T-CSE-TELECOM-002-A001-2026-07-13,CSE-TELECOM-002,CSE-TELECOM-002-A001,identity-logs,2026-07-13,52,1,reported
T-CSE-TELECOM-002-A001-2026-07-14,CSE-TELECOM-002,CSE-TELECOM-002-A001,identity-logs,2026-07-14,40,1,reported
T-CSE-TELECOM-002-A001-2026-07-15,CSE-TELECOM-002,CSE-TELECOM-002-A001,identity-logs,2026-07-15,84,1,reported
T-CSE-TELECOM-002-A001-2026-07-16,CSE-TELECOM-002,CSE-TELECOM-002-A001,identity-logs,2026-07-16,25,1,reported
T-CSE-TELECOM-002-A001-2026-07-17,CSE-TELECOM-002,CSE-TELECOM-002-A001,identity-logs,2026-07-17,75,1,reported
T-CSE-TELECOM-002-A001-2026-07-18,CSE-TELECOM-002,CSE-TELECOM-002-A001,identity-logs,2026-07-18,30,1,reported
T-CSE-TELECOM-002-A001-2026-07-19,CSE-TELECOM-002,CSE-TELECOM-002-A001,identity-logs,2026-07-19,54,1,reported
T-CSE-TELECOM-002-A001-2026-07-20,CSE-TELECOM-002,CSE-TELECOM-002-A001,identity-logs,2026-07-20,21,1,reported
T-CSE-TELECOM-002-A001-2026-07-21,CSE-TELECOM-002,CSE-TELECOM-002-A001,identity-logs,2026-07-21,42,1,reported
T-CSE-TELECOM-002-A001-2026-07-22,CSE-TELECOM-002,CSE-TELECOM-002-A001,identity-logs,2026-07-22,56,1,reported
T-CSE-TELECOM-002-A001-2026-07-23,CSE-TELECOM-002,CSE-TELECOM-002-A001,identity-logs,2026-07-23,52,1,reported
T-CSE-TELECOM-002-A001-2026-07-24,CSE-TELECOM-002,CSE-TELECOM-002-A001,identity-logs,2026-07-24,33,1,reported
T-CSE-TELECOM-002-A001-2026-07-25,CSE-TELECOM-002,CSE-TELECOM-002-A001,identity-logs,2026-07-25,23,1,reported
T-CSE-TELECOM-002-A001-2026-07-26,CSE-TELECOM-002,CSE-TELECOM-002-A001,identity-logs,2026-07-26,54,1,reported
T-CSE-TELECOM-002-A001-2026-07-27,CSE-TELECOM-002,CSE-TELECOM-002-A001,identity-logs,2026-07-27,69,1,reported
T-CSE-TELECOM-002-A001-2026-07-28,CSE-TELECOM-002,CSE-TELECOM-002-A001,identity-logs,2026-07-28,13,1,reported
T-CSE-TELECOM-002-A001-2026-07-29,CSE-TELECOM-002,CSE-TELECOM-002-A001,identity-logs,2026-07-29,45,1,reported
T-CSE-TELECOM-002-A001-2026-07-30,CSE-TELECOM-002,CSE-TELECOM-002-A001,identity-logs,2026-07-30,38,1,reported
T-CSE-TELECOM-002-A001-2026-07-31,CSE-TELECOM-002,CSE-TELECOM-002-A001,identity-logs,2026-07-31,43,1,reported
T-CSE-TELECOM-002-A001-2026-08-01,CSE-TELECOM-002,CSE-TELECOM-002-A001,identity-logs,2026-08-01,20,1,reported
T-CSE-TELECOM-002-A001-2026-08-02,CSE-TELECOM-002,CSE-TELECOM-002-A001,identity-logs,2026-08-02,56,1,reported
T-CSE-TELECOM-002-A001-2026-08-03,CSE-TELECOM-002,CSE-TELECOM-002-A001,identity-logs,2026-08-03,44,1,reported
T-CSE-TELECOM-002-A001-2026-08-04,CSE-TELECOM-002,CSE-TELECOM-002-A001,identity-logs,2026-08-04,25,1,reported
T-CSE-TELECOM-002-A001-2026-08-05,CSE-TELECOM-002,CSE-TELECOM-002-A001,identity-logs,2026-08-05,12,1,reported
T-CSE-TELECOM-002-A001-2026-08-06,CSE-TELECOM-002,CSE-TELECOM-002-A001,identity-logs,2026-08-06,18,1,reported
T-CSE-TELECOM-002-A001-2026-08-07,CSE-TELECOM-002,CSE-TELECOM-002-A001,identity-logs,2026-08-07,61,1,reported
T-CSE-TELECOM-002-A001-2026-08-08,CSE-TELECOM-002,CSE-TELECOM-002-A001,identity-logs,2026-08-08,68,1,reported
T-CSE-TELECOM-002-A001-2026-08-09,CSE-TELECOM-002,CSE-TELECOM-002-A001,identity-logs,2026-08-09,65,1,reported
T-CSE-TELECOM-002-A001-2026-08-10,CSE-TELECOM-002,CSE-TELECOM-002-A001,identity-logs,2026-08-10,33,1,reported
T-CSE-TELECOM-002-A001-2026-08-11,CSE-TELECOM-002,CSE-TELECOM-002-A001,identity-logs,2026-08-11,64,1,reported
T-CSE-TELECOM-002-A001-2026-08-12,CSE-TELECOM-002,CSE-TELECOM-002-A001,identity-logs,2026-08-12,75,1,reported
T-CSE-TELECOM-002-A001-2026-08-13,CSE-TELECOM-002,CSE-TELECOM-002-A001,identity-logs,2026-08-13,60,1,reported
T-CSE-TELECOM-002-A001-2026-08-14,CSE-TELECOM-002,CSE-TELECOM-002-A001,identity-logs,2026-08-14,56,1,reported
T-CSE-TELECOM-002-A001-2026-08-15,CSE-TELECOM-002,CSE-TELECOM-002-A001,identity-logs,2026-08-15,81,1,reported
T-CSE-TELECOM-002-A001-2026-08-16,CSE-TELECOM-002,CSE-TELECOM-002-A001,identity-logs,2026-08-16,60,1,reported
T-CSE-TELECOM-002-A001-2026-08-17,CSE-TELECOM-002,CSE-TELECOM-002-A001,identity-logs,2026-08-17,24,1,reported
T-CSE-TELECOM-002-A001-2026-08-18,CSE-TELECOM-002,CSE-TELECOM-002-A001,identity-logs,2026-08-18,73,1,reported
T-CSE-TELECOM-002-A001-2026-08-19,CSE-TELECOM-002,CSE-TELECOM-002-A001,identity-logs,2026-08-19,85,1,reported
T-CSE-TELECOM-002-A001-2026-08-20,CSE-TELECOM-002,CSE-TELECOM-002-A001,identity-logs,2026-08-20,40,1,reported
T-CSE-TELECOM-002-A001-2026-08-21,CSE-TELECOM-002,CSE-TELECOM-002-A001,identity-logs,2026-08-21,32,1,reported
T-CSE-TELECOM-002-A001-2026-08-22,CSE-TELECOM-002,CSE-TELECOM-002-A001,identity-logs,2026-08-22,69,1,reported
T-CSE-TELECOM-002-A001-2026-08-23,CSE-TELECOM-002,CSE-TELECOM-002-A001,identity-logs,2026-08-23,21,1,reported
T-CSE-TELECOM-002-A001-2026-08-24,CSE-TELECOM-002,CSE-TELECOM-002-A001,identity-logs,2026-08-24,16,1,reported
T-CSE-TELECOM-002-A001-2026-08-25,CSE-TELECOM-002,CSE-TELECOM-002-A001,identity-logs,2026-08-25,49,1,reported
T-CSE-TELECOM-002-A001-2026-08-26,CSE-TELECOM-002,CSE-TELECOM-002-A001,identity-logs,2026-08-26,14,1,reported
T-CSE-TELECOM-002-A001-2026-08-27,CSE-TELECOM-002,CSE-TELECOM-002-A001,identity-logs,2026-08-27,52,1,reported
T-CSE-TELECOM-002-A001-2026-08-28,CSE-TELECOM-002,CSE-TELECOM-002-A001,identity-logs,2026-08-28,45,1,reported
T-CSE-TELECOM-002-A001-2026-08-29,CSE-TELECOM-002,CSE-TELECOM-002-A001,identity-logs,2026-08-29,25,1,reported
T-CSE-TELECOM-002-A001-2026-08-30,CSE-TELECOM-002,CSE-TELECOM-002-A001,identity-logs,2026-08-30,21,1,reported
T-CSE-TELECOM-002-A001-2026-08-31,CSE-TELECOM-002,CSE-TELECOM-002-A001,identity-logs,2026-08-31,55,1,reported
T-CSE-TELECOM-002-A002-2026-06-03,CSE-TELECOM-002,CSE-TELECOM-002-A002,endpoint-events,2026-06-03,33,1,reported
T-CSE-TELECOM-002-A002-2026-06-04,CSE-TELECOM-002,CSE-TELECOM-002-A002,endpoint-events,2026-06-04,60,1,reported
T-CSE-TELECOM-002-A002-2026-06-05,CSE-TELECOM-002,CSE-TELECOM-002-A002,endpoint-events,2026-06-05,32,1,reported
T-CSE-TELECOM-002-A002-2026-06-06,CSE-TELECOM-002,CSE-TELECOM-002-A002,endpoint-events,2026-06-06,21,1,reported
T-CSE-TELECOM-002-A002-2026-06-07,CSE-TELECOM-002,CSE-TELECOM-002-A002,endpoint-events,2026-06-07,82,1,reported
T-CSE-TELECOM-002-A002-2026-06-08,CSE-TELECOM-002,CSE-TELECOM-002-A002,endpoint-events,2026-06-08,23,1,reported
T-CSE-TELECOM-002-A002-2026-06-09,CSE-TELECOM-002,CSE-TELECOM-002-A002,endpoint-events,2026-06-09,55,1,reported
T-CSE-TELECOM-002-A002-2026-06-10,CSE-TELECOM-002,CSE-TELECOM-002-A002,endpoint-events,2026-06-10,88,1,reported
T-CSE-TELECOM-002-A002-2026-06-11,CSE-TELECOM-002,CSE-TELECOM-002-A002,endpoint-events,2026-06-11,73,1,reported
T-CSE-TELECOM-002-A002-2026-06-12,CSE-TELECOM-002,CSE-TELECOM-002-A002,endpoint-events,2026-06-12,15,1,reported
T-CSE-TELECOM-002-A002-2026-06-13,CSE-TELECOM-002,CSE-TELECOM-002-A002,endpoint-events,2026-06-13,67,1,reported
T-CSE-TELECOM-002-A002-2026-06-14,CSE-TELECOM-002,CSE-TELECOM-002-A002,endpoint-events,2026-06-14,33,1,reported
T-CSE-TELECOM-002-A002-2026-06-15,CSE-TELECOM-002,CSE-TELECOM-002-A002,endpoint-events,2026-06-15,89,1,reported
T-CSE-TELECOM-002-A002-2026-06-16,CSE-TELECOM-002,CSE-TELECOM-002-A002,endpoint-events,2026-06-16,67,1,reported
T-CSE-TELECOM-002-A002-2026-06-17,CSE-TELECOM-002,CSE-TELECOM-002-A002,endpoint-events,2026-06-17,32,1,reported
T-CSE-TELECOM-002-A002-2026-06-18,CSE-TELECOM-002,CSE-TELECOM-002-A002,endpoint-events,2026-06-18,18,1,reported
T-CSE-TELECOM-002-A002-2026-06-19,CSE-TELECOM-002,CSE-TELECOM-002-A002,endpoint-events,2026-06-19,24,1,reported
T-CSE-TELECOM-002-A002-2026-06-20,CSE-TELECOM-002,CSE-TELECOM-002-A002,endpoint-events,2026-06-20,54,1,reported
T-CSE-TELECOM-002-A002-2026-06-21,CSE-TELECOM-002,CSE-TELECOM-002-A002,endpoint-events,2026-06-21,38,1,reported
T-CSE-TELECOM-002-A002-2026-06-22,CSE-TELECOM-002,CSE-TELECOM-002-A002,endpoint-events,2026-06-22,36,1,reported
T-CSE-TELECOM-002-A002-2026-06-23,CSE-TELECOM-002,CSE-TELECOM-002-A002,endpoint-events,2026-06-23,64,1,reported
T-CSE-TELECOM-002-A002-2026-06-24,CSE-TELECOM-002,CSE-TELECOM-002-A002,endpoint-events,2026-06-24,82,1,reported
T-CSE-TELECOM-002-A002-2026-06-25,CSE-TELECOM-002,CSE-TELECOM-002-A002,endpoint-events,2026-06-25,81,1,reported
T-CSE-TELECOM-002-A002-2026-06-26,CSE-TELECOM-002,CSE-TELECOM-002-A002,endpoint-events,2026-06-26,45,1,reported
T-CSE-TELECOM-002-A002-2026-06-27,CSE-TELECOM-002,CSE-TELECOM-002-A002,endpoint-events,2026-06-27,48,1,reported
T-CSE-TELECOM-002-A002-2026-06-28,CSE-TELECOM-002,CSE-TELECOM-002-A002,endpoint-events,2026-06-28,50,1,reported
T-CSE-TELECOM-002-A002-2026-06-29,CSE-TELECOM-002,CSE-TELECOM-002-A002,endpoint-events,2026-06-29,42,1,reported
T-CSE-TELECOM-002-A002-2026-06-30,CSE-TELECOM-002,CSE-TELECOM-002-A002,endpoint-events,2026-06-30,24,1,reported
T-CSE-TELECOM-002-A002-2026-07-01,CSE-TELECOM-002,CSE-TELECOM-002-A002,endpoint-events,2026-07-01,18,1,reported
T-CSE-TELECOM-002-A002-2026-07-02,CSE-TELECOM-002,CSE-TELECOM-002-A002,endpoint-events,2026-07-02,62,1,reported
T-CSE-TELECOM-002-A002-2026-07-03,CSE-TELECOM-002,CSE-TELECOM-002-A002,endpoint-events,2026-07-03,85,1,reported
T-CSE-TELECOM-002-A002-2026-07-04,CSE-TELECOM-002,CSE-TELECOM-002-A002,endpoint-events,2026-07-04,82,1,reported
T-CSE-TELECOM-002-A002-2026-07-05,CSE-TELECOM-002,CSE-TELECOM-002-A002,endpoint-events,2026-07-05,74,1,reported
T-CSE-TELECOM-002-A002-2026-07-06,CSE-TELECOM-002,CSE-TELECOM-002-A002,endpoint-events,2026-07-06,31,1,reported
T-CSE-TELECOM-002-A002-2026-07-07,CSE-TELECOM-002,CSE-TELECOM-002-A002,endpoint-events,2026-07-07,18,1,reported
T-CSE-TELECOM-002-A002-2026-07-08,CSE-TELECOM-002,CSE-TELECOM-002-A002,endpoint-events,2026-07-08,58,1,reported
T-CSE-TELECOM-002-A002-2026-07-09,CSE-TELECOM-002,CSE-TELECOM-002-A002,endpoint-events,2026-07-09,12,1,reported
T-CSE-TELECOM-002-A002-2026-07-10,CSE-TELECOM-002,CSE-TELECOM-002-A002,endpoint-events,2026-07-10,66,1,reported
T-CSE-TELECOM-002-A002-2026-07-11,CSE-TELECOM-002,CSE-TELECOM-002-A002,endpoint-events,2026-07-11,23,1,reported
T-CSE-TELECOM-002-A002-2026-07-12,CSE-TELECOM-002,CSE-TELECOM-002-A002,endpoint-events,2026-07-12,49,1,reported
T-CSE-TELECOM-002-A002-2026-07-13,CSE-TELECOM-002,CSE-TELECOM-002-A002,endpoint-events,2026-07-13,88,1,reported
T-CSE-TELECOM-002-A002-2026-07-14,CSE-TELECOM-002,CSE-TELECOM-002-A002,endpoint-events,2026-07-14,73,1,reported
T-CSE-TELECOM-002-A002-2026-07-15,CSE-TELECOM-002,CSE-TELECOM-002-A002,endpoint-events,2026-07-15,37,1,reported
T-CSE-TELECOM-002-A002-2026-07-16,CSE-TELECOM-002,CSE-TELECOM-002-A002,endpoint-events,2026-07-16,24,1,reported
T-CSE-TELECOM-002-A002-2026-07-17,CSE-TELECOM-002,CSE-TELECOM-002-A002,endpoint-events,2026-07-17,15,1,reported
T-CSE-TELECOM-002-A002-2026-07-18,CSE-TELECOM-002,CSE-TELECOM-002-A002,endpoint-events,2026-07-18,38,1,reported
T-CSE-TELECOM-002-A002-2026-07-19,CSE-TELECOM-002,CSE-TELECOM-002-A002,endpoint-events,2026-07-19,33,1,reported
T-CSE-TELECOM-002-A002-2026-07-20,CSE-TELECOM-002,CSE-TELECOM-002-A002,endpoint-events,2026-07-20,49,1,reported
T-CSE-TELECOM-002-A002-2026-07-21,CSE-TELECOM-002,CSE-TELECOM-002-A002,endpoint-events,2026-07-21,22,1,reported
T-CSE-TELECOM-002-A002-2026-07-22,CSE-TELECOM-002,CSE-TELECOM-002-A002,endpoint-events,2026-07-22,72,1,reported
T-CSE-TELECOM-002-A002-2026-07-23,CSE-TELECOM-002,CSE-TELECOM-002-A002,endpoint-events,2026-07-23,26,1,reported
T-CSE-TELECOM-002-A002-2026-07-24,CSE-TELECOM-002,CSE-TELECOM-002-A002,endpoint-events,2026-07-24,51,1,reported
T-CSE-TELECOM-002-A002-2026-07-25,CSE-TELECOM-002,CSE-TELECOM-002-A002,endpoint-events,2026-07-25,62,1,reported
T-CSE-TELECOM-002-A002-2026-07-26,CSE-TELECOM-002,CSE-TELECOM-002-A002,endpoint-events,2026-07-26,72,1,reported
T-CSE-TELECOM-002-A002-2026-07-27,CSE-TELECOM-002,CSE-TELECOM-002-A002,endpoint-events,2026-07-27,74,1,reported
T-CSE-TELECOM-002-A002-2026-07-28,CSE-TELECOM-002,CSE-TELECOM-002-A002,endpoint-events,2026-07-28,45,1,reported
T-CSE-TELECOM-002-A002-2026-07-29,CSE-TELECOM-002,CSE-TELECOM-002-A002,endpoint-events,2026-07-29,23,1,reported
T-CSE-TELECOM-002-A002-2026-07-30,CSE-TELECOM-002,CSE-TELECOM-002-A002,endpoint-events,2026-07-30,81,1,reported
T-CSE-TELECOM-002-A002-2026-07-31,CSE-TELECOM-002,CSE-TELECOM-002-A002,endpoint-events,2026-07-31,61,1,reported
T-CSE-TELECOM-002-A002-2026-08-01,CSE-TELECOM-002,CSE-TELECOM-002-A002,endpoint-events,2026-08-01,35,1,reported
T-CSE-TELECOM-002-A002-2026-08-02,CSE-TELECOM-002,CSE-TELECOM-002-A002,endpoint-events,2026-08-02,59,1,reported
T-CSE-TELECOM-002-A002-2026-08-03,CSE-TELECOM-002,CSE-TELECOM-002-A002,endpoint-events,2026-08-03,60,1,reported
T-CSE-TELECOM-002-A002-2026-08-04,CSE-TELECOM-002,CSE-TELECOM-002-A002,endpoint-events,2026-08-04,59,1,reported
T-CSE-TELECOM-002-A002-2026-08-05,CSE-TELECOM-002,CSE-TELECOM-002-A002,endpoint-events,2026-08-05,35,1,reported
T-CSE-TELECOM-002-A002-2026-08-06,CSE-TELECOM-002,CSE-TELECOM-002-A002,endpoint-events,2026-08-06,69,1,reported
T-CSE-TELECOM-002-A002-2026-08-07,CSE-TELECOM-002,CSE-TELECOM-002-A002,endpoint-events,2026-08-07,17,1,reported
T-CSE-TELECOM-002-A002-2026-08-08,CSE-TELECOM-002,CSE-TELECOM-002-A002,endpoint-events,2026-08-08,45,1,reported
T-CSE-TELECOM-002-A002-2026-08-09,CSE-TELECOM-002,CSE-TELECOM-002-A002,endpoint-events,2026-08-09,68,1,reported
T-CSE-TELECOM-002-A002-2026-08-10,CSE-TELECOM-002,CSE-TELECOM-002-A002,endpoint-events,2026-08-10,71,1,reported
T-CSE-TELECOM-002-A002-2026-08-11,CSE-TELECOM-002,CSE-TELECOM-002-A002,endpoint-events,2026-08-11,45,1,reported
T-CSE-TELECOM-002-A002-2026-08-12,CSE-TELECOM-002,CSE-TELECOM-002-A002,endpoint-events,2026-08-12,40,1,reported
T-CSE-TELECOM-002-A002-2026-08-13,CSE-TELECOM-002,CSE-TELECOM-002-A002,endpoint-events,2026-08-13,46,1,reported
T-CSE-TELECOM-002-A002-2026-08-14,CSE-TELECOM-002,CSE-TELECOM-002-A002,endpoint-events,2026-08-14,84,1,reported
T-CSE-TELECOM-002-A002-2026-08-15,CSE-TELECOM-002,CSE-TELECOM-002-A002,endpoint-events,2026-08-15,19,1,reported
T-CSE-TELECOM-002-A002-2026-08-16,CSE-TELECOM-002,CSE-TELECOM-002-A002,endpoint-events,2026-08-16,31,1,reported
T-CSE-TELECOM-002-A002-2026-08-17,CSE-TELECOM-002,CSE-TELECOM-002-A002,endpoint-events,2026-08-17,24,1,reported
T-CSE-TELECOM-002-A002-2026-08-18,CSE-TELECOM-002,CSE-TELECOM-002-A002,endpoint-events,2026-08-18,22,1,reported
T-CSE-TELECOM-002-A002-2026-08-19,CSE-TELECOM-002,CSE-TELECOM-002-A002,endpoint-events,2026-08-19,56,1,reported
T-CSE-TELECOM-002-A002-2026-08-20,CSE-TELECOM-002,CSE-TELECOM-002-A002,endpoint-events,2026-08-20,81,1,reported
T-CSE-TELECOM-002-A002-2026-08-21,CSE-TELECOM-002,CSE-TELECOM-002-A002,endpoint-events,2026-08-21,64,1,reported
T-CSE-TELECOM-002-A002-2026-08-22,CSE-TELECOM-002,CSE-TELECOM-002-A002,endpoint-events,2026-08-22,87,1,reported
T-CSE-TELECOM-002-A002-2026-08-23,CSE-TELECOM-002,CSE-TELECOM-002-A002,endpoint-events,2026-08-23,41,1,reported
T-CSE-TELECOM-002-A002-2026-08-24,CSE-TELECOM-002,CSE-TELECOM-002-A002,endpoint-events,2026-08-24,82,1,reported
T-CSE-TELECOM-002-A002-2026-08-25,CSE-TELECOM-002,CSE-TELECOM-002-A002,endpoint-events,2026-08-25,19,1,reported
T-CSE-TELECOM-002-A002-2026-08-26,CSE-TELECOM-002,CSE-TELECOM-002-A002,endpoint-events,2026-08-26,61,1,reported
T-CSE-TELECOM-002-A002-2026-08-27,CSE-TELECOM-002,CSE-TELECOM-002-A002,endpoint-events,2026-08-27,78,1,reported
T-CSE-TELECOM-002-A002-2026-08-28,CSE-TELECOM-002,CSE-TELECOM-002-A002,endpoint-events,2026-08-28,65,1,reported
T-CSE-TELECOM-002-A002-2026-08-29,CSE-TELECOM-002,CSE-TELECOM-002-A002,endpoint-events,2026-08-29,80,1,reported
T-CSE-TELECOM-002-A002-2026-08-30,CSE-TELECOM-002,CSE-TELECOM-002-A002,endpoint-events,2026-08-30,72,1,reported
T-CSE-TELECOM-002-A002-2026-08-31,CSE-TELECOM-002,CSE-TELECOM-002-A002,endpoint-events,2026-08-31,85,1,reported
T-CSE-TELECOM-002-A003-2026-06-03,CSE-TELECOM-002,CSE-TELECOM-002-A003,identity-logs,2026-06-03,42,1,reported
T-CSE-TELECOM-002-A003-2026-06-04,CSE-TELECOM-002,CSE-TELECOM-002-A003,identity-logs,2026-06-04,72,1,reported
T-CSE-TELECOM-002-A003-2026-06-05,CSE-TELECOM-002,CSE-TELECOM-002-A003,identity-logs,2026-06-05,50,1,reported
T-CSE-TELECOM-002-A003-2026-06-06,CSE-TELECOM-002,CSE-TELECOM-002-A003,identity-logs,2026-06-06,22,1,reported
T-CSE-TELECOM-002-A003-2026-06-07,CSE-TELECOM-002,CSE-TELECOM-002-A003,identity-logs,2026-06-07,62,1,reported
T-CSE-TELECOM-002-A003-2026-06-08,CSE-TELECOM-002,CSE-TELECOM-002-A003,identity-logs,2026-06-08,16,1,reported
T-CSE-TELECOM-002-A003-2026-06-09,CSE-TELECOM-002,CSE-TELECOM-002-A003,identity-logs,2026-06-09,76,1,reported
T-CSE-TELECOM-002-A003-2026-06-10,CSE-TELECOM-002,CSE-TELECOM-002-A003,identity-logs,2026-06-10,85,1,reported
T-CSE-TELECOM-002-A003-2026-06-11,CSE-TELECOM-002,CSE-TELECOM-002-A003,identity-logs,2026-06-11,78,1,reported
T-CSE-TELECOM-002-A003-2026-06-12,CSE-TELECOM-002,CSE-TELECOM-002-A003,identity-logs,2026-06-12,85,1,reported
T-CSE-TELECOM-002-A003-2026-06-13,CSE-TELECOM-002,CSE-TELECOM-002-A003,identity-logs,2026-06-13,30,1,reported
T-CSE-TELECOM-002-A003-2026-06-14,CSE-TELECOM-002,CSE-TELECOM-002-A003,identity-logs,2026-06-14,27,1,reported
T-CSE-TELECOM-002-A003-2026-06-15,CSE-TELECOM-002,CSE-TELECOM-002-A003,identity-logs,2026-06-15,69,1,reported
T-CSE-TELECOM-002-A003-2026-06-16,CSE-TELECOM-002,CSE-TELECOM-002-A003,identity-logs,2026-06-16,34,1,reported
T-CSE-TELECOM-002-A003-2026-06-17,CSE-TELECOM-002,CSE-TELECOM-002-A003,identity-logs,2026-06-17,33,1,reported
T-CSE-TELECOM-002-A003-2026-06-18,CSE-TELECOM-002,CSE-TELECOM-002-A003,identity-logs,2026-06-18,39,1,reported
T-CSE-TELECOM-002-A003-2026-06-19,CSE-TELECOM-002,CSE-TELECOM-002-A003,identity-logs,2026-06-19,36,1,reported
T-CSE-TELECOM-002-A003-2026-06-20,CSE-TELECOM-002,CSE-TELECOM-002-A003,identity-logs,2026-06-20,28,1,reported
T-CSE-TELECOM-002-A003-2026-06-21,CSE-TELECOM-002,CSE-TELECOM-002-A003,identity-logs,2026-06-21,17,1,reported
T-CSE-TELECOM-002-A003-2026-06-22,CSE-TELECOM-002,CSE-TELECOM-002-A003,identity-logs,2026-06-22,66,1,reported
T-CSE-TELECOM-002-A003-2026-06-23,CSE-TELECOM-002,CSE-TELECOM-002-A003,identity-logs,2026-06-23,22,1,reported
T-CSE-TELECOM-002-A003-2026-06-24,CSE-TELECOM-002,CSE-TELECOM-002-A003,identity-logs,2026-06-24,67,1,reported
T-CSE-TELECOM-002-A003-2026-06-25,CSE-TELECOM-002,CSE-TELECOM-002-A003,identity-logs,2026-06-25,37,1,reported
T-CSE-TELECOM-002-A003-2026-06-26,CSE-TELECOM-002,CSE-TELECOM-002-A003,identity-logs,2026-06-26,30,1,reported
T-CSE-TELECOM-002-A003-2026-06-27,CSE-TELECOM-002,CSE-TELECOM-002-A003,identity-logs,2026-06-27,88,1,reported
T-CSE-TELECOM-002-A003-2026-06-28,CSE-TELECOM-002,CSE-TELECOM-002-A003,identity-logs,2026-06-28,45,1,reported
T-CSE-TELECOM-002-A003-2026-06-29,CSE-TELECOM-002,CSE-TELECOM-002-A003,identity-logs,2026-06-29,52,1,reported
T-CSE-TELECOM-002-A003-2026-06-30,CSE-TELECOM-002,CSE-TELECOM-002-A003,identity-logs,2026-06-30,20,1,reported
T-CSE-TELECOM-002-A003-2026-07-01,CSE-TELECOM-002,CSE-TELECOM-002-A003,identity-logs,2026-07-01,23,1,reported
T-CSE-TELECOM-002-A003-2026-07-02,CSE-TELECOM-002,CSE-TELECOM-002-A003,identity-logs,2026-07-02,61,1,reported
T-CSE-TELECOM-002-A003-2026-07-03,CSE-TELECOM-002,CSE-TELECOM-002-A003,identity-logs,2026-07-03,83,1,reported
T-CSE-TELECOM-002-A003-2026-07-04,CSE-TELECOM-002,CSE-TELECOM-002-A003,identity-logs,2026-07-04,62,1,reported
T-CSE-TELECOM-002-A003-2026-07-05,CSE-TELECOM-002,CSE-TELECOM-002-A003,identity-logs,2026-07-05,82,1,reported
T-CSE-TELECOM-002-A003-2026-07-06,CSE-TELECOM-002,CSE-TELECOM-002-A003,identity-logs,2026-07-06,53,1,reported
T-CSE-TELECOM-002-A003-2026-07-07,CSE-TELECOM-002,CSE-TELECOM-002-A003,identity-logs,2026-07-07,47,1,reported
T-CSE-TELECOM-002-A003-2026-07-08,CSE-TELECOM-002,CSE-TELECOM-002-A003,identity-logs,2026-07-08,78,1,reported
T-CSE-TELECOM-002-A003-2026-07-09,CSE-TELECOM-002,CSE-TELECOM-002-A003,identity-logs,2026-07-09,70,1,reported
T-CSE-TELECOM-002-A003-2026-07-10,CSE-TELECOM-002,CSE-TELECOM-002-A003,identity-logs,2026-07-10,13,1,reported
T-CSE-TELECOM-002-A003-2026-07-11,CSE-TELECOM-002,CSE-TELECOM-002-A003,identity-logs,2026-07-11,87,1,reported
T-CSE-TELECOM-002-A003-2026-07-12,CSE-TELECOM-002,CSE-TELECOM-002-A003,identity-logs,2026-07-12,78,1,reported
T-CSE-TELECOM-002-A003-2026-07-13,CSE-TELECOM-002,CSE-TELECOM-002-A003,identity-logs,2026-07-13,65,1,reported
T-CSE-TELECOM-002-A003-2026-07-14,CSE-TELECOM-002,CSE-TELECOM-002-A003,identity-logs,2026-07-14,26,1,reported
T-CSE-TELECOM-002-A003-2026-07-15,CSE-TELECOM-002,CSE-TELECOM-002-A003,identity-logs,2026-07-15,65,1,reported
T-CSE-TELECOM-002-A003-2026-07-16,CSE-TELECOM-002,CSE-TELECOM-002-A003,identity-logs,2026-07-16,31,1,reported
T-CSE-TELECOM-002-A003-2026-07-17,CSE-TELECOM-002,CSE-TELECOM-002-A003,identity-logs,2026-07-17,30,1,reported
T-CSE-TELECOM-002-A003-2026-07-18,CSE-TELECOM-002,CSE-TELECOM-002-A003,identity-logs,2026-07-18,84,1,reported
T-CSE-TELECOM-002-A003-2026-07-19,CSE-TELECOM-002,CSE-TELECOM-002-A003,identity-logs,2026-07-19,87,1,reported
T-CSE-TELECOM-002-A003-2026-07-20,CSE-TELECOM-002,CSE-TELECOM-002-A003,identity-logs,2026-07-20,86,1,reported
T-CSE-TELECOM-002-A003-2026-07-21,CSE-TELECOM-002,CSE-TELECOM-002-A003,identity-logs,2026-07-21,24,1,reported
T-CSE-TELECOM-002-A003-2026-07-22,CSE-TELECOM-002,CSE-TELECOM-002-A003,identity-logs,2026-07-22,25,1,reported
T-CSE-TELECOM-002-A003-2026-07-23,CSE-TELECOM-002,CSE-TELECOM-002-A003,identity-logs,2026-07-23,84,1,reported
T-CSE-TELECOM-002-A003-2026-07-24,CSE-TELECOM-002,CSE-TELECOM-002-A003,identity-logs,2026-07-24,24,1,reported
T-CSE-TELECOM-002-A003-2026-07-25,CSE-TELECOM-002,CSE-TELECOM-002-A003,identity-logs,2026-07-25,48,1,reported
T-CSE-TELECOM-002-A003-2026-07-26,CSE-TELECOM-002,CSE-TELECOM-002-A003,identity-logs,2026-07-26,80,1,reported
T-CSE-TELECOM-002-A003-2026-07-27,CSE-TELECOM-002,CSE-TELECOM-002-A003,identity-logs,2026-07-27,56,1,reported
T-CSE-TELECOM-002-A003-2026-07-28,CSE-TELECOM-002,CSE-TELECOM-002-A003,identity-logs,2026-07-28,64,1,reported
T-CSE-TELECOM-002-A003-2026-07-29,CSE-TELECOM-002,CSE-TELECOM-002-A003,identity-logs,2026-07-29,45,1,reported
T-CSE-TELECOM-002-A003-2026-07-30,CSE-TELECOM-002,CSE-TELECOM-002-A003,identity-logs,2026-07-30,61,1,reported
T-CSE-TELECOM-002-A003-2026-07-31,CSE-TELECOM-002,CSE-TELECOM-002-A003,identity-logs,2026-07-31,74,1,reported
T-CSE-TELECOM-002-A003-2026-08-01,CSE-TELECOM-002,CSE-TELECOM-002-A003,identity-logs,2026-08-01,85,1,reported
T-CSE-TELECOM-002-A003-2026-08-02,CSE-TELECOM-002,CSE-TELECOM-002-A003,identity-logs,2026-08-02,89,1,reported
T-CSE-TELECOM-002-A003-2026-08-03,CSE-TELECOM-002,CSE-TELECOM-002-A003,identity-logs,2026-08-03,72,1,reported
T-CSE-TELECOM-002-A003-2026-08-04,CSE-TELECOM-002,CSE-TELECOM-002-A003,identity-logs,2026-08-04,16,1,reported
T-CSE-TELECOM-002-A003-2026-08-05,CSE-TELECOM-002,CSE-TELECOM-002-A003,identity-logs,2026-08-05,34,1,reported
T-CSE-TELECOM-002-A003-2026-08-06,CSE-TELECOM-002,CSE-TELECOM-002-A003,identity-logs,2026-08-06,47,1,reported
T-CSE-TELECOM-002-A003-2026-08-07,CSE-TELECOM-002,CSE-TELECOM-002-A003,identity-logs,2026-08-07,63,1,reported
T-CSE-TELECOM-002-A003-2026-08-08,CSE-TELECOM-002,CSE-TELECOM-002-A003,identity-logs,2026-08-08,30,1,reported
T-CSE-TELECOM-002-A003-2026-08-09,CSE-TELECOM-002,CSE-TELECOM-002-A003,identity-logs,2026-08-09,89,1,reported
T-CSE-TELECOM-002-A003-2026-08-10,CSE-TELECOM-002,CSE-TELECOM-002-A003,identity-logs,2026-08-10,63,1,reported
T-CSE-TELECOM-002-A003-2026-08-11,CSE-TELECOM-002,CSE-TELECOM-002-A003,identity-logs,2026-08-11,16,1,reported
T-CSE-TELECOM-002-A003-2026-08-12,CSE-TELECOM-002,CSE-TELECOM-002-A003,identity-logs,2026-08-12,62,1,reported
T-CSE-TELECOM-002-A003-2026-08-13,CSE-TELECOM-002,CSE-TELECOM-002-A003,identity-logs,2026-08-13,54,1,reported
T-CSE-TELECOM-002-A003-2026-08-14,CSE-TELECOM-002,CSE-TELECOM-002-A003,identity-logs,2026-08-14,42,1,reported
T-CSE-TELECOM-002-A003-2026-08-15,CSE-TELECOM-002,CSE-TELECOM-002-A003,identity-logs,2026-08-15,18,1,reported
T-CSE-TELECOM-002-A003-2026-08-16,CSE-TELECOM-002,CSE-TELECOM-002-A003,identity-logs,2026-08-16,72,1,reported
T-CSE-TELECOM-002-A003-2026-08-17,CSE-TELECOM-002,CSE-TELECOM-002-A003,identity-logs,2026-08-17,46,1,reported
T-CSE-TELECOM-002-A003-2026-08-18,CSE-TELECOM-002,CSE-TELECOM-002-A003,identity-logs,2026-08-18,59,1,reported
T-CSE-TELECOM-002-A003-2026-08-19,CSE-TELECOM-002,CSE-TELECOM-002-A003,identity-logs,2026-08-19,14,1,reported
T-CSE-TELECOM-002-A003-2026-08-20,CSE-TELECOM-002,CSE-TELECOM-002-A003,identity-logs,2026-08-20,55,1,reported
T-CSE-TELECOM-002-A003-2026-08-21,CSE-TELECOM-002,CSE-TELECOM-002-A003,identity-logs,2026-08-21,50,1,reported
T-CSE-TELECOM-002-A003-2026-08-22,CSE-TELECOM-002,CSE-TELECOM-002-A003,identity-logs,2026-08-22,51,1,reported
T-CSE-TELECOM-002-A003-2026-08-23,CSE-TELECOM-002,CSE-TELECOM-002-A003,identity-logs,2026-08-23,47,1,reported
T-CSE-TELECOM-002-A003-2026-08-24,CSE-TELECOM-002,CSE-TELECOM-002-A003,identity-logs,2026-08-24,74,1,reported
T-CSE-TELECOM-002-A003-2026-08-25,CSE-TELECOM-002,CSE-TELECOM-002-A003,identity-logs,2026-08-25,24,1,reported
T-CSE-TELECOM-002-A003-2026-08-26,CSE-TELECOM-002,CSE-TELECOM-002-A003,identity-logs,2026-08-26,41,1,reported
T-CSE-TELECOM-002-A003-2026-08-27,CSE-TELECOM-002,CSE-TELECOM-002-A003,identity-logs,2026-08-27,29,1,reported
T-CSE-TELECOM-002-A003-2026-08-28,CSE-TELECOM-002,CSE-TELECOM-002-A003,identity-logs,2026-08-28,50,1,reported
T-CSE-TELECOM-002-A003-2026-08-29,CSE-TELECOM-002,CSE-TELECOM-002-A003,identity-logs,2026-08-29,68,1,reported
T-CSE-TELECOM-002-A003-2026-08-30,CSE-TELECOM-002,CSE-TELECOM-002-A003,identity-logs,2026-08-30,53,1,reported
T-CSE-TELECOM-002-A003-2026-08-31,CSE-TELECOM-002,CSE-TELECOM-002-A003,identity-logs,2026-08-31,46,1,reported
T-CSE-TELECOM-002-A004-2026-06-03,CSE-TELECOM-002,CSE-TELECOM-002-A004,endpoint-events,2026-06-03,65,1,reported
T-CSE-TELECOM-002-A004-2026-06-04,CSE-TELECOM-002,CSE-TELECOM-002-A004,endpoint-events,2026-06-04,89,1,reported
T-CSE-TELECOM-002-A004-2026-06-05,CSE-TELECOM-002,CSE-TELECOM-002-A004,endpoint-events,2026-06-05,23,1,reported
T-CSE-TELECOM-002-A004-2026-06-06,CSE-TELECOM-002,CSE-TELECOM-002-A004,endpoint-events,2026-06-06,36,1,reported
T-CSE-TELECOM-002-A004-2026-06-07,CSE-TELECOM-002,CSE-TELECOM-002-A004,endpoint-events,2026-06-07,68,1,reported
T-CSE-TELECOM-002-A004-2026-06-08,CSE-TELECOM-002,CSE-TELECOM-002-A004,endpoint-events,2026-06-08,39,1,reported
T-CSE-TELECOM-002-A004-2026-06-09,CSE-TELECOM-002,CSE-TELECOM-002-A004,endpoint-events,2026-06-09,64,1,reported
T-CSE-TELECOM-002-A004-2026-06-10,CSE-TELECOM-002,CSE-TELECOM-002-A004,endpoint-events,2026-06-10,74,1,reported
T-CSE-TELECOM-002-A004-2026-06-11,CSE-TELECOM-002,CSE-TELECOM-002-A004,endpoint-events,2026-06-11,78,1,reported
T-CSE-TELECOM-002-A004-2026-06-12,CSE-TELECOM-002,CSE-TELECOM-002-A004,endpoint-events,2026-06-12,59,1,reported
T-CSE-TELECOM-002-A004-2026-06-13,CSE-TELECOM-002,CSE-TELECOM-002-A004,endpoint-events,2026-06-13,19,1,reported
T-CSE-TELECOM-002-A004-2026-06-14,CSE-TELECOM-002,CSE-TELECOM-002-A004,endpoint-events,2026-06-14,77,1,reported
T-CSE-TELECOM-002-A004-2026-06-15,CSE-TELECOM-002,CSE-TELECOM-002-A004,endpoint-events,2026-06-15,32,1,reported
T-CSE-TELECOM-002-A004-2026-06-16,CSE-TELECOM-002,CSE-TELECOM-002-A004,endpoint-events,2026-06-16,20,1,reported
T-CSE-TELECOM-002-A004-2026-06-17,CSE-TELECOM-002,CSE-TELECOM-002-A004,endpoint-events,2026-06-17,51,1,reported
T-CSE-TELECOM-002-A004-2026-06-18,CSE-TELECOM-002,CSE-TELECOM-002-A004,endpoint-events,2026-06-18,76,1,reported
T-CSE-TELECOM-002-A004-2026-06-19,CSE-TELECOM-002,CSE-TELECOM-002-A004,endpoint-events,2026-06-19,63,1,reported
T-CSE-TELECOM-002-A004-2026-06-20,CSE-TELECOM-002,CSE-TELECOM-002-A004,endpoint-events,2026-06-20,29,1,reported
T-CSE-TELECOM-002-A004-2026-06-21,CSE-TELECOM-002,CSE-TELECOM-002-A004,endpoint-events,2026-06-21,79,1,reported
T-CSE-TELECOM-002-A004-2026-06-22,CSE-TELECOM-002,CSE-TELECOM-002-A004,endpoint-events,2026-06-22,84,1,reported
T-CSE-TELECOM-002-A004-2026-06-23,CSE-TELECOM-002,CSE-TELECOM-002-A004,endpoint-events,2026-06-23,15,1,reported
T-CSE-TELECOM-002-A004-2026-06-24,CSE-TELECOM-002,CSE-TELECOM-002-A004,endpoint-events,2026-06-24,34,1,reported
T-CSE-TELECOM-002-A004-2026-06-25,CSE-TELECOM-002,CSE-TELECOM-002-A004,endpoint-events,2026-06-25,36,1,reported
T-CSE-TELECOM-002-A004-2026-06-26,CSE-TELECOM-002,CSE-TELECOM-002-A004,endpoint-events,2026-06-26,37,1,reported
T-CSE-TELECOM-002-A004-2026-06-27,CSE-TELECOM-002,CSE-TELECOM-002-A004,endpoint-events,2026-06-27,19,1,reported
T-CSE-TELECOM-002-A004-2026-06-28,CSE-TELECOM-002,CSE-TELECOM-002-A004,endpoint-events,2026-06-28,43,1,reported
T-CSE-TELECOM-002-A004-2026-06-29,CSE-TELECOM-002,CSE-TELECOM-002-A004,endpoint-events,2026-06-29,16,1,reported
T-CSE-TELECOM-002-A004-2026-06-30,CSE-TELECOM-002,CSE-TELECOM-002-A004,endpoint-events,2026-06-30,70,1,reported
T-CSE-TELECOM-002-A004-2026-07-01,CSE-TELECOM-002,CSE-TELECOM-002-A004,endpoint-events,2026-07-01,18,1,reported
T-CSE-TELECOM-002-A004-2026-07-02,CSE-TELECOM-002,CSE-TELECOM-002-A004,endpoint-events,2026-07-02,58,1,reported
T-CSE-TELECOM-002-A004-2026-07-03,CSE-TELECOM-002,CSE-TELECOM-002-A004,endpoint-events,2026-07-03,37,1,reported
T-CSE-TELECOM-002-A004-2026-07-04,CSE-TELECOM-002,CSE-TELECOM-002-A004,endpoint-events,2026-07-04,47,1,reported
T-CSE-TELECOM-002-A004-2026-07-05,CSE-TELECOM-002,CSE-TELECOM-002-A004,endpoint-events,2026-07-05,59,1,reported
T-CSE-TELECOM-002-A004-2026-07-06,CSE-TELECOM-002,CSE-TELECOM-002-A004,endpoint-events,2026-07-06,71,1,reported
T-CSE-TELECOM-002-A004-2026-07-07,CSE-TELECOM-002,CSE-TELECOM-002-A004,endpoint-events,2026-07-07,76,1,reported
T-CSE-TELECOM-002-A004-2026-07-08,CSE-TELECOM-002,CSE-TELECOM-002-A004,endpoint-events,2026-07-08,62,1,reported
T-CSE-TELECOM-002-A004-2026-07-09,CSE-TELECOM-002,CSE-TELECOM-002-A004,endpoint-events,2026-07-09,27,1,reported
T-CSE-TELECOM-002-A004-2026-07-10,CSE-TELECOM-002,CSE-TELECOM-002-A004,endpoint-events,2026-07-10,15,1,reported
T-CSE-TELECOM-002-A004-2026-07-11,CSE-TELECOM-002,CSE-TELECOM-002-A004,endpoint-events,2026-07-11,42,1,reported
T-CSE-TELECOM-002-A004-2026-07-12,CSE-TELECOM-002,CSE-TELECOM-002-A004,endpoint-events,2026-07-12,59,1,reported
T-CSE-TELECOM-002-A004-2026-07-13,CSE-TELECOM-002,CSE-TELECOM-002-A004,endpoint-events,2026-07-13,74,1,reported
T-CSE-TELECOM-002-A004-2026-07-14,CSE-TELECOM-002,CSE-TELECOM-002-A004,endpoint-events,2026-07-14,88,1,reported
T-CSE-TELECOM-002-A004-2026-07-15,CSE-TELECOM-002,CSE-TELECOM-002-A004,endpoint-events,2026-07-15,69,1,reported
T-CSE-TELECOM-002-A004-2026-07-16,CSE-TELECOM-002,CSE-TELECOM-002-A004,endpoint-events,2026-07-16,34,1,reported
T-CSE-TELECOM-002-A004-2026-07-17,CSE-TELECOM-002,CSE-TELECOM-002-A004,endpoint-events,2026-07-17,72,1,reported
T-CSE-TELECOM-002-A004-2026-07-18,CSE-TELECOM-002,CSE-TELECOM-002-A004,endpoint-events,2026-07-18,87,1,reported
T-CSE-TELECOM-002-A004-2026-07-19,CSE-TELECOM-002,CSE-TELECOM-002-A004,endpoint-events,2026-07-19,82,1,reported
T-CSE-TELECOM-002-A004-2026-07-20,CSE-TELECOM-002,CSE-TELECOM-002-A004,endpoint-events,2026-07-20,56,1,reported
T-CSE-TELECOM-002-A004-2026-07-21,CSE-TELECOM-002,CSE-TELECOM-002-A004,endpoint-events,2026-07-21,56,1,reported
T-CSE-TELECOM-002-A004-2026-07-22,CSE-TELECOM-002,CSE-TELECOM-002-A004,endpoint-events,2026-07-22,32,1,reported
T-CSE-TELECOM-002-A004-2026-07-23,CSE-TELECOM-002,CSE-TELECOM-002-A004,endpoint-events,2026-07-23,45,1,reported
T-CSE-TELECOM-002-A004-2026-07-24,CSE-TELECOM-002,CSE-TELECOM-002-A004,endpoint-events,2026-07-24,23,1,reported
T-CSE-TELECOM-002-A004-2026-07-25,CSE-TELECOM-002,CSE-TELECOM-002-A004,endpoint-events,2026-07-25,48,1,reported
T-CSE-TELECOM-002-A004-2026-07-26,CSE-TELECOM-002,CSE-TELECOM-002-A004,endpoint-events,2026-07-26,15,1,reported
T-CSE-TELECOM-002-A004-2026-07-27,CSE-TELECOM-002,CSE-TELECOM-002-A004,endpoint-events,2026-07-27,61,1,reported
T-CSE-TELECOM-002-A004-2026-07-28,CSE-TELECOM-002,CSE-TELECOM-002-A004,endpoint-events,2026-07-28,18,1,reported
T-CSE-TELECOM-002-A004-2026-07-29,CSE-TELECOM-002,CSE-TELECOM-002-A004,endpoint-events,2026-07-29,32,1,reported
T-CSE-TELECOM-002-A004-2026-07-30,CSE-TELECOM-002,CSE-TELECOM-002-A004,endpoint-events,2026-07-30,85,1,reported
T-CSE-TELECOM-002-A004-2026-07-31,CSE-TELECOM-002,CSE-TELECOM-002-A004,endpoint-events,2026-07-31,39,1,reported
T-CSE-TELECOM-002-A004-2026-08-01,CSE-TELECOM-002,CSE-TELECOM-002-A004,endpoint-events,2026-08-01,40,1,reported
T-CSE-TELECOM-002-A004-2026-08-02,CSE-TELECOM-002,CSE-TELECOM-002-A004,endpoint-events,2026-08-02,40,1,reported
T-CSE-TELECOM-002-A004-2026-08-03,CSE-TELECOM-002,CSE-TELECOM-002-A004,endpoint-events,2026-08-03,38,1,reported
T-CSE-TELECOM-002-A004-2026-08-04,CSE-TELECOM-002,CSE-TELECOM-002-A004,endpoint-events,2026-08-04,46,1,reported
T-CSE-TELECOM-002-A004-2026-08-05,CSE-TELECOM-002,CSE-TELECOM-002-A004,endpoint-events,2026-08-05,64,1,reported
T-CSE-TELECOM-002-A004-2026-08-06,CSE-TELECOM-002,CSE-TELECOM-002-A004,endpoint-events,2026-08-06,77,1,reported
T-CSE-TELECOM-002-A004-2026-08-07,CSE-TELECOM-002,CSE-TELECOM-002-A004,endpoint-events,2026-08-07,14,1,reported
T-CSE-TELECOM-002-A004-2026-08-08,CSE-TELECOM-002,CSE-TELECOM-002-A004,endpoint-events,2026-08-08,13,1,reported
T-CSE-TELECOM-002-A004-2026-08-09,CSE-TELECOM-002,CSE-TELECOM-002-A004,endpoint-events,2026-08-09,72,1,reported
T-CSE-TELECOM-002-A004-2026-08-10,CSE-TELECOM-002,CSE-TELECOM-002-A004,endpoint-events,2026-08-10,28,1,reported
T-CSE-TELECOM-002-A004-2026-08-11,CSE-TELECOM-002,CSE-TELECOM-002-A004,endpoint-events,2026-08-11,34,1,reported
T-CSE-TELECOM-002-A004-2026-08-12,CSE-TELECOM-002,CSE-TELECOM-002-A004,endpoint-events,2026-08-12,88,1,reported
T-CSE-TELECOM-002-A004-2026-08-13,CSE-TELECOM-002,CSE-TELECOM-002-A004,endpoint-events,2026-08-13,13,1,reported
T-CSE-TELECOM-002-A004-2026-08-14,CSE-TELECOM-002,CSE-TELECOM-002-A004,endpoint-events,2026-08-14,40,1,reported
T-CSE-TELECOM-002-A004-2026-08-15,CSE-TELECOM-002,CSE-TELECOM-002-A004,endpoint-events,2026-08-15,44,1,reported
T-CSE-TELECOM-002-A004-2026-08-16,CSE-TELECOM-002,CSE-TELECOM-002-A004,endpoint-events,2026-08-16,89,1,reported
T-CSE-TELECOM-002-A004-2026-08-17,CSE-TELECOM-002,CSE-TELECOM-002-A004,endpoint-events,2026-08-17,51,1,reported
T-CSE-TELECOM-002-A004-2026-08-18,CSE-TELECOM-002,CSE-TELECOM-002-A004,endpoint-events,2026-08-18,47,1,reported
T-CSE-TELECOM-002-A004-2026-08-19,CSE-TELECOM-002,CSE-TELECOM-002-A004,endpoint-events,2026-08-19,66,1,reported
T-CSE-TELECOM-002-A004-2026-08-20,CSE-TELECOM-002,CSE-TELECOM-002-A004,endpoint-events,2026-08-20,60,1,reported
T-CSE-TELECOM-002-A004-2026-08-21,CSE-TELECOM-002,CSE-TELECOM-002-A004,endpoint-events,2026-08-21,56,1,reported
T-CSE-TELECOM-002-A004-2026-08-22,CSE-TELECOM-002,CSE-TELECOM-002-A004,endpoint-events,2026-08-22,70,1,reported
T-CSE-TELECOM-002-A004-2026-08-23,CSE-TELECOM-002,CSE-TELECOM-002-A004,endpoint-events,2026-08-23,44,1,reported
T-CSE-TELECOM-002-A004-2026-08-24,CSE-TELECOM-002,CSE-TELECOM-002-A004,endpoint-events,2026-08-24,39,1,reported
T-CSE-TELECOM-002-A004-2026-08-25,CSE-TELECOM-002,CSE-TELECOM-002-A004,endpoint-events,2026-08-25,71,1,reported
T-CSE-TELECOM-002-A004-2026-08-26,CSE-TELECOM-002,CSE-TELECOM-002-A004,endpoint-events,2026-08-26,50,1,reported
T-CSE-TELECOM-002-A004-2026-08-27,CSE-TELECOM-002,CSE-TELECOM-002-A004,endpoint-events,2026-08-27,78,1,reported
T-CSE-TELECOM-002-A004-2026-08-28,CSE-TELECOM-002,CSE-TELECOM-002-A004,endpoint-events,2026-08-28,62,1,reported
T-CSE-TELECOM-002-A004-2026-08-29,CSE-TELECOM-002,CSE-TELECOM-002-A004,endpoint-events,2026-08-29,86,1,reported
T-CSE-TELECOM-002-A004-2026-08-30,CSE-TELECOM-002,CSE-TELECOM-002-A004,endpoint-events,2026-08-30,25,1,reported
T-CSE-TELECOM-002-A004-2026-08-31,CSE-TELECOM-002,CSE-TELECOM-002-A004,endpoint-events,2026-08-31,12,1,reported
T-CSE-TELECOM-002-A005-2026-06-03,CSE-TELECOM-002,CSE-TELECOM-002-A005,identity-logs,2026-06-03,77,1,reported
T-CSE-TELECOM-002-A005-2026-06-04,CSE-TELECOM-002,CSE-TELECOM-002-A005,identity-logs,2026-06-04,59,1,reported
T-CSE-TELECOM-002-A005-2026-06-05,CSE-TELECOM-002,CSE-TELECOM-002-A005,identity-logs,2026-06-05,83,1,reported
T-CSE-TELECOM-002-A005-2026-06-06,CSE-TELECOM-002,CSE-TELECOM-002-A005,identity-logs,2026-06-06,88,1,reported
T-CSE-TELECOM-002-A005-2026-06-07,CSE-TELECOM-002,CSE-TELECOM-002-A005,identity-logs,2026-06-07,89,1,reported
T-CSE-TELECOM-002-A005-2026-06-08,CSE-TELECOM-002,CSE-TELECOM-002-A005,identity-logs,2026-06-08,48,1,reported
T-CSE-TELECOM-002-A005-2026-06-09,CSE-TELECOM-002,CSE-TELECOM-002-A005,identity-logs,2026-06-09,50,1,reported
T-CSE-TELECOM-002-A005-2026-06-10,CSE-TELECOM-002,CSE-TELECOM-002-A005,identity-logs,2026-06-10,25,1,reported
T-CSE-TELECOM-002-A005-2026-06-11,CSE-TELECOM-002,CSE-TELECOM-002-A005,identity-logs,2026-06-11,73,1,reported
T-CSE-TELECOM-002-A005-2026-06-12,CSE-TELECOM-002,CSE-TELECOM-002-A005,identity-logs,2026-06-12,20,1,reported
T-CSE-TELECOM-002-A005-2026-06-13,CSE-TELECOM-002,CSE-TELECOM-002-A005,identity-logs,2026-06-13,55,1,reported
T-CSE-TELECOM-002-A005-2026-06-14,CSE-TELECOM-002,CSE-TELECOM-002-A005,identity-logs,2026-06-14,47,1,reported
T-CSE-TELECOM-002-A005-2026-06-15,CSE-TELECOM-002,CSE-TELECOM-002-A005,identity-logs,2026-06-15,53,1,reported
T-CSE-TELECOM-002-A005-2026-06-16,CSE-TELECOM-002,CSE-TELECOM-002-A005,identity-logs,2026-06-16,47,1,reported
T-CSE-TELECOM-002-A005-2026-06-17,CSE-TELECOM-002,CSE-TELECOM-002-A005,identity-logs,2026-06-17,45,1,reported
T-CSE-TELECOM-002-A005-2026-06-18,CSE-TELECOM-002,CSE-TELECOM-002-A005,identity-logs,2026-06-18,50,1,reported
T-CSE-TELECOM-002-A005-2026-06-19,CSE-TELECOM-002,CSE-TELECOM-002-A005,identity-logs,2026-06-19,36,1,reported
T-CSE-TELECOM-002-A005-2026-06-20,CSE-TELECOM-002,CSE-TELECOM-002-A005,identity-logs,2026-06-20,31,1,reported
T-CSE-TELECOM-002-A005-2026-06-21,CSE-TELECOM-002,CSE-TELECOM-002-A005,identity-logs,2026-06-21,78,1,reported
T-CSE-TELECOM-002-A005-2026-06-22,CSE-TELECOM-002,CSE-TELECOM-002-A005,identity-logs,2026-06-22,42,1,reported
T-CSE-TELECOM-002-A005-2026-06-23,CSE-TELECOM-002,CSE-TELECOM-002-A005,identity-logs,2026-06-23,19,1,reported
T-CSE-TELECOM-002-A005-2026-06-24,CSE-TELECOM-002,CSE-TELECOM-002-A005,identity-logs,2026-06-24,88,1,reported
T-CSE-TELECOM-002-A005-2026-06-25,CSE-TELECOM-002,CSE-TELECOM-002-A005,identity-logs,2026-06-25,63,1,reported
T-CSE-TELECOM-002-A005-2026-06-26,CSE-TELECOM-002,CSE-TELECOM-002-A005,identity-logs,2026-06-26,52,1,reported
T-CSE-TELECOM-002-A005-2026-06-27,CSE-TELECOM-002,CSE-TELECOM-002-A005,identity-logs,2026-06-27,29,1,reported
T-CSE-TELECOM-002-A005-2026-06-28,CSE-TELECOM-002,CSE-TELECOM-002-A005,identity-logs,2026-06-28,15,1,reported
T-CSE-TELECOM-002-A005-2026-06-29,CSE-TELECOM-002,CSE-TELECOM-002-A005,identity-logs,2026-06-29,75,1,reported
T-CSE-TELECOM-002-A005-2026-06-30,CSE-TELECOM-002,CSE-TELECOM-002-A005,identity-logs,2026-06-30,49,1,reported
T-CSE-TELECOM-002-A005-2026-07-01,CSE-TELECOM-002,CSE-TELECOM-002-A005,identity-logs,2026-07-01,45,1,reported
T-CSE-TELECOM-002-A005-2026-07-02,CSE-TELECOM-002,CSE-TELECOM-002-A005,identity-logs,2026-07-02,65,1,reported
T-CSE-TELECOM-002-A005-2026-07-03,CSE-TELECOM-002,CSE-TELECOM-002-A005,identity-logs,2026-07-03,63,1,reported
T-CSE-TELECOM-002-A005-2026-07-04,CSE-TELECOM-002,CSE-TELECOM-002-A005,identity-logs,2026-07-04,61,1,reported
T-CSE-TELECOM-002-A005-2026-07-05,CSE-TELECOM-002,CSE-TELECOM-002-A005,identity-logs,2026-07-05,16,1,reported
T-CSE-TELECOM-002-A005-2026-07-06,CSE-TELECOM-002,CSE-TELECOM-002-A005,identity-logs,2026-07-06,86,1,reported
T-CSE-TELECOM-002-A005-2026-07-07,CSE-TELECOM-002,CSE-TELECOM-002-A005,identity-logs,2026-07-07,85,1,reported
T-CSE-TELECOM-002-A005-2026-07-08,CSE-TELECOM-002,CSE-TELECOM-002-A005,identity-logs,2026-07-08,36,1,reported
T-CSE-TELECOM-002-A005-2026-07-09,CSE-TELECOM-002,CSE-TELECOM-002-A005,identity-logs,2026-07-09,55,1,reported
T-CSE-TELECOM-002-A005-2026-07-10,CSE-TELECOM-002,CSE-TELECOM-002-A005,identity-logs,2026-07-10,40,1,reported
T-CSE-TELECOM-002-A005-2026-07-11,CSE-TELECOM-002,CSE-TELECOM-002-A005,identity-logs,2026-07-11,80,1,reported
T-CSE-TELECOM-002-A005-2026-07-12,CSE-TELECOM-002,CSE-TELECOM-002-A005,identity-logs,2026-07-12,72,1,reported
T-CSE-TELECOM-002-A005-2026-07-13,CSE-TELECOM-002,CSE-TELECOM-002-A005,identity-logs,2026-07-13,57,1,reported
T-CSE-TELECOM-002-A005-2026-07-14,CSE-TELECOM-002,CSE-TELECOM-002-A005,identity-logs,2026-07-14,76,1,reported
T-CSE-TELECOM-002-A005-2026-07-15,CSE-TELECOM-002,CSE-TELECOM-002-A005,identity-logs,2026-07-15,50,1,reported
T-CSE-TELECOM-002-A005-2026-07-16,CSE-TELECOM-002,CSE-TELECOM-002-A005,identity-logs,2026-07-16,33,1,reported
T-CSE-TELECOM-002-A005-2026-07-17,CSE-TELECOM-002,CSE-TELECOM-002-A005,identity-logs,2026-07-17,83,1,reported
T-CSE-TELECOM-002-A005-2026-07-18,CSE-TELECOM-002,CSE-TELECOM-002-A005,identity-logs,2026-07-18,35,1,reported
T-CSE-TELECOM-002-A005-2026-07-19,CSE-TELECOM-002,CSE-TELECOM-002-A005,identity-logs,2026-07-19,49,1,reported
T-CSE-TELECOM-002-A005-2026-07-20,CSE-TELECOM-002,CSE-TELECOM-002-A005,identity-logs,2026-07-20,24,1,reported
T-CSE-TELECOM-002-A005-2026-07-21,CSE-TELECOM-002,CSE-TELECOM-002-A005,identity-logs,2026-07-21,72,1,reported
T-CSE-TELECOM-002-A005-2026-07-22,CSE-TELECOM-002,CSE-TELECOM-002-A005,identity-logs,2026-07-22,28,1,reported
T-CSE-TELECOM-002-A005-2026-07-23,CSE-TELECOM-002,CSE-TELECOM-002-A005,identity-logs,2026-07-23,45,1,reported
T-CSE-TELECOM-002-A005-2026-07-24,CSE-TELECOM-002,CSE-TELECOM-002-A005,identity-logs,2026-07-24,83,1,reported
T-CSE-TELECOM-002-A005-2026-07-25,CSE-TELECOM-002,CSE-TELECOM-002-A005,identity-logs,2026-07-25,35,1,reported
T-CSE-TELECOM-002-A005-2026-07-26,CSE-TELECOM-002,CSE-TELECOM-002-A005,identity-logs,2026-07-26,54,1,reported
T-CSE-TELECOM-002-A005-2026-07-27,CSE-TELECOM-002,CSE-TELECOM-002-A005,identity-logs,2026-07-27,23,1,reported
T-CSE-TELECOM-002-A005-2026-07-28,CSE-TELECOM-002,CSE-TELECOM-002-A005,identity-logs,2026-07-28,40,1,reported
T-CSE-TELECOM-002-A005-2026-07-29,CSE-TELECOM-002,CSE-TELECOM-002-A005,identity-logs,2026-07-29,57,1,reported
T-CSE-TELECOM-002-A005-2026-07-30,CSE-TELECOM-002,CSE-TELECOM-002-A005,identity-logs,2026-07-30,40,1,reported
T-CSE-TELECOM-002-A005-2026-07-31,CSE-TELECOM-002,CSE-TELECOM-002-A005,identity-logs,2026-07-31,51,1,reported
T-CSE-TELECOM-002-A005-2026-08-01,CSE-TELECOM-002,CSE-TELECOM-002-A005,identity-logs,2026-08-01,65,1,reported
T-CSE-TELECOM-002-A005-2026-08-02,CSE-TELECOM-002,CSE-TELECOM-002-A005,identity-logs,2026-08-02,54,1,reported
T-CSE-TELECOM-002-A005-2026-08-03,CSE-TELECOM-002,CSE-TELECOM-002-A005,identity-logs,2026-08-03,59,1,reported
T-CSE-TELECOM-002-A005-2026-08-04,CSE-TELECOM-002,CSE-TELECOM-002-A005,identity-logs,2026-08-04,45,1,reported
T-CSE-TELECOM-002-A005-2026-08-05,CSE-TELECOM-002,CSE-TELECOM-002-A005,identity-logs,2026-08-05,86,1,reported
T-CSE-TELECOM-002-A005-2026-08-06,CSE-TELECOM-002,CSE-TELECOM-002-A005,identity-logs,2026-08-06,49,1,reported
T-CSE-TELECOM-002-A005-2026-08-07,CSE-TELECOM-002,CSE-TELECOM-002-A005,identity-logs,2026-08-07,71,1,reported
T-CSE-TELECOM-002-A005-2026-08-08,CSE-TELECOM-002,CSE-TELECOM-002-A005,identity-logs,2026-08-08,27,1,reported
T-CSE-TELECOM-002-A005-2026-08-09,CSE-TELECOM-002,CSE-TELECOM-002-A005,identity-logs,2026-08-09,72,1,reported
T-CSE-TELECOM-002-A005-2026-08-10,CSE-TELECOM-002,CSE-TELECOM-002-A005,identity-logs,2026-08-10,18,1,reported
T-CSE-TELECOM-002-A005-2026-08-11,CSE-TELECOM-002,CSE-TELECOM-002-A005,identity-logs,2026-08-11,86,1,reported
T-CSE-TELECOM-002-A005-2026-08-12,CSE-TELECOM-002,CSE-TELECOM-002-A005,identity-logs,2026-08-12,86,1,reported
T-CSE-TELECOM-002-A005-2026-08-13,CSE-TELECOM-002,CSE-TELECOM-002-A005,identity-logs,2026-08-13,21,1,reported
T-CSE-TELECOM-002-A005-2026-08-14,CSE-TELECOM-002,CSE-TELECOM-002-A005,identity-logs,2026-08-14,72,1,reported
T-CSE-TELECOM-002-A005-2026-08-15,CSE-TELECOM-002,CSE-TELECOM-002-A005,identity-logs,2026-08-15,36,1,reported
T-CSE-TELECOM-002-A005-2026-08-16,CSE-TELECOM-002,CSE-TELECOM-002-A005,identity-logs,2026-08-16,76,1,reported
T-CSE-TELECOM-002-A005-2026-08-17,CSE-TELECOM-002,CSE-TELECOM-002-A005,identity-logs,2026-08-17,27,1,reported
T-CSE-TELECOM-002-A005-2026-08-18,CSE-TELECOM-002,CSE-TELECOM-002-A005,identity-logs,2026-08-18,60,1,reported
T-CSE-TELECOM-002-A005-2026-08-19,CSE-TELECOM-002,CSE-TELECOM-002-A005,identity-logs,2026-08-19,79,1,reported
T-CSE-TELECOM-002-A005-2026-08-20,CSE-TELECOM-002,CSE-TELECOM-002-A005,identity-logs,2026-08-20,50,1,reported
T-CSE-TELECOM-002-A005-2026-08-21,CSE-TELECOM-002,CSE-TELECOM-002-A005,identity-logs,2026-08-21,64,1,reported
T-CSE-TELECOM-002-A005-2026-08-22,CSE-TELECOM-002,CSE-TELECOM-002-A005,identity-logs,2026-08-22,18,1,reported
T-CSE-TELECOM-002-A005-2026-08-23,CSE-TELECOM-002,CSE-TELECOM-002-A005,identity-logs,2026-08-23,31,1,reported
T-CSE-TELECOM-002-A005-2026-08-24,CSE-TELECOM-002,CSE-TELECOM-002-A005,identity-logs,2026-08-24,29,1,reported
T-CSE-TELECOM-002-A005-2026-08-25,CSE-TELECOM-002,CSE-TELECOM-002-A005,identity-logs,2026-08-25,37,1,reported
T-CSE-TELECOM-002-A005-2026-08-26,CSE-TELECOM-002,CSE-TELECOM-002-A005,identity-logs,2026-08-26,55,1,reported
T-CSE-TELECOM-002-A005-2026-08-27,CSE-TELECOM-002,CSE-TELECOM-002-A005,identity-logs,2026-08-27,64,1,reported
T-CSE-TELECOM-002-A005-2026-08-28,CSE-TELECOM-002,CSE-TELECOM-002-A005,identity-logs,2026-08-28,84,1,reported
T-CSE-TELECOM-002-A005-2026-08-29,CSE-TELECOM-002,CSE-TELECOM-002-A005,identity-logs,2026-08-29,70,1,reported
T-CSE-TELECOM-002-A005-2026-08-30,CSE-TELECOM-002,CSE-TELECOM-002-A005,identity-logs,2026-08-30,30,1,reported
T-CSE-TELECOM-002-A005-2026-08-31,CSE-TELECOM-002,CSE-TELECOM-002-A005,identity-logs,2026-08-31,52,1,reported
T-CSE-TELECOM-002-A006-2026-06-03,CSE-TELECOM-002,CSE-TELECOM-002-A006,endpoint-events,2026-06-03,35,1,reported
T-CSE-TELECOM-002-A006-2026-06-04,CSE-TELECOM-002,CSE-TELECOM-002-A006,endpoint-events,2026-06-04,22,1,reported
T-CSE-TELECOM-002-A006-2026-06-05,CSE-TELECOM-002,CSE-TELECOM-002-A006,endpoint-events,2026-06-05,74,1,reported
T-CSE-TELECOM-002-A006-2026-06-06,CSE-TELECOM-002,CSE-TELECOM-002-A006,endpoint-events,2026-06-06,54,1,reported
T-CSE-TELECOM-002-A006-2026-06-07,CSE-TELECOM-002,CSE-TELECOM-002-A006,endpoint-events,2026-06-07,34,1,reported
T-CSE-TELECOM-002-A006-2026-06-08,CSE-TELECOM-002,CSE-TELECOM-002-A006,endpoint-events,2026-06-08,52,1,reported
T-CSE-TELECOM-002-A006-2026-06-09,CSE-TELECOM-002,CSE-TELECOM-002-A006,endpoint-events,2026-06-09,19,1,reported
T-CSE-TELECOM-002-A006-2026-06-10,CSE-TELECOM-002,CSE-TELECOM-002-A006,endpoint-events,2026-06-10,12,1,reported
T-CSE-TELECOM-002-A006-2026-06-11,CSE-TELECOM-002,CSE-TELECOM-002-A006,endpoint-events,2026-06-11,69,1,reported
T-CSE-TELECOM-002-A006-2026-06-12,CSE-TELECOM-002,CSE-TELECOM-002-A006,endpoint-events,2026-06-12,47,1,reported
T-CSE-TELECOM-002-A006-2026-06-13,CSE-TELECOM-002,CSE-TELECOM-002-A006,endpoint-events,2026-06-13,38,1,reported
T-CSE-TELECOM-002-A006-2026-06-14,CSE-TELECOM-002,CSE-TELECOM-002-A006,endpoint-events,2026-06-14,33,1,reported
T-CSE-TELECOM-002-A006-2026-06-15,CSE-TELECOM-002,CSE-TELECOM-002-A006,endpoint-events,2026-06-15,85,1,reported
T-CSE-TELECOM-002-A006-2026-06-16,CSE-TELECOM-002,CSE-TELECOM-002-A006,endpoint-events,2026-06-16,32,1,reported
T-CSE-TELECOM-002-A006-2026-06-17,CSE-TELECOM-002,CSE-TELECOM-002-A006,endpoint-events,2026-06-17,74,1,reported
T-CSE-TELECOM-002-A006-2026-06-18,CSE-TELECOM-002,CSE-TELECOM-002-A006,endpoint-events,2026-06-18,23,1,reported
T-CSE-TELECOM-002-A006-2026-06-19,CSE-TELECOM-002,CSE-TELECOM-002-A006,endpoint-events,2026-06-19,28,1,reported
T-CSE-TELECOM-002-A006-2026-06-20,CSE-TELECOM-002,CSE-TELECOM-002-A006,endpoint-events,2026-06-20,67,1,reported
T-CSE-TELECOM-002-A006-2026-06-21,CSE-TELECOM-002,CSE-TELECOM-002-A006,endpoint-events,2026-06-21,66,1,reported
T-CSE-TELECOM-002-A006-2026-06-22,CSE-TELECOM-002,CSE-TELECOM-002-A006,endpoint-events,2026-06-22,63,1,reported
T-CSE-TELECOM-002-A006-2026-06-23,CSE-TELECOM-002,CSE-TELECOM-002-A006,endpoint-events,2026-06-23,66,1,reported
T-CSE-TELECOM-002-A006-2026-06-24,CSE-TELECOM-002,CSE-TELECOM-002-A006,endpoint-events,2026-06-24,73,1,reported
T-CSE-TELECOM-002-A006-2026-06-25,CSE-TELECOM-002,CSE-TELECOM-002-A006,endpoint-events,2026-06-25,61,1,reported
T-CSE-TELECOM-002-A006-2026-06-26,CSE-TELECOM-002,CSE-TELECOM-002-A006,endpoint-events,2026-06-26,12,1,reported
T-CSE-TELECOM-002-A006-2026-06-27,CSE-TELECOM-002,CSE-TELECOM-002-A006,endpoint-events,2026-06-27,16,1,reported
T-CSE-TELECOM-002-A006-2026-06-28,CSE-TELECOM-002,CSE-TELECOM-002-A006,endpoint-events,2026-06-28,80,1,reported
T-CSE-TELECOM-002-A006-2026-06-29,CSE-TELECOM-002,CSE-TELECOM-002-A006,endpoint-events,2026-06-29,37,1,reported
T-CSE-TELECOM-002-A006-2026-06-30,CSE-TELECOM-002,CSE-TELECOM-002-A006,endpoint-events,2026-06-30,59,1,reported
T-CSE-TELECOM-002-A006-2026-07-01,CSE-TELECOM-002,CSE-TELECOM-002-A006,endpoint-events,2026-07-01,13,1,reported
T-CSE-TELECOM-002-A006-2026-07-02,CSE-TELECOM-002,CSE-TELECOM-002-A006,endpoint-events,2026-07-02,53,1,reported
T-CSE-TELECOM-002-A006-2026-07-03,CSE-TELECOM-002,CSE-TELECOM-002-A006,endpoint-events,2026-07-03,79,1,reported
T-CSE-TELECOM-002-A006-2026-07-04,CSE-TELECOM-002,CSE-TELECOM-002-A006,endpoint-events,2026-07-04,36,1,reported
T-CSE-TELECOM-002-A006-2026-07-05,CSE-TELECOM-002,CSE-TELECOM-002-A006,endpoint-events,2026-07-05,14,1,reported
T-CSE-TELECOM-002-A006-2026-07-06,CSE-TELECOM-002,CSE-TELECOM-002-A006,endpoint-events,2026-07-06,12,1,reported
T-CSE-TELECOM-002-A006-2026-07-07,CSE-TELECOM-002,CSE-TELECOM-002-A006,endpoint-events,2026-07-07,43,1,reported
T-CSE-TELECOM-002-A006-2026-07-08,CSE-TELECOM-002,CSE-TELECOM-002-A006,endpoint-events,2026-07-08,40,1,reported
T-CSE-TELECOM-002-A006-2026-07-09,CSE-TELECOM-002,CSE-TELECOM-002-A006,endpoint-events,2026-07-09,56,1,reported
T-CSE-TELECOM-002-A006-2026-07-10,CSE-TELECOM-002,CSE-TELECOM-002-A006,endpoint-events,2026-07-10,51,1,reported
T-CSE-TELECOM-002-A006-2026-07-11,CSE-TELECOM-002,CSE-TELECOM-002-A006,endpoint-events,2026-07-11,28,1,reported
T-CSE-TELECOM-002-A006-2026-07-12,CSE-TELECOM-002,CSE-TELECOM-002-A006,endpoint-events,2026-07-12,25,1,reported
T-CSE-TELECOM-002-A006-2026-07-13,CSE-TELECOM-002,CSE-TELECOM-002-A006,endpoint-events,2026-07-13,61,1,reported
T-CSE-TELECOM-002-A006-2026-07-14,CSE-TELECOM-002,CSE-TELECOM-002-A006,endpoint-events,2026-07-14,76,1,reported
T-CSE-TELECOM-002-A006-2026-07-15,CSE-TELECOM-002,CSE-TELECOM-002-A006,endpoint-events,2026-07-15,87,1,reported
T-CSE-TELECOM-002-A006-2026-07-16,CSE-TELECOM-002,CSE-TELECOM-002-A006,endpoint-events,2026-07-16,51,1,reported
T-CSE-TELECOM-002-A006-2026-07-17,CSE-TELECOM-002,CSE-TELECOM-002-A006,endpoint-events,2026-07-17,33,1,reported
T-CSE-TELECOM-002-A006-2026-07-18,CSE-TELECOM-002,CSE-TELECOM-002-A006,endpoint-events,2026-07-18,20,1,reported
T-CSE-TELECOM-002-A006-2026-07-19,CSE-TELECOM-002,CSE-TELECOM-002-A006,endpoint-events,2026-07-19,17,1,reported
T-CSE-TELECOM-002-A006-2026-07-20,CSE-TELECOM-002,CSE-TELECOM-002-A006,endpoint-events,2026-07-20,50,1,reported
T-CSE-TELECOM-002-A006-2026-07-21,CSE-TELECOM-002,CSE-TELECOM-002-A006,endpoint-events,2026-07-21,49,1,reported
T-CSE-TELECOM-002-A006-2026-07-22,CSE-TELECOM-002,CSE-TELECOM-002-A006,endpoint-events,2026-07-22,70,1,reported
T-CSE-TELECOM-002-A006-2026-07-23,CSE-TELECOM-002,CSE-TELECOM-002-A006,endpoint-events,2026-07-23,78,1,reported
T-CSE-TELECOM-002-A006-2026-07-24,CSE-TELECOM-002,CSE-TELECOM-002-A006,endpoint-events,2026-07-24,88,1,reported
T-CSE-TELECOM-002-A006-2026-07-25,CSE-TELECOM-002,CSE-TELECOM-002-A006,endpoint-events,2026-07-25,79,1,reported
T-CSE-TELECOM-002-A006-2026-07-26,CSE-TELECOM-002,CSE-TELECOM-002-A006,endpoint-events,2026-07-26,55,1,reported
T-CSE-TELECOM-002-A006-2026-07-27,CSE-TELECOM-002,CSE-TELECOM-002-A006,endpoint-events,2026-07-27,67,1,reported
T-CSE-TELECOM-002-A006-2026-07-28,CSE-TELECOM-002,CSE-TELECOM-002-A006,endpoint-events,2026-07-28,29,1,reported
T-CSE-TELECOM-002-A006-2026-07-29,CSE-TELECOM-002,CSE-TELECOM-002-A006,endpoint-events,2026-07-29,55,1,reported
T-CSE-TELECOM-002-A006-2026-07-30,CSE-TELECOM-002,CSE-TELECOM-002-A006,endpoint-events,2026-07-30,74,1,reported
T-CSE-TELECOM-002-A006-2026-07-31,CSE-TELECOM-002,CSE-TELECOM-002-A006,endpoint-events,2026-07-31,57,1,reported
T-CSE-TELECOM-002-A006-2026-08-01,CSE-TELECOM-002,CSE-TELECOM-002-A006,endpoint-events,2026-08-01,36,1,reported
T-CSE-TELECOM-002-A006-2026-08-02,CSE-TELECOM-002,CSE-TELECOM-002-A006,endpoint-events,2026-08-02,33,1,reported
T-CSE-TELECOM-002-A006-2026-08-03,CSE-TELECOM-002,CSE-TELECOM-002-A006,endpoint-events,2026-08-03,63,1,reported
T-CSE-TELECOM-002-A006-2026-08-04,CSE-TELECOM-002,CSE-TELECOM-002-A006,endpoint-events,2026-08-04,14,1,reported
T-CSE-TELECOM-002-A006-2026-08-05,CSE-TELECOM-002,CSE-TELECOM-002-A006,endpoint-events,2026-08-05,41,1,reported
T-CSE-TELECOM-002-A006-2026-08-06,CSE-TELECOM-002,CSE-TELECOM-002-A006,endpoint-events,2026-08-06,40,1,reported
T-CSE-TELECOM-002-A006-2026-08-07,CSE-TELECOM-002,CSE-TELECOM-002-A006,endpoint-events,2026-08-07,28,1,reported
T-CSE-TELECOM-002-A006-2026-08-08,CSE-TELECOM-002,CSE-TELECOM-002-A006,endpoint-events,2026-08-08,39,1,reported
T-CSE-TELECOM-002-A006-2026-08-09,CSE-TELECOM-002,CSE-TELECOM-002-A006,endpoint-events,2026-08-09,14,1,reported
T-CSE-TELECOM-002-A006-2026-08-10,CSE-TELECOM-002,CSE-TELECOM-002-A006,endpoint-events,2026-08-10,87,1,reported
T-CSE-TELECOM-002-A006-2026-08-11,CSE-TELECOM-002,CSE-TELECOM-002-A006,endpoint-events,2026-08-11,76,1,reported
T-CSE-TELECOM-002-A006-2026-08-12,CSE-TELECOM-002,CSE-TELECOM-002-A006,endpoint-events,2026-08-12,33,1,reported
T-CSE-TELECOM-002-A006-2026-08-13,CSE-TELECOM-002,CSE-TELECOM-002-A006,endpoint-events,2026-08-13,27,1,reported
T-CSE-TELECOM-002-A006-2026-08-14,CSE-TELECOM-002,CSE-TELECOM-002-A006,endpoint-events,2026-08-14,58,1,reported
T-CSE-TELECOM-002-A006-2026-08-15,CSE-TELECOM-002,CSE-TELECOM-002-A006,endpoint-events,2026-08-15,16,1,reported
T-CSE-TELECOM-002-A006-2026-08-16,CSE-TELECOM-002,CSE-TELECOM-002-A006,endpoint-events,2026-08-16,60,1,reported
T-CSE-TELECOM-002-A006-2026-08-17,CSE-TELECOM-002,CSE-TELECOM-002-A006,endpoint-events,2026-08-17,44,1,reported
T-CSE-TELECOM-002-A006-2026-08-18,CSE-TELECOM-002,CSE-TELECOM-002-A006,endpoint-events,2026-08-18,80,1,reported
T-CSE-TELECOM-002-A006-2026-08-19,CSE-TELECOM-002,CSE-TELECOM-002-A006,endpoint-events,2026-08-19,18,1,reported
T-CSE-TELECOM-002-A006-2026-08-20,CSE-TELECOM-002,CSE-TELECOM-002-A006,endpoint-events,2026-08-20,88,1,reported
T-CSE-TELECOM-002-A006-2026-08-21,CSE-TELECOM-002,CSE-TELECOM-002-A006,endpoint-events,2026-08-21,18,1,reported
T-CSE-TELECOM-002-A006-2026-08-22,CSE-TELECOM-002,CSE-TELECOM-002-A006,endpoint-events,2026-08-22,25,1,reported
T-CSE-TELECOM-002-A006-2026-08-23,CSE-TELECOM-002,CSE-TELECOM-002-A006,endpoint-events,2026-08-23,14,1,reported
T-CSE-TELECOM-002-A006-2026-08-24,CSE-TELECOM-002,CSE-TELECOM-002-A006,endpoint-events,2026-08-24,18,1,reported
T-CSE-TELECOM-002-A006-2026-08-25,CSE-TELECOM-002,CSE-TELECOM-002-A006,endpoint-events,2026-08-25,26,1,reported
T-CSE-TELECOM-002-A006-2026-08-26,CSE-TELECOM-002,CSE-TELECOM-002-A006,endpoint-events,2026-08-26,65,1,reported
T-CSE-TELECOM-002-A006-2026-08-27,CSE-TELECOM-002,CSE-TELECOM-002-A006,endpoint-events,2026-08-27,68,1,reported
T-CSE-TELECOM-002-A006-2026-08-28,CSE-TELECOM-002,CSE-TELECOM-002-A006,endpoint-events,2026-08-28,60,1,reported
T-CSE-TELECOM-002-A006-2026-08-29,CSE-TELECOM-002,CSE-TELECOM-002-A006,endpoint-events,2026-08-29,27,1,reported
T-CSE-TELECOM-002-A006-2026-08-30,CSE-TELECOM-002,CSE-TELECOM-002-A006,endpoint-events,2026-08-30,82,1,reported
T-CSE-TELECOM-002-A006-2026-08-31,CSE-TELECOM-002,CSE-TELECOM-002-A006,endpoint-events,2026-08-31,44,1,reported
T-CSE-TELECOM-002-A007-2026-06-03,CSE-TELECOM-002,CSE-TELECOM-002-A007,identity-logs,2026-06-03,72,1,reported
T-CSE-TELECOM-002-A007-2026-06-04,CSE-TELECOM-002,CSE-TELECOM-002-A007,identity-logs,2026-06-04,31,1,reported
T-CSE-TELECOM-002-A007-2026-06-05,CSE-TELECOM-002,CSE-TELECOM-002-A007,identity-logs,2026-06-05,38,1,reported
T-CSE-TELECOM-002-A007-2026-06-06,CSE-TELECOM-002,CSE-TELECOM-002-A007,identity-logs,2026-06-06,13,1,reported
T-CSE-TELECOM-002-A007-2026-06-07,CSE-TELECOM-002,CSE-TELECOM-002-A007,identity-logs,2026-06-07,50,1,reported
T-CSE-TELECOM-002-A007-2026-06-08,CSE-TELECOM-002,CSE-TELECOM-002-A007,identity-logs,2026-06-08,65,1,reported
T-CSE-TELECOM-002-A007-2026-06-09,CSE-TELECOM-002,CSE-TELECOM-002-A007,identity-logs,2026-06-09,24,1,reported
T-CSE-TELECOM-002-A007-2026-06-10,CSE-TELECOM-002,CSE-TELECOM-002-A007,identity-logs,2026-06-10,78,1,reported
T-CSE-TELECOM-002-A007-2026-06-11,CSE-TELECOM-002,CSE-TELECOM-002-A007,identity-logs,2026-06-11,46,1,reported
T-CSE-TELECOM-002-A007-2026-06-12,CSE-TELECOM-002,CSE-TELECOM-002-A007,identity-logs,2026-06-12,89,1,reported
T-CSE-TELECOM-002-A007-2026-06-13,CSE-TELECOM-002,CSE-TELECOM-002-A007,identity-logs,2026-06-13,29,1,reported
T-CSE-TELECOM-002-A007-2026-06-14,CSE-TELECOM-002,CSE-TELECOM-002-A007,identity-logs,2026-06-14,65,1,reported
T-CSE-TELECOM-002-A007-2026-06-15,CSE-TELECOM-002,CSE-TELECOM-002-A007,identity-logs,2026-06-15,25,1,reported
T-CSE-TELECOM-002-A007-2026-06-16,CSE-TELECOM-002,CSE-TELECOM-002-A007,identity-logs,2026-06-16,77,1,reported
T-CSE-TELECOM-002-A007-2026-06-17,CSE-TELECOM-002,CSE-TELECOM-002-A007,identity-logs,2026-06-17,27,1,reported
T-CSE-TELECOM-002-A007-2026-06-18,CSE-TELECOM-002,CSE-TELECOM-002-A007,identity-logs,2026-06-18,48,1,reported
T-CSE-TELECOM-002-A007-2026-06-19,CSE-TELECOM-002,CSE-TELECOM-002-A007,identity-logs,2026-06-19,26,1,reported
T-CSE-TELECOM-002-A007-2026-06-20,CSE-TELECOM-002,CSE-TELECOM-002-A007,identity-logs,2026-06-20,25,1,reported
T-CSE-TELECOM-002-A007-2026-06-21,CSE-TELECOM-002,CSE-TELECOM-002-A007,identity-logs,2026-06-21,75,1,reported
T-CSE-TELECOM-002-A007-2026-06-22,CSE-TELECOM-002,CSE-TELECOM-002-A007,identity-logs,2026-06-22,37,1,reported
T-CSE-TELECOM-002-A007-2026-06-23,CSE-TELECOM-002,CSE-TELECOM-002-A007,identity-logs,2026-06-23,89,1,reported
T-CSE-TELECOM-002-A007-2026-06-24,CSE-TELECOM-002,CSE-TELECOM-002-A007,identity-logs,2026-06-24,37,1,reported
T-CSE-TELECOM-002-A007-2026-06-25,CSE-TELECOM-002,CSE-TELECOM-002-A007,identity-logs,2026-06-25,45,1,reported
T-CSE-TELECOM-002-A007-2026-06-26,CSE-TELECOM-002,CSE-TELECOM-002-A007,identity-logs,2026-06-26,78,1,reported
T-CSE-TELECOM-002-A007-2026-06-27,CSE-TELECOM-002,CSE-TELECOM-002-A007,identity-logs,2026-06-27,37,1,reported
T-CSE-TELECOM-002-A007-2026-06-28,CSE-TELECOM-002,CSE-TELECOM-002-A007,identity-logs,2026-06-28,57,1,reported
T-CSE-TELECOM-002-A007-2026-06-29,CSE-TELECOM-002,CSE-TELECOM-002-A007,identity-logs,2026-06-29,64,1,reported
T-CSE-TELECOM-002-A007-2026-06-30,CSE-TELECOM-002,CSE-TELECOM-002-A007,identity-logs,2026-06-30,49,1,reported
T-CSE-TELECOM-002-A007-2026-07-01,CSE-TELECOM-002,CSE-TELECOM-002-A007,identity-logs,2026-07-01,32,1,reported
T-CSE-TELECOM-002-A007-2026-07-02,CSE-TELECOM-002,CSE-TELECOM-002-A007,identity-logs,2026-07-02,17,1,reported
T-CSE-TELECOM-002-A007-2026-07-03,CSE-TELECOM-002,CSE-TELECOM-002-A007,identity-logs,2026-07-03,82,1,reported
T-CSE-TELECOM-002-A007-2026-07-04,CSE-TELECOM-002,CSE-TELECOM-002-A007,identity-logs,2026-07-04,75,1,reported
T-CSE-TELECOM-002-A007-2026-07-05,CSE-TELECOM-002,CSE-TELECOM-002-A007,identity-logs,2026-07-05,38,1,reported
T-CSE-TELECOM-002-A007-2026-07-06,CSE-TELECOM-002,CSE-TELECOM-002-A007,identity-logs,2026-07-06,73,1,reported
T-CSE-TELECOM-002-A007-2026-07-07,CSE-TELECOM-002,CSE-TELECOM-002-A007,identity-logs,2026-07-07,54,1,reported
T-CSE-TELECOM-002-A007-2026-07-08,CSE-TELECOM-002,CSE-TELECOM-002-A007,identity-logs,2026-07-08,42,1,reported
T-CSE-TELECOM-002-A007-2026-07-09,CSE-TELECOM-002,CSE-TELECOM-002-A007,identity-logs,2026-07-09,12,1,reported
T-CSE-TELECOM-002-A007-2026-07-10,CSE-TELECOM-002,CSE-TELECOM-002-A007,identity-logs,2026-07-10,13,1,reported
T-CSE-TELECOM-002-A007-2026-07-11,CSE-TELECOM-002,CSE-TELECOM-002-A007,identity-logs,2026-07-11,23,1,reported
T-CSE-TELECOM-002-A007-2026-07-12,CSE-TELECOM-002,CSE-TELECOM-002-A007,identity-logs,2026-07-12,26,1,reported
T-CSE-TELECOM-002-A007-2026-07-13,CSE-TELECOM-002,CSE-TELECOM-002-A007,identity-logs,2026-07-13,85,1,reported
T-CSE-TELECOM-002-A007-2026-07-14,CSE-TELECOM-002,CSE-TELECOM-002-A007,identity-logs,2026-07-14,75,1,reported
T-CSE-TELECOM-002-A007-2026-07-15,CSE-TELECOM-002,CSE-TELECOM-002-A007,identity-logs,2026-07-15,31,1,reported
T-CSE-TELECOM-002-A007-2026-07-16,CSE-TELECOM-002,CSE-TELECOM-002-A007,identity-logs,2026-07-16,23,1,reported
T-CSE-TELECOM-002-A007-2026-07-17,CSE-TELECOM-002,CSE-TELECOM-002-A007,identity-logs,2026-07-17,77,1,reported
T-CSE-TELECOM-002-A007-2026-07-18,CSE-TELECOM-002,CSE-TELECOM-002-A007,identity-logs,2026-07-18,21,1,reported
T-CSE-TELECOM-002-A007-2026-07-19,CSE-TELECOM-002,CSE-TELECOM-002-A007,identity-logs,2026-07-19,24,1,reported
T-CSE-TELECOM-002-A007-2026-07-20,CSE-TELECOM-002,CSE-TELECOM-002-A007,identity-logs,2026-07-20,44,1,reported
T-CSE-TELECOM-002-A007-2026-07-21,CSE-TELECOM-002,CSE-TELECOM-002-A007,identity-logs,2026-07-21,41,1,reported
T-CSE-TELECOM-002-A007-2026-07-22,CSE-TELECOM-002,CSE-TELECOM-002-A007,identity-logs,2026-07-22,70,1,reported
T-CSE-TELECOM-002-A007-2026-07-23,CSE-TELECOM-002,CSE-TELECOM-002-A007,identity-logs,2026-07-23,49,1,reported
T-CSE-TELECOM-002-A007-2026-07-24,CSE-TELECOM-002,CSE-TELECOM-002-A007,identity-logs,2026-07-24,45,1,reported
T-CSE-TELECOM-002-A007-2026-07-25,CSE-TELECOM-002,CSE-TELECOM-002-A007,identity-logs,2026-07-25,71,1,reported
T-CSE-TELECOM-002-A007-2026-07-26,CSE-TELECOM-002,CSE-TELECOM-002-A007,identity-logs,2026-07-26,18,1,reported
T-CSE-TELECOM-002-A007-2026-07-27,CSE-TELECOM-002,CSE-TELECOM-002-A007,identity-logs,2026-07-27,24,1,reported
T-CSE-TELECOM-002-A007-2026-07-28,CSE-TELECOM-002,CSE-TELECOM-002-A007,identity-logs,2026-07-28,34,1,reported
T-CSE-TELECOM-002-A007-2026-07-29,CSE-TELECOM-002,CSE-TELECOM-002-A007,identity-logs,2026-07-29,17,1,reported
T-CSE-TELECOM-002-A007-2026-07-30,CSE-TELECOM-002,CSE-TELECOM-002-A007,identity-logs,2026-07-30,49,1,reported
T-CSE-TELECOM-002-A007-2026-07-31,CSE-TELECOM-002,CSE-TELECOM-002-A007,identity-logs,2026-07-31,58,1,reported
T-CSE-TELECOM-002-A007-2026-08-01,CSE-TELECOM-002,CSE-TELECOM-002-A007,identity-logs,2026-08-01,52,1,reported
T-CSE-TELECOM-002-A007-2026-08-02,CSE-TELECOM-002,CSE-TELECOM-002-A007,identity-logs,2026-08-02,66,1,reported
T-CSE-TELECOM-002-A007-2026-08-03,CSE-TELECOM-002,CSE-TELECOM-002-A007,identity-logs,2026-08-03,26,1,reported
T-CSE-TELECOM-002-A007-2026-08-04,CSE-TELECOM-002,CSE-TELECOM-002-A007,identity-logs,2026-08-04,24,1,reported
T-CSE-TELECOM-002-A007-2026-08-05,CSE-TELECOM-002,CSE-TELECOM-002-A007,identity-logs,2026-08-05,17,1,reported
T-CSE-TELECOM-002-A007-2026-08-06,CSE-TELECOM-002,CSE-TELECOM-002-A007,identity-logs,2026-08-06,13,1,reported
T-CSE-TELECOM-002-A007-2026-08-07,CSE-TELECOM-002,CSE-TELECOM-002-A007,identity-logs,2026-08-07,29,1,reported
T-CSE-TELECOM-002-A007-2026-08-08,CSE-TELECOM-002,CSE-TELECOM-002-A007,identity-logs,2026-08-08,33,1,reported
T-CSE-TELECOM-002-A007-2026-08-09,CSE-TELECOM-002,CSE-TELECOM-002-A007,identity-logs,2026-08-09,54,1,reported
T-CSE-TELECOM-002-A007-2026-08-10,CSE-TELECOM-002,CSE-TELECOM-002-A007,identity-logs,2026-08-10,57,1,reported
T-CSE-TELECOM-002-A007-2026-08-11,CSE-TELECOM-002,CSE-TELECOM-002-A007,identity-logs,2026-08-11,68,1,reported
T-CSE-TELECOM-002-A007-2026-08-12,CSE-TELECOM-002,CSE-TELECOM-002-A007,identity-logs,2026-08-12,46,1,reported
T-CSE-TELECOM-002-A007-2026-08-13,CSE-TELECOM-002,CSE-TELECOM-002-A007,identity-logs,2026-08-13,23,1,reported
T-CSE-TELECOM-002-A007-2026-08-14,CSE-TELECOM-002,CSE-TELECOM-002-A007,identity-logs,2026-08-14,59,1,reported
T-CSE-TELECOM-002-A007-2026-08-15,CSE-TELECOM-002,CSE-TELECOM-002-A007,identity-logs,2026-08-15,55,1,reported
T-CSE-TELECOM-002-A007-2026-08-16,CSE-TELECOM-002,CSE-TELECOM-002-A007,identity-logs,2026-08-16,35,1,reported
T-CSE-TELECOM-002-A007-2026-08-17,CSE-TELECOM-002,CSE-TELECOM-002-A007,identity-logs,2026-08-17,26,1,reported
T-CSE-TELECOM-002-A007-2026-08-18,CSE-TELECOM-002,CSE-TELECOM-002-A007,identity-logs,2026-08-18,63,1,reported
T-CSE-TELECOM-002-A007-2026-08-19,CSE-TELECOM-002,CSE-TELECOM-002-A007,identity-logs,2026-08-19,63,1,reported
T-CSE-TELECOM-002-A007-2026-08-20,CSE-TELECOM-002,CSE-TELECOM-002-A007,identity-logs,2026-08-20,70,1,reported
T-CSE-TELECOM-002-A007-2026-08-21,CSE-TELECOM-002,CSE-TELECOM-002-A007,identity-logs,2026-08-21,46,1,reported
T-CSE-TELECOM-002-A007-2026-08-22,CSE-TELECOM-002,CSE-TELECOM-002-A007,identity-logs,2026-08-22,61,1,reported
T-CSE-TELECOM-002-A007-2026-08-23,CSE-TELECOM-002,CSE-TELECOM-002-A007,identity-logs,2026-08-23,73,1,reported
T-CSE-TELECOM-002-A007-2026-08-24,CSE-TELECOM-002,CSE-TELECOM-002-A007,identity-logs,2026-08-24,65,1,reported
T-CSE-TELECOM-002-A007-2026-08-25,CSE-TELECOM-002,CSE-TELECOM-002-A007,identity-logs,2026-08-25,33,1,reported
T-CSE-TELECOM-002-A007-2026-08-26,CSE-TELECOM-002,CSE-TELECOM-002-A007,identity-logs,2026-08-26,26,1,reported
T-CSE-TELECOM-002-A007-2026-08-27,CSE-TELECOM-002,CSE-TELECOM-002-A007,identity-logs,2026-08-27,28,1,reported
T-CSE-TELECOM-002-A007-2026-08-28,CSE-TELECOM-002,CSE-TELECOM-002-A007,identity-logs,2026-08-28,19,1,reported
T-CSE-TELECOM-002-A007-2026-08-29,CSE-TELECOM-002,CSE-TELECOM-002-A007,identity-logs,2026-08-29,32,1,reported
T-CSE-TELECOM-002-A007-2026-08-30,CSE-TELECOM-002,CSE-TELECOM-002-A007,identity-logs,2026-08-30,25,1,reported
T-CSE-TELECOM-002-A007-2026-08-31,CSE-TELECOM-002,CSE-TELECOM-002-A007,identity-logs,2026-08-31,65,1,reported
T-CSE-TELECOM-002-A008-2026-06-03,CSE-TELECOM-002,CSE-TELECOM-002-A008,endpoint-events,2026-06-03,87,1,reported
T-CSE-TELECOM-002-A008-2026-06-04,CSE-TELECOM-002,CSE-TELECOM-002-A008,endpoint-events,2026-06-04,73,1,reported
T-CSE-TELECOM-002-A008-2026-06-05,CSE-TELECOM-002,CSE-TELECOM-002-A008,endpoint-events,2026-06-05,84,1,reported
T-CSE-TELECOM-002-A008-2026-06-06,CSE-TELECOM-002,CSE-TELECOM-002-A008,endpoint-events,2026-06-06,68,1,reported
T-CSE-TELECOM-002-A008-2026-06-07,CSE-TELECOM-002,CSE-TELECOM-002-A008,endpoint-events,2026-06-07,35,1,reported
T-CSE-TELECOM-002-A008-2026-06-08,CSE-TELECOM-002,CSE-TELECOM-002-A008,endpoint-events,2026-06-08,60,1,reported
T-CSE-TELECOM-002-A008-2026-06-09,CSE-TELECOM-002,CSE-TELECOM-002-A008,endpoint-events,2026-06-09,57,1,reported
T-CSE-TELECOM-002-A008-2026-06-10,CSE-TELECOM-002,CSE-TELECOM-002-A008,endpoint-events,2026-06-10,15,1,reported
T-CSE-TELECOM-002-A008-2026-06-11,CSE-TELECOM-002,CSE-TELECOM-002-A008,endpoint-events,2026-06-11,28,1,reported
T-CSE-TELECOM-002-A008-2026-06-12,CSE-TELECOM-002,CSE-TELECOM-002-A008,endpoint-events,2026-06-12,73,1,reported
T-CSE-TELECOM-002-A008-2026-06-13,CSE-TELECOM-002,CSE-TELECOM-002-A008,endpoint-events,2026-06-13,74,1,reported
T-CSE-TELECOM-002-A008-2026-06-14,CSE-TELECOM-002,CSE-TELECOM-002-A008,endpoint-events,2026-06-14,26,1,reported
T-CSE-TELECOM-002-A008-2026-06-15,CSE-TELECOM-002,CSE-TELECOM-002-A008,endpoint-events,2026-06-15,64,1,reported
T-CSE-TELECOM-002-A008-2026-06-16,CSE-TELECOM-002,CSE-TELECOM-002-A008,endpoint-events,2026-06-16,68,1,reported
T-CSE-TELECOM-002-A008-2026-06-17,CSE-TELECOM-002,CSE-TELECOM-002-A008,endpoint-events,2026-06-17,17,1,reported
T-CSE-TELECOM-002-A008-2026-06-18,CSE-TELECOM-002,CSE-TELECOM-002-A008,endpoint-events,2026-06-18,20,1,reported
T-CSE-TELECOM-002-A008-2026-06-19,CSE-TELECOM-002,CSE-TELECOM-002-A008,endpoint-events,2026-06-19,45,1,reported
T-CSE-TELECOM-002-A008-2026-06-20,CSE-TELECOM-002,CSE-TELECOM-002-A008,endpoint-events,2026-06-20,52,1,reported
T-CSE-TELECOM-002-A008-2026-06-21,CSE-TELECOM-002,CSE-TELECOM-002-A008,endpoint-events,2026-06-21,13,1,reported
T-CSE-TELECOM-002-A008-2026-06-22,CSE-TELECOM-002,CSE-TELECOM-002-A008,endpoint-events,2026-06-22,79,1,reported
T-CSE-TELECOM-002-A008-2026-06-23,CSE-TELECOM-002,CSE-TELECOM-002-A008,endpoint-events,2026-06-23,85,1,reported
T-CSE-TELECOM-002-A008-2026-06-24,CSE-TELECOM-002,CSE-TELECOM-002-A008,endpoint-events,2026-06-24,84,1,reported
T-CSE-TELECOM-002-A008-2026-06-25,CSE-TELECOM-002,CSE-TELECOM-002-A008,endpoint-events,2026-06-25,40,1,reported
T-CSE-TELECOM-002-A008-2026-06-26,CSE-TELECOM-002,CSE-TELECOM-002-A008,endpoint-events,2026-06-26,55,1,reported
T-CSE-TELECOM-002-A008-2026-06-27,CSE-TELECOM-002,CSE-TELECOM-002-A008,endpoint-events,2026-06-27,78,1,reported
T-CSE-TELECOM-002-A008-2026-06-28,CSE-TELECOM-002,CSE-TELECOM-002-A008,endpoint-events,2026-06-28,78,1,reported
T-CSE-TELECOM-002-A008-2026-06-29,CSE-TELECOM-002,CSE-TELECOM-002-A008,endpoint-events,2026-06-29,24,1,reported
T-CSE-TELECOM-002-A008-2026-06-30,CSE-TELECOM-002,CSE-TELECOM-002-A008,endpoint-events,2026-06-30,67,1,reported
T-CSE-TELECOM-002-A008-2026-07-01,CSE-TELECOM-002,CSE-TELECOM-002-A008,endpoint-events,2026-07-01,43,1,reported
T-CSE-TELECOM-002-A008-2026-07-02,CSE-TELECOM-002,CSE-TELECOM-002-A008,endpoint-events,2026-07-02,73,1,reported
T-CSE-TELECOM-002-A008-2026-07-03,CSE-TELECOM-002,CSE-TELECOM-002-A008,endpoint-events,2026-07-03,56,1,reported
T-CSE-TELECOM-002-A008-2026-07-04,CSE-TELECOM-002,CSE-TELECOM-002-A008,endpoint-events,2026-07-04,61,1,reported
T-CSE-TELECOM-002-A008-2026-07-05,CSE-TELECOM-002,CSE-TELECOM-002-A008,endpoint-events,2026-07-05,31,1,reported
T-CSE-TELECOM-002-A008-2026-07-06,CSE-TELECOM-002,CSE-TELECOM-002-A008,endpoint-events,2026-07-06,83,1,reported
T-CSE-TELECOM-002-A008-2026-07-07,CSE-TELECOM-002,CSE-TELECOM-002-A008,endpoint-events,2026-07-07,18,1,reported
T-CSE-TELECOM-002-A008-2026-07-08,CSE-TELECOM-002,CSE-TELECOM-002-A008,endpoint-events,2026-07-08,13,1,reported
T-CSE-TELECOM-002-A008-2026-07-09,CSE-TELECOM-002,CSE-TELECOM-002-A008,endpoint-events,2026-07-09,32,1,reported
T-CSE-TELECOM-002-A008-2026-07-10,CSE-TELECOM-002,CSE-TELECOM-002-A008,endpoint-events,2026-07-10,76,1,reported
T-CSE-TELECOM-002-A008-2026-07-11,CSE-TELECOM-002,CSE-TELECOM-002-A008,endpoint-events,2026-07-11,72,1,reported
T-CSE-TELECOM-002-A008-2026-07-12,CSE-TELECOM-002,CSE-TELECOM-002-A008,endpoint-events,2026-07-12,75,1,reported
T-CSE-TELECOM-002-A008-2026-07-13,CSE-TELECOM-002,CSE-TELECOM-002-A008,endpoint-events,2026-07-13,33,1,reported
T-CSE-TELECOM-002-A008-2026-07-14,CSE-TELECOM-002,CSE-TELECOM-002-A008,endpoint-events,2026-07-14,21,1,reported
T-CSE-TELECOM-002-A008-2026-07-15,CSE-TELECOM-002,CSE-TELECOM-002-A008,endpoint-events,2026-07-15,74,1,reported
T-CSE-TELECOM-002-A008-2026-07-16,CSE-TELECOM-002,CSE-TELECOM-002-A008,endpoint-events,2026-07-16,53,1,reported
T-CSE-TELECOM-002-A008-2026-07-17,CSE-TELECOM-002,CSE-TELECOM-002-A008,endpoint-events,2026-07-17,42,1,reported
T-CSE-TELECOM-002-A008-2026-07-18,CSE-TELECOM-002,CSE-TELECOM-002-A008,endpoint-events,2026-07-18,54,1,reported
T-CSE-TELECOM-002-A008-2026-07-19,CSE-TELECOM-002,CSE-TELECOM-002-A008,endpoint-events,2026-07-19,47,1,reported
T-CSE-TELECOM-002-A008-2026-07-20,CSE-TELECOM-002,CSE-TELECOM-002-A008,endpoint-events,2026-07-20,18,1,reported
T-CSE-TELECOM-002-A008-2026-07-21,CSE-TELECOM-002,CSE-TELECOM-002-A008,endpoint-events,2026-07-21,76,1,reported
T-CSE-TELECOM-002-A008-2026-07-22,CSE-TELECOM-002,CSE-TELECOM-002-A008,endpoint-events,2026-07-22,40,1,reported
T-CSE-TELECOM-002-A008-2026-07-23,CSE-TELECOM-002,CSE-TELECOM-002-A008,endpoint-events,2026-07-23,82,1,reported
T-CSE-TELECOM-002-A008-2026-07-24,CSE-TELECOM-002,CSE-TELECOM-002-A008,endpoint-events,2026-07-24,60,1,reported
T-CSE-TELECOM-002-A008-2026-07-25,CSE-TELECOM-002,CSE-TELECOM-002-A008,endpoint-events,2026-07-25,63,1,reported
T-CSE-TELECOM-002-A008-2026-07-26,CSE-TELECOM-002,CSE-TELECOM-002-A008,endpoint-events,2026-07-26,42,1,reported
T-CSE-TELECOM-002-A008-2026-07-27,CSE-TELECOM-002,CSE-TELECOM-002-A008,endpoint-events,2026-07-27,22,1,reported
T-CSE-TELECOM-002-A008-2026-07-28,CSE-TELECOM-002,CSE-TELECOM-002-A008,endpoint-events,2026-07-28,70,1,reported
T-CSE-TELECOM-002-A008-2026-07-29,CSE-TELECOM-002,CSE-TELECOM-002-A008,endpoint-events,2026-07-29,68,1,reported
T-CSE-TELECOM-002-A008-2026-07-30,CSE-TELECOM-002,CSE-TELECOM-002-A008,endpoint-events,2026-07-30,85,1,reported
T-CSE-TELECOM-002-A008-2026-07-31,CSE-TELECOM-002,CSE-TELECOM-002-A008,endpoint-events,2026-07-31,69,1,reported
T-CSE-TELECOM-002-A008-2026-08-01,CSE-TELECOM-002,CSE-TELECOM-002-A008,endpoint-events,2026-08-01,23,1,reported
T-CSE-TELECOM-002-A008-2026-08-02,CSE-TELECOM-002,CSE-TELECOM-002-A008,endpoint-events,2026-08-02,75,1,reported
T-CSE-TELECOM-002-A008-2026-08-03,CSE-TELECOM-002,CSE-TELECOM-002-A008,endpoint-events,2026-08-03,69,1,reported
T-CSE-TELECOM-002-A008-2026-08-04,CSE-TELECOM-002,CSE-TELECOM-002-A008,endpoint-events,2026-08-04,52,1,reported
T-CSE-TELECOM-002-A008-2026-08-05,CSE-TELECOM-002,CSE-TELECOM-002-A008,endpoint-events,2026-08-05,27,1,reported
T-CSE-TELECOM-002-A008-2026-08-06,CSE-TELECOM-002,CSE-TELECOM-002-A008,endpoint-events,2026-08-06,75,1,reported
T-CSE-TELECOM-002-A008-2026-08-07,CSE-TELECOM-002,CSE-TELECOM-002-A008,endpoint-events,2026-08-07,14,1,reported
T-CSE-TELECOM-002-A008-2026-08-08,CSE-TELECOM-002,CSE-TELECOM-002-A008,endpoint-events,2026-08-08,25,1,reported
T-CSE-TELECOM-002-A008-2026-08-09,CSE-TELECOM-002,CSE-TELECOM-002-A008,endpoint-events,2026-08-09,63,1,reported
T-CSE-TELECOM-002-A008-2026-08-10,CSE-TELECOM-002,CSE-TELECOM-002-A008,endpoint-events,2026-08-10,64,1,reported
T-CSE-TELECOM-002-A008-2026-08-11,CSE-TELECOM-002,CSE-TELECOM-002-A008,endpoint-events,2026-08-11,16,1,reported
T-CSE-TELECOM-002-A008-2026-08-12,CSE-TELECOM-002,CSE-TELECOM-002-A008,endpoint-events,2026-08-12,83,1,reported
T-CSE-TELECOM-002-A008-2026-08-13,CSE-TELECOM-002,CSE-TELECOM-002-A008,endpoint-events,2026-08-13,82,1,reported
T-CSE-TELECOM-002-A008-2026-08-14,CSE-TELECOM-002,CSE-TELECOM-002-A008,endpoint-events,2026-08-14,12,1,reported
T-CSE-TELECOM-002-A008-2026-08-15,CSE-TELECOM-002,CSE-TELECOM-002-A008,endpoint-events,2026-08-15,23,1,reported
T-CSE-TELECOM-002-A008-2026-08-16,CSE-TELECOM-002,CSE-TELECOM-002-A008,endpoint-events,2026-08-16,89,1,reported
T-CSE-TELECOM-002-A008-2026-08-17,CSE-TELECOM-002,CSE-TELECOM-002-A008,endpoint-events,2026-08-17,50,1,reported
T-CSE-TELECOM-002-A008-2026-08-18,CSE-TELECOM-002,CSE-TELECOM-002-A008,endpoint-events,2026-08-18,77,1,reported
T-CSE-TELECOM-002-A008-2026-08-19,CSE-TELECOM-002,CSE-TELECOM-002-A008,endpoint-events,2026-08-19,83,1,reported
T-CSE-TELECOM-002-A008-2026-08-20,CSE-TELECOM-002,CSE-TELECOM-002-A008,endpoint-events,2026-08-20,38,1,reported
T-CSE-TELECOM-002-A008-2026-08-21,CSE-TELECOM-002,CSE-TELECOM-002-A008,endpoint-events,2026-08-21,70,1,reported
T-CSE-TELECOM-002-A008-2026-08-22,CSE-TELECOM-002,CSE-TELECOM-002-A008,endpoint-events,2026-08-22,55,1,reported
T-CSE-TELECOM-002-A008-2026-08-23,CSE-TELECOM-002,CSE-TELECOM-002-A008,endpoint-events,2026-08-23,58,1,reported
T-CSE-TELECOM-002-A008-2026-08-24,CSE-TELECOM-002,CSE-TELECOM-002-A008,endpoint-events,2026-08-24,18,1,reported
T-CSE-TELECOM-002-A008-2026-08-25,CSE-TELECOM-002,CSE-TELECOM-002-A008,endpoint-events,2026-08-25,40,1,reported
T-CSE-TELECOM-002-A008-2026-08-26,CSE-TELECOM-002,CSE-TELECOM-002-A008,endpoint-events,2026-08-26,70,1,reported
T-CSE-TELECOM-002-A008-2026-08-27,CSE-TELECOM-002,CSE-TELECOM-002-A008,endpoint-events,2026-08-27,54,1,reported
T-CSE-TELECOM-002-A008-2026-08-28,CSE-TELECOM-002,CSE-TELECOM-002-A008,endpoint-events,2026-08-28,83,1,reported
T-CSE-TELECOM-002-A008-2026-08-29,CSE-TELECOM-002,CSE-TELECOM-002-A008,endpoint-events,2026-08-29,88,1,reported
T-CSE-TELECOM-002-A008-2026-08-30,CSE-TELECOM-002,CSE-TELECOM-002-A008,endpoint-events,2026-08-30,72,1,reported
T-CSE-TELECOM-002-A008-2026-08-31,CSE-TELECOM-002,CSE-TELECOM-002-A008,endpoint-events,2026-08-31,58,1,reported
T-CSE-TELECOM-002-A009-2026-06-03,CSE-TELECOM-002,CSE-TELECOM-002-A009,identity-logs,2026-06-03,69,1,reported
T-CSE-TELECOM-002-A009-2026-06-04,CSE-TELECOM-002,CSE-TELECOM-002-A009,identity-logs,2026-06-04,26,1,reported
T-CSE-TELECOM-002-A009-2026-06-05,CSE-TELECOM-002,CSE-TELECOM-002-A009,identity-logs,2026-06-05,24,1,reported
T-CSE-TELECOM-002-A009-2026-06-06,CSE-TELECOM-002,CSE-TELECOM-002-A009,identity-logs,2026-06-06,40,1,reported
T-CSE-TELECOM-002-A009-2026-06-07,CSE-TELECOM-002,CSE-TELECOM-002-A009,identity-logs,2026-06-07,12,1,reported
T-CSE-TELECOM-002-A009-2026-06-08,CSE-TELECOM-002,CSE-TELECOM-002-A009,identity-logs,2026-06-08,55,1,reported
T-CSE-TELECOM-002-A009-2026-06-09,CSE-TELECOM-002,CSE-TELECOM-002-A009,identity-logs,2026-06-09,57,1,reported
T-CSE-TELECOM-002-A009-2026-06-10,CSE-TELECOM-002,CSE-TELECOM-002-A009,identity-logs,2026-06-10,49,1,reported
T-CSE-TELECOM-002-A009-2026-06-11,CSE-TELECOM-002,CSE-TELECOM-002-A009,identity-logs,2026-06-11,82,1,reported
T-CSE-TELECOM-002-A009-2026-06-12,CSE-TELECOM-002,CSE-TELECOM-002-A009,identity-logs,2026-06-12,78,1,reported
T-CSE-TELECOM-002-A009-2026-06-13,CSE-TELECOM-002,CSE-TELECOM-002-A009,identity-logs,2026-06-13,59,1,reported
T-CSE-TELECOM-002-A009-2026-06-14,CSE-TELECOM-002,CSE-TELECOM-002-A009,identity-logs,2026-06-14,25,1,reported
T-CSE-TELECOM-002-A009-2026-06-15,CSE-TELECOM-002,CSE-TELECOM-002-A009,identity-logs,2026-06-15,17,1,reported
T-CSE-TELECOM-002-A009-2026-06-16,CSE-TELECOM-002,CSE-TELECOM-002-A009,identity-logs,2026-06-16,33,1,reported
T-CSE-TELECOM-002-A009-2026-06-17,CSE-TELECOM-002,CSE-TELECOM-002-A009,identity-logs,2026-06-17,75,1,reported
T-CSE-TELECOM-002-A009-2026-06-18,CSE-TELECOM-002,CSE-TELECOM-002-A009,identity-logs,2026-06-18,29,1,reported
T-CSE-TELECOM-002-A009-2026-06-19,CSE-TELECOM-002,CSE-TELECOM-002-A009,identity-logs,2026-06-19,64,1,reported
T-CSE-TELECOM-002-A009-2026-06-20,CSE-TELECOM-002,CSE-TELECOM-002-A009,identity-logs,2026-06-20,25,1,reported
T-CSE-TELECOM-002-A009-2026-06-21,CSE-TELECOM-002,CSE-TELECOM-002-A009,identity-logs,2026-06-21,44,1,reported
T-CSE-TELECOM-002-A009-2026-06-22,CSE-TELECOM-002,CSE-TELECOM-002-A009,identity-logs,2026-06-22,37,1,reported
T-CSE-TELECOM-002-A009-2026-06-23,CSE-TELECOM-002,CSE-TELECOM-002-A009,identity-logs,2026-06-23,36,1,reported
T-CSE-TELECOM-002-A009-2026-06-24,CSE-TELECOM-002,CSE-TELECOM-002-A009,identity-logs,2026-06-24,27,1,reported
T-CSE-TELECOM-002-A009-2026-06-25,CSE-TELECOM-002,CSE-TELECOM-002-A009,identity-logs,2026-06-25,62,1,reported
T-CSE-TELECOM-002-A009-2026-06-26,CSE-TELECOM-002,CSE-TELECOM-002-A009,identity-logs,2026-06-26,39,1,reported
T-CSE-TELECOM-002-A009-2026-06-27,CSE-TELECOM-002,CSE-TELECOM-002-A009,identity-logs,2026-06-27,70,1,reported
T-CSE-TELECOM-002-A009-2026-06-28,CSE-TELECOM-002,CSE-TELECOM-002-A009,identity-logs,2026-06-28,36,1,reported
T-CSE-TELECOM-002-A009-2026-06-29,CSE-TELECOM-002,CSE-TELECOM-002-A009,identity-logs,2026-06-29,55,1,reported
T-CSE-TELECOM-002-A009-2026-06-30,CSE-TELECOM-002,CSE-TELECOM-002-A009,identity-logs,2026-06-30,25,1,reported
T-CSE-TELECOM-002-A009-2026-07-01,CSE-TELECOM-002,CSE-TELECOM-002-A009,identity-logs,2026-07-01,65,1,reported
T-CSE-TELECOM-002-A009-2026-07-02,CSE-TELECOM-002,CSE-TELECOM-002-A009,identity-logs,2026-07-02,17,1,reported
T-CSE-TELECOM-002-A009-2026-07-03,CSE-TELECOM-002,CSE-TELECOM-002-A009,identity-logs,2026-07-03,87,1,reported
T-CSE-TELECOM-002-A009-2026-07-04,CSE-TELECOM-002,CSE-TELECOM-002-A009,identity-logs,2026-07-04,27,1,reported
T-CSE-TELECOM-002-A009-2026-07-05,CSE-TELECOM-002,CSE-TELECOM-002-A009,identity-logs,2026-07-05,69,1,reported
T-CSE-TELECOM-002-A009-2026-07-06,CSE-TELECOM-002,CSE-TELECOM-002-A009,identity-logs,2026-07-06,70,1,reported
T-CSE-TELECOM-002-A009-2026-07-07,CSE-TELECOM-002,CSE-TELECOM-002-A009,identity-logs,2026-07-07,87,1,reported
T-CSE-TELECOM-002-A009-2026-07-08,CSE-TELECOM-002,CSE-TELECOM-002-A009,identity-logs,2026-07-08,76,1,reported
T-CSE-TELECOM-002-A009-2026-07-09,CSE-TELECOM-002,CSE-TELECOM-002-A009,identity-logs,2026-07-09,29,1,reported
T-CSE-TELECOM-002-A009-2026-07-10,CSE-TELECOM-002,CSE-TELECOM-002-A009,identity-logs,2026-07-10,75,1,reported
T-CSE-TELECOM-002-A009-2026-07-11,CSE-TELECOM-002,CSE-TELECOM-002-A009,identity-logs,2026-07-11,12,1,reported
T-CSE-TELECOM-002-A009-2026-07-12,CSE-TELECOM-002,CSE-TELECOM-002-A009,identity-logs,2026-07-12,79,1,reported
T-CSE-TELECOM-002-A009-2026-07-13,CSE-TELECOM-002,CSE-TELECOM-002-A009,identity-logs,2026-07-13,18,1,reported
T-CSE-TELECOM-002-A009-2026-07-14,CSE-TELECOM-002,CSE-TELECOM-002-A009,identity-logs,2026-07-14,82,1,reported
T-CSE-TELECOM-002-A009-2026-07-15,CSE-TELECOM-002,CSE-TELECOM-002-A009,identity-logs,2026-07-15,67,1,reported
T-CSE-TELECOM-002-A009-2026-07-16,CSE-TELECOM-002,CSE-TELECOM-002-A009,identity-logs,2026-07-16,86,1,reported
T-CSE-TELECOM-002-A009-2026-07-17,CSE-TELECOM-002,CSE-TELECOM-002-A009,identity-logs,2026-07-17,73,1,reported
T-CSE-TELECOM-002-A009-2026-07-18,CSE-TELECOM-002,CSE-TELECOM-002-A009,identity-logs,2026-07-18,77,1,reported
T-CSE-TELECOM-002-A009-2026-07-19,CSE-TELECOM-002,CSE-TELECOM-002-A009,identity-logs,2026-07-19,34,1,reported
T-CSE-TELECOM-002-A009-2026-07-20,CSE-TELECOM-002,CSE-TELECOM-002-A009,identity-logs,2026-07-20,86,1,reported
T-CSE-TELECOM-002-A009-2026-07-21,CSE-TELECOM-002,CSE-TELECOM-002-A009,identity-logs,2026-07-21,34,1,reported
T-CSE-TELECOM-002-A009-2026-07-22,CSE-TELECOM-002,CSE-TELECOM-002-A009,identity-logs,2026-07-22,28,1,reported
T-CSE-TELECOM-002-A009-2026-07-23,CSE-TELECOM-002,CSE-TELECOM-002-A009,identity-logs,2026-07-23,25,1,reported
T-CSE-TELECOM-002-A009-2026-07-24,CSE-TELECOM-002,CSE-TELECOM-002-A009,identity-logs,2026-07-24,61,1,reported
T-CSE-TELECOM-002-A009-2026-07-25,CSE-TELECOM-002,CSE-TELECOM-002-A009,identity-logs,2026-07-25,88,1,reported
T-CSE-TELECOM-002-A009-2026-07-26,CSE-TELECOM-002,CSE-TELECOM-002-A009,identity-logs,2026-07-26,89,1,reported
T-CSE-TELECOM-002-A009-2026-07-27,CSE-TELECOM-002,CSE-TELECOM-002-A009,identity-logs,2026-07-27,53,1,reported
T-CSE-TELECOM-002-A009-2026-07-28,CSE-TELECOM-002,CSE-TELECOM-002-A009,identity-logs,2026-07-28,76,1,reported
T-CSE-TELECOM-002-A009-2026-07-29,CSE-TELECOM-002,CSE-TELECOM-002-A009,identity-logs,2026-07-29,61,1,reported
T-CSE-TELECOM-002-A009-2026-07-30,CSE-TELECOM-002,CSE-TELECOM-002-A009,identity-logs,2026-07-30,65,1,reported
T-CSE-TELECOM-002-A009-2026-07-31,CSE-TELECOM-002,CSE-TELECOM-002-A009,identity-logs,2026-07-31,89,1,reported
T-CSE-TELECOM-002-A009-2026-08-01,CSE-TELECOM-002,CSE-TELECOM-002-A009,identity-logs,2026-08-01,43,1,reported
T-CSE-TELECOM-002-A009-2026-08-02,CSE-TELECOM-002,CSE-TELECOM-002-A009,identity-logs,2026-08-02,47,1,reported
T-CSE-TELECOM-002-A009-2026-08-03,CSE-TELECOM-002,CSE-TELECOM-002-A009,identity-logs,2026-08-03,62,1,reported
T-CSE-TELECOM-002-A009-2026-08-04,CSE-TELECOM-002,CSE-TELECOM-002-A009,identity-logs,2026-08-04,55,1,reported
T-CSE-TELECOM-002-A009-2026-08-05,CSE-TELECOM-002,CSE-TELECOM-002-A009,identity-logs,2026-08-05,49,1,reported
T-CSE-TELECOM-002-A009-2026-08-06,CSE-TELECOM-002,CSE-TELECOM-002-A009,identity-logs,2026-08-06,69,1,reported
T-CSE-TELECOM-002-A009-2026-08-07,CSE-TELECOM-002,CSE-TELECOM-002-A009,identity-logs,2026-08-07,29,1,reported
T-CSE-TELECOM-002-A009-2026-08-08,CSE-TELECOM-002,CSE-TELECOM-002-A009,identity-logs,2026-08-08,29,1,reported
T-CSE-TELECOM-002-A009-2026-08-09,CSE-TELECOM-002,CSE-TELECOM-002-A009,identity-logs,2026-08-09,64,1,reported
T-CSE-TELECOM-002-A009-2026-08-10,CSE-TELECOM-002,CSE-TELECOM-002-A009,identity-logs,2026-08-10,89,1,reported
T-CSE-TELECOM-002-A009-2026-08-11,CSE-TELECOM-002,CSE-TELECOM-002-A009,identity-logs,2026-08-11,77,1,reported
T-CSE-TELECOM-002-A009-2026-08-12,CSE-TELECOM-002,CSE-TELECOM-002-A009,identity-logs,2026-08-12,50,1,reported
T-CSE-TELECOM-002-A009-2026-08-13,CSE-TELECOM-002,CSE-TELECOM-002-A009,identity-logs,2026-08-13,82,1,reported
T-CSE-TELECOM-002-A009-2026-08-14,CSE-TELECOM-002,CSE-TELECOM-002-A009,identity-logs,2026-08-14,52,1,reported
T-CSE-TELECOM-002-A009-2026-08-15,CSE-TELECOM-002,CSE-TELECOM-002-A009,identity-logs,2026-08-15,82,1,reported
T-CSE-TELECOM-002-A009-2026-08-16,CSE-TELECOM-002,CSE-TELECOM-002-A009,identity-logs,2026-08-16,39,1,reported
T-CSE-TELECOM-002-A009-2026-08-17,CSE-TELECOM-002,CSE-TELECOM-002-A009,identity-logs,2026-08-17,37,1,reported
T-CSE-TELECOM-002-A009-2026-08-18,CSE-TELECOM-002,CSE-TELECOM-002-A009,identity-logs,2026-08-18,38,1,reported
T-CSE-TELECOM-002-A009-2026-08-19,CSE-TELECOM-002,CSE-TELECOM-002-A009,identity-logs,2026-08-19,49,1,reported
T-CSE-TELECOM-002-A009-2026-08-20,CSE-TELECOM-002,CSE-TELECOM-002-A009,identity-logs,2026-08-20,56,1,reported
T-CSE-TELECOM-002-A009-2026-08-21,CSE-TELECOM-002,CSE-TELECOM-002-A009,identity-logs,2026-08-21,28,1,reported
T-CSE-TELECOM-002-A009-2026-08-22,CSE-TELECOM-002,CSE-TELECOM-002-A009,identity-logs,2026-08-22,34,1,reported
T-CSE-TELECOM-002-A009-2026-08-23,CSE-TELECOM-002,CSE-TELECOM-002-A009,identity-logs,2026-08-23,76,1,reported
T-CSE-TELECOM-002-A009-2026-08-24,CSE-TELECOM-002,CSE-TELECOM-002-A009,identity-logs,2026-08-24,81,1,reported
T-CSE-TELECOM-002-A009-2026-08-25,CSE-TELECOM-002,CSE-TELECOM-002-A009,identity-logs,2026-08-25,53,1,reported
T-CSE-TELECOM-002-A009-2026-08-26,CSE-TELECOM-002,CSE-TELECOM-002-A009,identity-logs,2026-08-26,26,1,reported
T-CSE-TELECOM-002-A009-2026-08-27,CSE-TELECOM-002,CSE-TELECOM-002-A009,identity-logs,2026-08-27,57,1,reported
T-CSE-TELECOM-002-A009-2026-08-28,CSE-TELECOM-002,CSE-TELECOM-002-A009,identity-logs,2026-08-28,83,1,reported
T-CSE-TELECOM-002-A009-2026-08-29,CSE-TELECOM-002,CSE-TELECOM-002-A009,identity-logs,2026-08-29,73,1,reported
T-CSE-TELECOM-002-A009-2026-08-30,CSE-TELECOM-002,CSE-TELECOM-002-A009,identity-logs,2026-08-30,86,1,reported
T-CSE-TELECOM-002-A009-2026-08-31,CSE-TELECOM-002,CSE-TELECOM-002-A009,identity-logs,2026-08-31,85,1,reported
T-CSE-TELECOM-002-A010-2026-06-03,CSE-TELECOM-002,CSE-TELECOM-002-A010,endpoint-events,2026-06-03,65,1,reported
T-CSE-TELECOM-002-A010-2026-06-04,CSE-TELECOM-002,CSE-TELECOM-002-A010,endpoint-events,2026-06-04,80,1,reported
T-CSE-TELECOM-002-A010-2026-06-05,CSE-TELECOM-002,CSE-TELECOM-002-A010,endpoint-events,2026-06-05,48,1,reported
T-CSE-TELECOM-002-A010-2026-06-06,CSE-TELECOM-002,CSE-TELECOM-002-A010,endpoint-events,2026-06-06,66,1,reported
T-CSE-TELECOM-002-A010-2026-06-07,CSE-TELECOM-002,CSE-TELECOM-002-A010,endpoint-events,2026-06-07,13,1,reported
T-CSE-TELECOM-002-A010-2026-06-08,CSE-TELECOM-002,CSE-TELECOM-002-A010,endpoint-events,2026-06-08,78,1,reported
T-CSE-TELECOM-002-A010-2026-06-09,CSE-TELECOM-002,CSE-TELECOM-002-A010,endpoint-events,2026-06-09,25,1,reported
T-CSE-TELECOM-002-A010-2026-06-10,CSE-TELECOM-002,CSE-TELECOM-002-A010,endpoint-events,2026-06-10,15,1,reported
T-CSE-TELECOM-002-A010-2026-06-11,CSE-TELECOM-002,CSE-TELECOM-002-A010,endpoint-events,2026-06-11,60,1,reported
T-CSE-TELECOM-002-A010-2026-06-12,CSE-TELECOM-002,CSE-TELECOM-002-A010,endpoint-events,2026-06-12,30,1,reported
T-CSE-TELECOM-002-A010-2026-06-13,CSE-TELECOM-002,CSE-TELECOM-002-A010,endpoint-events,2026-06-13,18,1,reported
T-CSE-TELECOM-002-A010-2026-06-14,CSE-TELECOM-002,CSE-TELECOM-002-A010,endpoint-events,2026-06-14,19,1,reported
T-CSE-TELECOM-002-A010-2026-06-15,CSE-TELECOM-002,CSE-TELECOM-002-A010,endpoint-events,2026-06-15,37,1,reported
T-CSE-TELECOM-002-A010-2026-06-16,CSE-TELECOM-002,CSE-TELECOM-002-A010,endpoint-events,2026-06-16,46,1,reported
T-CSE-TELECOM-002-A010-2026-06-17,CSE-TELECOM-002,CSE-TELECOM-002-A010,endpoint-events,2026-06-17,32,1,reported
T-CSE-TELECOM-002-A010-2026-06-18,CSE-TELECOM-002,CSE-TELECOM-002-A010,endpoint-events,2026-06-18,48,1,reported
T-CSE-TELECOM-002-A010-2026-06-19,CSE-TELECOM-002,CSE-TELECOM-002-A010,endpoint-events,2026-06-19,44,1,reported
T-CSE-TELECOM-002-A010-2026-06-20,CSE-TELECOM-002,CSE-TELECOM-002-A010,endpoint-events,2026-06-20,30,1,reported
T-CSE-TELECOM-002-A010-2026-06-21,CSE-TELECOM-002,CSE-TELECOM-002-A010,endpoint-events,2026-06-21,19,1,reported
T-CSE-TELECOM-002-A010-2026-06-22,CSE-TELECOM-002,CSE-TELECOM-002-A010,endpoint-events,2026-06-22,49,1,reported
T-CSE-TELECOM-002-A010-2026-06-23,CSE-TELECOM-002,CSE-TELECOM-002-A010,endpoint-events,2026-06-23,38,1,reported
T-CSE-TELECOM-002-A010-2026-06-24,CSE-TELECOM-002,CSE-TELECOM-002-A010,endpoint-events,2026-06-24,81,1,reported
T-CSE-TELECOM-002-A010-2026-06-25,CSE-TELECOM-002,CSE-TELECOM-002-A010,endpoint-events,2026-06-25,16,1,reported
T-CSE-TELECOM-002-A010-2026-06-26,CSE-TELECOM-002,CSE-TELECOM-002-A010,endpoint-events,2026-06-26,57,1,reported
T-CSE-TELECOM-002-A010-2026-06-27,CSE-TELECOM-002,CSE-TELECOM-002-A010,endpoint-events,2026-06-27,69,1,reported
T-CSE-TELECOM-002-A010-2026-06-28,CSE-TELECOM-002,CSE-TELECOM-002-A010,endpoint-events,2026-06-28,25,1,reported
T-CSE-TELECOM-002-A010-2026-06-29,CSE-TELECOM-002,CSE-TELECOM-002-A010,endpoint-events,2026-06-29,83,1,reported
T-CSE-TELECOM-002-A010-2026-06-30,CSE-TELECOM-002,CSE-TELECOM-002-A010,endpoint-events,2026-06-30,40,1,reported
T-CSE-TELECOM-002-A010-2026-07-01,CSE-TELECOM-002,CSE-TELECOM-002-A010,endpoint-events,2026-07-01,83,1,reported
T-CSE-TELECOM-002-A010-2026-07-02,CSE-TELECOM-002,CSE-TELECOM-002-A010,endpoint-events,2026-07-02,61,1,reported
T-CSE-TELECOM-002-A010-2026-07-03,CSE-TELECOM-002,CSE-TELECOM-002-A010,endpoint-events,2026-07-03,42,1,reported
T-CSE-TELECOM-002-A010-2026-07-04,CSE-TELECOM-002,CSE-TELECOM-002-A010,endpoint-events,2026-07-04,77,1,reported
T-CSE-TELECOM-002-A010-2026-07-05,CSE-TELECOM-002,CSE-TELECOM-002-A010,endpoint-events,2026-07-05,48,1,reported
T-CSE-TELECOM-002-A010-2026-07-06,CSE-TELECOM-002,CSE-TELECOM-002-A010,endpoint-events,2026-07-06,18,1,reported
T-CSE-TELECOM-002-A010-2026-07-07,CSE-TELECOM-002,CSE-TELECOM-002-A010,endpoint-events,2026-07-07,60,1,reported
T-CSE-TELECOM-002-A010-2026-07-08,CSE-TELECOM-002,CSE-TELECOM-002-A010,endpoint-events,2026-07-08,61,1,reported
T-CSE-TELECOM-002-A010-2026-07-09,CSE-TELECOM-002,CSE-TELECOM-002-A010,endpoint-events,2026-07-09,65,1,reported
T-CSE-TELECOM-002-A010-2026-07-10,CSE-TELECOM-002,CSE-TELECOM-002-A010,endpoint-events,2026-07-10,52,1,reported
T-CSE-TELECOM-002-A010-2026-07-11,CSE-TELECOM-002,CSE-TELECOM-002-A010,endpoint-events,2026-07-11,82,1,reported
T-CSE-TELECOM-002-A010-2026-07-12,CSE-TELECOM-002,CSE-TELECOM-002-A010,endpoint-events,2026-07-12,18,1,reported
T-CSE-TELECOM-002-A010-2026-07-13,CSE-TELECOM-002,CSE-TELECOM-002-A010,endpoint-events,2026-07-13,13,1,reported
T-CSE-TELECOM-002-A010-2026-07-14,CSE-TELECOM-002,CSE-TELECOM-002-A010,endpoint-events,2026-07-14,44,1,reported
T-CSE-TELECOM-002-A010-2026-07-15,CSE-TELECOM-002,CSE-TELECOM-002-A010,endpoint-events,2026-07-15,37,1,reported
T-CSE-TELECOM-002-A010-2026-07-16,CSE-TELECOM-002,CSE-TELECOM-002-A010,endpoint-events,2026-07-16,68,1,reported
T-CSE-TELECOM-002-A010-2026-07-17,CSE-TELECOM-002,CSE-TELECOM-002-A010,endpoint-events,2026-07-17,40,1,reported
T-CSE-TELECOM-002-A010-2026-07-18,CSE-TELECOM-002,CSE-TELECOM-002-A010,endpoint-events,2026-07-18,59,1,reported
T-CSE-TELECOM-002-A010-2026-07-19,CSE-TELECOM-002,CSE-TELECOM-002-A010,endpoint-events,2026-07-19,87,1,reported
T-CSE-TELECOM-002-A010-2026-07-20,CSE-TELECOM-002,CSE-TELECOM-002-A010,endpoint-events,2026-07-20,81,1,reported
T-CSE-TELECOM-002-A010-2026-07-21,CSE-TELECOM-002,CSE-TELECOM-002-A010,endpoint-events,2026-07-21,89,1,reported
T-CSE-TELECOM-002-A010-2026-07-22,CSE-TELECOM-002,CSE-TELECOM-002-A010,endpoint-events,2026-07-22,37,1,reported
T-CSE-TELECOM-002-A010-2026-07-23,CSE-TELECOM-002,CSE-TELECOM-002-A010,endpoint-events,2026-07-23,36,1,reported
T-CSE-TELECOM-002-A010-2026-07-24,CSE-TELECOM-002,CSE-TELECOM-002-A010,endpoint-events,2026-07-24,49,1,reported
T-CSE-TELECOM-002-A010-2026-07-25,CSE-TELECOM-002,CSE-TELECOM-002-A010,endpoint-events,2026-07-25,69,1,reported
T-CSE-TELECOM-002-A010-2026-07-26,CSE-TELECOM-002,CSE-TELECOM-002-A010,endpoint-events,2026-07-26,34,1,reported
T-CSE-TELECOM-002-A010-2026-07-27,CSE-TELECOM-002,CSE-TELECOM-002-A010,endpoint-events,2026-07-27,21,1,reported
T-CSE-TELECOM-002-A010-2026-07-28,CSE-TELECOM-002,CSE-TELECOM-002-A010,endpoint-events,2026-07-28,35,1,reported
T-CSE-TELECOM-002-A010-2026-07-29,CSE-TELECOM-002,CSE-TELECOM-002-A010,endpoint-events,2026-07-29,34,1,reported
T-CSE-TELECOM-002-A010-2026-07-30,CSE-TELECOM-002,CSE-TELECOM-002-A010,endpoint-events,2026-07-30,77,1,reported
T-CSE-TELECOM-002-A010-2026-07-31,CSE-TELECOM-002,CSE-TELECOM-002-A010,endpoint-events,2026-07-31,27,1,reported
T-CSE-TELECOM-002-A010-2026-08-01,CSE-TELECOM-002,CSE-TELECOM-002-A010,endpoint-events,2026-08-01,60,1,reported
T-CSE-TELECOM-002-A010-2026-08-02,CSE-TELECOM-002,CSE-TELECOM-002-A010,endpoint-events,2026-08-02,17,1,reported
T-CSE-TELECOM-002-A010-2026-08-03,CSE-TELECOM-002,CSE-TELECOM-002-A010,endpoint-events,2026-08-03,66,1,reported
T-CSE-TELECOM-002-A010-2026-08-04,CSE-TELECOM-002,CSE-TELECOM-002-A010,endpoint-events,2026-08-04,47,1,reported
T-CSE-TELECOM-002-A010-2026-08-05,CSE-TELECOM-002,CSE-TELECOM-002-A010,endpoint-events,2026-08-05,83,1,reported
T-CSE-TELECOM-002-A010-2026-08-06,CSE-TELECOM-002,CSE-TELECOM-002-A010,endpoint-events,2026-08-06,45,1,reported
T-CSE-TELECOM-002-A010-2026-08-07,CSE-TELECOM-002,CSE-TELECOM-002-A010,endpoint-events,2026-08-07,28,1,reported
T-CSE-TELECOM-002-A010-2026-08-08,CSE-TELECOM-002,CSE-TELECOM-002-A010,endpoint-events,2026-08-08,32,1,reported
T-CSE-TELECOM-002-A010-2026-08-09,CSE-TELECOM-002,CSE-TELECOM-002-A010,endpoint-events,2026-08-09,86,1,reported
T-CSE-TELECOM-002-A010-2026-08-10,CSE-TELECOM-002,CSE-TELECOM-002-A010,endpoint-events,2026-08-10,44,1,reported
T-CSE-TELECOM-002-A010-2026-08-11,CSE-TELECOM-002,CSE-TELECOM-002-A010,endpoint-events,2026-08-11,12,1,reported
T-CSE-TELECOM-002-A010-2026-08-12,CSE-TELECOM-002,CSE-TELECOM-002-A010,endpoint-events,2026-08-12,54,1,reported
T-CSE-TELECOM-002-A010-2026-08-13,CSE-TELECOM-002,CSE-TELECOM-002-A010,endpoint-events,2026-08-13,71,1,reported
T-CSE-TELECOM-002-A010-2026-08-14,CSE-TELECOM-002,CSE-TELECOM-002-A010,endpoint-events,2026-08-14,31,1,reported
T-CSE-TELECOM-002-A010-2026-08-15,CSE-TELECOM-002,CSE-TELECOM-002-A010,endpoint-events,2026-08-15,17,1,reported
T-CSE-TELECOM-002-A010-2026-08-16,CSE-TELECOM-002,CSE-TELECOM-002-A010,endpoint-events,2026-08-16,31,1,reported
T-CSE-TELECOM-002-A010-2026-08-17,CSE-TELECOM-002,CSE-TELECOM-002-A010,endpoint-events,2026-08-17,53,1,reported
T-CSE-TELECOM-002-A010-2026-08-18,CSE-TELECOM-002,CSE-TELECOM-002-A010,endpoint-events,2026-08-18,88,1,reported
T-CSE-TELECOM-002-A010-2026-08-19,CSE-TELECOM-002,CSE-TELECOM-002-A010,endpoint-events,2026-08-19,18,1,reported
T-CSE-TELECOM-002-A010-2026-08-20,CSE-TELECOM-002,CSE-TELECOM-002-A010,endpoint-events,2026-08-20,50,1,reported
T-CSE-TELECOM-002-A010-2026-08-21,CSE-TELECOM-002,CSE-TELECOM-002-A010,endpoint-events,2026-08-21,74,1,reported
T-CSE-TELECOM-002-A010-2026-08-22,CSE-TELECOM-002,CSE-TELECOM-002-A010,endpoint-events,2026-08-22,85,1,reported
T-CSE-TELECOM-002-A010-2026-08-23,CSE-TELECOM-002,CSE-TELECOM-002-A010,endpoint-events,2026-08-23,82,1,reported
T-CSE-TELECOM-002-A010-2026-08-24,CSE-TELECOM-002,CSE-TELECOM-002-A010,endpoint-events,2026-08-24,57,1,reported
T-CSE-TELECOM-002-A010-2026-08-25,CSE-TELECOM-002,CSE-TELECOM-002-A010,endpoint-events,2026-08-25,21,1,reported
T-CSE-TELECOM-002-A010-2026-08-26,CSE-TELECOM-002,CSE-TELECOM-002-A010,endpoint-events,2026-08-26,52,1,reported
T-CSE-TELECOM-002-A010-2026-08-27,CSE-TELECOM-002,CSE-TELECOM-002-A010,endpoint-events,2026-08-27,79,1,reported
T-CSE-TELECOM-002-A010-2026-08-28,CSE-TELECOM-002,CSE-TELECOM-002-A010,endpoint-events,2026-08-28,40,1,reported
T-CSE-TELECOM-002-A010-2026-08-29,CSE-TELECOM-002,CSE-TELECOM-002-A010,endpoint-events,2026-08-29,35,1,reported
T-CSE-TELECOM-002-A010-2026-08-30,CSE-TELECOM-002,CSE-TELECOM-002-A010,endpoint-events,2026-08-30,78,1,reported
T-CSE-TELECOM-002-A010-2026-08-31,CSE-TELECOM-002,CSE-TELECOM-002-A010,endpoint-events,2026-08-31,20,1,reported
T-CSE-FINANCE-002-A001-2026-06-03,CSE-FINANCE-002,CSE-FINANCE-002-A001,identity-logs,2026-06-03,76,1,reported
T-CSE-FINANCE-002-A001-2026-06-04,CSE-FINANCE-002,CSE-FINANCE-002-A001,identity-logs,2026-06-04,32,1,reported
T-CSE-FINANCE-002-A001-2026-06-05,CSE-FINANCE-002,CSE-FINANCE-002-A001,identity-logs,2026-06-05,65,1,reported
T-CSE-FINANCE-002-A001-2026-06-06,CSE-FINANCE-002,CSE-FINANCE-002-A001,identity-logs,2026-06-06,81,1,reported
T-CSE-FINANCE-002-A001-2026-06-07,CSE-FINANCE-002,CSE-FINANCE-002-A001,identity-logs,2026-06-07,80,1,reported
T-CSE-FINANCE-002-A001-2026-06-08,CSE-FINANCE-002,CSE-FINANCE-002-A001,identity-logs,2026-06-08,63,1,reported
T-CSE-FINANCE-002-A001-2026-06-09,CSE-FINANCE-002,CSE-FINANCE-002-A001,identity-logs,2026-06-09,23,1,reported
T-CSE-FINANCE-002-A001-2026-06-10,CSE-FINANCE-002,CSE-FINANCE-002-A001,identity-logs,2026-06-10,56,1,reported
T-CSE-FINANCE-002-A001-2026-06-11,CSE-FINANCE-002,CSE-FINANCE-002-A001,identity-logs,2026-06-11,40,1,reported
T-CSE-FINANCE-002-A001-2026-06-12,CSE-FINANCE-002,CSE-FINANCE-002-A001,identity-logs,2026-06-12,39,1,reported
T-CSE-FINANCE-002-A001-2026-06-13,CSE-FINANCE-002,CSE-FINANCE-002-A001,identity-logs,2026-06-13,54,1,reported
T-CSE-FINANCE-002-A001-2026-06-14,CSE-FINANCE-002,CSE-FINANCE-002-A001,identity-logs,2026-06-14,54,1,reported
T-CSE-FINANCE-002-A001-2026-06-15,CSE-FINANCE-002,CSE-FINANCE-002-A001,identity-logs,2026-06-15,58,1,reported
T-CSE-FINANCE-002-A001-2026-06-16,CSE-FINANCE-002,CSE-FINANCE-002-A001,identity-logs,2026-06-16,49,1,reported
T-CSE-FINANCE-002-A001-2026-06-17,CSE-FINANCE-002,CSE-FINANCE-002-A001,identity-logs,2026-06-17,39,1,reported
T-CSE-FINANCE-002-A001-2026-06-18,CSE-FINANCE-002,CSE-FINANCE-002-A001,identity-logs,2026-06-18,79,1,reported
T-CSE-FINANCE-002-A001-2026-06-19,CSE-FINANCE-002,CSE-FINANCE-002-A001,identity-logs,2026-06-19,72,1,reported
T-CSE-FINANCE-002-A001-2026-06-20,CSE-FINANCE-002,CSE-FINANCE-002-A001,identity-logs,2026-06-20,83,1,reported
T-CSE-FINANCE-002-A001-2026-06-21,CSE-FINANCE-002,CSE-FINANCE-002-A001,identity-logs,2026-06-21,13,1,reported
T-CSE-FINANCE-002-A001-2026-06-22,CSE-FINANCE-002,CSE-FINANCE-002-A001,identity-logs,2026-06-22,26,1,reported
T-CSE-FINANCE-002-A001-2026-06-23,CSE-FINANCE-002,CSE-FINANCE-002-A001,identity-logs,2026-06-23,56,1,reported
T-CSE-FINANCE-002-A001-2026-06-24,CSE-FINANCE-002,CSE-FINANCE-002-A001,identity-logs,2026-06-24,69,1,reported
T-CSE-FINANCE-002-A001-2026-06-25,CSE-FINANCE-002,CSE-FINANCE-002-A001,identity-logs,2026-06-25,42,1,reported
T-CSE-FINANCE-002-A001-2026-06-26,CSE-FINANCE-002,CSE-FINANCE-002-A001,identity-logs,2026-06-26,43,1,reported
T-CSE-FINANCE-002-A001-2026-06-27,CSE-FINANCE-002,CSE-FINANCE-002-A001,identity-logs,2026-06-27,17,1,reported
T-CSE-FINANCE-002-A001-2026-06-28,CSE-FINANCE-002,CSE-FINANCE-002-A001,identity-logs,2026-06-28,53,1,reported
T-CSE-FINANCE-002-A001-2026-06-29,CSE-FINANCE-002,CSE-FINANCE-002-A001,identity-logs,2026-06-29,60,1,reported
T-CSE-FINANCE-002-A001-2026-06-30,CSE-FINANCE-002,CSE-FINANCE-002-A001,identity-logs,2026-06-30,26,1,reported
T-CSE-FINANCE-002-A001-2026-07-01,CSE-FINANCE-002,CSE-FINANCE-002-A001,identity-logs,2026-07-01,61,1,reported
T-CSE-FINANCE-002-A001-2026-07-02,CSE-FINANCE-002,CSE-FINANCE-002-A001,identity-logs,2026-07-02,44,1,reported
T-CSE-FINANCE-002-A001-2026-07-03,CSE-FINANCE-002,CSE-FINANCE-002-A001,identity-logs,2026-07-03,81,1,reported
T-CSE-FINANCE-002-A001-2026-07-04,CSE-FINANCE-002,CSE-FINANCE-002-A001,identity-logs,2026-07-04,48,1,reported
T-CSE-FINANCE-002-A001-2026-07-05,CSE-FINANCE-002,CSE-FINANCE-002-A001,identity-logs,2026-07-05,15,1,reported
T-CSE-FINANCE-002-A001-2026-07-06,CSE-FINANCE-002,CSE-FINANCE-002-A001,identity-logs,2026-07-06,78,1,reported
T-CSE-FINANCE-002-A001-2026-07-07,CSE-FINANCE-002,CSE-FINANCE-002-A001,identity-logs,2026-07-07,59,1,reported
T-CSE-FINANCE-002-A001-2026-07-08,CSE-FINANCE-002,CSE-FINANCE-002-A001,identity-logs,2026-07-08,77,1,reported
T-CSE-FINANCE-002-A001-2026-07-09,CSE-FINANCE-002,CSE-FINANCE-002-A001,identity-logs,2026-07-09,77,1,reported
T-CSE-FINANCE-002-A001-2026-07-10,CSE-FINANCE-002,CSE-FINANCE-002-A001,identity-logs,2026-07-10,69,1,reported
T-CSE-FINANCE-002-A001-2026-07-11,CSE-FINANCE-002,CSE-FINANCE-002-A001,identity-logs,2026-07-11,74,1,reported
T-CSE-FINANCE-002-A001-2026-07-12,CSE-FINANCE-002,CSE-FINANCE-002-A001,identity-logs,2026-07-12,17,1,reported
T-CSE-FINANCE-002-A001-2026-07-13,CSE-FINANCE-002,CSE-FINANCE-002-A001,identity-logs,2026-07-13,49,1,reported
T-CSE-FINANCE-002-A001-2026-07-14,CSE-FINANCE-002,CSE-FINANCE-002-A001,identity-logs,2026-07-14,36,1,reported
T-CSE-FINANCE-002-A001-2026-07-15,CSE-FINANCE-002,CSE-FINANCE-002-A001,identity-logs,2026-07-15,53,1,reported
T-CSE-FINANCE-002-A001-2026-07-16,CSE-FINANCE-002,CSE-FINANCE-002-A001,identity-logs,2026-07-16,77,1,reported
T-CSE-FINANCE-002-A001-2026-07-17,CSE-FINANCE-002,CSE-FINANCE-002-A001,identity-logs,2026-07-17,22,1,reported
T-CSE-FINANCE-002-A001-2026-07-18,CSE-FINANCE-002,CSE-FINANCE-002-A001,identity-logs,2026-07-18,24,1,reported
T-CSE-FINANCE-002-A001-2026-07-19,CSE-FINANCE-002,CSE-FINANCE-002-A001,identity-logs,2026-07-19,33,1,reported
T-CSE-FINANCE-002-A001-2026-07-20,CSE-FINANCE-002,CSE-FINANCE-002-A001,identity-logs,2026-07-20,80,1,reported
T-CSE-FINANCE-002-A001-2026-07-21,CSE-FINANCE-002,CSE-FINANCE-002-A001,identity-logs,2026-07-21,80,1,reported
T-CSE-FINANCE-002-A001-2026-07-22,CSE-FINANCE-002,CSE-FINANCE-002-A001,identity-logs,2026-07-22,12,1,reported
T-CSE-FINANCE-002-A001-2026-07-23,CSE-FINANCE-002,CSE-FINANCE-002-A001,identity-logs,2026-07-23,20,1,reported
T-CSE-FINANCE-002-A001-2026-07-24,CSE-FINANCE-002,CSE-FINANCE-002-A001,identity-logs,2026-07-24,38,1,reported
T-CSE-FINANCE-002-A001-2026-07-25,CSE-FINANCE-002,CSE-FINANCE-002-A001,identity-logs,2026-07-25,39,1,reported
T-CSE-FINANCE-002-A001-2026-07-26,CSE-FINANCE-002,CSE-FINANCE-002-A001,identity-logs,2026-07-26,66,1,reported
T-CSE-FINANCE-002-A001-2026-07-27,CSE-FINANCE-002,CSE-FINANCE-002-A001,identity-logs,2026-07-27,25,1,reported
T-CSE-FINANCE-002-A001-2026-07-28,CSE-FINANCE-002,CSE-FINANCE-002-A001,identity-logs,2026-07-28,38,1,reported
T-CSE-FINANCE-002-A001-2026-07-29,CSE-FINANCE-002,CSE-FINANCE-002-A001,identity-logs,2026-07-29,80,1,reported
T-CSE-FINANCE-002-A001-2026-07-30,CSE-FINANCE-002,CSE-FINANCE-002-A001,identity-logs,2026-07-30,67,1,reported
T-CSE-FINANCE-002-A001-2026-07-31,CSE-FINANCE-002,CSE-FINANCE-002-A001,identity-logs,2026-07-31,21,1,reported
T-CSE-FINANCE-002-A001-2026-08-01,CSE-FINANCE-002,CSE-FINANCE-002-A001,identity-logs,2026-08-01,31,1,reported
T-CSE-FINANCE-002-A001-2026-08-02,CSE-FINANCE-002,CSE-FINANCE-002-A001,identity-logs,2026-08-02,15,1,reported
T-CSE-FINANCE-002-A001-2026-08-03,CSE-FINANCE-002,CSE-FINANCE-002-A001,identity-logs,2026-08-03,70,1,reported
T-CSE-FINANCE-002-A001-2026-08-04,CSE-FINANCE-002,CSE-FINANCE-002-A001,identity-logs,2026-08-04,54,1,reported
T-CSE-FINANCE-002-A001-2026-08-05,CSE-FINANCE-002,CSE-FINANCE-002-A001,identity-logs,2026-08-05,16,1,reported
T-CSE-FINANCE-002-A001-2026-08-06,CSE-FINANCE-002,CSE-FINANCE-002-A001,identity-logs,2026-08-06,23,1,reported
T-CSE-FINANCE-002-A001-2026-08-07,CSE-FINANCE-002,CSE-FINANCE-002-A001,identity-logs,2026-08-07,21,1,reported
T-CSE-FINANCE-002-A001-2026-08-08,CSE-FINANCE-002,CSE-FINANCE-002-A001,identity-logs,2026-08-08,18,1,reported
T-CSE-FINANCE-002-A001-2026-08-09,CSE-FINANCE-002,CSE-FINANCE-002-A001,identity-logs,2026-08-09,34,1,reported
T-CSE-FINANCE-002-A001-2026-08-10,CSE-FINANCE-002,CSE-FINANCE-002-A001,identity-logs,2026-08-10,44,1,reported
T-CSE-FINANCE-002-A001-2026-08-11,CSE-FINANCE-002,CSE-FINANCE-002-A001,identity-logs,2026-08-11,83,1,reported
T-CSE-FINANCE-002-A001-2026-08-12,CSE-FINANCE-002,CSE-FINANCE-002-A001,identity-logs,2026-08-12,21,1,reported
T-CSE-FINANCE-002-A001-2026-08-13,CSE-FINANCE-002,CSE-FINANCE-002-A001,identity-logs,2026-08-13,85,1,reported
T-CSE-FINANCE-002-A001-2026-08-14,CSE-FINANCE-002,CSE-FINANCE-002-A001,identity-logs,2026-08-14,41,1,reported
T-CSE-FINANCE-002-A001-2026-08-15,CSE-FINANCE-002,CSE-FINANCE-002-A001,identity-logs,2026-08-15,45,1,reported
T-CSE-FINANCE-002-A001-2026-08-16,CSE-FINANCE-002,CSE-FINANCE-002-A001,identity-logs,2026-08-16,64,1,reported
T-CSE-FINANCE-002-A001-2026-08-17,CSE-FINANCE-002,CSE-FINANCE-002-A001,identity-logs,2026-08-17,61,1,reported
T-CSE-FINANCE-002-A001-2026-08-18,CSE-FINANCE-002,CSE-FINANCE-002-A001,identity-logs,2026-08-18,69,1,reported
T-CSE-FINANCE-002-A001-2026-08-19,CSE-FINANCE-002,CSE-FINANCE-002-A001,identity-logs,2026-08-19,63,1,reported
T-CSE-FINANCE-002-A001-2026-08-20,CSE-FINANCE-002,CSE-FINANCE-002-A001,identity-logs,2026-08-20,67,1,reported
T-CSE-FINANCE-002-A001-2026-08-21,CSE-FINANCE-002,CSE-FINANCE-002-A001,identity-logs,2026-08-21,52,1,reported
T-CSE-FINANCE-002-A001-2026-08-22,CSE-FINANCE-002,CSE-FINANCE-002-A001,identity-logs,2026-08-22,14,1,reported
T-CSE-FINANCE-002-A001-2026-08-23,CSE-FINANCE-002,CSE-FINANCE-002-A001,identity-logs,2026-08-23,61,1,reported
T-CSE-FINANCE-002-A001-2026-08-24,CSE-FINANCE-002,CSE-FINANCE-002-A001,identity-logs,2026-08-24,27,1,reported
T-CSE-FINANCE-002-A001-2026-08-25,CSE-FINANCE-002,CSE-FINANCE-002-A001,identity-logs,2026-08-25,80,1,reported
T-CSE-FINANCE-002-A001-2026-08-26,CSE-FINANCE-002,CSE-FINANCE-002-A001,identity-logs,2026-08-26,12,1,reported
T-CSE-FINANCE-002-A001-2026-08-27,CSE-FINANCE-002,CSE-FINANCE-002-A001,identity-logs,2026-08-27,20,1,reported
T-CSE-FINANCE-002-A001-2026-08-28,CSE-FINANCE-002,CSE-FINANCE-002-A001,identity-logs,2026-08-28,86,1,reported
T-CSE-FINANCE-002-A001-2026-08-29,CSE-FINANCE-002,CSE-FINANCE-002-A001,identity-logs,2026-08-29,17,1,reported
T-CSE-FINANCE-002-A001-2026-08-30,CSE-FINANCE-002,CSE-FINANCE-002-A001,identity-logs,2026-08-30,21,1,reported
T-CSE-FINANCE-002-A001-2026-08-31,CSE-FINANCE-002,CSE-FINANCE-002-A001,identity-logs,2026-08-31,57,1,reported
T-CSE-FINANCE-002-A002-2026-06-03,CSE-FINANCE-002,CSE-FINANCE-002-A002,endpoint-events,2026-06-03,76,1,reported
T-CSE-FINANCE-002-A002-2026-06-04,CSE-FINANCE-002,CSE-FINANCE-002-A002,endpoint-events,2026-06-04,25,1,reported
T-CSE-FINANCE-002-A002-2026-06-05,CSE-FINANCE-002,CSE-FINANCE-002-A002,endpoint-events,2026-06-05,49,1,reported
T-CSE-FINANCE-002-A002-2026-06-06,CSE-FINANCE-002,CSE-FINANCE-002-A002,endpoint-events,2026-06-06,50,1,reported
T-CSE-FINANCE-002-A002-2026-06-07,CSE-FINANCE-002,CSE-FINANCE-002-A002,endpoint-events,2026-06-07,89,1,reported
T-CSE-FINANCE-002-A002-2026-06-08,CSE-FINANCE-002,CSE-FINANCE-002-A002,endpoint-events,2026-06-08,23,1,reported
T-CSE-FINANCE-002-A002-2026-06-09,CSE-FINANCE-002,CSE-FINANCE-002-A002,endpoint-events,2026-06-09,48,1,reported
T-CSE-FINANCE-002-A002-2026-06-10,CSE-FINANCE-002,CSE-FINANCE-002-A002,endpoint-events,2026-06-10,68,1,reported
T-CSE-FINANCE-002-A002-2026-06-11,CSE-FINANCE-002,CSE-FINANCE-002-A002,endpoint-events,2026-06-11,60,1,reported
T-CSE-FINANCE-002-A002-2026-06-12,CSE-FINANCE-002,CSE-FINANCE-002-A002,endpoint-events,2026-06-12,62,1,reported
T-CSE-FINANCE-002-A002-2026-06-13,CSE-FINANCE-002,CSE-FINANCE-002-A002,endpoint-events,2026-06-13,15,1,reported
T-CSE-FINANCE-002-A002-2026-06-14,CSE-FINANCE-002,CSE-FINANCE-002-A002,endpoint-events,2026-06-14,72,1,reported
T-CSE-FINANCE-002-A002-2026-06-15,CSE-FINANCE-002,CSE-FINANCE-002-A002,endpoint-events,2026-06-15,32,1,reported
T-CSE-FINANCE-002-A002-2026-06-16,CSE-FINANCE-002,CSE-FINANCE-002-A002,endpoint-events,2026-06-16,80,1,reported
T-CSE-FINANCE-002-A002-2026-06-17,CSE-FINANCE-002,CSE-FINANCE-002-A002,endpoint-events,2026-06-17,40,1,reported
T-CSE-FINANCE-002-A002-2026-06-18,CSE-FINANCE-002,CSE-FINANCE-002-A002,endpoint-events,2026-06-18,29,1,reported
T-CSE-FINANCE-002-A002-2026-06-19,CSE-FINANCE-002,CSE-FINANCE-002-A002,endpoint-events,2026-06-19,62,1,reported
T-CSE-FINANCE-002-A002-2026-06-20,CSE-FINANCE-002,CSE-FINANCE-002-A002,endpoint-events,2026-06-20,81,1,reported
T-CSE-FINANCE-002-A002-2026-06-21,CSE-FINANCE-002,CSE-FINANCE-002-A002,endpoint-events,2026-06-21,49,1,reported
T-CSE-FINANCE-002-A002-2026-06-22,CSE-FINANCE-002,CSE-FINANCE-002-A002,endpoint-events,2026-06-22,30,1,reported
T-CSE-FINANCE-002-A002-2026-06-23,CSE-FINANCE-002,CSE-FINANCE-002-A002,endpoint-events,2026-06-23,50,1,reported
T-CSE-FINANCE-002-A002-2026-06-24,CSE-FINANCE-002,CSE-FINANCE-002-A002,endpoint-events,2026-06-24,59,1,reported
T-CSE-FINANCE-002-A002-2026-06-25,CSE-FINANCE-002,CSE-FINANCE-002-A002,endpoint-events,2026-06-25,13,1,reported
T-CSE-FINANCE-002-A002-2026-06-26,CSE-FINANCE-002,CSE-FINANCE-002-A002,endpoint-events,2026-06-26,82,1,reported
T-CSE-FINANCE-002-A002-2026-06-27,CSE-FINANCE-002,CSE-FINANCE-002-A002,endpoint-events,2026-06-27,83,1,reported
T-CSE-FINANCE-002-A002-2026-06-28,CSE-FINANCE-002,CSE-FINANCE-002-A002,endpoint-events,2026-06-28,30,1,reported
T-CSE-FINANCE-002-A002-2026-06-29,CSE-FINANCE-002,CSE-FINANCE-002-A002,endpoint-events,2026-06-29,27,1,reported
T-CSE-FINANCE-002-A002-2026-06-30,CSE-FINANCE-002,CSE-FINANCE-002-A002,endpoint-events,2026-06-30,17,1,reported
T-CSE-FINANCE-002-A002-2026-07-01,CSE-FINANCE-002,CSE-FINANCE-002-A002,endpoint-events,2026-07-01,12,1,reported
T-CSE-FINANCE-002-A002-2026-07-02,CSE-FINANCE-002,CSE-FINANCE-002-A002,endpoint-events,2026-07-02,85,1,reported
T-CSE-FINANCE-002-A002-2026-07-03,CSE-FINANCE-002,CSE-FINANCE-002-A002,endpoint-events,2026-07-03,88,1,reported
T-CSE-FINANCE-002-A002-2026-07-04,CSE-FINANCE-002,CSE-FINANCE-002-A002,endpoint-events,2026-07-04,62,1,reported
T-CSE-FINANCE-002-A002-2026-07-05,CSE-FINANCE-002,CSE-FINANCE-002-A002,endpoint-events,2026-07-05,80,1,reported
T-CSE-FINANCE-002-A002-2026-07-06,CSE-FINANCE-002,CSE-FINANCE-002-A002,endpoint-events,2026-07-06,82,1,reported
T-CSE-FINANCE-002-A002-2026-07-07,CSE-FINANCE-002,CSE-FINANCE-002-A002,endpoint-events,2026-07-07,22,1,reported
T-CSE-FINANCE-002-A002-2026-07-08,CSE-FINANCE-002,CSE-FINANCE-002-A002,endpoint-events,2026-07-08,51,1,reported
T-CSE-FINANCE-002-A002-2026-07-09,CSE-FINANCE-002,CSE-FINANCE-002-A002,endpoint-events,2026-07-09,38,1,reported
T-CSE-FINANCE-002-A002-2026-07-10,CSE-FINANCE-002,CSE-FINANCE-002-A002,endpoint-events,2026-07-10,56,1,reported
T-CSE-FINANCE-002-A002-2026-07-11,CSE-FINANCE-002,CSE-FINANCE-002-A002,endpoint-events,2026-07-11,39,1,reported
T-CSE-FINANCE-002-A002-2026-07-12,CSE-FINANCE-002,CSE-FINANCE-002-A002,endpoint-events,2026-07-12,64,1,reported
T-CSE-FINANCE-002-A002-2026-07-13,CSE-FINANCE-002,CSE-FINANCE-002-A002,endpoint-events,2026-07-13,77,1,reported
T-CSE-FINANCE-002-A002-2026-07-14,CSE-FINANCE-002,CSE-FINANCE-002-A002,endpoint-events,2026-07-14,30,1,reported
T-CSE-FINANCE-002-A002-2026-07-15,CSE-FINANCE-002,CSE-FINANCE-002-A002,endpoint-events,2026-07-15,32,1,reported
T-CSE-FINANCE-002-A002-2026-07-16,CSE-FINANCE-002,CSE-FINANCE-002-A002,endpoint-events,2026-07-16,35,1,reported
T-CSE-FINANCE-002-A002-2026-07-17,CSE-FINANCE-002,CSE-FINANCE-002-A002,endpoint-events,2026-07-17,40,1,reported
T-CSE-FINANCE-002-A002-2026-07-18,CSE-FINANCE-002,CSE-FINANCE-002-A002,endpoint-events,2026-07-18,44,1,reported
T-CSE-FINANCE-002-A002-2026-07-19,CSE-FINANCE-002,CSE-FINANCE-002-A002,endpoint-events,2026-07-19,36,1,reported
T-CSE-FINANCE-002-A002-2026-07-20,CSE-FINANCE-002,CSE-FINANCE-002-A002,endpoint-events,2026-07-20,26,1,reported
T-CSE-FINANCE-002-A002-2026-07-21,CSE-FINANCE-002,CSE-FINANCE-002-A002,endpoint-events,2026-07-21,35,1,reported
T-CSE-FINANCE-002-A002-2026-07-22,CSE-FINANCE-002,CSE-FINANCE-002-A002,endpoint-events,2026-07-22,84,1,reported
T-CSE-FINANCE-002-A002-2026-07-23,CSE-FINANCE-002,CSE-FINANCE-002-A002,endpoint-events,2026-07-23,18,1,reported
T-CSE-FINANCE-002-A002-2026-07-24,CSE-FINANCE-002,CSE-FINANCE-002-A002,endpoint-events,2026-07-24,82,1,reported
T-CSE-FINANCE-002-A002-2026-07-25,CSE-FINANCE-002,CSE-FINANCE-002-A002,endpoint-events,2026-07-25,71,1,reported
T-CSE-FINANCE-002-A002-2026-07-26,CSE-FINANCE-002,CSE-FINANCE-002-A002,endpoint-events,2026-07-26,82,1,reported
T-CSE-FINANCE-002-A002-2026-07-27,CSE-FINANCE-002,CSE-FINANCE-002-A002,endpoint-events,2026-07-27,21,1,reported
T-CSE-FINANCE-002-A002-2026-07-28,CSE-FINANCE-002,CSE-FINANCE-002-A002,endpoint-events,2026-07-28,49,1,reported
T-CSE-FINANCE-002-A002-2026-07-29,CSE-FINANCE-002,CSE-FINANCE-002-A002,endpoint-events,2026-07-29,20,1,reported
T-CSE-FINANCE-002-A002-2026-07-30,CSE-FINANCE-002,CSE-FINANCE-002-A002,endpoint-events,2026-07-30,44,1,reported
T-CSE-FINANCE-002-A002-2026-07-31,CSE-FINANCE-002,CSE-FINANCE-002-A002,endpoint-events,2026-07-31,24,1,reported
T-CSE-FINANCE-002-A002-2026-08-01,CSE-FINANCE-002,CSE-FINANCE-002-A002,endpoint-events,2026-08-01,37,1,reported
T-CSE-FINANCE-002-A002-2026-08-02,CSE-FINANCE-002,CSE-FINANCE-002-A002,endpoint-events,2026-08-02,86,1,reported
T-CSE-FINANCE-002-A002-2026-08-03,CSE-FINANCE-002,CSE-FINANCE-002-A002,endpoint-events,2026-08-03,74,1,reported
T-CSE-FINANCE-002-A002-2026-08-04,CSE-FINANCE-002,CSE-FINANCE-002-A002,endpoint-events,2026-08-04,54,1,reported
T-CSE-FINANCE-002-A002-2026-08-05,CSE-FINANCE-002,CSE-FINANCE-002-A002,endpoint-events,2026-08-05,57,1,reported
T-CSE-FINANCE-002-A002-2026-08-06,CSE-FINANCE-002,CSE-FINANCE-002-A002,endpoint-events,2026-08-06,28,1,reported
T-CSE-FINANCE-002-A002-2026-08-07,CSE-FINANCE-002,CSE-FINANCE-002-A002,endpoint-events,2026-08-07,42,1,reported
T-CSE-FINANCE-002-A002-2026-08-08,CSE-FINANCE-002,CSE-FINANCE-002-A002,endpoint-events,2026-08-08,24,1,reported
T-CSE-FINANCE-002-A002-2026-08-09,CSE-FINANCE-002,CSE-FINANCE-002-A002,endpoint-events,2026-08-09,48,1,reported
T-CSE-FINANCE-002-A002-2026-08-10,CSE-FINANCE-002,CSE-FINANCE-002-A002,endpoint-events,2026-08-10,20,1,reported
T-CSE-FINANCE-002-A002-2026-08-11,CSE-FINANCE-002,CSE-FINANCE-002-A002,endpoint-events,2026-08-11,36,1,reported
T-CSE-FINANCE-002-A002-2026-08-12,CSE-FINANCE-002,CSE-FINANCE-002-A002,endpoint-events,2026-08-12,52,1,reported
T-CSE-FINANCE-002-A002-2026-08-13,CSE-FINANCE-002,CSE-FINANCE-002-A002,endpoint-events,2026-08-13,74,1,reported
T-CSE-FINANCE-002-A002-2026-08-14,CSE-FINANCE-002,CSE-FINANCE-002-A002,endpoint-events,2026-08-14,69,1,reported
T-CSE-FINANCE-002-A002-2026-08-15,CSE-FINANCE-002,CSE-FINANCE-002-A002,endpoint-events,2026-08-15,54,1,reported
T-CSE-FINANCE-002-A002-2026-08-16,CSE-FINANCE-002,CSE-FINANCE-002-A002,endpoint-events,2026-08-16,51,1,reported
T-CSE-FINANCE-002-A002-2026-08-17,CSE-FINANCE-002,CSE-FINANCE-002-A002,endpoint-events,2026-08-17,86,1,reported
T-CSE-FINANCE-002-A002-2026-08-18,CSE-FINANCE-002,CSE-FINANCE-002-A002,endpoint-events,2026-08-18,31,1,reported
T-CSE-FINANCE-002-A002-2026-08-19,CSE-FINANCE-002,CSE-FINANCE-002-A002,endpoint-events,2026-08-19,84,1,reported
T-CSE-FINANCE-002-A002-2026-08-20,CSE-FINANCE-002,CSE-FINANCE-002-A002,endpoint-events,2026-08-20,84,1,reported
T-CSE-FINANCE-002-A002-2026-08-21,CSE-FINANCE-002,CSE-FINANCE-002-A002,endpoint-events,2026-08-21,58,1,reported
T-CSE-FINANCE-002-A002-2026-08-22,CSE-FINANCE-002,CSE-FINANCE-002-A002,endpoint-events,2026-08-22,52,1,reported
T-CSE-FINANCE-002-A002-2026-08-23,CSE-FINANCE-002,CSE-FINANCE-002-A002,endpoint-events,2026-08-23,66,1,reported
T-CSE-FINANCE-002-A002-2026-08-24,CSE-FINANCE-002,CSE-FINANCE-002-A002,endpoint-events,2026-08-24,33,1,reported
T-CSE-FINANCE-002-A002-2026-08-25,CSE-FINANCE-002,CSE-FINANCE-002-A002,endpoint-events,2026-08-25,12,1,reported
T-CSE-FINANCE-002-A002-2026-08-26,CSE-FINANCE-002,CSE-FINANCE-002-A002,endpoint-events,2026-08-26,52,1,reported
T-CSE-FINANCE-002-A002-2026-08-27,CSE-FINANCE-002,CSE-FINANCE-002-A002,endpoint-events,2026-08-27,43,1,reported
T-CSE-FINANCE-002-A002-2026-08-28,CSE-FINANCE-002,CSE-FINANCE-002-A002,endpoint-events,2026-08-28,40,1,reported
T-CSE-FINANCE-002-A002-2026-08-29,CSE-FINANCE-002,CSE-FINANCE-002-A002,endpoint-events,2026-08-29,67,1,reported
T-CSE-FINANCE-002-A002-2026-08-30,CSE-FINANCE-002,CSE-FINANCE-002-A002,endpoint-events,2026-08-30,47,1,reported
T-CSE-FINANCE-002-A002-2026-08-31,CSE-FINANCE-002,CSE-FINANCE-002-A002,endpoint-events,2026-08-31,58,1,reported
T-CSE-FINANCE-002-A003-2026-06-03,CSE-FINANCE-002,CSE-FINANCE-002-A003,identity-logs,2026-06-03,29,1,reported
T-CSE-FINANCE-002-A003-2026-06-04,CSE-FINANCE-002,CSE-FINANCE-002-A003,identity-logs,2026-06-04,54,1,reported
T-CSE-FINANCE-002-A003-2026-06-05,CSE-FINANCE-002,CSE-FINANCE-002-A003,identity-logs,2026-06-05,73,1,reported
T-CSE-FINANCE-002-A003-2026-06-06,CSE-FINANCE-002,CSE-FINANCE-002-A003,identity-logs,2026-06-06,71,1,reported
T-CSE-FINANCE-002-A003-2026-06-07,CSE-FINANCE-002,CSE-FINANCE-002-A003,identity-logs,2026-06-07,69,1,reported
T-CSE-FINANCE-002-A003-2026-06-08,CSE-FINANCE-002,CSE-FINANCE-002-A003,identity-logs,2026-06-08,57,1,reported
T-CSE-FINANCE-002-A003-2026-06-09,CSE-FINANCE-002,CSE-FINANCE-002-A003,identity-logs,2026-06-09,51,1,reported
T-CSE-FINANCE-002-A003-2026-06-10,CSE-FINANCE-002,CSE-FINANCE-002-A003,identity-logs,2026-06-10,74,1,reported
T-CSE-FINANCE-002-A003-2026-06-11,CSE-FINANCE-002,CSE-FINANCE-002-A003,identity-logs,2026-06-11,82,1,reported
T-CSE-FINANCE-002-A003-2026-06-12,CSE-FINANCE-002,CSE-FINANCE-002-A003,identity-logs,2026-06-12,25,1,reported
T-CSE-FINANCE-002-A003-2026-06-13,CSE-FINANCE-002,CSE-FINANCE-002-A003,identity-logs,2026-06-13,34,1,reported
T-CSE-FINANCE-002-A003-2026-06-14,CSE-FINANCE-002,CSE-FINANCE-002-A003,identity-logs,2026-06-14,89,1,reported
T-CSE-FINANCE-002-A003-2026-06-15,CSE-FINANCE-002,CSE-FINANCE-002-A003,identity-logs,2026-06-15,22,1,reported
T-CSE-FINANCE-002-A003-2026-06-16,CSE-FINANCE-002,CSE-FINANCE-002-A003,identity-logs,2026-06-16,47,1,reported
T-CSE-FINANCE-002-A003-2026-06-17,CSE-FINANCE-002,CSE-FINANCE-002-A003,identity-logs,2026-06-17,29,1,reported
T-CSE-FINANCE-002-A003-2026-06-18,CSE-FINANCE-002,CSE-FINANCE-002-A003,identity-logs,2026-06-18,80,1,reported
T-CSE-FINANCE-002-A003-2026-06-19,CSE-FINANCE-002,CSE-FINANCE-002-A003,identity-logs,2026-06-19,37,1,reported
T-CSE-FINANCE-002-A003-2026-06-20,CSE-FINANCE-002,CSE-FINANCE-002-A003,identity-logs,2026-06-20,45,1,reported
T-CSE-FINANCE-002-A003-2026-06-21,CSE-FINANCE-002,CSE-FINANCE-002-A003,identity-logs,2026-06-21,21,1,reported
T-CSE-FINANCE-002-A003-2026-06-22,CSE-FINANCE-002,CSE-FINANCE-002-A003,identity-logs,2026-06-22,21,1,reported
T-CSE-FINANCE-002-A003-2026-06-23,CSE-FINANCE-002,CSE-FINANCE-002-A003,identity-logs,2026-06-23,14,1,reported
T-CSE-FINANCE-002-A003-2026-06-24,CSE-FINANCE-002,CSE-FINANCE-002-A003,identity-logs,2026-06-24,76,1,reported
T-CSE-FINANCE-002-A003-2026-06-25,CSE-FINANCE-002,CSE-FINANCE-002-A003,identity-logs,2026-06-25,15,1,reported
T-CSE-FINANCE-002-A003-2026-06-26,CSE-FINANCE-002,CSE-FINANCE-002-A003,identity-logs,2026-06-26,86,1,reported
T-CSE-FINANCE-002-A003-2026-06-27,CSE-FINANCE-002,CSE-FINANCE-002-A003,identity-logs,2026-06-27,86,1,reported
T-CSE-FINANCE-002-A003-2026-06-28,CSE-FINANCE-002,CSE-FINANCE-002-A003,identity-logs,2026-06-28,63,1,reported
T-CSE-FINANCE-002-A003-2026-06-29,CSE-FINANCE-002,CSE-FINANCE-002-A003,identity-logs,2026-06-29,87,1,reported
T-CSE-FINANCE-002-A003-2026-06-30,CSE-FINANCE-002,CSE-FINANCE-002-A003,identity-logs,2026-06-30,39,1,reported
T-CSE-FINANCE-002-A003-2026-07-01,CSE-FINANCE-002,CSE-FINANCE-002-A003,identity-logs,2026-07-01,16,1,reported
T-CSE-FINANCE-002-A003-2026-07-02,CSE-FINANCE-002,CSE-FINANCE-002-A003,identity-logs,2026-07-02,82,1,reported
T-CSE-FINANCE-002-A003-2026-07-03,CSE-FINANCE-002,CSE-FINANCE-002-A003,identity-logs,2026-07-03,45,1,reported
T-CSE-FINANCE-002-A003-2026-07-04,CSE-FINANCE-002,CSE-FINANCE-002-A003,identity-logs,2026-07-04,81,1,reported
T-CSE-FINANCE-002-A003-2026-07-05,CSE-FINANCE-002,CSE-FINANCE-002-A003,identity-logs,2026-07-05,81,1,reported
T-CSE-FINANCE-002-A003-2026-07-06,CSE-FINANCE-002,CSE-FINANCE-002-A003,identity-logs,2026-07-06,72,1,reported
T-CSE-FINANCE-002-A003-2026-07-07,CSE-FINANCE-002,CSE-FINANCE-002-A003,identity-logs,2026-07-07,31,1,reported
T-CSE-FINANCE-002-A003-2026-07-08,CSE-FINANCE-002,CSE-FINANCE-002-A003,identity-logs,2026-07-08,58,1,reported
T-CSE-FINANCE-002-A003-2026-07-09,CSE-FINANCE-002,CSE-FINANCE-002-A003,identity-logs,2026-07-09,62,1,reported
T-CSE-FINANCE-002-A003-2026-07-10,CSE-FINANCE-002,CSE-FINANCE-002-A003,identity-logs,2026-07-10,40,1,reported
T-CSE-FINANCE-002-A003-2026-07-11,CSE-FINANCE-002,CSE-FINANCE-002-A003,identity-logs,2026-07-11,87,1,reported
T-CSE-FINANCE-002-A003-2026-07-12,CSE-FINANCE-002,CSE-FINANCE-002-A003,identity-logs,2026-07-12,49,1,reported
T-CSE-FINANCE-002-A003-2026-07-13,CSE-FINANCE-002,CSE-FINANCE-002-A003,identity-logs,2026-07-13,29,1,reported
T-CSE-FINANCE-002-A003-2026-07-14,CSE-FINANCE-002,CSE-FINANCE-002-A003,identity-logs,2026-07-14,71,1,reported
T-CSE-FINANCE-002-A003-2026-07-15,CSE-FINANCE-002,CSE-FINANCE-002-A003,identity-logs,2026-07-15,76,1,reported
T-CSE-FINANCE-002-A003-2026-07-16,CSE-FINANCE-002,CSE-FINANCE-002-A003,identity-logs,2026-07-16,77,1,reported
T-CSE-FINANCE-002-A003-2026-07-17,CSE-FINANCE-002,CSE-FINANCE-002-A003,identity-logs,2026-07-17,23,1,reported
T-CSE-FINANCE-002-A003-2026-07-18,CSE-FINANCE-002,CSE-FINANCE-002-A003,identity-logs,2026-07-18,62,1,reported
T-CSE-FINANCE-002-A003-2026-07-19,CSE-FINANCE-002,CSE-FINANCE-002-A003,identity-logs,2026-07-19,58,1,reported
T-CSE-FINANCE-002-A003-2026-07-20,CSE-FINANCE-002,CSE-FINANCE-002-A003,identity-logs,2026-07-20,76,1,reported
T-CSE-FINANCE-002-A003-2026-07-21,CSE-FINANCE-002,CSE-FINANCE-002-A003,identity-logs,2026-07-21,13,1,reported
T-CSE-FINANCE-002-A003-2026-07-22,CSE-FINANCE-002,CSE-FINANCE-002-A003,identity-logs,2026-07-22,42,1,reported
T-CSE-FINANCE-002-A003-2026-07-23,CSE-FINANCE-002,CSE-FINANCE-002-A003,identity-logs,2026-07-23,33,1,reported
T-CSE-FINANCE-002-A003-2026-07-24,CSE-FINANCE-002,CSE-FINANCE-002-A003,identity-logs,2026-07-24,77,1,reported
T-CSE-FINANCE-002-A003-2026-07-25,CSE-FINANCE-002,CSE-FINANCE-002-A003,identity-logs,2026-07-25,29,1,reported
T-CSE-FINANCE-002-A003-2026-07-26,CSE-FINANCE-002,CSE-FINANCE-002-A003,identity-logs,2026-07-26,69,1,reported
T-CSE-FINANCE-002-A003-2026-07-27,CSE-FINANCE-002,CSE-FINANCE-002-A003,identity-logs,2026-07-27,32,1,reported
T-CSE-FINANCE-002-A003-2026-07-28,CSE-FINANCE-002,CSE-FINANCE-002-A003,identity-logs,2026-07-28,34,1,reported
T-CSE-FINANCE-002-A003-2026-07-29,CSE-FINANCE-002,CSE-FINANCE-002-A003,identity-logs,2026-07-29,84,1,reported
T-CSE-FINANCE-002-A003-2026-07-30,CSE-FINANCE-002,CSE-FINANCE-002-A003,identity-logs,2026-07-30,84,1,reported
T-CSE-FINANCE-002-A003-2026-07-31,CSE-FINANCE-002,CSE-FINANCE-002-A003,identity-logs,2026-07-31,30,1,reported
T-CSE-FINANCE-002-A003-2026-08-01,CSE-FINANCE-002,CSE-FINANCE-002-A003,identity-logs,2026-08-01,73,1,reported
T-CSE-FINANCE-002-A003-2026-08-02,CSE-FINANCE-002,CSE-FINANCE-002-A003,identity-logs,2026-08-02,57,1,reported
T-CSE-FINANCE-002-A003-2026-08-03,CSE-FINANCE-002,CSE-FINANCE-002-A003,identity-logs,2026-08-03,17,1,reported
T-CSE-FINANCE-002-A003-2026-08-04,CSE-FINANCE-002,CSE-FINANCE-002-A003,identity-logs,2026-08-04,40,1,reported
T-CSE-FINANCE-002-A003-2026-08-05,CSE-FINANCE-002,CSE-FINANCE-002-A003,identity-logs,2026-08-05,74,1,reported
T-CSE-FINANCE-002-A003-2026-08-06,CSE-FINANCE-002,CSE-FINANCE-002-A003,identity-logs,2026-08-06,41,1,reported
T-CSE-FINANCE-002-A003-2026-08-07,CSE-FINANCE-002,CSE-FINANCE-002-A003,identity-logs,2026-08-07,20,1,reported
T-CSE-FINANCE-002-A003-2026-08-08,CSE-FINANCE-002,CSE-FINANCE-002-A003,identity-logs,2026-08-08,45,1,reported
T-CSE-FINANCE-002-A003-2026-08-09,CSE-FINANCE-002,CSE-FINANCE-002-A003,identity-logs,2026-08-09,59,1,reported
T-CSE-FINANCE-002-A003-2026-08-10,CSE-FINANCE-002,CSE-FINANCE-002-A003,identity-logs,2026-08-10,41,1,reported
T-CSE-FINANCE-002-A003-2026-08-11,CSE-FINANCE-002,CSE-FINANCE-002-A003,identity-logs,2026-08-11,17,1,reported
T-CSE-FINANCE-002-A003-2026-08-12,CSE-FINANCE-002,CSE-FINANCE-002-A003,identity-logs,2026-08-12,38,1,reported
T-CSE-FINANCE-002-A003-2026-08-13,CSE-FINANCE-002,CSE-FINANCE-002-A003,identity-logs,2026-08-13,78,1,reported
T-CSE-FINANCE-002-A003-2026-08-14,CSE-FINANCE-002,CSE-FINANCE-002-A003,identity-logs,2026-08-14,58,1,reported
T-CSE-FINANCE-002-A003-2026-08-15,CSE-FINANCE-002,CSE-FINANCE-002-A003,identity-logs,2026-08-15,61,1,reported
T-CSE-FINANCE-002-A003-2026-08-16,CSE-FINANCE-002,CSE-FINANCE-002-A003,identity-logs,2026-08-16,72,1,reported
T-CSE-FINANCE-002-A003-2026-08-17,CSE-FINANCE-002,CSE-FINANCE-002-A003,identity-logs,2026-08-17,70,1,reported
T-CSE-FINANCE-002-A003-2026-08-18,CSE-FINANCE-002,CSE-FINANCE-002-A003,identity-logs,2026-08-18,17,1,reported
T-CSE-FINANCE-002-A003-2026-08-19,CSE-FINANCE-002,CSE-FINANCE-002-A003,identity-logs,2026-08-19,17,1,reported
T-CSE-FINANCE-002-A003-2026-08-20,CSE-FINANCE-002,CSE-FINANCE-002-A003,identity-logs,2026-08-20,53,1,reported
T-CSE-FINANCE-002-A003-2026-08-21,CSE-FINANCE-002,CSE-FINANCE-002-A003,identity-logs,2026-08-21,25,1,reported
T-CSE-FINANCE-002-A003-2026-08-22,CSE-FINANCE-002,CSE-FINANCE-002-A003,identity-logs,2026-08-22,78,1,reported
T-CSE-FINANCE-002-A003-2026-08-23,CSE-FINANCE-002,CSE-FINANCE-002-A003,identity-logs,2026-08-23,47,1,reported
T-CSE-FINANCE-002-A003-2026-08-24,CSE-FINANCE-002,CSE-FINANCE-002-A003,identity-logs,2026-08-24,45,1,reported
T-CSE-FINANCE-002-A003-2026-08-25,CSE-FINANCE-002,CSE-FINANCE-002-A003,identity-logs,2026-08-25,86,1,reported
T-CSE-FINANCE-002-A003-2026-08-26,CSE-FINANCE-002,CSE-FINANCE-002-A003,identity-logs,2026-08-26,81,1,reported
T-CSE-FINANCE-002-A003-2026-08-27,CSE-FINANCE-002,CSE-FINANCE-002-A003,identity-logs,2026-08-27,84,1,reported
T-CSE-FINANCE-002-A003-2026-08-28,CSE-FINANCE-002,CSE-FINANCE-002-A003,identity-logs,2026-08-28,34,1,reported
T-CSE-FINANCE-002-A003-2026-08-29,CSE-FINANCE-002,CSE-FINANCE-002-A003,identity-logs,2026-08-29,60,1,reported
T-CSE-FINANCE-002-A003-2026-08-30,CSE-FINANCE-002,CSE-FINANCE-002-A003,identity-logs,2026-08-30,60,1,reported
T-CSE-FINANCE-002-A003-2026-08-31,CSE-FINANCE-002,CSE-FINANCE-002-A003,identity-logs,2026-08-31,58,1,reported
T-CSE-FINANCE-002-A004-2026-06-03,CSE-FINANCE-002,CSE-FINANCE-002-A004,endpoint-events,2026-06-03,87,1,reported
T-CSE-FINANCE-002-A004-2026-06-04,CSE-FINANCE-002,CSE-FINANCE-002-A004,endpoint-events,2026-06-04,21,1,reported
T-CSE-FINANCE-002-A004-2026-06-05,CSE-FINANCE-002,CSE-FINANCE-002-A004,endpoint-events,2026-06-05,78,1,reported
T-CSE-FINANCE-002-A004-2026-06-06,CSE-FINANCE-002,CSE-FINANCE-002-A004,endpoint-events,2026-06-06,44,1,reported
T-CSE-FINANCE-002-A004-2026-06-07,CSE-FINANCE-002,CSE-FINANCE-002-A004,endpoint-events,2026-06-07,60,1,reported
T-CSE-FINANCE-002-A004-2026-06-08,CSE-FINANCE-002,CSE-FINANCE-002-A004,endpoint-events,2026-06-08,40,1,reported
T-CSE-FINANCE-002-A004-2026-06-09,CSE-FINANCE-002,CSE-FINANCE-002-A004,endpoint-events,2026-06-09,78,1,reported
T-CSE-FINANCE-002-A004-2026-06-10,CSE-FINANCE-002,CSE-FINANCE-002-A004,endpoint-events,2026-06-10,63,1,reported
T-CSE-FINANCE-002-A004-2026-06-11,CSE-FINANCE-002,CSE-FINANCE-002-A004,endpoint-events,2026-06-11,57,1,reported
T-CSE-FINANCE-002-A004-2026-06-12,CSE-FINANCE-002,CSE-FINANCE-002-A004,endpoint-events,2026-06-12,56,1,reported
T-CSE-FINANCE-002-A004-2026-06-13,CSE-FINANCE-002,CSE-FINANCE-002-A004,endpoint-events,2026-06-13,74,1,reported
T-CSE-FINANCE-002-A004-2026-06-14,CSE-FINANCE-002,CSE-FINANCE-002-A004,endpoint-events,2026-06-14,73,1,reported
T-CSE-FINANCE-002-A004-2026-06-15,CSE-FINANCE-002,CSE-FINANCE-002-A004,endpoint-events,2026-06-15,89,1,reported
T-CSE-FINANCE-002-A004-2026-06-16,CSE-FINANCE-002,CSE-FINANCE-002-A004,endpoint-events,2026-06-16,12,1,reported
T-CSE-FINANCE-002-A004-2026-06-17,CSE-FINANCE-002,CSE-FINANCE-002-A004,endpoint-events,2026-06-17,76,1,reported
T-CSE-FINANCE-002-A004-2026-06-18,CSE-FINANCE-002,CSE-FINANCE-002-A004,endpoint-events,2026-06-18,29,1,reported
T-CSE-FINANCE-002-A004-2026-06-19,CSE-FINANCE-002,CSE-FINANCE-002-A004,endpoint-events,2026-06-19,68,1,reported
T-CSE-FINANCE-002-A004-2026-06-20,CSE-FINANCE-002,CSE-FINANCE-002-A004,endpoint-events,2026-06-20,33,1,reported
T-CSE-FINANCE-002-A004-2026-06-21,CSE-FINANCE-002,CSE-FINANCE-002-A004,endpoint-events,2026-06-21,41,1,reported
T-CSE-FINANCE-002-A004-2026-06-22,CSE-FINANCE-002,CSE-FINANCE-002-A004,endpoint-events,2026-06-22,21,1,reported
T-CSE-FINANCE-002-A004-2026-06-23,CSE-FINANCE-002,CSE-FINANCE-002-A004,endpoint-events,2026-06-23,77,1,reported
T-CSE-FINANCE-002-A004-2026-06-24,CSE-FINANCE-002,CSE-FINANCE-002-A004,endpoint-events,2026-06-24,47,1,reported
T-CSE-FINANCE-002-A004-2026-06-25,CSE-FINANCE-002,CSE-FINANCE-002-A004,endpoint-events,2026-06-25,39,1,reported
T-CSE-FINANCE-002-A004-2026-06-26,CSE-FINANCE-002,CSE-FINANCE-002-A004,endpoint-events,2026-06-26,31,1,reported
T-CSE-FINANCE-002-A004-2026-06-27,CSE-FINANCE-002,CSE-FINANCE-002-A004,endpoint-events,2026-06-27,35,1,reported
T-CSE-FINANCE-002-A004-2026-06-28,CSE-FINANCE-002,CSE-FINANCE-002-A004,endpoint-events,2026-06-28,32,1,reported
T-CSE-FINANCE-002-A004-2026-06-29,CSE-FINANCE-002,CSE-FINANCE-002-A004,endpoint-events,2026-06-29,58,1,reported
T-CSE-FINANCE-002-A004-2026-06-30,CSE-FINANCE-002,CSE-FINANCE-002-A004,endpoint-events,2026-06-30,89,1,reported
T-CSE-FINANCE-002-A004-2026-07-01,CSE-FINANCE-002,CSE-FINANCE-002-A004,endpoint-events,2026-07-01,27,1,reported
T-CSE-FINANCE-002-A004-2026-07-02,CSE-FINANCE-002,CSE-FINANCE-002-A004,endpoint-events,2026-07-02,41,1,reported
T-CSE-FINANCE-002-A004-2026-07-03,CSE-FINANCE-002,CSE-FINANCE-002-A004,endpoint-events,2026-07-03,65,1,reported
T-CSE-FINANCE-002-A004-2026-07-04,CSE-FINANCE-002,CSE-FINANCE-002-A004,endpoint-events,2026-07-04,54,1,reported
T-CSE-FINANCE-002-A004-2026-07-05,CSE-FINANCE-002,CSE-FINANCE-002-A004,endpoint-events,2026-07-05,26,1,reported
T-CSE-FINANCE-002-A004-2026-07-06,CSE-FINANCE-002,CSE-FINANCE-002-A004,endpoint-events,2026-07-06,73,1,reported
T-CSE-FINANCE-002-A004-2026-07-07,CSE-FINANCE-002,CSE-FINANCE-002-A004,endpoint-events,2026-07-07,73,1,reported
T-CSE-FINANCE-002-A004-2026-07-08,CSE-FINANCE-002,CSE-FINANCE-002-A004,endpoint-events,2026-07-08,73,1,reported
T-CSE-FINANCE-002-A004-2026-07-09,CSE-FINANCE-002,CSE-FINANCE-002-A004,endpoint-events,2026-07-09,38,1,reported
T-CSE-FINANCE-002-A004-2026-07-10,CSE-FINANCE-002,CSE-FINANCE-002-A004,endpoint-events,2026-07-10,87,1,reported
T-CSE-FINANCE-002-A004-2026-07-11,CSE-FINANCE-002,CSE-FINANCE-002-A004,endpoint-events,2026-07-11,32,1,reported
T-CSE-FINANCE-002-A004-2026-07-12,CSE-FINANCE-002,CSE-FINANCE-002-A004,endpoint-events,2026-07-12,64,1,reported
T-CSE-FINANCE-002-A004-2026-07-13,CSE-FINANCE-002,CSE-FINANCE-002-A004,endpoint-events,2026-07-13,14,1,reported
T-CSE-FINANCE-002-A004-2026-07-14,CSE-FINANCE-002,CSE-FINANCE-002-A004,endpoint-events,2026-07-14,43,1,reported
T-CSE-FINANCE-002-A004-2026-07-15,CSE-FINANCE-002,CSE-FINANCE-002-A004,endpoint-events,2026-07-15,17,1,reported
T-CSE-FINANCE-002-A004-2026-07-16,CSE-FINANCE-002,CSE-FINANCE-002-A004,endpoint-events,2026-07-16,28,1,reported
T-CSE-FINANCE-002-A004-2026-07-17,CSE-FINANCE-002,CSE-FINANCE-002-A004,endpoint-events,2026-07-17,85,1,reported
T-CSE-FINANCE-002-A004-2026-07-18,CSE-FINANCE-002,CSE-FINANCE-002-A004,endpoint-events,2026-07-18,87,1,reported
T-CSE-FINANCE-002-A004-2026-07-19,CSE-FINANCE-002,CSE-FINANCE-002-A004,endpoint-events,2026-07-19,32,1,reported
T-CSE-FINANCE-002-A004-2026-07-20,CSE-FINANCE-002,CSE-FINANCE-002-A004,endpoint-events,2026-07-20,29,1,reported
T-CSE-FINANCE-002-A004-2026-07-21,CSE-FINANCE-002,CSE-FINANCE-002-A004,endpoint-events,2026-07-21,77,1,reported
T-CSE-FINANCE-002-A004-2026-07-22,CSE-FINANCE-002,CSE-FINANCE-002-A004,endpoint-events,2026-07-22,17,1,reported
T-CSE-FINANCE-002-A004-2026-07-23,CSE-FINANCE-002,CSE-FINANCE-002-A004,endpoint-events,2026-07-23,85,1,reported
T-CSE-FINANCE-002-A004-2026-07-24,CSE-FINANCE-002,CSE-FINANCE-002-A004,endpoint-events,2026-07-24,30,1,reported
T-CSE-FINANCE-002-A004-2026-07-25,CSE-FINANCE-002,CSE-FINANCE-002-A004,endpoint-events,2026-07-25,19,1,reported
T-CSE-FINANCE-002-A004-2026-07-26,CSE-FINANCE-002,CSE-FINANCE-002-A004,endpoint-events,2026-07-26,33,1,reported
T-CSE-FINANCE-002-A004-2026-07-27,CSE-FINANCE-002,CSE-FINANCE-002-A004,endpoint-events,2026-07-27,45,1,reported
T-CSE-FINANCE-002-A004-2026-07-28,CSE-FINANCE-002,CSE-FINANCE-002-A004,endpoint-events,2026-07-28,35,1,reported
T-CSE-FINANCE-002-A004-2026-07-29,CSE-FINANCE-002,CSE-FINANCE-002-A004,endpoint-events,2026-07-29,78,1,reported
T-CSE-FINANCE-002-A004-2026-07-30,CSE-FINANCE-002,CSE-FINANCE-002-A004,endpoint-events,2026-07-30,63,1,reported
T-CSE-FINANCE-002-A004-2026-07-31,CSE-FINANCE-002,CSE-FINANCE-002-A004,endpoint-events,2026-07-31,88,1,reported
T-CSE-FINANCE-002-A004-2026-08-01,CSE-FINANCE-002,CSE-FINANCE-002-A004,endpoint-events,2026-08-01,84,1,reported
T-CSE-FINANCE-002-A004-2026-08-02,CSE-FINANCE-002,CSE-FINANCE-002-A004,endpoint-events,2026-08-02,14,1,reported
T-CSE-FINANCE-002-A004-2026-08-03,CSE-FINANCE-002,CSE-FINANCE-002-A004,endpoint-events,2026-08-03,48,1,reported
T-CSE-FINANCE-002-A004-2026-08-04,CSE-FINANCE-002,CSE-FINANCE-002-A004,endpoint-events,2026-08-04,22,1,reported
T-CSE-FINANCE-002-A004-2026-08-05,CSE-FINANCE-002,CSE-FINANCE-002-A004,endpoint-events,2026-08-05,39,1,reported
T-CSE-FINANCE-002-A004-2026-08-06,CSE-FINANCE-002,CSE-FINANCE-002-A004,endpoint-events,2026-08-06,69,1,reported
T-CSE-FINANCE-002-A004-2026-08-07,CSE-FINANCE-002,CSE-FINANCE-002-A004,endpoint-events,2026-08-07,89,1,reported
T-CSE-FINANCE-002-A004-2026-08-08,CSE-FINANCE-002,CSE-FINANCE-002-A004,endpoint-events,2026-08-08,72,1,reported
T-CSE-FINANCE-002-A004-2026-08-09,CSE-FINANCE-002,CSE-FINANCE-002-A004,endpoint-events,2026-08-09,73,1,reported
T-CSE-FINANCE-002-A004-2026-08-10,CSE-FINANCE-002,CSE-FINANCE-002-A004,endpoint-events,2026-08-10,33,1,reported
T-CSE-FINANCE-002-A004-2026-08-11,CSE-FINANCE-002,CSE-FINANCE-002-A004,endpoint-events,2026-08-11,40,1,reported
T-CSE-FINANCE-002-A004-2026-08-12,CSE-FINANCE-002,CSE-FINANCE-002-A004,endpoint-events,2026-08-12,64,1,reported
T-CSE-FINANCE-002-A004-2026-08-13,CSE-FINANCE-002,CSE-FINANCE-002-A004,endpoint-events,2026-08-13,88,1,reported
T-CSE-FINANCE-002-A004-2026-08-14,CSE-FINANCE-002,CSE-FINANCE-002-A004,endpoint-events,2026-08-14,30,1,reported
T-CSE-FINANCE-002-A004-2026-08-15,CSE-FINANCE-002,CSE-FINANCE-002-A004,endpoint-events,2026-08-15,86,1,reported
T-CSE-FINANCE-002-A004-2026-08-16,CSE-FINANCE-002,CSE-FINANCE-002-A004,endpoint-events,2026-08-16,35,1,reported
T-CSE-FINANCE-002-A004-2026-08-17,CSE-FINANCE-002,CSE-FINANCE-002-A004,endpoint-events,2026-08-17,77,1,reported
T-CSE-FINANCE-002-A004-2026-08-18,CSE-FINANCE-002,CSE-FINANCE-002-A004,endpoint-events,2026-08-18,45,1,reported
T-CSE-FINANCE-002-A004-2026-08-19,CSE-FINANCE-002,CSE-FINANCE-002-A004,endpoint-events,2026-08-19,33,1,reported
T-CSE-FINANCE-002-A004-2026-08-20,CSE-FINANCE-002,CSE-FINANCE-002-A004,endpoint-events,2026-08-20,55,1,reported
T-CSE-FINANCE-002-A004-2026-08-21,CSE-FINANCE-002,CSE-FINANCE-002-A004,endpoint-events,2026-08-21,70,1,reported
T-CSE-FINANCE-002-A004-2026-08-22,CSE-FINANCE-002,CSE-FINANCE-002-A004,endpoint-events,2026-08-22,88,1,reported
T-CSE-FINANCE-002-A004-2026-08-23,CSE-FINANCE-002,CSE-FINANCE-002-A004,endpoint-events,2026-08-23,87,1,reported
T-CSE-FINANCE-002-A004-2026-08-24,CSE-FINANCE-002,CSE-FINANCE-002-A004,endpoint-events,2026-08-24,20,1,reported
T-CSE-FINANCE-002-A004-2026-08-25,CSE-FINANCE-002,CSE-FINANCE-002-A004,endpoint-events,2026-08-25,41,1,reported
T-CSE-FINANCE-002-A004-2026-08-26,CSE-FINANCE-002,CSE-FINANCE-002-A004,endpoint-events,2026-08-26,60,1,reported
T-CSE-FINANCE-002-A004-2026-08-27,CSE-FINANCE-002,CSE-FINANCE-002-A004,endpoint-events,2026-08-27,61,1,reported
T-CSE-FINANCE-002-A004-2026-08-28,CSE-FINANCE-002,CSE-FINANCE-002-A004,endpoint-events,2026-08-28,28,1,reported
T-CSE-FINANCE-002-A004-2026-08-29,CSE-FINANCE-002,CSE-FINANCE-002-A004,endpoint-events,2026-08-29,25,1,reported
T-CSE-FINANCE-002-A004-2026-08-30,CSE-FINANCE-002,CSE-FINANCE-002-A004,endpoint-events,2026-08-30,14,1,reported
T-CSE-FINANCE-002-A004-2026-08-31,CSE-FINANCE-002,CSE-FINANCE-002-A004,endpoint-events,2026-08-31,37,1,reported
T-CSE-FINANCE-002-A005-2026-06-03,CSE-FINANCE-002,CSE-FINANCE-002-A005,identity-logs,2026-06-03,78,1,reported
T-CSE-FINANCE-002-A005-2026-06-04,CSE-FINANCE-002,CSE-FINANCE-002-A005,identity-logs,2026-06-04,76,1,reported
T-CSE-FINANCE-002-A005-2026-06-05,CSE-FINANCE-002,CSE-FINANCE-002-A005,identity-logs,2026-06-05,65,1,reported
T-CSE-FINANCE-002-A005-2026-06-06,CSE-FINANCE-002,CSE-FINANCE-002-A005,identity-logs,2026-06-06,31,1,reported
T-CSE-FINANCE-002-A005-2026-06-07,CSE-FINANCE-002,CSE-FINANCE-002-A005,identity-logs,2026-06-07,89,1,reported
T-CSE-FINANCE-002-A005-2026-06-08,CSE-FINANCE-002,CSE-FINANCE-002-A005,identity-logs,2026-06-08,24,1,reported
T-CSE-FINANCE-002-A005-2026-06-09,CSE-FINANCE-002,CSE-FINANCE-002-A005,identity-logs,2026-06-09,34,1,reported
T-CSE-FINANCE-002-A005-2026-06-10,CSE-FINANCE-002,CSE-FINANCE-002-A005,identity-logs,2026-06-10,72,1,reported
T-CSE-FINANCE-002-A005-2026-06-11,CSE-FINANCE-002,CSE-FINANCE-002-A005,identity-logs,2026-06-11,88,1,reported
T-CSE-FINANCE-002-A005-2026-06-12,CSE-FINANCE-002,CSE-FINANCE-002-A005,identity-logs,2026-06-12,16,1,reported
T-CSE-FINANCE-002-A005-2026-06-13,CSE-FINANCE-002,CSE-FINANCE-002-A005,identity-logs,2026-06-13,80,1,reported
T-CSE-FINANCE-002-A005-2026-06-14,CSE-FINANCE-002,CSE-FINANCE-002-A005,identity-logs,2026-06-14,76,1,reported
T-CSE-FINANCE-002-A005-2026-06-15,CSE-FINANCE-002,CSE-FINANCE-002-A005,identity-logs,2026-06-15,27,1,reported
T-CSE-FINANCE-002-A005-2026-06-16,CSE-FINANCE-002,CSE-FINANCE-002-A005,identity-logs,2026-06-16,23,1,reported
T-CSE-FINANCE-002-A005-2026-06-17,CSE-FINANCE-002,CSE-FINANCE-002-A005,identity-logs,2026-06-17,73,1,reported
T-CSE-FINANCE-002-A005-2026-06-18,CSE-FINANCE-002,CSE-FINANCE-002-A005,identity-logs,2026-06-18,28,1,reported
T-CSE-FINANCE-002-A005-2026-06-19,CSE-FINANCE-002,CSE-FINANCE-002-A005,identity-logs,2026-06-19,89,1,reported
T-CSE-FINANCE-002-A005-2026-06-20,CSE-FINANCE-002,CSE-FINANCE-002-A005,identity-logs,2026-06-20,81,1,reported
T-CSE-FINANCE-002-A005-2026-06-21,CSE-FINANCE-002,CSE-FINANCE-002-A005,identity-logs,2026-06-21,12,1,reported
T-CSE-FINANCE-002-A005-2026-06-22,CSE-FINANCE-002,CSE-FINANCE-002-A005,identity-logs,2026-06-22,67,1,reported
T-CSE-FINANCE-002-A005-2026-06-23,CSE-FINANCE-002,CSE-FINANCE-002-A005,identity-logs,2026-06-23,78,1,reported
T-CSE-FINANCE-002-A005-2026-06-24,CSE-FINANCE-002,CSE-FINANCE-002-A005,identity-logs,2026-06-24,65,1,reported
T-CSE-FINANCE-002-A005-2026-06-25,CSE-FINANCE-002,CSE-FINANCE-002-A005,identity-logs,2026-06-25,59,1,reported
T-CSE-FINANCE-002-A005-2026-06-26,CSE-FINANCE-002,CSE-FINANCE-002-A005,identity-logs,2026-06-26,17,1,reported
T-CSE-FINANCE-002-A005-2026-06-27,CSE-FINANCE-002,CSE-FINANCE-002-A005,identity-logs,2026-06-27,79,1,reported
T-CSE-FINANCE-002-A005-2026-06-28,CSE-FINANCE-002,CSE-FINANCE-002-A005,identity-logs,2026-06-28,66,1,reported
T-CSE-FINANCE-002-A005-2026-06-29,CSE-FINANCE-002,CSE-FINANCE-002-A005,identity-logs,2026-06-29,41,1,reported
T-CSE-FINANCE-002-A005-2026-06-30,CSE-FINANCE-002,CSE-FINANCE-002-A005,identity-logs,2026-06-30,73,1,reported
T-CSE-FINANCE-002-A005-2026-07-01,CSE-FINANCE-002,CSE-FINANCE-002-A005,identity-logs,2026-07-01,60,1,reported
T-CSE-FINANCE-002-A005-2026-07-02,CSE-FINANCE-002,CSE-FINANCE-002-A005,identity-logs,2026-07-02,56,1,reported
T-CSE-FINANCE-002-A005-2026-07-03,CSE-FINANCE-002,CSE-FINANCE-002-A005,identity-logs,2026-07-03,87,1,reported
T-CSE-FINANCE-002-A005-2026-07-04,CSE-FINANCE-002,CSE-FINANCE-002-A005,identity-logs,2026-07-04,85,1,reported
T-CSE-FINANCE-002-A005-2026-07-05,CSE-FINANCE-002,CSE-FINANCE-002-A005,identity-logs,2026-07-05,24,1,reported
T-CSE-FINANCE-002-A005-2026-07-06,CSE-FINANCE-002,CSE-FINANCE-002-A005,identity-logs,2026-07-06,66,1,reported
T-CSE-FINANCE-002-A005-2026-07-07,CSE-FINANCE-002,CSE-FINANCE-002-A005,identity-logs,2026-07-07,29,1,reported
T-CSE-FINANCE-002-A005-2026-07-08,CSE-FINANCE-002,CSE-FINANCE-002-A005,identity-logs,2026-07-08,44,1,reported
T-CSE-FINANCE-002-A005-2026-07-09,CSE-FINANCE-002,CSE-FINANCE-002-A005,identity-logs,2026-07-09,73,1,reported
T-CSE-FINANCE-002-A005-2026-07-10,CSE-FINANCE-002,CSE-FINANCE-002-A005,identity-logs,2026-07-10,41,1,reported
T-CSE-FINANCE-002-A005-2026-07-11,CSE-FINANCE-002,CSE-FINANCE-002-A005,identity-logs,2026-07-11,22,1,reported
T-CSE-FINANCE-002-A005-2026-07-12,CSE-FINANCE-002,CSE-FINANCE-002-A005,identity-logs,2026-07-12,48,1,reported
T-CSE-FINANCE-002-A005-2026-07-13,CSE-FINANCE-002,CSE-FINANCE-002-A005,identity-logs,2026-07-13,88,1,reported
T-CSE-FINANCE-002-A005-2026-07-14,CSE-FINANCE-002,CSE-FINANCE-002-A005,identity-logs,2026-07-14,81,1,reported
T-CSE-FINANCE-002-A005-2026-07-15,CSE-FINANCE-002,CSE-FINANCE-002-A005,identity-logs,2026-07-15,64,1,reported
T-CSE-FINANCE-002-A005-2026-07-16,CSE-FINANCE-002,CSE-FINANCE-002-A005,identity-logs,2026-07-16,44,1,reported
T-CSE-FINANCE-002-A005-2026-07-17,CSE-FINANCE-002,CSE-FINANCE-002-A005,identity-logs,2026-07-17,36,1,reported
T-CSE-FINANCE-002-A005-2026-07-18,CSE-FINANCE-002,CSE-FINANCE-002-A005,identity-logs,2026-07-18,12,1,reported
T-CSE-FINANCE-002-A005-2026-07-19,CSE-FINANCE-002,CSE-FINANCE-002-A005,identity-logs,2026-07-19,12,1,reported
T-CSE-FINANCE-002-A005-2026-07-20,CSE-FINANCE-002,CSE-FINANCE-002-A005,identity-logs,2026-07-20,85,1,reported
T-CSE-FINANCE-002-A005-2026-07-21,CSE-FINANCE-002,CSE-FINANCE-002-A005,identity-logs,2026-07-21,78,1,reported
T-CSE-FINANCE-002-A005-2026-07-22,CSE-FINANCE-002,CSE-FINANCE-002-A005,identity-logs,2026-07-22,27,1,reported
T-CSE-FINANCE-002-A005-2026-07-23,CSE-FINANCE-002,CSE-FINANCE-002-A005,identity-logs,2026-07-23,78,1,reported
T-CSE-FINANCE-002-A005-2026-07-24,CSE-FINANCE-002,CSE-FINANCE-002-A005,identity-logs,2026-07-24,12,1,reported
T-CSE-FINANCE-002-A005-2026-07-25,CSE-FINANCE-002,CSE-FINANCE-002-A005,identity-logs,2026-07-25,60,1,reported
T-CSE-FINANCE-002-A005-2026-07-26,CSE-FINANCE-002,CSE-FINANCE-002-A005,identity-logs,2026-07-26,38,1,reported
T-CSE-FINANCE-002-A005-2026-07-27,CSE-FINANCE-002,CSE-FINANCE-002-A005,identity-logs,2026-07-27,52,1,reported
T-CSE-FINANCE-002-A005-2026-07-28,CSE-FINANCE-002,CSE-FINANCE-002-A005,identity-logs,2026-07-28,64,1,reported
T-CSE-FINANCE-002-A005-2026-07-29,CSE-FINANCE-002,CSE-FINANCE-002-A005,identity-logs,2026-07-29,58,1,reported
T-CSE-FINANCE-002-A005-2026-07-30,CSE-FINANCE-002,CSE-FINANCE-002-A005,identity-logs,2026-07-30,25,1,reported
T-CSE-FINANCE-002-A005-2026-07-31,CSE-FINANCE-002,CSE-FINANCE-002-A005,identity-logs,2026-07-31,31,1,reported
T-CSE-FINANCE-002-A005-2026-08-01,CSE-FINANCE-002,CSE-FINANCE-002-A005,identity-logs,2026-08-01,66,1,reported
T-CSE-FINANCE-002-A005-2026-08-02,CSE-FINANCE-002,CSE-FINANCE-002-A005,identity-logs,2026-08-02,86,1,reported
T-CSE-FINANCE-002-A005-2026-08-03,CSE-FINANCE-002,CSE-FINANCE-002-A005,identity-logs,2026-08-03,44,1,reported
T-CSE-FINANCE-002-A005-2026-08-04,CSE-FINANCE-002,CSE-FINANCE-002-A005,identity-logs,2026-08-04,45,1,reported
T-CSE-FINANCE-002-A005-2026-08-05,CSE-FINANCE-002,CSE-FINANCE-002-A005,identity-logs,2026-08-05,80,1,reported
T-CSE-FINANCE-002-A005-2026-08-06,CSE-FINANCE-002,CSE-FINANCE-002-A005,identity-logs,2026-08-06,66,1,reported
T-CSE-FINANCE-002-A005-2026-08-07,CSE-FINANCE-002,CSE-FINANCE-002-A005,identity-logs,2026-08-07,84,1,reported
T-CSE-FINANCE-002-A005-2026-08-08,CSE-FINANCE-002,CSE-FINANCE-002-A005,identity-logs,2026-08-08,58,1,reported
T-CSE-FINANCE-002-A005-2026-08-09,CSE-FINANCE-002,CSE-FINANCE-002-A005,identity-logs,2026-08-09,47,1,reported
T-CSE-FINANCE-002-A005-2026-08-10,CSE-FINANCE-002,CSE-FINANCE-002-A005,identity-logs,2026-08-10,62,1,reported
T-CSE-FINANCE-002-A005-2026-08-11,CSE-FINANCE-002,CSE-FINANCE-002-A005,identity-logs,2026-08-11,38,1,reported
T-CSE-FINANCE-002-A005-2026-08-12,CSE-FINANCE-002,CSE-FINANCE-002-A005,identity-logs,2026-08-12,64,1,reported
T-CSE-FINANCE-002-A005-2026-08-13,CSE-FINANCE-002,CSE-FINANCE-002-A005,identity-logs,2026-08-13,82,1,reported
T-CSE-FINANCE-002-A005-2026-08-14,CSE-FINANCE-002,CSE-FINANCE-002-A005,identity-logs,2026-08-14,83,1,reported
T-CSE-FINANCE-002-A005-2026-08-15,CSE-FINANCE-002,CSE-FINANCE-002-A005,identity-logs,2026-08-15,73,1,reported
T-CSE-FINANCE-002-A005-2026-08-16,CSE-FINANCE-002,CSE-FINANCE-002-A005,identity-logs,2026-08-16,34,1,reported
T-CSE-FINANCE-002-A005-2026-08-17,CSE-FINANCE-002,CSE-FINANCE-002-A005,identity-logs,2026-08-17,59,1,reported
T-CSE-FINANCE-002-A005-2026-08-18,CSE-FINANCE-002,CSE-FINANCE-002-A005,identity-logs,2026-08-18,83,1,reported
T-CSE-FINANCE-002-A005-2026-08-19,CSE-FINANCE-002,CSE-FINANCE-002-A005,identity-logs,2026-08-19,83,1,reported
T-CSE-FINANCE-002-A005-2026-08-20,CSE-FINANCE-002,CSE-FINANCE-002-A005,identity-logs,2026-08-20,73,1,reported
T-CSE-FINANCE-002-A005-2026-08-21,CSE-FINANCE-002,CSE-FINANCE-002-A005,identity-logs,2026-08-21,44,1,reported
T-CSE-FINANCE-002-A005-2026-08-22,CSE-FINANCE-002,CSE-FINANCE-002-A005,identity-logs,2026-08-22,51,1,reported
T-CSE-FINANCE-002-A005-2026-08-23,CSE-FINANCE-002,CSE-FINANCE-002-A005,identity-logs,2026-08-23,85,1,reported
T-CSE-FINANCE-002-A005-2026-08-24,CSE-FINANCE-002,CSE-FINANCE-002-A005,identity-logs,2026-08-24,56,1,reported
T-CSE-FINANCE-002-A005-2026-08-25,CSE-FINANCE-002,CSE-FINANCE-002-A005,identity-logs,2026-08-25,62,1,reported
T-CSE-FINANCE-002-A005-2026-08-26,CSE-FINANCE-002,CSE-FINANCE-002-A005,identity-logs,2026-08-26,29,1,reported
T-CSE-FINANCE-002-A005-2026-08-27,CSE-FINANCE-002,CSE-FINANCE-002-A005,identity-logs,2026-08-27,27,1,reported
T-CSE-FINANCE-002-A005-2026-08-28,CSE-FINANCE-002,CSE-FINANCE-002-A005,identity-logs,2026-08-28,41,1,reported
T-CSE-FINANCE-002-A005-2026-08-29,CSE-FINANCE-002,CSE-FINANCE-002-A005,identity-logs,2026-08-29,69,1,reported
T-CSE-FINANCE-002-A005-2026-08-30,CSE-FINANCE-002,CSE-FINANCE-002-A005,identity-logs,2026-08-30,32,1,reported
T-CSE-FINANCE-002-A005-2026-08-31,CSE-FINANCE-002,CSE-FINANCE-002-A005,identity-logs,2026-08-31,24,1,reported
T-CSE-FINANCE-002-A006-2026-06-03,CSE-FINANCE-002,CSE-FINANCE-002-A006,endpoint-events,2026-06-03,39,1,reported
T-CSE-FINANCE-002-A006-2026-06-04,CSE-FINANCE-002,CSE-FINANCE-002-A006,endpoint-events,2026-06-04,77,1,reported
T-CSE-FINANCE-002-A006-2026-06-05,CSE-FINANCE-002,CSE-FINANCE-002-A006,endpoint-events,2026-06-05,63,1,reported
T-CSE-FINANCE-002-A006-2026-06-06,CSE-FINANCE-002,CSE-FINANCE-002-A006,endpoint-events,2026-06-06,55,1,reported
T-CSE-FINANCE-002-A006-2026-06-07,CSE-FINANCE-002,CSE-FINANCE-002-A006,endpoint-events,2026-06-07,82,1,reported
T-CSE-FINANCE-002-A006-2026-06-08,CSE-FINANCE-002,CSE-FINANCE-002-A006,endpoint-events,2026-06-08,18,1,reported
T-CSE-FINANCE-002-A006-2026-06-09,CSE-FINANCE-002,CSE-FINANCE-002-A006,endpoint-events,2026-06-09,32,1,reported
T-CSE-FINANCE-002-A006-2026-06-10,CSE-FINANCE-002,CSE-FINANCE-002-A006,endpoint-events,2026-06-10,61,1,reported
T-CSE-FINANCE-002-A006-2026-06-11,CSE-FINANCE-002,CSE-FINANCE-002-A006,endpoint-events,2026-06-11,12,1,reported
T-CSE-FINANCE-002-A006-2026-06-12,CSE-FINANCE-002,CSE-FINANCE-002-A006,endpoint-events,2026-06-12,23,1,reported
T-CSE-FINANCE-002-A006-2026-06-13,CSE-FINANCE-002,CSE-FINANCE-002-A006,endpoint-events,2026-06-13,30,1,reported
T-CSE-FINANCE-002-A006-2026-06-14,CSE-FINANCE-002,CSE-FINANCE-002-A006,endpoint-events,2026-06-14,72,1,reported
T-CSE-FINANCE-002-A006-2026-06-15,CSE-FINANCE-002,CSE-FINANCE-002-A006,endpoint-events,2026-06-15,88,1,reported
T-CSE-FINANCE-002-A006-2026-06-16,CSE-FINANCE-002,CSE-FINANCE-002-A006,endpoint-events,2026-06-16,67,1,reported
T-CSE-FINANCE-002-A006-2026-06-17,CSE-FINANCE-002,CSE-FINANCE-002-A006,endpoint-events,2026-06-17,23,1,reported
T-CSE-FINANCE-002-A006-2026-06-18,CSE-FINANCE-002,CSE-FINANCE-002-A006,endpoint-events,2026-06-18,20,1,reported
T-CSE-FINANCE-002-A006-2026-06-19,CSE-FINANCE-002,CSE-FINANCE-002-A006,endpoint-events,2026-06-19,45,1,reported
T-CSE-FINANCE-002-A006-2026-06-20,CSE-FINANCE-002,CSE-FINANCE-002-A006,endpoint-events,2026-06-20,40,1,reported
T-CSE-FINANCE-002-A006-2026-06-21,CSE-FINANCE-002,CSE-FINANCE-002-A006,endpoint-events,2026-06-21,59,1,reported
T-CSE-FINANCE-002-A006-2026-06-22,CSE-FINANCE-002,CSE-FINANCE-002-A006,endpoint-events,2026-06-22,22,1,reported
T-CSE-FINANCE-002-A006-2026-06-23,CSE-FINANCE-002,CSE-FINANCE-002-A006,endpoint-events,2026-06-23,89,1,reported
T-CSE-FINANCE-002-A006-2026-06-24,CSE-FINANCE-002,CSE-FINANCE-002-A006,endpoint-events,2026-06-24,16,1,reported
T-CSE-FINANCE-002-A006-2026-06-25,CSE-FINANCE-002,CSE-FINANCE-002-A006,endpoint-events,2026-06-25,61,1,reported
T-CSE-FINANCE-002-A006-2026-06-26,CSE-FINANCE-002,CSE-FINANCE-002-A006,endpoint-events,2026-06-26,63,1,reported
T-CSE-FINANCE-002-A006-2026-06-27,CSE-FINANCE-002,CSE-FINANCE-002-A006,endpoint-events,2026-06-27,78,1,reported
T-CSE-FINANCE-002-A006-2026-06-28,CSE-FINANCE-002,CSE-FINANCE-002-A006,endpoint-events,2026-06-28,48,1,reported
T-CSE-FINANCE-002-A006-2026-06-29,CSE-FINANCE-002,CSE-FINANCE-002-A006,endpoint-events,2026-06-29,88,1,reported
T-CSE-FINANCE-002-A006-2026-06-30,CSE-FINANCE-002,CSE-FINANCE-002-A006,endpoint-events,2026-06-30,19,1,reported
T-CSE-FINANCE-002-A006-2026-07-01,CSE-FINANCE-002,CSE-FINANCE-002-A006,endpoint-events,2026-07-01,34,1,reported
T-CSE-FINANCE-002-A006-2026-07-02,CSE-FINANCE-002,CSE-FINANCE-002-A006,endpoint-events,2026-07-02,75,1,reported
T-CSE-FINANCE-002-A006-2026-07-03,CSE-FINANCE-002,CSE-FINANCE-002-A006,endpoint-events,2026-07-03,68,1,reported
T-CSE-FINANCE-002-A006-2026-07-04,CSE-FINANCE-002,CSE-FINANCE-002-A006,endpoint-events,2026-07-04,13,1,reported
T-CSE-FINANCE-002-A006-2026-07-05,CSE-FINANCE-002,CSE-FINANCE-002-A006,endpoint-events,2026-07-05,37,1,reported
T-CSE-FINANCE-002-A006-2026-07-06,CSE-FINANCE-002,CSE-FINANCE-002-A006,endpoint-events,2026-07-06,78,1,reported
T-CSE-FINANCE-002-A006-2026-07-07,CSE-FINANCE-002,CSE-FINANCE-002-A006,endpoint-events,2026-07-07,48,1,reported
T-CSE-FINANCE-002-A006-2026-07-08,CSE-FINANCE-002,CSE-FINANCE-002-A006,endpoint-events,2026-07-08,36,1,reported
T-CSE-FINANCE-002-A006-2026-07-09,CSE-FINANCE-002,CSE-FINANCE-002-A006,endpoint-events,2026-07-09,16,1,reported
T-CSE-FINANCE-002-A006-2026-07-10,CSE-FINANCE-002,CSE-FINANCE-002-A006,endpoint-events,2026-07-10,88,1,reported
T-CSE-FINANCE-002-A006-2026-07-11,CSE-FINANCE-002,CSE-FINANCE-002-A006,endpoint-events,2026-07-11,77,1,reported
T-CSE-FINANCE-002-A006-2026-07-12,CSE-FINANCE-002,CSE-FINANCE-002-A006,endpoint-events,2026-07-12,78,1,reported
T-CSE-FINANCE-002-A006-2026-07-13,CSE-FINANCE-002,CSE-FINANCE-002-A006,endpoint-events,2026-07-13,41,1,reported
T-CSE-FINANCE-002-A006-2026-07-14,CSE-FINANCE-002,CSE-FINANCE-002-A006,endpoint-events,2026-07-14,33,1,reported
T-CSE-FINANCE-002-A006-2026-07-15,CSE-FINANCE-002,CSE-FINANCE-002-A006,endpoint-events,2026-07-15,16,1,reported
T-CSE-FINANCE-002-A006-2026-07-16,CSE-FINANCE-002,CSE-FINANCE-002-A006,endpoint-events,2026-07-16,58,1,reported
T-CSE-FINANCE-002-A006-2026-07-17,CSE-FINANCE-002,CSE-FINANCE-002-A006,endpoint-events,2026-07-17,42,1,reported
T-CSE-FINANCE-002-A006-2026-07-18,CSE-FINANCE-002,CSE-FINANCE-002-A006,endpoint-events,2026-07-18,12,1,reported
T-CSE-FINANCE-002-A006-2026-07-19,CSE-FINANCE-002,CSE-FINANCE-002-A006,endpoint-events,2026-07-19,32,1,reported
T-CSE-FINANCE-002-A006-2026-07-20,CSE-FINANCE-002,CSE-FINANCE-002-A006,endpoint-events,2026-07-20,23,1,reported
T-CSE-FINANCE-002-A006-2026-07-21,CSE-FINANCE-002,CSE-FINANCE-002-A006,endpoint-events,2026-07-21,47,1,reported
T-CSE-FINANCE-002-A006-2026-07-22,CSE-FINANCE-002,CSE-FINANCE-002-A006,endpoint-events,2026-07-22,63,1,reported
T-CSE-FINANCE-002-A006-2026-07-23,CSE-FINANCE-002,CSE-FINANCE-002-A006,endpoint-events,2026-07-23,57,1,reported
T-CSE-FINANCE-002-A006-2026-07-24,CSE-FINANCE-002,CSE-FINANCE-002-A006,endpoint-events,2026-07-24,62,1,reported
T-CSE-FINANCE-002-A006-2026-07-25,CSE-FINANCE-002,CSE-FINANCE-002-A006,endpoint-events,2026-07-25,63,1,reported
T-CSE-FINANCE-002-A006-2026-07-26,CSE-FINANCE-002,CSE-FINANCE-002-A006,endpoint-events,2026-07-26,87,1,reported
T-CSE-FINANCE-002-A006-2026-07-27,CSE-FINANCE-002,CSE-FINANCE-002-A006,endpoint-events,2026-07-27,37,1,reported
T-CSE-FINANCE-002-A006-2026-07-28,CSE-FINANCE-002,CSE-FINANCE-002-A006,endpoint-events,2026-07-28,78,1,reported
T-CSE-FINANCE-002-A006-2026-07-29,CSE-FINANCE-002,CSE-FINANCE-002-A006,endpoint-events,2026-07-29,13,1,reported
T-CSE-FINANCE-002-A006-2026-07-30,CSE-FINANCE-002,CSE-FINANCE-002-A006,endpoint-events,2026-07-30,20,1,reported
T-CSE-FINANCE-002-A006-2026-07-31,CSE-FINANCE-002,CSE-FINANCE-002-A006,endpoint-events,2026-07-31,23,1,reported
T-CSE-FINANCE-002-A006-2026-08-01,CSE-FINANCE-002,CSE-FINANCE-002-A006,endpoint-events,2026-08-01,82,1,reported
T-CSE-FINANCE-002-A006-2026-08-02,CSE-FINANCE-002,CSE-FINANCE-002-A006,endpoint-events,2026-08-02,48,1,reported
T-CSE-FINANCE-002-A006-2026-08-03,CSE-FINANCE-002,CSE-FINANCE-002-A006,endpoint-events,2026-08-03,83,1,reported
T-CSE-FINANCE-002-A006-2026-08-04,CSE-FINANCE-002,CSE-FINANCE-002-A006,endpoint-events,2026-08-04,86,1,reported
T-CSE-FINANCE-002-A006-2026-08-05,CSE-FINANCE-002,CSE-FINANCE-002-A006,endpoint-events,2026-08-05,56,1,reported
T-CSE-FINANCE-002-A006-2026-08-06,CSE-FINANCE-002,CSE-FINANCE-002-A006,endpoint-events,2026-08-06,56,1,reported
T-CSE-FINANCE-002-A006-2026-08-07,CSE-FINANCE-002,CSE-FINANCE-002-A006,endpoint-events,2026-08-07,47,1,reported
T-CSE-FINANCE-002-A006-2026-08-08,CSE-FINANCE-002,CSE-FINANCE-002-A006,endpoint-events,2026-08-08,40,1,reported
T-CSE-FINANCE-002-A006-2026-08-09,CSE-FINANCE-002,CSE-FINANCE-002-A006,endpoint-events,2026-08-09,89,1,reported
T-CSE-FINANCE-002-A006-2026-08-10,CSE-FINANCE-002,CSE-FINANCE-002-A006,endpoint-events,2026-08-10,36,1,reported
T-CSE-FINANCE-002-A006-2026-08-11,CSE-FINANCE-002,CSE-FINANCE-002-A006,endpoint-events,2026-08-11,70,1,reported
T-CSE-FINANCE-002-A006-2026-08-12,CSE-FINANCE-002,CSE-FINANCE-002-A006,endpoint-events,2026-08-12,63,1,reported
T-CSE-FINANCE-002-A006-2026-08-13,CSE-FINANCE-002,CSE-FINANCE-002-A006,endpoint-events,2026-08-13,85,1,reported
T-CSE-FINANCE-002-A006-2026-08-14,CSE-FINANCE-002,CSE-FINANCE-002-A006,endpoint-events,2026-08-14,12,1,reported
T-CSE-FINANCE-002-A006-2026-08-15,CSE-FINANCE-002,CSE-FINANCE-002-A006,endpoint-events,2026-08-15,45,1,reported
T-CSE-FINANCE-002-A006-2026-08-16,CSE-FINANCE-002,CSE-FINANCE-002-A006,endpoint-events,2026-08-16,34,1,reported
T-CSE-FINANCE-002-A006-2026-08-17,CSE-FINANCE-002,CSE-FINANCE-002-A006,endpoint-events,2026-08-17,64,1,reported
T-CSE-FINANCE-002-A006-2026-08-18,CSE-FINANCE-002,CSE-FINANCE-002-A006,endpoint-events,2026-08-18,76,1,reported
T-CSE-FINANCE-002-A006-2026-08-19,CSE-FINANCE-002,CSE-FINANCE-002-A006,endpoint-events,2026-08-19,25,1,reported
T-CSE-FINANCE-002-A006-2026-08-20,CSE-FINANCE-002,CSE-FINANCE-002-A006,endpoint-events,2026-08-20,83,1,reported
T-CSE-FINANCE-002-A006-2026-08-21,CSE-FINANCE-002,CSE-FINANCE-002-A006,endpoint-events,2026-08-21,21,1,reported
T-CSE-FINANCE-002-A006-2026-08-22,CSE-FINANCE-002,CSE-FINANCE-002-A006,endpoint-events,2026-08-22,76,1,reported
T-CSE-FINANCE-002-A006-2026-08-23,CSE-FINANCE-002,CSE-FINANCE-002-A006,endpoint-events,2026-08-23,49,1,reported
T-CSE-FINANCE-002-A006-2026-08-24,CSE-FINANCE-002,CSE-FINANCE-002-A006,endpoint-events,2026-08-24,55,1,reported
T-CSE-FINANCE-002-A006-2026-08-25,CSE-FINANCE-002,CSE-FINANCE-002-A006,endpoint-events,2026-08-25,26,1,reported
T-CSE-FINANCE-002-A006-2026-08-26,CSE-FINANCE-002,CSE-FINANCE-002-A006,endpoint-events,2026-08-26,77,1,reported
T-CSE-FINANCE-002-A006-2026-08-27,CSE-FINANCE-002,CSE-FINANCE-002-A006,endpoint-events,2026-08-27,44,1,reported
T-CSE-FINANCE-002-A006-2026-08-28,CSE-FINANCE-002,CSE-FINANCE-002-A006,endpoint-events,2026-08-28,80,1,reported
T-CSE-FINANCE-002-A006-2026-08-29,CSE-FINANCE-002,CSE-FINANCE-002-A006,endpoint-events,2026-08-29,85,1,reported
T-CSE-FINANCE-002-A006-2026-08-30,CSE-FINANCE-002,CSE-FINANCE-002-A006,endpoint-events,2026-08-30,44,1,reported
T-CSE-FINANCE-002-A006-2026-08-31,CSE-FINANCE-002,CSE-FINANCE-002-A006,endpoint-events,2026-08-31,68,1,reported
T-CSE-FINANCE-002-A007-2026-06-03,CSE-FINANCE-002,CSE-FINANCE-002-A007,identity-logs,2026-06-03,60,1,reported
T-CSE-FINANCE-002-A007-2026-06-04,CSE-FINANCE-002,CSE-FINANCE-002-A007,identity-logs,2026-06-04,84,1,reported
T-CSE-FINANCE-002-A007-2026-06-05,CSE-FINANCE-002,CSE-FINANCE-002-A007,identity-logs,2026-06-05,73,1,reported
T-CSE-FINANCE-002-A007-2026-06-06,CSE-FINANCE-002,CSE-FINANCE-002-A007,identity-logs,2026-06-06,43,1,reported
T-CSE-FINANCE-002-A007-2026-06-07,CSE-FINANCE-002,CSE-FINANCE-002-A007,identity-logs,2026-06-07,55,1,reported
T-CSE-FINANCE-002-A007-2026-06-08,CSE-FINANCE-002,CSE-FINANCE-002-A007,identity-logs,2026-06-08,70,1,reported
T-CSE-FINANCE-002-A007-2026-06-09,CSE-FINANCE-002,CSE-FINANCE-002-A007,identity-logs,2026-06-09,70,1,reported
T-CSE-FINANCE-002-A007-2026-06-10,CSE-FINANCE-002,CSE-FINANCE-002-A007,identity-logs,2026-06-10,87,1,reported
T-CSE-FINANCE-002-A007-2026-06-11,CSE-FINANCE-002,CSE-FINANCE-002-A007,identity-logs,2026-06-11,15,1,reported
T-CSE-FINANCE-002-A007-2026-06-12,CSE-FINANCE-002,CSE-FINANCE-002-A007,identity-logs,2026-06-12,73,1,reported
T-CSE-FINANCE-002-A007-2026-06-13,CSE-FINANCE-002,CSE-FINANCE-002-A007,identity-logs,2026-06-13,26,1,reported
T-CSE-FINANCE-002-A007-2026-06-14,CSE-FINANCE-002,CSE-FINANCE-002-A007,identity-logs,2026-06-14,45,1,reported
T-CSE-FINANCE-002-A007-2026-06-15,CSE-FINANCE-002,CSE-FINANCE-002-A007,identity-logs,2026-06-15,20,1,reported
T-CSE-FINANCE-002-A007-2026-06-16,CSE-FINANCE-002,CSE-FINANCE-002-A007,identity-logs,2026-06-16,60,1,reported
T-CSE-FINANCE-002-A007-2026-06-17,CSE-FINANCE-002,CSE-FINANCE-002-A007,identity-logs,2026-06-17,40,1,reported
T-CSE-FINANCE-002-A007-2026-06-18,CSE-FINANCE-002,CSE-FINANCE-002-A007,identity-logs,2026-06-18,41,1,reported
T-CSE-FINANCE-002-A007-2026-06-19,CSE-FINANCE-002,CSE-FINANCE-002-A007,identity-logs,2026-06-19,52,1,reported
T-CSE-FINANCE-002-A007-2026-06-20,CSE-FINANCE-002,CSE-FINANCE-002-A007,identity-logs,2026-06-20,64,1,reported
T-CSE-FINANCE-002-A007-2026-06-21,CSE-FINANCE-002,CSE-FINANCE-002-A007,identity-logs,2026-06-21,57,1,reported
T-CSE-FINANCE-002-A007-2026-06-22,CSE-FINANCE-002,CSE-FINANCE-002-A007,identity-logs,2026-06-22,78,1,reported
T-CSE-FINANCE-002-A007-2026-06-23,CSE-FINANCE-002,CSE-FINANCE-002-A007,identity-logs,2026-06-23,80,1,reported
T-CSE-FINANCE-002-A007-2026-06-24,CSE-FINANCE-002,CSE-FINANCE-002-A007,identity-logs,2026-06-24,13,1,reported
T-CSE-FINANCE-002-A007-2026-06-25,CSE-FINANCE-002,CSE-FINANCE-002-A007,identity-logs,2026-06-25,45,1,reported
T-CSE-FINANCE-002-A007-2026-06-26,CSE-FINANCE-002,CSE-FINANCE-002-A007,identity-logs,2026-06-26,43,1,reported
T-CSE-FINANCE-002-A007-2026-06-27,CSE-FINANCE-002,CSE-FINANCE-002-A007,identity-logs,2026-06-27,48,1,reported
T-CSE-FINANCE-002-A007-2026-06-28,CSE-FINANCE-002,CSE-FINANCE-002-A007,identity-logs,2026-06-28,23,1,reported
T-CSE-FINANCE-002-A007-2026-06-29,CSE-FINANCE-002,CSE-FINANCE-002-A007,identity-logs,2026-06-29,63,1,reported
T-CSE-FINANCE-002-A007-2026-06-30,CSE-FINANCE-002,CSE-FINANCE-002-A007,identity-logs,2026-06-30,55,1,reported
T-CSE-FINANCE-002-A007-2026-07-01,CSE-FINANCE-002,CSE-FINANCE-002-A007,identity-logs,2026-07-01,21,1,reported
T-CSE-FINANCE-002-A007-2026-07-02,CSE-FINANCE-002,CSE-FINANCE-002-A007,identity-logs,2026-07-02,82,1,reported
T-CSE-FINANCE-002-A007-2026-07-03,CSE-FINANCE-002,CSE-FINANCE-002-A007,identity-logs,2026-07-03,34,1,reported
T-CSE-FINANCE-002-A007-2026-07-04,CSE-FINANCE-002,CSE-FINANCE-002-A007,identity-logs,2026-07-04,72,1,reported
T-CSE-FINANCE-002-A007-2026-07-05,CSE-FINANCE-002,CSE-FINANCE-002-A007,identity-logs,2026-07-05,52,1,reported
T-CSE-FINANCE-002-A007-2026-07-06,CSE-FINANCE-002,CSE-FINANCE-002-A007,identity-logs,2026-07-06,57,1,reported
T-CSE-FINANCE-002-A007-2026-07-07,CSE-FINANCE-002,CSE-FINANCE-002-A007,identity-logs,2026-07-07,39,1,reported
T-CSE-FINANCE-002-A007-2026-07-08,CSE-FINANCE-002,CSE-FINANCE-002-A007,identity-logs,2026-07-08,85,1,reported
T-CSE-FINANCE-002-A007-2026-07-09,CSE-FINANCE-002,CSE-FINANCE-002-A007,identity-logs,2026-07-09,46,1,reported
T-CSE-FINANCE-002-A007-2026-07-10,CSE-FINANCE-002,CSE-FINANCE-002-A007,identity-logs,2026-07-10,35,1,reported
T-CSE-FINANCE-002-A007-2026-07-11,CSE-FINANCE-002,CSE-FINANCE-002-A007,identity-logs,2026-07-11,36,1,reported
T-CSE-FINANCE-002-A007-2026-07-12,CSE-FINANCE-002,CSE-FINANCE-002-A007,identity-logs,2026-07-12,75,1,reported
T-CSE-FINANCE-002-A007-2026-07-13,CSE-FINANCE-002,CSE-FINANCE-002-A007,identity-logs,2026-07-13,37,1,reported
T-CSE-FINANCE-002-A007-2026-07-14,CSE-FINANCE-002,CSE-FINANCE-002-A007,identity-logs,2026-07-14,42,1,reported
T-CSE-FINANCE-002-A007-2026-07-15,CSE-FINANCE-002,CSE-FINANCE-002-A007,identity-logs,2026-07-15,42,1,reported
T-CSE-FINANCE-002-A007-2026-07-16,CSE-FINANCE-002,CSE-FINANCE-002-A007,identity-logs,2026-07-16,45,1,reported
T-CSE-FINANCE-002-A007-2026-07-17,CSE-FINANCE-002,CSE-FINANCE-002-A007,identity-logs,2026-07-17,38,1,reported
T-CSE-FINANCE-002-A007-2026-07-18,CSE-FINANCE-002,CSE-FINANCE-002-A007,identity-logs,2026-07-18,41,1,reported
T-CSE-FINANCE-002-A007-2026-07-19,CSE-FINANCE-002,CSE-FINANCE-002-A007,identity-logs,2026-07-19,37,1,reported
T-CSE-FINANCE-002-A007-2026-07-20,CSE-FINANCE-002,CSE-FINANCE-002-A007,identity-logs,2026-07-20,43,1,reported
T-CSE-FINANCE-002-A007-2026-07-21,CSE-FINANCE-002,CSE-FINANCE-002-A007,identity-logs,2026-07-21,57,1,reported
T-CSE-FINANCE-002-A007-2026-07-22,CSE-FINANCE-002,CSE-FINANCE-002-A007,identity-logs,2026-07-22,31,1,reported
T-CSE-FINANCE-002-A007-2026-07-23,CSE-FINANCE-002,CSE-FINANCE-002-A007,identity-logs,2026-07-23,25,1,reported
T-CSE-FINANCE-002-A007-2026-07-24,CSE-FINANCE-002,CSE-FINANCE-002-A007,identity-logs,2026-07-24,27,1,reported
T-CSE-FINANCE-002-A007-2026-07-25,CSE-FINANCE-002,CSE-FINANCE-002-A007,identity-logs,2026-07-25,22,1,reported
T-CSE-FINANCE-002-A007-2026-07-26,CSE-FINANCE-002,CSE-FINANCE-002-A007,identity-logs,2026-07-26,75,1,reported
T-CSE-FINANCE-002-A007-2026-07-27,CSE-FINANCE-002,CSE-FINANCE-002-A007,identity-logs,2026-07-27,12,1,reported
T-CSE-FINANCE-002-A007-2026-07-28,CSE-FINANCE-002,CSE-FINANCE-002-A007,identity-logs,2026-07-28,81,1,reported
T-CSE-FINANCE-002-A007-2026-07-29,CSE-FINANCE-002,CSE-FINANCE-002-A007,identity-logs,2026-07-29,17,1,reported
T-CSE-FINANCE-002-A007-2026-07-30,CSE-FINANCE-002,CSE-FINANCE-002-A007,identity-logs,2026-07-30,73,1,reported
T-CSE-FINANCE-002-A007-2026-07-31,CSE-FINANCE-002,CSE-FINANCE-002-A007,identity-logs,2026-07-31,59,1,reported
T-CSE-FINANCE-002-A007-2026-08-01,CSE-FINANCE-002,CSE-FINANCE-002-A007,identity-logs,2026-08-01,52,1,reported
T-CSE-FINANCE-002-A007-2026-08-02,CSE-FINANCE-002,CSE-FINANCE-002-A007,identity-logs,2026-08-02,75,1,reported
T-CSE-FINANCE-002-A007-2026-08-03,CSE-FINANCE-002,CSE-FINANCE-002-A007,identity-logs,2026-08-03,85,1,reported
T-CSE-FINANCE-002-A007-2026-08-04,CSE-FINANCE-002,CSE-FINANCE-002-A007,identity-logs,2026-08-04,47,1,reported
T-CSE-FINANCE-002-A007-2026-08-05,CSE-FINANCE-002,CSE-FINANCE-002-A007,identity-logs,2026-08-05,74,1,reported
T-CSE-FINANCE-002-A007-2026-08-06,CSE-FINANCE-002,CSE-FINANCE-002-A007,identity-logs,2026-08-06,35,1,reported
T-CSE-FINANCE-002-A007-2026-08-07,CSE-FINANCE-002,CSE-FINANCE-002-A007,identity-logs,2026-08-07,77,1,reported
T-CSE-FINANCE-002-A007-2026-08-08,CSE-FINANCE-002,CSE-FINANCE-002-A007,identity-logs,2026-08-08,47,1,reported
T-CSE-FINANCE-002-A007-2026-08-09,CSE-FINANCE-002,CSE-FINANCE-002-A007,identity-logs,2026-08-09,62,1,reported
T-CSE-FINANCE-002-A007-2026-08-10,CSE-FINANCE-002,CSE-FINANCE-002-A007,identity-logs,2026-08-10,40,1,reported
T-CSE-FINANCE-002-A007-2026-08-11,CSE-FINANCE-002,CSE-FINANCE-002-A007,identity-logs,2026-08-11,85,1,reported
T-CSE-FINANCE-002-A007-2026-08-12,CSE-FINANCE-002,CSE-FINANCE-002-A007,identity-logs,2026-08-12,28,1,reported
T-CSE-FINANCE-002-A007-2026-08-13,CSE-FINANCE-002,CSE-FINANCE-002-A007,identity-logs,2026-08-13,18,1,reported
T-CSE-FINANCE-002-A007-2026-08-14,CSE-FINANCE-002,CSE-FINANCE-002-A007,identity-logs,2026-08-14,79,1,reported
T-CSE-FINANCE-002-A007-2026-08-15,CSE-FINANCE-002,CSE-FINANCE-002-A007,identity-logs,2026-08-15,66,1,reported
T-CSE-FINANCE-002-A007-2026-08-16,CSE-FINANCE-002,CSE-FINANCE-002-A007,identity-logs,2026-08-16,73,1,reported
T-CSE-FINANCE-002-A007-2026-08-17,CSE-FINANCE-002,CSE-FINANCE-002-A007,identity-logs,2026-08-17,81,1,reported
T-CSE-FINANCE-002-A007-2026-08-18,CSE-FINANCE-002,CSE-FINANCE-002-A007,identity-logs,2026-08-18,16,1,reported
T-CSE-FINANCE-002-A007-2026-08-19,CSE-FINANCE-002,CSE-FINANCE-002-A007,identity-logs,2026-08-19,76,1,reported
T-CSE-FINANCE-002-A007-2026-08-20,CSE-FINANCE-002,CSE-FINANCE-002-A007,identity-logs,2026-08-20,56,1,reported
T-CSE-FINANCE-002-A007-2026-08-21,CSE-FINANCE-002,CSE-FINANCE-002-A007,identity-logs,2026-08-21,62,1,reported
T-CSE-FINANCE-002-A007-2026-08-22,CSE-FINANCE-002,CSE-FINANCE-002-A007,identity-logs,2026-08-22,34,1,reported
T-CSE-FINANCE-002-A007-2026-08-23,CSE-FINANCE-002,CSE-FINANCE-002-A007,identity-logs,2026-08-23,70,1,reported
T-CSE-FINANCE-002-A007-2026-08-24,CSE-FINANCE-002,CSE-FINANCE-002-A007,identity-logs,2026-08-24,27,1,reported
T-CSE-FINANCE-002-A007-2026-08-25,CSE-FINANCE-002,CSE-FINANCE-002-A007,identity-logs,2026-08-25,78,1,reported
T-CSE-FINANCE-002-A007-2026-08-26,CSE-FINANCE-002,CSE-FINANCE-002-A007,identity-logs,2026-08-26,70,1,reported
T-CSE-FINANCE-002-A007-2026-08-27,CSE-FINANCE-002,CSE-FINANCE-002-A007,identity-logs,2026-08-27,52,1,reported
T-CSE-FINANCE-002-A007-2026-08-28,CSE-FINANCE-002,CSE-FINANCE-002-A007,identity-logs,2026-08-28,13,1,reported
T-CSE-FINANCE-002-A007-2026-08-29,CSE-FINANCE-002,CSE-FINANCE-002-A007,identity-logs,2026-08-29,13,1,reported
T-CSE-FINANCE-002-A007-2026-08-30,CSE-FINANCE-002,CSE-FINANCE-002-A007,identity-logs,2026-08-30,38,1,reported
T-CSE-FINANCE-002-A007-2026-08-31,CSE-FINANCE-002,CSE-FINANCE-002-A007,identity-logs,2026-08-31,60,1,reported
T-CSE-FINANCE-002-A008-2026-06-03,CSE-FINANCE-002,CSE-FINANCE-002-A008,endpoint-events,2026-06-03,86,1,reported
T-CSE-FINANCE-002-A008-2026-06-04,CSE-FINANCE-002,CSE-FINANCE-002-A008,endpoint-events,2026-06-04,24,1,reported
T-CSE-FINANCE-002-A008-2026-06-05,CSE-FINANCE-002,CSE-FINANCE-002-A008,endpoint-events,2026-06-05,53,1,reported
T-CSE-FINANCE-002-A008-2026-06-06,CSE-FINANCE-002,CSE-FINANCE-002-A008,endpoint-events,2026-06-06,58,1,reported
T-CSE-FINANCE-002-A008-2026-06-07,CSE-FINANCE-002,CSE-FINANCE-002-A008,endpoint-events,2026-06-07,45,1,reported
T-CSE-FINANCE-002-A008-2026-06-08,CSE-FINANCE-002,CSE-FINANCE-002-A008,endpoint-events,2026-06-08,35,1,reported
T-CSE-FINANCE-002-A008-2026-06-09,CSE-FINANCE-002,CSE-FINANCE-002-A008,endpoint-events,2026-06-09,82,1,reported
T-CSE-FINANCE-002-A008-2026-06-10,CSE-FINANCE-002,CSE-FINANCE-002-A008,endpoint-events,2026-06-10,45,1,reported
T-CSE-FINANCE-002-A008-2026-06-11,CSE-FINANCE-002,CSE-FINANCE-002-A008,endpoint-events,2026-06-11,42,1,reported
T-CSE-FINANCE-002-A008-2026-06-12,CSE-FINANCE-002,CSE-FINANCE-002-A008,endpoint-events,2026-06-12,46,1,reported
T-CSE-FINANCE-002-A008-2026-06-13,CSE-FINANCE-002,CSE-FINANCE-002-A008,endpoint-events,2026-06-13,72,1,reported
T-CSE-FINANCE-002-A008-2026-06-14,CSE-FINANCE-002,CSE-FINANCE-002-A008,endpoint-events,2026-06-14,55,1,reported
T-CSE-FINANCE-002-A008-2026-06-15,CSE-FINANCE-002,CSE-FINANCE-002-A008,endpoint-events,2026-06-15,58,1,reported
T-CSE-FINANCE-002-A008-2026-06-16,CSE-FINANCE-002,CSE-FINANCE-002-A008,endpoint-events,2026-06-16,35,1,reported
T-CSE-FINANCE-002-A008-2026-06-17,CSE-FINANCE-002,CSE-FINANCE-002-A008,endpoint-events,2026-06-17,75,1,reported
T-CSE-FINANCE-002-A008-2026-06-18,CSE-FINANCE-002,CSE-FINANCE-002-A008,endpoint-events,2026-06-18,66,1,reported
T-CSE-FINANCE-002-A008-2026-06-19,CSE-FINANCE-002,CSE-FINANCE-002-A008,endpoint-events,2026-06-19,38,1,reported
T-CSE-FINANCE-002-A008-2026-06-20,CSE-FINANCE-002,CSE-FINANCE-002-A008,endpoint-events,2026-06-20,65,1,reported
T-CSE-FINANCE-002-A008-2026-06-21,CSE-FINANCE-002,CSE-FINANCE-002-A008,endpoint-events,2026-06-21,59,1,reported
T-CSE-FINANCE-002-A008-2026-06-22,CSE-FINANCE-002,CSE-FINANCE-002-A008,endpoint-events,2026-06-22,58,1,reported
T-CSE-FINANCE-002-A008-2026-06-23,CSE-FINANCE-002,CSE-FINANCE-002-A008,endpoint-events,2026-06-23,63,1,reported
T-CSE-FINANCE-002-A008-2026-06-24,CSE-FINANCE-002,CSE-FINANCE-002-A008,endpoint-events,2026-06-24,47,1,reported
T-CSE-FINANCE-002-A008-2026-06-25,CSE-FINANCE-002,CSE-FINANCE-002-A008,endpoint-events,2026-06-25,69,1,reported
T-CSE-FINANCE-002-A008-2026-06-26,CSE-FINANCE-002,CSE-FINANCE-002-A008,endpoint-events,2026-06-26,35,1,reported
T-CSE-FINANCE-002-A008-2026-06-27,CSE-FINANCE-002,CSE-FINANCE-002-A008,endpoint-events,2026-06-27,85,1,reported
T-CSE-FINANCE-002-A008-2026-06-28,CSE-FINANCE-002,CSE-FINANCE-002-A008,endpoint-events,2026-06-28,28,1,reported
T-CSE-FINANCE-002-A008-2026-06-29,CSE-FINANCE-002,CSE-FINANCE-002-A008,endpoint-events,2026-06-29,85,1,reported
T-CSE-FINANCE-002-A008-2026-06-30,CSE-FINANCE-002,CSE-FINANCE-002-A008,endpoint-events,2026-06-30,41,1,reported
T-CSE-FINANCE-002-A008-2026-07-01,CSE-FINANCE-002,CSE-FINANCE-002-A008,endpoint-events,2026-07-01,24,1,reported
T-CSE-FINANCE-002-A008-2026-07-02,CSE-FINANCE-002,CSE-FINANCE-002-A008,endpoint-events,2026-07-02,46,1,reported
T-CSE-FINANCE-002-A008-2026-07-03,CSE-FINANCE-002,CSE-FINANCE-002-A008,endpoint-events,2026-07-03,42,1,reported
T-CSE-FINANCE-002-A008-2026-07-04,CSE-FINANCE-002,CSE-FINANCE-002-A008,endpoint-events,2026-07-04,83,1,reported
T-CSE-FINANCE-002-A008-2026-07-05,CSE-FINANCE-002,CSE-FINANCE-002-A008,endpoint-events,2026-07-05,67,1,reported
T-CSE-FINANCE-002-A008-2026-07-06,CSE-FINANCE-002,CSE-FINANCE-002-A008,endpoint-events,2026-07-06,60,1,reported
T-CSE-FINANCE-002-A008-2026-07-07,CSE-FINANCE-002,CSE-FINANCE-002-A008,endpoint-events,2026-07-07,37,1,reported
T-CSE-FINANCE-002-A008-2026-07-08,CSE-FINANCE-002,CSE-FINANCE-002-A008,endpoint-events,2026-07-08,30,1,reported
T-CSE-FINANCE-002-A008-2026-07-09,CSE-FINANCE-002,CSE-FINANCE-002-A008,endpoint-events,2026-07-09,31,1,reported
T-CSE-FINANCE-002-A008-2026-07-10,CSE-FINANCE-002,CSE-FINANCE-002-A008,endpoint-events,2026-07-10,72,1,reported
T-CSE-FINANCE-002-A008-2026-07-11,CSE-FINANCE-002,CSE-FINANCE-002-A008,endpoint-events,2026-07-11,13,1,reported
T-CSE-FINANCE-002-A008-2026-07-12,CSE-FINANCE-002,CSE-FINANCE-002-A008,endpoint-events,2026-07-12,34,1,reported
T-CSE-FINANCE-002-A008-2026-07-13,CSE-FINANCE-002,CSE-FINANCE-002-A008,endpoint-events,2026-07-13,65,1,reported
T-CSE-FINANCE-002-A008-2026-07-14,CSE-FINANCE-002,CSE-FINANCE-002-A008,endpoint-events,2026-07-14,75,1,reported
T-CSE-FINANCE-002-A008-2026-07-15,CSE-FINANCE-002,CSE-FINANCE-002-A008,endpoint-events,2026-07-15,29,1,reported
T-CSE-FINANCE-002-A008-2026-07-16,CSE-FINANCE-002,CSE-FINANCE-002-A008,endpoint-events,2026-07-16,78,1,reported
T-CSE-FINANCE-002-A008-2026-07-17,CSE-FINANCE-002,CSE-FINANCE-002-A008,endpoint-events,2026-07-17,80,1,reported
T-CSE-FINANCE-002-A008-2026-07-18,CSE-FINANCE-002,CSE-FINANCE-002-A008,endpoint-events,2026-07-18,52,1,reported
T-CSE-FINANCE-002-A008-2026-07-19,CSE-FINANCE-002,CSE-FINANCE-002-A008,endpoint-events,2026-07-19,74,1,reported
T-CSE-FINANCE-002-A008-2026-07-20,CSE-FINANCE-002,CSE-FINANCE-002-A008,endpoint-events,2026-07-20,50,1,reported
T-CSE-FINANCE-002-A008-2026-07-21,CSE-FINANCE-002,CSE-FINANCE-002-A008,endpoint-events,2026-07-21,44,1,reported
T-CSE-FINANCE-002-A008-2026-07-22,CSE-FINANCE-002,CSE-FINANCE-002-A008,endpoint-events,2026-07-22,83,1,reported
T-CSE-FINANCE-002-A008-2026-07-23,CSE-FINANCE-002,CSE-FINANCE-002-A008,endpoint-events,2026-07-23,84,1,reported
T-CSE-FINANCE-002-A008-2026-07-24,CSE-FINANCE-002,CSE-FINANCE-002-A008,endpoint-events,2026-07-24,18,1,reported
T-CSE-FINANCE-002-A008-2026-07-25,CSE-FINANCE-002,CSE-FINANCE-002-A008,endpoint-events,2026-07-25,62,1,reported
T-CSE-FINANCE-002-A008-2026-07-26,CSE-FINANCE-002,CSE-FINANCE-002-A008,endpoint-events,2026-07-26,24,1,reported
T-CSE-FINANCE-002-A008-2026-07-27,CSE-FINANCE-002,CSE-FINANCE-002-A008,endpoint-events,2026-07-27,32,1,reported
T-CSE-FINANCE-002-A008-2026-07-28,CSE-FINANCE-002,CSE-FINANCE-002-A008,endpoint-events,2026-07-28,19,1,reported
T-CSE-FINANCE-002-A008-2026-07-29,CSE-FINANCE-002,CSE-FINANCE-002-A008,endpoint-events,2026-07-29,39,1,reported
T-CSE-FINANCE-002-A008-2026-07-30,CSE-FINANCE-002,CSE-FINANCE-002-A008,endpoint-events,2026-07-30,44,1,reported
T-CSE-FINANCE-002-A008-2026-07-31,CSE-FINANCE-002,CSE-FINANCE-002-A008,endpoint-events,2026-07-31,72,1,reported
T-CSE-FINANCE-002-A008-2026-08-01,CSE-FINANCE-002,CSE-FINANCE-002-A008,endpoint-events,2026-08-01,24,1,reported
T-CSE-FINANCE-002-A008-2026-08-02,CSE-FINANCE-002,CSE-FINANCE-002-A008,endpoint-events,2026-08-02,69,1,reported
T-CSE-FINANCE-002-A008-2026-08-03,CSE-FINANCE-002,CSE-FINANCE-002-A008,endpoint-events,2026-08-03,54,1,reported
T-CSE-FINANCE-002-A008-2026-08-04,CSE-FINANCE-002,CSE-FINANCE-002-A008,endpoint-events,2026-08-04,45,1,reported
T-CSE-FINANCE-002-A008-2026-08-05,CSE-FINANCE-002,CSE-FINANCE-002-A008,endpoint-events,2026-08-05,58,1,reported
T-CSE-FINANCE-002-A008-2026-08-06,CSE-FINANCE-002,CSE-FINANCE-002-A008,endpoint-events,2026-08-06,58,1,reported
T-CSE-FINANCE-002-A008-2026-08-07,CSE-FINANCE-002,CSE-FINANCE-002-A008,endpoint-events,2026-08-07,83,1,reported
T-CSE-FINANCE-002-A008-2026-08-08,CSE-FINANCE-002,CSE-FINANCE-002-A008,endpoint-events,2026-08-08,83,1,reported
T-CSE-FINANCE-002-A008-2026-08-09,CSE-FINANCE-002,CSE-FINANCE-002-A008,endpoint-events,2026-08-09,44,1,reported
T-CSE-FINANCE-002-A008-2026-08-10,CSE-FINANCE-002,CSE-FINANCE-002-A008,endpoint-events,2026-08-10,56,1,reported
T-CSE-FINANCE-002-A008-2026-08-11,CSE-FINANCE-002,CSE-FINANCE-002-A008,endpoint-events,2026-08-11,14,1,reported
T-CSE-FINANCE-002-A008-2026-08-12,CSE-FINANCE-002,CSE-FINANCE-002-A008,endpoint-events,2026-08-12,64,1,reported
T-CSE-FINANCE-002-A008-2026-08-13,CSE-FINANCE-002,CSE-FINANCE-002-A008,endpoint-events,2026-08-13,27,1,reported
T-CSE-FINANCE-002-A008-2026-08-14,CSE-FINANCE-002,CSE-FINANCE-002-A008,endpoint-events,2026-08-14,56,1,reported
T-CSE-FINANCE-002-A008-2026-08-15,CSE-FINANCE-002,CSE-FINANCE-002-A008,endpoint-events,2026-08-15,89,1,reported
T-CSE-FINANCE-002-A008-2026-08-16,CSE-FINANCE-002,CSE-FINANCE-002-A008,endpoint-events,2026-08-16,37,1,reported
T-CSE-FINANCE-002-A008-2026-08-17,CSE-FINANCE-002,CSE-FINANCE-002-A008,endpoint-events,2026-08-17,85,1,reported
T-CSE-FINANCE-002-A008-2026-08-18,CSE-FINANCE-002,CSE-FINANCE-002-A008,endpoint-events,2026-08-18,85,1,reported
T-CSE-FINANCE-002-A008-2026-08-19,CSE-FINANCE-002,CSE-FINANCE-002-A008,endpoint-events,2026-08-19,80,1,reported
T-CSE-FINANCE-002-A008-2026-08-20,CSE-FINANCE-002,CSE-FINANCE-002-A008,endpoint-events,2026-08-20,34,1,reported
T-CSE-FINANCE-002-A008-2026-08-21,CSE-FINANCE-002,CSE-FINANCE-002-A008,endpoint-events,2026-08-21,48,1,reported
T-CSE-FINANCE-002-A008-2026-08-22,CSE-FINANCE-002,CSE-FINANCE-002-A008,endpoint-events,2026-08-22,57,1,reported
T-CSE-FINANCE-002-A008-2026-08-23,CSE-FINANCE-002,CSE-FINANCE-002-A008,endpoint-events,2026-08-23,53,1,reported
T-CSE-FINANCE-002-A008-2026-08-24,CSE-FINANCE-002,CSE-FINANCE-002-A008,endpoint-events,2026-08-24,77,1,reported
T-CSE-FINANCE-002-A008-2026-08-25,CSE-FINANCE-002,CSE-FINANCE-002-A008,endpoint-events,2026-08-25,74,1,reported
T-CSE-FINANCE-002-A008-2026-08-26,CSE-FINANCE-002,CSE-FINANCE-002-A008,endpoint-events,2026-08-26,69,1,reported
T-CSE-FINANCE-002-A008-2026-08-27,CSE-FINANCE-002,CSE-FINANCE-002-A008,endpoint-events,2026-08-27,22,1,reported
T-CSE-FINANCE-002-A008-2026-08-28,CSE-FINANCE-002,CSE-FINANCE-002-A008,endpoint-events,2026-08-28,60,1,reported
T-CSE-FINANCE-002-A008-2026-08-29,CSE-FINANCE-002,CSE-FINANCE-002-A008,endpoint-events,2026-08-29,48,1,reported
T-CSE-FINANCE-002-A008-2026-08-30,CSE-FINANCE-002,CSE-FINANCE-002-A008,endpoint-events,2026-08-30,71,1,reported
T-CSE-FINANCE-002-A008-2026-08-31,CSE-FINANCE-002,CSE-FINANCE-002-A008,endpoint-events,2026-08-31,30,1,reported
T-CSE-FINANCE-002-A009-2026-06-03,CSE-FINANCE-002,CSE-FINANCE-002-A009,identity-logs,2026-06-03,33,1,reported
T-CSE-FINANCE-002-A009-2026-06-04,CSE-FINANCE-002,CSE-FINANCE-002-A009,identity-logs,2026-06-04,55,1,reported
T-CSE-FINANCE-002-A009-2026-06-05,CSE-FINANCE-002,CSE-FINANCE-002-A009,identity-logs,2026-06-05,65,1,reported
T-CSE-FINANCE-002-A009-2026-06-06,CSE-FINANCE-002,CSE-FINANCE-002-A009,identity-logs,2026-06-06,85,1,reported
T-CSE-FINANCE-002-A009-2026-06-07,CSE-FINANCE-002,CSE-FINANCE-002-A009,identity-logs,2026-06-07,63,1,reported
T-CSE-FINANCE-002-A009-2026-06-08,CSE-FINANCE-002,CSE-FINANCE-002-A009,identity-logs,2026-06-08,21,1,reported
T-CSE-FINANCE-002-A009-2026-06-09,CSE-FINANCE-002,CSE-FINANCE-002-A009,identity-logs,2026-06-09,22,1,reported
T-CSE-FINANCE-002-A009-2026-06-10,CSE-FINANCE-002,CSE-FINANCE-002-A009,identity-logs,2026-06-10,32,1,reported
T-CSE-FINANCE-002-A009-2026-06-11,CSE-FINANCE-002,CSE-FINANCE-002-A009,identity-logs,2026-06-11,55,1,reported
T-CSE-FINANCE-002-A009-2026-06-12,CSE-FINANCE-002,CSE-FINANCE-002-A009,identity-logs,2026-06-12,41,1,reported
T-CSE-FINANCE-002-A009-2026-06-13,CSE-FINANCE-002,CSE-FINANCE-002-A009,identity-logs,2026-06-13,52,1,reported
T-CSE-FINANCE-002-A009-2026-06-14,CSE-FINANCE-002,CSE-FINANCE-002-A009,identity-logs,2026-06-14,52,1,reported
T-CSE-FINANCE-002-A009-2026-06-15,CSE-FINANCE-002,CSE-FINANCE-002-A009,identity-logs,2026-06-15,49,1,reported
T-CSE-FINANCE-002-A009-2026-06-16,CSE-FINANCE-002,CSE-FINANCE-002-A009,identity-logs,2026-06-16,46,1,reported
T-CSE-FINANCE-002-A009-2026-06-17,CSE-FINANCE-002,CSE-FINANCE-002-A009,identity-logs,2026-06-17,89,1,reported
T-CSE-FINANCE-002-A009-2026-06-18,CSE-FINANCE-002,CSE-FINANCE-002-A009,identity-logs,2026-06-18,62,1,reported
T-CSE-FINANCE-002-A009-2026-06-19,CSE-FINANCE-002,CSE-FINANCE-002-A009,identity-logs,2026-06-19,46,1,reported
T-CSE-FINANCE-002-A009-2026-06-20,CSE-FINANCE-002,CSE-FINANCE-002-A009,identity-logs,2026-06-20,68,1,reported
T-CSE-FINANCE-002-A009-2026-06-21,CSE-FINANCE-002,CSE-FINANCE-002-A009,identity-logs,2026-06-21,58,1,reported
T-CSE-FINANCE-002-A009-2026-06-22,CSE-FINANCE-002,CSE-FINANCE-002-A009,identity-logs,2026-06-22,87,1,reported
T-CSE-FINANCE-002-A009-2026-06-23,CSE-FINANCE-002,CSE-FINANCE-002-A009,identity-logs,2026-06-23,78,1,reported
T-CSE-FINANCE-002-A009-2026-06-24,CSE-FINANCE-002,CSE-FINANCE-002-A009,identity-logs,2026-06-24,69,1,reported
T-CSE-FINANCE-002-A009-2026-06-25,CSE-FINANCE-002,CSE-FINANCE-002-A009,identity-logs,2026-06-25,64,1,reported
T-CSE-FINANCE-002-A009-2026-06-26,CSE-FINANCE-002,CSE-FINANCE-002-A009,identity-logs,2026-06-26,33,1,reported
T-CSE-FINANCE-002-A009-2026-06-27,CSE-FINANCE-002,CSE-FINANCE-002-A009,identity-logs,2026-06-27,35,1,reported
T-CSE-FINANCE-002-A009-2026-06-28,CSE-FINANCE-002,CSE-FINANCE-002-A009,identity-logs,2026-06-28,14,1,reported
T-CSE-FINANCE-002-A009-2026-06-29,CSE-FINANCE-002,CSE-FINANCE-002-A009,identity-logs,2026-06-29,28,1,reported
T-CSE-FINANCE-002-A009-2026-06-30,CSE-FINANCE-002,CSE-FINANCE-002-A009,identity-logs,2026-06-30,42,1,reported
T-CSE-FINANCE-002-A009-2026-07-01,CSE-FINANCE-002,CSE-FINANCE-002-A009,identity-logs,2026-07-01,44,1,reported
T-CSE-FINANCE-002-A009-2026-07-02,CSE-FINANCE-002,CSE-FINANCE-002-A009,identity-logs,2026-07-02,22,1,reported
T-CSE-FINANCE-002-A009-2026-07-03,CSE-FINANCE-002,CSE-FINANCE-002-A009,identity-logs,2026-07-03,38,1,reported
T-CSE-FINANCE-002-A009-2026-07-04,CSE-FINANCE-002,CSE-FINANCE-002-A009,identity-logs,2026-07-04,33,1,reported
T-CSE-FINANCE-002-A009-2026-07-05,CSE-FINANCE-002,CSE-FINANCE-002-A009,identity-logs,2026-07-05,62,1,reported
T-CSE-FINANCE-002-A009-2026-07-06,CSE-FINANCE-002,CSE-FINANCE-002-A009,identity-logs,2026-07-06,25,1,reported
T-CSE-FINANCE-002-A009-2026-07-07,CSE-FINANCE-002,CSE-FINANCE-002-A009,identity-logs,2026-07-07,24,1,reported
T-CSE-FINANCE-002-A009-2026-07-08,CSE-FINANCE-002,CSE-FINANCE-002-A009,identity-logs,2026-07-08,20,1,reported
T-CSE-FINANCE-002-A009-2026-07-09,CSE-FINANCE-002,CSE-FINANCE-002-A009,identity-logs,2026-07-09,72,1,reported
T-CSE-FINANCE-002-A009-2026-07-10,CSE-FINANCE-002,CSE-FINANCE-002-A009,identity-logs,2026-07-10,82,1,reported
T-CSE-FINANCE-002-A009-2026-07-11,CSE-FINANCE-002,CSE-FINANCE-002-A009,identity-logs,2026-07-11,18,1,reported
T-CSE-FINANCE-002-A009-2026-07-12,CSE-FINANCE-002,CSE-FINANCE-002-A009,identity-logs,2026-07-12,15,1,reported
T-CSE-FINANCE-002-A009-2026-07-13,CSE-FINANCE-002,CSE-FINANCE-002-A009,identity-logs,2026-07-13,62,1,reported
T-CSE-FINANCE-002-A009-2026-07-14,CSE-FINANCE-002,CSE-FINANCE-002-A009,identity-logs,2026-07-14,79,1,reported
T-CSE-FINANCE-002-A009-2026-07-15,CSE-FINANCE-002,CSE-FINANCE-002-A009,identity-logs,2026-07-15,22,1,reported
T-CSE-FINANCE-002-A009-2026-07-16,CSE-FINANCE-002,CSE-FINANCE-002-A009,identity-logs,2026-07-16,25,1,reported
T-CSE-FINANCE-002-A009-2026-07-17,CSE-FINANCE-002,CSE-FINANCE-002-A009,identity-logs,2026-07-17,45,1,reported
T-CSE-FINANCE-002-A009-2026-07-18,CSE-FINANCE-002,CSE-FINANCE-002-A009,identity-logs,2026-07-18,31,1,reported
T-CSE-FINANCE-002-A009-2026-07-19,CSE-FINANCE-002,CSE-FINANCE-002-A009,identity-logs,2026-07-19,22,1,reported
T-CSE-FINANCE-002-A009-2026-07-20,CSE-FINANCE-002,CSE-FINANCE-002-A009,identity-logs,2026-07-20,61,1,reported
T-CSE-FINANCE-002-A009-2026-07-21,CSE-FINANCE-002,CSE-FINANCE-002-A009,identity-logs,2026-07-21,51,1,reported
T-CSE-FINANCE-002-A009-2026-07-22,CSE-FINANCE-002,CSE-FINANCE-002-A009,identity-logs,2026-07-22,41,1,reported
T-CSE-FINANCE-002-A009-2026-07-23,CSE-FINANCE-002,CSE-FINANCE-002-A009,identity-logs,2026-07-23,43,1,reported
T-CSE-FINANCE-002-A009-2026-07-24,CSE-FINANCE-002,CSE-FINANCE-002-A009,identity-logs,2026-07-24,48,1,reported
T-CSE-FINANCE-002-A009-2026-07-25,CSE-FINANCE-002,CSE-FINANCE-002-A009,identity-logs,2026-07-25,68,1,reported
T-CSE-FINANCE-002-A009-2026-07-26,CSE-FINANCE-002,CSE-FINANCE-002-A009,identity-logs,2026-07-26,28,1,reported
T-CSE-FINANCE-002-A009-2026-07-27,CSE-FINANCE-002,CSE-FINANCE-002-A009,identity-logs,2026-07-27,28,1,reported
T-CSE-FINANCE-002-A009-2026-07-28,CSE-FINANCE-002,CSE-FINANCE-002-A009,identity-logs,2026-07-28,79,1,reported
T-CSE-FINANCE-002-A009-2026-07-29,CSE-FINANCE-002,CSE-FINANCE-002-A009,identity-logs,2026-07-29,33,1,reported
T-CSE-FINANCE-002-A009-2026-07-30,CSE-FINANCE-002,CSE-FINANCE-002-A009,identity-logs,2026-07-30,15,1,reported
T-CSE-FINANCE-002-A009-2026-07-31,CSE-FINANCE-002,CSE-FINANCE-002-A009,identity-logs,2026-07-31,16,1,reported
T-CSE-FINANCE-002-A009-2026-08-01,CSE-FINANCE-002,CSE-FINANCE-002-A009,identity-logs,2026-08-01,57,1,reported
T-CSE-FINANCE-002-A009-2026-08-02,CSE-FINANCE-002,CSE-FINANCE-002-A009,identity-logs,2026-08-02,53,1,reported
T-CSE-FINANCE-002-A009-2026-08-03,CSE-FINANCE-002,CSE-FINANCE-002-A009,identity-logs,2026-08-03,72,1,reported
T-CSE-FINANCE-002-A009-2026-08-04,CSE-FINANCE-002,CSE-FINANCE-002-A009,identity-logs,2026-08-04,71,1,reported
T-CSE-FINANCE-002-A009-2026-08-05,CSE-FINANCE-002,CSE-FINANCE-002-A009,identity-logs,2026-08-05,81,1,reported
T-CSE-FINANCE-002-A009-2026-08-06,CSE-FINANCE-002,CSE-FINANCE-002-A009,identity-logs,2026-08-06,46,1,reported
T-CSE-FINANCE-002-A009-2026-08-07,CSE-FINANCE-002,CSE-FINANCE-002-A009,identity-logs,2026-08-07,82,1,reported
T-CSE-FINANCE-002-A009-2026-08-08,CSE-FINANCE-002,CSE-FINANCE-002-A009,identity-logs,2026-08-08,68,1,reported
T-CSE-FINANCE-002-A009-2026-08-09,CSE-FINANCE-002,CSE-FINANCE-002-A009,identity-logs,2026-08-09,29,1,reported
T-CSE-FINANCE-002-A009-2026-08-10,CSE-FINANCE-002,CSE-FINANCE-002-A009,identity-logs,2026-08-10,81,1,reported
T-CSE-FINANCE-002-A009-2026-08-11,CSE-FINANCE-002,CSE-FINANCE-002-A009,identity-logs,2026-08-11,34,1,reported
T-CSE-FINANCE-002-A009-2026-08-12,CSE-FINANCE-002,CSE-FINANCE-002-A009,identity-logs,2026-08-12,87,1,reported
T-CSE-FINANCE-002-A009-2026-08-13,CSE-FINANCE-002,CSE-FINANCE-002-A009,identity-logs,2026-08-13,88,1,reported
T-CSE-FINANCE-002-A009-2026-08-14,CSE-FINANCE-002,CSE-FINANCE-002-A009,identity-logs,2026-08-14,70,1,reported
T-CSE-FINANCE-002-A009-2026-08-15,CSE-FINANCE-002,CSE-FINANCE-002-A009,identity-logs,2026-08-15,84,1,reported
T-CSE-FINANCE-002-A009-2026-08-16,CSE-FINANCE-002,CSE-FINANCE-002-A009,identity-logs,2026-08-16,67,1,reported
T-CSE-FINANCE-002-A009-2026-08-17,CSE-FINANCE-002,CSE-FINANCE-002-A009,identity-logs,2026-08-17,79,1,reported
T-CSE-FINANCE-002-A009-2026-08-18,CSE-FINANCE-002,CSE-FINANCE-002-A009,identity-logs,2026-08-18,80,1,reported
T-CSE-FINANCE-002-A009-2026-08-19,CSE-FINANCE-002,CSE-FINANCE-002-A009,identity-logs,2026-08-19,51,1,reported
T-CSE-FINANCE-002-A009-2026-08-20,CSE-FINANCE-002,CSE-FINANCE-002-A009,identity-logs,2026-08-20,56,1,reported
T-CSE-FINANCE-002-A009-2026-08-21,CSE-FINANCE-002,CSE-FINANCE-002-A009,identity-logs,2026-08-21,73,1,reported
T-CSE-FINANCE-002-A009-2026-08-22,CSE-FINANCE-002,CSE-FINANCE-002-A009,identity-logs,2026-08-22,81,1,reported
T-CSE-FINANCE-002-A009-2026-08-23,CSE-FINANCE-002,CSE-FINANCE-002-A009,identity-logs,2026-08-23,41,1,reported
T-CSE-FINANCE-002-A009-2026-08-24,CSE-FINANCE-002,CSE-FINANCE-002-A009,identity-logs,2026-08-24,23,1,reported
T-CSE-FINANCE-002-A009-2026-08-25,CSE-FINANCE-002,CSE-FINANCE-002-A009,identity-logs,2026-08-25,68,1,reported
T-CSE-FINANCE-002-A009-2026-08-26,CSE-FINANCE-002,CSE-FINANCE-002-A009,identity-logs,2026-08-26,51,1,reported
T-CSE-FINANCE-002-A009-2026-08-27,CSE-FINANCE-002,CSE-FINANCE-002-A009,identity-logs,2026-08-27,58,1,reported
T-CSE-FINANCE-002-A009-2026-08-28,CSE-FINANCE-002,CSE-FINANCE-002-A009,identity-logs,2026-08-28,64,1,reported
T-CSE-FINANCE-002-A009-2026-08-29,CSE-FINANCE-002,CSE-FINANCE-002-A009,identity-logs,2026-08-29,45,1,reported
T-CSE-FINANCE-002-A009-2026-08-30,CSE-FINANCE-002,CSE-FINANCE-002-A009,identity-logs,2026-08-30,31,1,reported
T-CSE-FINANCE-002-A009-2026-08-31,CSE-FINANCE-002,CSE-FINANCE-002-A009,identity-logs,2026-08-31,50,1,reported
T-CSE-FINANCE-002-A010-2026-06-03,CSE-FINANCE-002,CSE-FINANCE-002-A010,endpoint-events,2026-06-03,13,1,reported
T-CSE-FINANCE-002-A010-2026-06-04,CSE-FINANCE-002,CSE-FINANCE-002-A010,endpoint-events,2026-06-04,12,1,reported
T-CSE-FINANCE-002-A010-2026-06-05,CSE-FINANCE-002,CSE-FINANCE-002-A010,endpoint-events,2026-06-05,78,1,reported
T-CSE-FINANCE-002-A010-2026-06-06,CSE-FINANCE-002,CSE-FINANCE-002-A010,endpoint-events,2026-06-06,29,1,reported
T-CSE-FINANCE-002-A010-2026-06-07,CSE-FINANCE-002,CSE-FINANCE-002-A010,endpoint-events,2026-06-07,56,1,reported
T-CSE-FINANCE-002-A010-2026-06-08,CSE-FINANCE-002,CSE-FINANCE-002-A010,endpoint-events,2026-06-08,48,1,reported
T-CSE-FINANCE-002-A010-2026-06-09,CSE-FINANCE-002,CSE-FINANCE-002-A010,endpoint-events,2026-06-09,72,1,reported
T-CSE-FINANCE-002-A010-2026-06-10,CSE-FINANCE-002,CSE-FINANCE-002-A010,endpoint-events,2026-06-10,80,1,reported
T-CSE-FINANCE-002-A010-2026-06-11,CSE-FINANCE-002,CSE-FINANCE-002-A010,endpoint-events,2026-06-11,13,1,reported
T-CSE-FINANCE-002-A010-2026-06-12,CSE-FINANCE-002,CSE-FINANCE-002-A010,endpoint-events,2026-06-12,74,1,reported
T-CSE-FINANCE-002-A010-2026-06-13,CSE-FINANCE-002,CSE-FINANCE-002-A010,endpoint-events,2026-06-13,73,1,reported
T-CSE-FINANCE-002-A010-2026-06-14,CSE-FINANCE-002,CSE-FINANCE-002-A010,endpoint-events,2026-06-14,50,1,reported
T-CSE-FINANCE-002-A010-2026-06-15,CSE-FINANCE-002,CSE-FINANCE-002-A010,endpoint-events,2026-06-15,13,1,reported
T-CSE-FINANCE-002-A010-2026-06-16,CSE-FINANCE-002,CSE-FINANCE-002-A010,endpoint-events,2026-06-16,67,1,reported
T-CSE-FINANCE-002-A010-2026-06-17,CSE-FINANCE-002,CSE-FINANCE-002-A010,endpoint-events,2026-06-17,49,1,reported
T-CSE-FINANCE-002-A010-2026-06-18,CSE-FINANCE-002,CSE-FINANCE-002-A010,endpoint-events,2026-06-18,88,1,reported
T-CSE-FINANCE-002-A010-2026-06-19,CSE-FINANCE-002,CSE-FINANCE-002-A010,endpoint-events,2026-06-19,41,1,reported
T-CSE-FINANCE-002-A010-2026-06-20,CSE-FINANCE-002,CSE-FINANCE-002-A010,endpoint-events,2026-06-20,12,1,reported
T-CSE-FINANCE-002-A010-2026-06-21,CSE-FINANCE-002,CSE-FINANCE-002-A010,endpoint-events,2026-06-21,82,1,reported
T-CSE-FINANCE-002-A010-2026-06-22,CSE-FINANCE-002,CSE-FINANCE-002-A010,endpoint-events,2026-06-22,59,1,reported
T-CSE-FINANCE-002-A010-2026-06-23,CSE-FINANCE-002,CSE-FINANCE-002-A010,endpoint-events,2026-06-23,36,1,reported
T-CSE-FINANCE-002-A010-2026-06-24,CSE-FINANCE-002,CSE-FINANCE-002-A010,endpoint-events,2026-06-24,64,1,reported
T-CSE-FINANCE-002-A010-2026-06-25,CSE-FINANCE-002,CSE-FINANCE-002-A010,endpoint-events,2026-06-25,83,1,reported
T-CSE-FINANCE-002-A010-2026-06-26,CSE-FINANCE-002,CSE-FINANCE-002-A010,endpoint-events,2026-06-26,67,1,reported
T-CSE-FINANCE-002-A010-2026-06-27,CSE-FINANCE-002,CSE-FINANCE-002-A010,endpoint-events,2026-06-27,62,1,reported
T-CSE-FINANCE-002-A010-2026-06-28,CSE-FINANCE-002,CSE-FINANCE-002-A010,endpoint-events,2026-06-28,43,1,reported
T-CSE-FINANCE-002-A010-2026-06-29,CSE-FINANCE-002,CSE-FINANCE-002-A010,endpoint-events,2026-06-29,32,1,reported
T-CSE-FINANCE-002-A010-2026-06-30,CSE-FINANCE-002,CSE-FINANCE-002-A010,endpoint-events,2026-06-30,61,1,reported
T-CSE-FINANCE-002-A010-2026-07-01,CSE-FINANCE-002,CSE-FINANCE-002-A010,endpoint-events,2026-07-01,60,1,reported
T-CSE-FINANCE-002-A010-2026-07-02,CSE-FINANCE-002,CSE-FINANCE-002-A010,endpoint-events,2026-07-02,40,1,reported
T-CSE-FINANCE-002-A010-2026-07-03,CSE-FINANCE-002,CSE-FINANCE-002-A010,endpoint-events,2026-07-03,45,1,reported
T-CSE-FINANCE-002-A010-2026-07-04,CSE-FINANCE-002,CSE-FINANCE-002-A010,endpoint-events,2026-07-04,22,1,reported
T-CSE-FINANCE-002-A010-2026-07-05,CSE-FINANCE-002,CSE-FINANCE-002-A010,endpoint-events,2026-07-05,66,1,reported
T-CSE-FINANCE-002-A010-2026-07-06,CSE-FINANCE-002,CSE-FINANCE-002-A010,endpoint-events,2026-07-06,42,1,reported
T-CSE-FINANCE-002-A010-2026-07-07,CSE-FINANCE-002,CSE-FINANCE-002-A010,endpoint-events,2026-07-07,78,1,reported
T-CSE-FINANCE-002-A010-2026-07-08,CSE-FINANCE-002,CSE-FINANCE-002-A010,endpoint-events,2026-07-08,46,1,reported
T-CSE-FINANCE-002-A010-2026-07-09,CSE-FINANCE-002,CSE-FINANCE-002-A010,endpoint-events,2026-07-09,48,1,reported
T-CSE-FINANCE-002-A010-2026-07-10,CSE-FINANCE-002,CSE-FINANCE-002-A010,endpoint-events,2026-07-10,80,1,reported
T-CSE-FINANCE-002-A010-2026-07-11,CSE-FINANCE-002,CSE-FINANCE-002-A010,endpoint-events,2026-07-11,46,1,reported
T-CSE-FINANCE-002-A010-2026-07-12,CSE-FINANCE-002,CSE-FINANCE-002-A010,endpoint-events,2026-07-12,64,1,reported
T-CSE-FINANCE-002-A010-2026-07-13,CSE-FINANCE-002,CSE-FINANCE-002-A010,endpoint-events,2026-07-13,36,1,reported
T-CSE-FINANCE-002-A010-2026-07-14,CSE-FINANCE-002,CSE-FINANCE-002-A010,endpoint-events,2026-07-14,20,1,reported
T-CSE-FINANCE-002-A010-2026-07-15,CSE-FINANCE-002,CSE-FINANCE-002-A010,endpoint-events,2026-07-15,35,1,reported
T-CSE-FINANCE-002-A010-2026-07-16,CSE-FINANCE-002,CSE-FINANCE-002-A010,endpoint-events,2026-07-16,29,1,reported
T-CSE-FINANCE-002-A010-2026-07-17,CSE-FINANCE-002,CSE-FINANCE-002-A010,endpoint-events,2026-07-17,49,1,reported
T-CSE-FINANCE-002-A010-2026-07-18,CSE-FINANCE-002,CSE-FINANCE-002-A010,endpoint-events,2026-07-18,26,1,reported
T-CSE-FINANCE-002-A010-2026-07-19,CSE-FINANCE-002,CSE-FINANCE-002-A010,endpoint-events,2026-07-19,70,1,reported
T-CSE-FINANCE-002-A010-2026-07-20,CSE-FINANCE-002,CSE-FINANCE-002-A010,endpoint-events,2026-07-20,69,1,reported
T-CSE-FINANCE-002-A010-2026-07-21,CSE-FINANCE-002,CSE-FINANCE-002-A010,endpoint-events,2026-07-21,46,1,reported
T-CSE-FINANCE-002-A010-2026-07-22,CSE-FINANCE-002,CSE-FINANCE-002-A010,endpoint-events,2026-07-22,74,1,reported
T-CSE-FINANCE-002-A010-2026-07-23,CSE-FINANCE-002,CSE-FINANCE-002-A010,endpoint-events,2026-07-23,36,1,reported
T-CSE-FINANCE-002-A010-2026-07-24,CSE-FINANCE-002,CSE-FINANCE-002-A010,endpoint-events,2026-07-24,53,1,reported
T-CSE-FINANCE-002-A010-2026-07-25,CSE-FINANCE-002,CSE-FINANCE-002-A010,endpoint-events,2026-07-25,14,1,reported
T-CSE-FINANCE-002-A010-2026-07-26,CSE-FINANCE-002,CSE-FINANCE-002-A010,endpoint-events,2026-07-26,31,1,reported
T-CSE-FINANCE-002-A010-2026-07-27,CSE-FINANCE-002,CSE-FINANCE-002-A010,endpoint-events,2026-07-27,18,1,reported
T-CSE-FINANCE-002-A010-2026-07-28,CSE-FINANCE-002,CSE-FINANCE-002-A010,endpoint-events,2026-07-28,80,1,reported
T-CSE-FINANCE-002-A010-2026-07-29,CSE-FINANCE-002,CSE-FINANCE-002-A010,endpoint-events,2026-07-29,14,1,reported
T-CSE-FINANCE-002-A010-2026-07-30,CSE-FINANCE-002,CSE-FINANCE-002-A010,endpoint-events,2026-07-30,35,1,reported
T-CSE-FINANCE-002-A010-2026-07-31,CSE-FINANCE-002,CSE-FINANCE-002-A010,endpoint-events,2026-07-31,25,1,reported
T-CSE-FINANCE-002-A010-2026-08-01,CSE-FINANCE-002,CSE-FINANCE-002-A010,endpoint-events,2026-08-01,48,1,reported
T-CSE-FINANCE-002-A010-2026-08-02,CSE-FINANCE-002,CSE-FINANCE-002-A010,endpoint-events,2026-08-02,46,1,reported
T-CSE-FINANCE-002-A010-2026-08-03,CSE-FINANCE-002,CSE-FINANCE-002-A010,endpoint-events,2026-08-03,28,1,reported
T-CSE-FINANCE-002-A010-2026-08-04,CSE-FINANCE-002,CSE-FINANCE-002-A010,endpoint-events,2026-08-04,68,1,reported
T-CSE-FINANCE-002-A010-2026-08-05,CSE-FINANCE-002,CSE-FINANCE-002-A010,endpoint-events,2026-08-05,13,1,reported
T-CSE-FINANCE-002-A010-2026-08-06,CSE-FINANCE-002,CSE-FINANCE-002-A010,endpoint-events,2026-08-06,41,1,reported
T-CSE-FINANCE-002-A010-2026-08-07,CSE-FINANCE-002,CSE-FINANCE-002-A010,endpoint-events,2026-08-07,23,1,reported
T-CSE-FINANCE-002-A010-2026-08-08,CSE-FINANCE-002,CSE-FINANCE-002-A010,endpoint-events,2026-08-08,31,1,reported
T-CSE-FINANCE-002-A010-2026-08-09,CSE-FINANCE-002,CSE-FINANCE-002-A010,endpoint-events,2026-08-09,13,1,reported
T-CSE-FINANCE-002-A010-2026-08-10,CSE-FINANCE-002,CSE-FINANCE-002-A010,endpoint-events,2026-08-10,75,1,reported
T-CSE-FINANCE-002-A010-2026-08-11,CSE-FINANCE-002,CSE-FINANCE-002-A010,endpoint-events,2026-08-11,39,1,reported
T-CSE-FINANCE-002-A010-2026-08-12,CSE-FINANCE-002,CSE-FINANCE-002-A010,endpoint-events,2026-08-12,55,1,reported
T-CSE-FINANCE-002-A010-2026-08-13,CSE-FINANCE-002,CSE-FINANCE-002-A010,endpoint-events,2026-08-13,65,1,reported
T-CSE-FINANCE-002-A010-2026-08-14,CSE-FINANCE-002,CSE-FINANCE-002-A010,endpoint-events,2026-08-14,51,1,reported
T-CSE-FINANCE-002-A010-2026-08-15,CSE-FINANCE-002,CSE-FINANCE-002-A010,endpoint-events,2026-08-15,75,1,reported
T-CSE-FINANCE-002-A010-2026-08-16,CSE-FINANCE-002,CSE-FINANCE-002-A010,endpoint-events,2026-08-16,59,1,reported
T-CSE-FINANCE-002-A010-2026-08-17,CSE-FINANCE-002,CSE-FINANCE-002-A010,endpoint-events,2026-08-17,71,1,reported
T-CSE-FINANCE-002-A010-2026-08-18,CSE-FINANCE-002,CSE-FINANCE-002-A010,endpoint-events,2026-08-18,16,1,reported
T-CSE-FINANCE-002-A010-2026-08-19,CSE-FINANCE-002,CSE-FINANCE-002-A010,endpoint-events,2026-08-19,54,1,reported
T-CSE-FINANCE-002-A010-2026-08-20,CSE-FINANCE-002,CSE-FINANCE-002-A010,endpoint-events,2026-08-20,22,1,reported
T-CSE-FINANCE-002-A010-2026-08-21,CSE-FINANCE-002,CSE-FINANCE-002-A010,endpoint-events,2026-08-21,30,1,reported
T-CSE-FINANCE-002-A010-2026-08-22,CSE-FINANCE-002,CSE-FINANCE-002-A010,endpoint-events,2026-08-22,19,1,reported
T-CSE-FINANCE-002-A010-2026-08-23,CSE-FINANCE-002,CSE-FINANCE-002-A010,endpoint-events,2026-08-23,46,1,reported
T-CSE-FINANCE-002-A010-2026-08-24,CSE-FINANCE-002,CSE-FINANCE-002-A010,endpoint-events,2026-08-24,62,1,reported
T-CSE-FINANCE-002-A010-2026-08-25,CSE-FINANCE-002,CSE-FINANCE-002-A010,endpoint-events,2026-08-25,21,1,reported
T-CSE-FINANCE-002-A010-2026-08-26,CSE-FINANCE-002,CSE-FINANCE-002-A010,endpoint-events,2026-08-26,81,1,reported
T-CSE-FINANCE-002-A010-2026-08-27,CSE-FINANCE-002,CSE-FINANCE-002-A010,endpoint-events,2026-08-27,72,1,reported
T-CSE-FINANCE-002-A010-2026-08-28,CSE-FINANCE-002,CSE-FINANCE-002-A010,endpoint-events,2026-08-28,35,1,reported
T-CSE-FINANCE-002-A010-2026-08-29,CSE-FINANCE-002,CSE-FINANCE-002-A010,endpoint-events,2026-08-29,36,1,reported
T-CSE-FINANCE-002-A010-2026-08-30,CSE-FINANCE-002,CSE-FINANCE-002-A010,endpoint-events,2026-08-30,44,1,reported
T-CSE-FINANCE-002-A010-2026-08-31,CSE-FINANCE-002,CSE-FINANCE-002-A010,endpoint-events,2026-08-31,60,1,reported
