event_id,cse_id,case_id,activity,event_time,sequence_index,source_user_id,evidence_ref
EV-CASE-DEMO-0001-0,CSE-POWER-001,CASE-DEMO-0001,acknowledge,2026-06-18T22:25:00Z,0,CSE-POWER-001-USR-01,workflow_events.csv#EV-CASE-DEMO-0001-0
EV-CASE-DEMO-0001-1,CSE-POWER-001,CASE-DEMO-0001,close,2026-06-18T22:36:00Z,1,CSE-POWER-001-USR-01,workflow_events.csv#EV-CASE-DEMO-0001-1
EV-CASE-DEMO-0002-0,CSE-FINANCE-002,CASE-DEMO-0002,acknowledge,2026-06-18T08:40:00Z,0,CSE-FINANCE-002-USR-01,workflow_events.csv#EV-CASE-DEMO-0002-0
EV-CASE-DEMO-0002-1,CSE-FINANCE-002,CASE-DEMO-0002,investigate,2026-06-18T21:39:06.763093Z,1,CSE-FINANCE-002-USR-01,workflow_events.csv#EV-CASE-DEMO-0002-1
EV-CASE-DEMO-0002-2,CSE-FINANCE-002,CASE-DEMO-0002,close,2026-06-19T10:48:13.526186Z,2,CSE-FINANCE-002-USR-01,workflow_events.csv#EV-CASE-DEMO-0002-2
EV-CASE-DEMO-0003-0,CSE-TELECOM-002,CASE-DEMO-0003,acknowledge,2026-08-30T19:19:00Z,0,CSE-TELECOM-002-USR-01,workflow_events.csv#EV-CASE-DEMO-0003-0
EV-CASE-DEMO-0003-1,CSE-TELECOM-002,CASE-DEMO-0003,investigate,2026-08-31T01:19:41.182218Z,1,CSE-TELECOM-002-USR-01,workflow_events.csv#EV-CASE-DEMO-0003-1
EV-CASE-DEMO-0003-2,CSE-TELECOM-002,CASE-DEMO-0003,close,2026-08-31T07:30:22.364436Z,2,CSE-TELECOM-002-USR-01,workflow_events.csv#EV-CASE-DEMO-0003-2
EV-CASE-DEMO-0004-0,CSE-POWER-002,CASE-DEMO-0004,acknowledge,2026-08-24T12:01:00Z,0,CSE-POWER-002-USR-01,workflow_events.csv#EV-CASE-DEMO-0004-0
EV-CASE-DEMO-0004-1,CSE-POWER-002,CASE-DEMO-0004,investigate,2026-08-24T19:44:26.806996Z,1,CSE-POWER-002-USR-01,workflow_events.csv#EV-CASE-DEMO-0004-1
EV-CASE-DEMO-0004-2,CSE-POWER-002,CASE-DEMO-0004,close,2026-08-25T03:37:53.613991Z,2,CSE-POWER-002-USR-01,workflow_events.csv#EV-CASE-DEMO-0004-2
EV-CASE-DEMO-0005-0,CSE-FINANCE-001,CASE-DEMO-0005,acknowledge,2026-08-01T09:05:00Z,0,CSE-FINANCE-001-USR-01,workflow_events.csv#EV-CASE-DEMO-0005-0
EV-CASE-DEMO-0005-1,CSE-FINANCE-001,CASE-DEMO-0005,investigate,2026-08-01T20:58:27.022207Z,1,CSE-FINANCE-001-USR-01,workflow_events.csv#EV-CASE-DEMO-0005-1
EV-CASE-DEMO-0005-2,CSE-FINANCE-001,CASE-DEMO-0005,close,2026-08-02T09:01:54.044414Z,2,CSE-FINANCE-001-USR-01,workflow_events.csv#EV-CASE-DEMO-0005-2
EV-CASE-DEMO-0006-0,CSE-TELECOM-001,CASE-DEMO-0006,acknowledge,2026-06-11T21:44:00Z,0,CSE-TELECOM-001-USR-01,workflow_events.csv#EV-CASE-DEMO-0006-0
EV-CASE-DEMO-0006-1,CSE-TELECOM-001,CASE-DEMO-0006,investigate,2026-06-12T10:47:03.649613Z,1,CSE-TELECOM-001-USR-01,workflow_events.csv#EV-CASE-DEMO-0006-1
EV-CASE-DEMO-0006-2,CSE-TELECOM-001,CASE-DEMO-0006,close,2026-06-13T00:00:07.299227Z,2,CSE-TELECOM-001-USR-01,workflow_events.csv#EV-CASE-DEMO-0006-2
EV-CASE-DEMO-0007-0,CSE-POWER-001,CASE-DEMO-0007,acknowledge,2026-06-16T15:22:00Z,0,CSE-POWER-001-USR-01,workflow_events.csv#EV-CASE-DEMO-0007-0
EV-CASE-DEMO-0007-1,CSE-POWER-001,CASE-DEMO-0007,investigate,2026-06-16T23:59:00.601144Z,1,CSE-POWER-001-USR-01,workflow_events.csv#EV-CASE-DEMO-0007-1
EV-CASE-DEMO-0007-2,CSE-POWER-001,CASE-DEMO-0007,close,2026-06-17T08:46:01.202288Z,2,CSE-POWER-001-USR-01,workflow_events.csv#EV-CASE-DEMO-0007-2
EV-CASE-DEMO-0008-0,CSE-FINANCE-002,CASE-DEMO-0008,acknowledge,2026-08-23T01:33:00Z,0,CSE-FINANCE-002-USR-01,workflow_events.csv#EV-CASE-DEMO-0008-0
EV-CASE-DEMO-0008-1,CSE-FINANCE-002,CASE-DEMO-0008,investigate,2026-08-23T14:43:02.142546Z,1,CSE-FINANCE-002-USR-01,workflow_events.csv#EV-CASE-DEMO-0008-1
EV-CASE-DEMO-0008-2,CSE-FINANCE-002,CASE-DEMO-0008,close,2026-08-24T04:03:04.285092Z,2,CSE-FINANCE-002-USR-01,workflow_events.csv#EV-CASE-DEMO-0008-2
EV-CASE-DEMO-0009-0,CSE-TELECOM-002,CASE-DEMO-0009,acknowledge,2026-08-26T07:46:00Z,0,CSE-TELECOM-002-USR-01,workflow_events.csv#EV-CASE-DEMO-0009-0
EV-CASE-DEMO-0009-1,CSE-TELECOM-002,CASE-DEMO-0009,investigate,2026-08-26T21:56:33.029690Z,1,CSE-TELECOM-002-USR-01,workflow_events.csv#EV-CASE-DEMO-0009-1
EV-CASE-DEMO-0009-2,CSE-TELECOM-002,CASE-DEMO-0009,close,2026-08-27T12:17:06.059380Z,2,CSE-TELECOM-002-USR-01,workflow_events.csv#EV-CASE-DEMO-0009-2
EV-CASE-DEMO-0010-0,CSE-POWER-002,CASE-DEMO-0010,acknowledge,2026-07-29T12:07:00Z,0,CSE-POWER-002-USR-01,workflow_events.csv#EV-CASE-DEMO-0010-0
EV-CASE-DEMO-0010-1,CSE-POWER-002,CASE-DEMO-0010,investigate,2026-07-29T22:17:49.026561Z,1,CSE-POWER-002-USR-01,workflow_events.csv#EV-CASE-DEMO-0010-1
EV-CASE-DEMO-0010-2,CSE-POWER-002,CASE-DEMO-0010,close,2026-07-30T08:38:38.053122Z,2,CSE-POWER-002-USR-01,workflow_events.csv#EV-CASE-DEMO-0010-2
EV-CASE-DEMO-0011-0,CSE-FINANCE-001,CASE-DEMO-0011,acknowledge,2026-07-09T19:11:00Z,0,CSE-FINANCE-001-USR-01,workflow_events.csv#EV-CASE-DEMO-0011-0
EV-CASE-DEMO-0011-1,CSE-FINANCE-001,CASE-DEMO-0011,investigate,2026-07-10T05:10:02.555224Z,1,CSE-FINANCE-001-USR-01,workflow_events.csv#EV-CASE-DEMO-0011-1
EV-CASE-DEMO-0011-2,CSE-FINANCE-001,CASE-DEMO-0011,close,2026-07-10T15:19:05.110449Z,2,CSE-FINANCE-001-USR-01,workflow_events.csv#EV-CASE-DEMO-0011-2
EV-CASE-DEMO-0012-0,CSE-TELECOM-001,CASE-DEMO-0012,acknowledge,2026-06-20T08:33:00Z,0,CSE-TELECOM-001-USR-01,workflow_events.csv#EV-CASE-DEMO-0012-0
EV-CASE-DEMO-0012-1,CSE-TELECOM-001,CASE-DEMO-0012,investigate,2026-06-20T11:02:14.001300Z,1,CSE-TELECOM-001-USR-01,workflow_events.csv#EV-CASE-DEMO-0012-1
EV-CASE-DEMO-0012-2,CSE-TELECOM-001,CASE-DEMO-0012,close,2026-06-20T13:41:28.002600Z,2,CSE-TELECOM-001-USR-01,workflow_events.csv#EV-CASE-DEMO-0012-2
EV-CASE-DEMO-0013-0,CSE-POWER-001,CASE-DEMO-0013,acknowledge,2026-08-15T12:15:00Z,0,CSE-POWER-001-USR-01,workflow_events.csv#EV-CASE-DEMO-0013-0
EV-CASE-DEMO-0013-1,CSE-POWER-001,CASE-DEMO-0013,investigate,2026-08-15T18:52:19.297491Z,1,CSE-POWER-001-USR-01,workflow_events.csv#EV-CASE-DEMO-0013-1
EV-CASE-DEMO-0013-2,CSE-POWER-001,CASE-DEMO-0013,close,2026-08-16T01:39:38.594981Z,2,CSE-POWER-001-USR-01,workflow_events.csv#EV-CASE-DEMO-0013-2
EV-CASE-DEMO-0014-0,CSE-FINANCE-002,CASE-DEMO-0014,acknowledge,2026-08-31T07:19:00Z,0,CSE-FINANCE-002-USR-01,workflow_events.csv#EV-CASE-DEMO-0014-0
EV-CASE-DEMO-0014-1,CSE-FINANCE-002,CASE-DEMO-0014,investigate,2026-08-31T17:26:15.134830Z,1,CSE-FINANCE-002-USR-01,workflow_events.csv#EV-CASE-DEMO-0014-1
EV-CASE-DEMO-0014-2,CSE-FINANCE-002,CASE-DEMO-0014,close,2026-09-01T03:43:30.269661Z,2,CSE-FINANCE-002-USR-01,workflow_events.csv#EV-CASE-DEMO-0014-2
EV-CASE-DEMO-0015-0,CSE-TELECOM-002,CASE-DEMO-0015,acknowledge,2026-07-24T16:37:00Z,0,CSE-TELECOM-002-USR-01,workflow_events.csv#EV-CASE-DEMO-0015-0
EV-CASE-DEMO-0015-1,CSE-TELECOM-002,CASE-DEMO-0015,investigate,2026-07-24T21:57:41.686550Z,1,CSE-TELECOM-002-USR-01,workflow_events.csv#EV-CASE-DEMO-0015-1
EV-CASE-DEMO-0015-2,CSE-TELECOM-002,CASE-DEMO-0015,close,2026-07-25T03:28:23.373099Z,2,CSE-TELECOM-002-USR-01,workflow_events.csv#EV-CASE-DEMO-0015-2
EV-CASE-DEMO-0016-0,CSE-POWER-002,CASE-DEMO-0016,acknowledge,2026-06-17T21:36:00Z,0,CSE-POWER-002-USR-01,workflow_events.csv#EV-CASE-DEMO-0016-0
EV-CASE-DEMO-0016-1,CSE-POWER-002,CASE-DEMO-0016,investigate,2026-06-18T11:04:39.624579Z,1,CSE-POWER-002-USR-01,workflow_events.csv#EV-CASE-DEMO-0016-1
EV-CASE-DEMO-0016-2,CSE-POWER-002,CASE-DEMO-0016,close,2026-06-19T00:43:19.249158Z,2,CSE-POWER-002-USR-01,workflow_events.csv#EV-CASE-DEMO-0016-2
EV-CASE-DEMO-0017-0,CSE-FINANCE-001,CASE-DEMO-0017,acknowledge,2026-08-29T11:19:00Z,0,CSE-FINANCE-001-USR-01,workflow_events.csv#EV-CASE-DEMO-0017-0
EV-CASE-DEMO-0017-1,CSE-FINANCE-001,CASE-DEMO-0017,investigate,2026-08-29T18:52:42.398939Z,1,CSE-FINANCE-001-USR-01,workflow_events.csv#EV-CASE-DEMO-0017-1
EV-CASE-DEMO-0017-2,CSE-FINANCE-001,CASE-DEMO-0017,close,2026-08-30T02:36:24.797878Z,2,CSE-FINANCE-001-USR-01,workflow_events.csv#EV-CASE-DEMO-0017-2
EV-CASE-DEMO-0018-0,CSE-TELECOM-001,CASE-DEMO-0018,acknowledge,2026-07-06T17:40:00Z,0,CSE-TELECOM-001-USR-01,workflow_events.csv#EV-CASE-DEMO-0018-0
EV-CASE-DEMO-0018-1,CSE-TELECOM-001,CASE-DEMO-0018,investigate,2026-07-07T03:17:05.511172Z,1,CSE-TELECOM-001-USR-01,workflow_events.csv#EV-CASE-DEMO-0018-1
EV-CASE-DEMO-0018-2,CSE-TELECOM-001,CASE-DEMO-0018,close,2026-07-07T13:04:11.022344Z,2,CSE-TELECOM-001-USR-01,workflow_events.csv#EV-CASE-DEMO-0018-2
EV-CASE-DEMO-0019-0,CSE-POWER-001,CASE-DEMO-0019,acknowledge,2026-08-26T21:33:00Z,0,CSE-POWER-001-USR-01,workflow_events.csv#EV-CASE-DEMO-0019-0
EV-CASE-DEMO-0019-1,CSE-POWER-001,CASE-DEMO-0019,investigate,2026-08-27T04:27:46.536851Z,1,CSE-POWER-001-USR-01,workflow_events.csv#EV-CASE-DEMO-0019-1
EV-CASE-DEMO-0019-2,CSE-POWER-001,CASE-DEMO-0019,close,2026-08-27T11:32:33.073703Z,2,CSE-POWER-001-USR-01,workflow_events.csv#EV-CASE-DEMO-0019-2
EV-CASE-DEMO-0020-0,CSE-FINANCE-002,CASE-DEMO-0020,acknowledge,2026-07-04T16:29:00Z,0,CSE-FINANCE-002-USR-01,workflow_events.csv#EV-CASE-DEMO-0020-0
EV-CASE-DEMO-0020-1,CSE-FINANCE-002,CASE-DEMO-0020,investigate,2026-07-04T19:04:22.917553Z,1,CSE-FINANCE-002-USR-01,workflow_events.csv#EV-CASE-DEMO-0020-1
EV-CASE-DEMO-0020-2,CSE-FINANCE-002,CASE-DEMO-0020,close,2026-07-04T21:49:45.835105Z,2,CSE-FINANCE-002-USR-01,workflow_events.csv#EV-CASE-DEMO-0020-2
EV-CASE-DEMO-0021-0,CSE-TELECOM-002,CASE-DEMO-0021,acknowledge,2026-06-22T11:07:00Z,0,CSE-TELECOM-002-USR-01,workflow_events.csv#EV-CASE-DEMO-0021-0
EV-CASE-DEMO-0021-1,CSE-TELECOM-002,CASE-DEMO-0021,investigate,2026-06-23T01:12:29.167651Z,1,CSE-TELECOM-002-USR-01,workflow_events.csv#EV-CASE-DEMO-0021-1
EV-CASE-DEMO-0021-2,CSE-TELECOM-002,CASE-DEMO-0021,close,2026-06-23T15:27:58.335301Z,2,CSE-TELECOM-002-USR-01,workflow_events.csv#EV-CASE-DEMO-0021-2
EV-CASE-DEMO-0022-0,CSE-POWER-002,CASE-DEMO-0022,acknowledge,2026-08-25T04:47:00Z,0,CSE-POWER-002-USR-01,workflow_events.csv#EV-CASE-DEMO-0022-0
EV-CASE-DEMO-0022-1,CSE-POWER-002,CASE-DEMO-0022,investigate,2026-08-25T18:07:38.382111Z,1,CSE-POWER-002-USR-01,workflow_events.csv#EV-CASE-DEMO-0022-1
EV-CASE-DEMO-0022-2,CSE-POWER-002,CASE-DEMO-0022,close,2026-08-26T07:38:16.764222Z,2,CSE-POWER-002-USR-01,workflow_events.csv#EV-CASE-DEMO-0022-2
EV-CASE-DEMO-0023-0,CSE-FINANCE-001,CASE-DEMO-0023,acknowledge,2026-07-13T13:36:00Z,0,CSE-FINANCE-001-USR-01,workflow_events.csv#EV-CASE-DEMO-0023-0
EV-CASE-DEMO-0023-1,CSE-FINANCE-001,CASE-DEMO-0023,investigate,2026-07-14T00:52:17.792669Z,1,CSE-FINANCE-001-USR-01,workflow_events.csv#EV-CASE-DEMO-0023-1
EV-CASE-DEMO-0023-2,CSE-FINANCE-001,CASE-DEMO-0023,close,2026-07-14T12:18:35.585338Z,2,CSE-FINANCE-001-USR-01,workflow_events.csv#EV-CASE-DEMO-0023-2
EV-CASE-DEMO-0024-0,CSE-TELECOM-001,CASE-DEMO-0024,acknowledge,2026-07-18T02:54:00Z,0,CSE-TELECOM-001-USR-01,workflow_events.csv#EV-CASE-DEMO-0024-0
EV-CASE-DEMO-0024-1,CSE-TELECOM-001,CASE-DEMO-0024,investigate,2026-07-18T14:39:06.825468Z,1,CSE-TELECOM-001-USR-01,workflow_events.csv#EV-CASE-DEMO-0024-1
EV-CASE-DEMO-0024-2,CSE-TELECOM-001,CASE-DEMO-0024,close,2026-07-19T02:34:13.650936Z,2,CSE-TELECOM-001-USR-01,workflow_events.csv#EV-CASE-DEMO-0024-2
EV-CASE-DEMO-0025-0,CSE-POWER-001,CASE-DEMO-0025,acknowledge,2026-06-11T06:09:00Z,0,CSE-POWER-001-USR-01,workflow_events.csv#EV-CASE-DEMO-0025-0
EV-CASE-DEMO-0025-1,CSE-POWER-001,CASE-DEMO-0025,investigate,2026-06-11T13:20:05.037616Z,1,CSE-POWER-001-USR-01,workflow_events.csv#EV-CASE-DEMO-0025-1
EV-CASE-DEMO-0025-2,CSE-POWER-001,CASE-DEMO-0025,close,2026-06-11T20:41:10.075232Z,2,CSE-POWER-001-USR-01,workflow_events.csv#EV-CASE-DEMO-0025-2
EV-CASE-DEMO-0026-0,CSE-FINANCE-002,CASE-DEMO-0026,acknowledge,2026-08-08T03:38:00Z,0,CSE-FINANCE-002-USR-01,workflow_events.csv#EV-CASE-DEMO-0026-0
EV-CASE-DEMO-0026-1,CSE-FINANCE-002,CASE-DEMO-0026,investigate,2026-08-08T07:09:25.346963Z,1,CSE-FINANCE-002-USR-01,workflow_events.csv#EV-CASE-DEMO-0026-1
EV-CASE-DEMO-0026-2,CSE-FINANCE-002,CASE-DEMO-0026,close,2026-08-08T10:50:50.693927Z,2,CSE-FINANCE-002-USR-01,workflow_events.csv#EV-CASE-DEMO-0026-2
EV-CASE-DEMO-0027-0,CSE-TELECOM-002,CASE-DEMO-0027,acknowledge,2026-06-09T22:43:00Z,0,CSE-TELECOM-002-USR-01,workflow_events.csv#EV-CASE-DEMO-0027-0
EV-CASE-DEMO-0027-1,CSE-TELECOM-002,CASE-DEMO-0027,investigate,2026-06-10T02:20:00.637486Z,1,CSE-TELECOM-002-USR-01,workflow_events.csv#EV-CASE-DEMO-0027-1
EV-CASE-DEMO-0027-2,CSE-TELECOM-002,CASE-DEMO-0027,close,2026-06-10T06:07:01.274973Z,2,CSE-TELECOM-002-USR-01,workflow_events.csv#EV-CASE-DEMO-0027-2
EV-CASE-DEMO-0028-0,CSE-POWER-002,CASE-DEMO-0028,acknowledge,2026-06-14T08:30:00Z,0,CSE-POWER-002-USR-01,workflow_events.csv#EV-CASE-DEMO-0028-0
EV-CASE-DEMO-0028-1,CSE-POWER-002,CASE-DEMO-0028,investigate,2026-06-14T10:35:10.844311Z,1,CSE-POWER-002-USR-01,workflow_events.csv#EV-CASE-DEMO-0028-1
EV-CASE-DEMO-0028-2,CSE-POWER-002,CASE-DEMO-0028,close,2026-06-14T12:50:21.688622Z,2,CSE-POWER-002-USR-01,workflow_events.csv#EV-CASE-DEMO-0028-2
EV-CASE-DEMO-0029-0,CSE-FINANCE-001,CASE-DEMO-0029,acknowledge,2026-08-26T04:20:00Z,0,CSE-FINANCE-001-USR-01,workflow_events.csv#EV-CASE-DEMO-0029-0
EV-CASE-DEMO-0029-1,CSE-FINANCE-001,CASE-DEMO-0029,investigate,2026-08-26T16:32:57.615573Z,1,CSE-FINANCE-001-USR-01,workflow_events.csv#EV-CASE-DEMO-0029-1
EV-CASE-DEMO-0029-2,CSE-FINANCE-001,CASE-DEMO-0029,close,2026-08-27T04:55:55.231147Z,2,CSE-FINANCE-001-USR-01,workflow_events.csv#EV-CASE-DEMO-0029-2
EV-CASE-DEMO-0030-0,CSE-TELECOM-001,CASE-DEMO-0030,acknowledge,2026-06-03T20:06:00Z,0,CSE-TELECOM-001-USR-01,workflow_events.csv#EV-CASE-DEMO-0030-0
EV-CASE-DEMO-0030-1,CSE-TELECOM-001,CASE-DEMO-0030,investigate,2026-06-04T07:37:46.389311Z,1,CSE-TELECOM-001-USR-01,workflow_events.csv#EV-CASE-DEMO-0030-1
EV-CASE-DEMO-0030-2,CSE-TELECOM-001,CASE-DEMO-0030,close,2026-06-04T19:19:32.778622Z,2,CSE-TELECOM-001-USR-01,workflow_events.csv#EV-CASE-DEMO-0030-2
EV-CASE-DEMO-0031-0,CSE-POWER-001,CASE-DEMO-0031,acknowledge,2026-06-07T05:04:00Z,0,CSE-POWER-001-USR-01,workflow_events.csv#EV-CASE-DEMO-0031-0
EV-CASE-DEMO-0031-1,CSE-POWER-001,CASE-DEMO-0031,investigate,2026-06-07T13:17:50.004110Z,1,CSE-POWER-001-USR-01,workflow_events.csv#EV-CASE-DEMO-0031-1
EV-CASE-DEMO-0031-2,CSE-POWER-001,CASE-DEMO-0031,close,2026-06-07T21:41:40.008221Z,2,CSE-POWER-001-USR-01,workflow_events.csv#EV-CASE-DEMO-0031-2
EV-CASE-DEMO-0032-0,CSE-FINANCE-002,CASE-DEMO-0032,acknowledge,2026-06-07T02:59:00Z,0,CSE-FINANCE-002-USR-01,workflow_events.csv#EV-CASE-DEMO-0032-0
EV-CASE-DEMO-0032-1,CSE-FINANCE-002,CASE-DEMO-0032,investigate,2026-06-07T12:56:48.237324Z,1,CSE-FINANCE-002-USR-01,workflow_events.csv#EV-CASE-DEMO-0032-1
EV-CASE-DEMO-0032-2,CSE-FINANCE-002,CASE-DEMO-0032,close,2026-06-07T23:04:36.474649Z,2,CSE-FINANCE-002-USR-01,workflow_events.csv#EV-CASE-DEMO-0032-2
EV-CASE-DEMO-0033-0,CSE-TELECOM-002,CASE-DEMO-0033,acknowledge,2026-08-20T01:16:00Z,0,CSE-TELECOM-002-USR-01,workflow_events.csv#EV-CASE-DEMO-0033-0
EV-CASE-DEMO-0033-1,CSE-TELECOM-002,CASE-DEMO-0033,investigate,2026-08-20T09:15:49.721793Z,1,CSE-TELECOM-002-USR-01,workflow_events.csv#EV-CASE-DEMO-0033-1
EV-CASE-DEMO-0033-2,CSE-TELECOM-002,CASE-DEMO-0033,close,2026-08-20T17:25:39.443586Z,2,CSE-TELECOM-002-USR-01,workflow_events.csv#EV-CASE-DEMO-0033-2
EV-CASE-DEMO-0034-0,CSE-POWER-002,CASE-DEMO-0034,acknowledge,2026-06-26T19:24:00Z,0,CSE-POWER-002-USR-01,workflow_events.csv#EV-CASE-DEMO-0034-0
EV-CASE-DEMO-0034-1,CSE-POWER-002,CASE-DEMO-0034,investigate,2026-06-27T02:13:53.344903Z,1,CSE-POWER-002-USR-01,workflow_events.csv#EV-CASE-DEMO-0034-1
EV-CASE-DEMO-0034-2,CSE-POWER-002,CASE-DEMO-0034,close,2026-06-27T09:13:46.689806Z,2,CSE-POWER-002-USR-01,workflow_events.csv#EV-CASE-DEMO-0034-2
EV-CASE-DEMO-0035-0,CSE-FINANCE-001,CASE-DEMO-0035,acknowledge,2026-06-11T09:29:00Z,0,CSE-FINANCE-001-USR-01,workflow_events.csv#EV-CASE-DEMO-0035-0
EV-CASE-DEMO-0035-1,CSE-FINANCE-001,CASE-DEMO-0035,investigate,2026-06-11T11:56:12.131385Z,1,CSE-FINANCE-001-USR-01,workflow_events.csv#EV-CASE-DEMO-0035-1
EV-CASE-DEMO-0035-2,CSE-FINANCE-001,CASE-DEMO-0035,close,2026-06-11T14:33:24.262771Z,2,CSE-FINANCE-001-USR-01,workflow_events.csv#EV-CASE-DEMO-0035-2
EV-CASE-DEMO-0036-0,CSE-TELECOM-001,CASE-DEMO-0036,acknowledge,2026-06-22T20:39:00Z,0,CSE-TELECOM-001-USR-01,workflow_events.csv#EV-CASE-DEMO-0036-0
EV-CASE-DEMO-0036-1,CSE-TELECOM-001,CASE-DEMO-0036,investigate,2026-06-23T00:34:33.480692Z,1,CSE-TELECOM-001-USR-01,workflow_events.csv#EV-CASE-DEMO-0036-1
EV-CASE-DEMO-0036-2,CSE-TELECOM-001,CASE-DEMO-0036,close,2026-06-23T04:40:06.961385Z,2,CSE-TELECOM-001-USR-01,workflow_events.csv#EV-CASE-DEMO-0036-2
EV-CASE-DEMO-0037-0,CSE-POWER-001,CASE-DEMO-0037,acknowledge,2026-07-16T12:50:00Z,0,CSE-POWER-001-USR-01,workflow_events.csv#EV-CASE-DEMO-0037-0
EV-CASE-DEMO-0037-1,CSE-POWER-001,CASE-DEMO-0037,investigate,2026-07-16T23:45:26.319027Z,1,CSE-POWER-001-USR-01,workflow_events.csv#EV-CASE-DEMO-0037-1
EV-CASE-DEMO-0037-2,CSE-POWER-001,CASE-DEMO-0037,close,2026-07-17T10:50:52.638054Z,2,CSE-POWER-001-USR-01,workflow_events.csv#EV-CASE-DEMO-0037-2
EV-CASE-DEMO-0038-0,CSE-FINANCE-002,CASE-DEMO-0038,acknowledge,2026-08-09T09:21:00Z,0,CSE-FINANCE-002-USR-01,workflow_events.csv#EV-CASE-DEMO-0038-0
EV-CASE-DEMO-0038-1,CSE-FINANCE-002,CASE-DEMO-0038,investigate,2026-08-09T19:00:24.155393Z,1,CSE-FINANCE-002-USR-01,workflow_events.csv#EV-CASE-DEMO-0038-1
EV-CASE-DEMO-0038-2,CSE-FINANCE-002,CASE-DEMO-0038,close,2026-08-10T04:49:48.310787Z,2,CSE-FINANCE-002-USR-01,workflow_events.csv#EV-CASE-DEMO-0038-2
EV-CASE-DEMO-0039-0,CSE-TELECOM-002,CASE-DEMO-0039,acknowledge,2026-08-28T04:23:00Z,0,CSE-TELECOM-002-USR-01,workflow_events.csv#EV-CASE-DEMO-0039-0
EV-CASE-DEMO-0039-1,CSE-TELECOM-002,CASE-DEMO-0039,investigate,2026-08-28T16:12:54.494796Z,1,CSE-TELECOM-002-USR-01,workflow_events.csv#EV-CASE-DEMO-0039-1
EV-CASE-DEMO-0039-2,CSE-TELECOM-002,CASE-DEMO-0039,close,2026-08-29T04:12:48.989592Z,2,CSE-TELECOM-002-USR-01,workflow_events.csv#EV-CASE-DEMO-0039-2
EV-CASE-DEMO-0040-0,CSE-POWER-002,CASE-DEMO-0040,acknowledge,2026-08-15T09:50:00Z,0,CSE-POWER-002-USR-01,workflow_events.csv#EV-CASE-DEMO-0040-0
EV-CASE-DEMO-0040-1,CSE-POWER-002,CASE-DEMO-0040,investigate,2026-08-15T15:05:33.946760Z,1,CSE-POWER-002-USR-01,workflow_events.csv#EV-CASE-DEMO-0040-1
EV-CASE-DEMO-0040-2,CSE-POWER-002,CASE-DEMO-0040,close,2026-08-15T20:31:07.893521Z,2,CSE-POWER-002-USR-01,workflow_events.csv#EV-CASE-DEMO-0040-2
EV-CASE-DEMO-0041-0,CSE-FINANCE-001,CASE-DEMO-0041,acknowledge,2026-08-11T11:45:00Z,0,CSE-FINANCE-001-USR-01,workflow_events.csv#EV-CASE-DEMO-0041-0
EV-CASE-DEMO-0041-1,CSE-FINANCE-001,CASE-DEMO-0041,investigate,2026-08-11T18:44:52.652728Z,1,CSE-FINANCE-001-USR-01,workflow_events.csv#EV-CASE-DEMO-0041-1
EV-CASE-DEMO-0041-2,CSE-FINANCE-001,CASE-DEMO-0041,close,2026-08-12T01:54:45.305456Z,2,CSE-FINANCE-001-USR-01,workflow_events.csv#EV-CASE-DEMO-0041-2
EV-CASE-DEMO-0042-0,CSE-TELECOM-001,CASE-DEMO-0042,acknowledge,2026-07-22T01:15:00Z,0,CSE-TELECOM-001-USR-01,workflow_events.csv#EV-CASE-DEMO-0042-0
EV-CASE-DEMO-0042-1,CSE-TELECOM-001,CASE-DEMO-0042,investigate,2026-07-22T09:53:42.331491Z,1,CSE-TELECOM-001-USR-01,workflow_events.csv#EV-CASE-DEMO-0042-1
EV-CASE-DEMO-0042-2,CSE-TELECOM-001,CASE-DEMO-0042,close,2026-07-22T18:42:24.662982Z,2,CSE-TELECOM-001-USR-01,workflow_events.csv#EV-CASE-DEMO-0042-2
EV-CASE-DEMO-0043-0,CSE-POWER-001,CASE-DEMO-0043,acknowledge,2026-08-29T20:55:00Z,0,CSE-POWER-001-USR-01,workflow_events.csv#EV-CASE-DEMO-0043-0
EV-CASE-DEMO-0043-1,CSE-POWER-001,CASE-DEMO-0043,investigate,2026-08-30T05:41:09.486033Z,1,CSE-POWER-001-USR-01,workflow_events.csv#EV-CASE-DEMO-0043-1
EV-CASE-DEMO-0043-2,CSE-POWER-001,CASE-DEMO-0043,close,2026-08-30T14:37:18.972066Z,2,CSE-POWER-001-USR-01,workflow_events.csv#EV-CASE-DEMO-0043-2
EV-CASE-DEMO-0044-0,CSE-FINANCE-002,CASE-DEMO-0044,acknowledge,2026-07-09T11:48:00Z,0,CSE-FINANCE-002-USR-01,workflow_events.csv#EV-CASE-DEMO-0044-0
EV-CASE-DEMO-0044-1,CSE-FINANCE-002,CASE-DEMO-0044,investigate,2026-07-09T14:30:22.998861Z,1,CSE-FINANCE-002-USR-01,workflow_events.csv#EV-CASE-DEMO-0044-1
EV-CASE-DEMO-0044-2,CSE-FINANCE-002,CASE-DEMO-0044,close,2026-07-09T17:22:45.997722Z,2,CSE-FINANCE-002-USR-01,workflow_events.csv#EV-CASE-DEMO-0044-2
EV-CASE-DEMO-0045-0,CSE-TELECOM-002,CASE-DEMO-0045,acknowledge,2026-07-22T02:31:00Z,0,CSE-TELECOM-002-USR-01,workflow_events.csv#EV-CASE-DEMO-0045-0
EV-CASE-DEMO-0045-1,CSE-TELECOM-002,CASE-DEMO-0045,investigate,2026-07-22T06:53:18.567118Z,1,CSE-TELECOM-002-USR-01,workflow_events.csv#EV-CASE-DEMO-0045-1
EV-CASE-DEMO-0045-2,CSE-TELECOM-002,CASE-DEMO-0045,close,2026-07-22T11:25:37.134235Z,2,CSE-TELECOM-002-USR-01,workflow_events.csv#EV-CASE-DEMO-0045-2
EV-CASE-DEMO-0046-0,CSE-POWER-002,CASE-DEMO-0046,acknowledge,2026-07-12T12:14:00Z,0,CSE-POWER-002-USR-01,workflow_events.csv#EV-CASE-DEMO-0046-0
EV-CASE-DEMO-0046-1,CSE-POWER-002,CASE-DEMO-0046,investigate,2026-07-12T16:42:04.789509Z,1,CSE-POWER-002-USR-01,workflow_events.csv#EV-CASE-DEMO-0046-1
EV-CASE-DEMO-0046-2,CSE-POWER-002,CASE-DEMO-0046,close,2026-07-12T21:20:09.579018Z,2,CSE-POWER-002-USR-01,workflow_events.csv#EV-CASE-DEMO-0046-2
EV-CASE-DEMO-0047-0,CSE-FINANCE-001,CASE-DEMO-0047,acknowledge,2026-06-28T06:53:00Z,0,CSE-FINANCE-001-USR-01,workflow_events.csv#EV-CASE-DEMO-0047-0
EV-CASE-DEMO-0047-1,CSE-FINANCE-001,CASE-DEMO-0047,investigate,2026-06-28T11:44:02.893139Z,1,CSE-FINANCE-001-USR-01,workflow_events.csv#EV-CASE-DEMO-0047-1
EV-CASE-DEMO-0047-2,CSE-FINANCE-001,CASE-DEMO-0047,close,2026-06-28T16:45:05.786277Z,2,CSE-FINANCE-001-USR-01,workflow_events.csv#EV-CASE-DEMO-0047-2
EV-CASE-DEMO-0048-0,CSE-TELECOM-001,CASE-DEMO-0048,acknowledge,2026-06-17T10:05:00Z,0,CSE-TELECOM-001-USR-01,workflow_events.csv#EV-CASE-DEMO-0048-0
EV-CASE-DEMO-0048-1,CSE-TELECOM-001,CASE-DEMO-0048,investigate,2026-06-18T00:06:02.911062Z,1,CSE-TELECOM-001-USR-01,workflow_events.csv#EV-CASE-DEMO-0048-1
EV-CASE-DEMO-0048-2,CSE-TELECOM-001,CASE-DEMO-0048,close,2026-06-18T14:17:05.822124Z,2,CSE-TELECOM-001-USR-01,workflow_events.csv#EV-CASE-DEMO-0048-2
EV-CASE-DEMO-0049-0,CSE-POWER-001,CASE-DEMO-0049,acknowledge,2026-06-22T10:05:00Z,0,CSE-POWER-001-USR-01,workflow_events.csv#EV-CASE-DEMO-0049-0
EV-CASE-DEMO-0049-1,CSE-POWER-001,CASE-DEMO-0049,investigate,2026-06-23T00:19:16.244045Z,1,CSE-POWER-001-USR-01,workflow_events.csv#EV-CASE-DEMO-0049-1
EV-CASE-DEMO-0049-2,CSE-POWER-001,CASE-DEMO-0049,close,2026-06-23T14:43:32.488091Z,2,CSE-POWER-001-USR-01,workflow_events.csv#EV-CASE-DEMO-0049-2
EV-CASE-DEMO-0050-0,CSE-FINANCE-002,CASE-DEMO-0050,acknowledge,2026-06-26T14:42:00Z,0,CSE-FINANCE-002-USR-01,workflow_events.csv#EV-CASE-DEMO-0050-0
EV-CASE-DEMO-0050-1,CSE-FINANCE-002,CASE-DEMO-0050,investigate,2026-06-26T20:37:04.567051Z,1,CSE-FINANCE-002-USR-01,workflow_events.csv#EV-CASE-DEMO-0050-1
EV-CASE-DEMO-0050-2,CSE-FINANCE-002,CASE-DEMO-0050,close,2026-06-27T02:42:09.134101Z,2,CSE-FINANCE-002-USR-01,workflow_events.csv#EV-CASE-DEMO-0050-2
EV-CASE-DEMO-0051-0,CSE-TELECOM-002,CASE-DEMO-0051,acknowledge,2026-08-14T15:55:00Z,0,CSE-TELECOM-002-USR-01,workflow_events.csv#EV-CASE-DEMO-0051-0
EV-CASE-DEMO-0051-1,CSE-TELECOM-002,CASE-DEMO-0051,investigate,2026-08-15T03:02:38.205032Z,1,CSE-TELECOM-002-USR-01,workflow_events.csv#EV-CASE-DEMO-0051-1
EV-CASE-DEMO-0051-2,CSE-TELECOM-002,CASE-DEMO-0051,close,2026-08-15T14:20:16.410064Z,2,CSE-TELECOM-002-USR-01,workflow_events.csv#EV-CASE-DEMO-0051-2
EV-CASE-DEMO-0052-0,CSE-POWER-002,CASE-DEMO-0052,acknowledge,2026-08-16T09:49:00Z,0,CSE-POWER-002-USR-01,workflow_events.csv#EV-CASE-DEMO-0052-0
EV-CASE-DEMO-0052-1,CSE-POWER-002,CASE-DEMO-0052,investigate,2026-08-16T13:52:34.429315Z,1,CSE-POWER-002-USR-01,workflow_events.csv#EV-CASE-DEMO-0052-1
EV-CASE-DEMO-0052-2,CSE-POWER-002,CASE-DEMO-0052,close,2026-08-16T18:06:08.858630Z,2,CSE-POWER-002-USR-01,workflow_events.csv#EV-CASE-DEMO-0052-2
EV-CASE-DEMO-0053-0,CSE-FINANCE-001,CASE-DEMO-0053,acknowledge,2026-07-06T01:50:00Z,0,CSE-FINANCE-001-USR-01,workflow_events.csv#EV-CASE-DEMO-0053-0
EV-CASE-DEMO-0053-1,CSE-FINANCE-001,CASE-DEMO-0053,investigate,2026-07-06T08:08:53.884430Z,1,CSE-FINANCE-001-USR-01,workflow_events.csv#EV-CASE-DEMO-0053-1
EV-CASE-DEMO-0053-2,CSE-FINANCE-001,CASE-DEMO-0053,close,2026-07-06T14:37:47.768861Z,2,CSE-FINANCE-001-USR-01,workflow_events.csv#EV-CASE-DEMO-0053-2
EV-CASE-DEMO-0054-0,CSE-TELECOM-001,CASE-DEMO-0054,acknowledge,2026-06-04T23:17:00Z,0,CSE-TELECOM-001-USR-01,workflow_events.csv#EV-CASE-DEMO-0054-0
EV-CASE-DEMO-0054-1,CSE-TELECOM-001,CASE-DEMO-0054,investigate,2026-06-05T13:36:35.465223Z,1,CSE-TELECOM-001-USR-01,workflow_events.csv#EV-CASE-DEMO-0054-1
EV-CASE-DEMO-0054-2,CSE-TELECOM-001,CASE-DEMO-0054,close,2026-06-06T04:06:10.930446Z,2,CSE-TELECOM-001-USR-01,workflow_events.csv#EV-CASE-DEMO-0054-2
EV-CASE-DEMO-0055-0,CSE-POWER-001,CASE-DEMO-0055,acknowledge,2026-07-22T07:52:00Z,0,CSE-POWER-001-USR-01,workflow_events.csv#EV-CASE-DEMO-0055-0
EV-CASE-DEMO-0055-1,CSE-POWER-001,CASE-DEMO-0055,investigate,2026-07-22T11:06:47.781860Z,1,CSE-POWER-001-USR-01,workflow_events.csv#EV-CASE-DEMO-0055-1
EV-CASE-DEMO-0055-2,CSE-POWER-001,CASE-DEMO-0055,close,2026-07-22T14:31:35.563721Z,2,CSE-POWER-001-USR-01,workflow_events.csv#EV-CASE-DEMO-0055-2
EV-CASE-DEMO-0056-0,CSE-FINANCE-002,CASE-DEMO-0056,acknowledge,2026-07-21T21:55:00Z,0,CSE-FINANCE-002-USR-01,workflow_events.csv#EV-CASE-DEMO-0056-0
EV-CASE-DEMO-0056-1,CSE-FINANCE-002,CASE-DEMO-0056,investigate,2026-07-22T06:49:51.277440Z,1,CSE-FINANCE-002-USR-01,workflow_events.csv#EV-CASE-DEMO-0056-1
EV-CASE-DEMO-0056-2,CSE-FINANCE-002,CASE-DEMO-0056,close,2026-07-22T15:54:42.554880Z,2,CSE-FINANCE-002-USR-01,workflow_events.csv#EV-CASE-DEMO-0056-2
EV-CASE-DEMO-0057-0,CSE-TELECOM-002,CASE-DEMO-0057,acknowledge,2026-07-07T09:01:00Z,0,CSE-TELECOM-002-USR-01,workflow_events.csv#EV-CASE-DEMO-0057-0
EV-CASE-DEMO-0057-1,CSE-TELECOM-002,CASE-DEMO-0057,investigate,2026-07-07T11:52:44.258806Z,1,CSE-TELECOM-002-USR-01,workflow_events.csv#EV-CASE-DEMO-0057-1
EV-CASE-DEMO-0057-2,CSE-TELECOM-002,CASE-DEMO-0057,close,2026-07-07T14:54:28.517613Z,2,CSE-TELECOM-002-USR-01,workflow_events.csv#EV-CASE-DEMO-0057-2
EV-CASE-DEMO-0058-0,CSE-POWER-002,CASE-DEMO-0058,acknowledge,2026-06-04T13:16:00Z,0,CSE-POWER-002-USR-01,workflow_events.csv#EV-CASE-DEMO-0058-0
EV-CASE-DEMO-0058-1,CSE-POWER-002,CASE-DEMO-0058,investigate,2026-06-04T15:14:18.016709Z,1,CSE-POWER-002-USR-01,workflow_events.csv#EV-CASE-DEMO-0058-1
EV-CASE-DEMO-0058-2,CSE-POWER-002,CASE-DEMO-0058,close,2026-06-04T17:22:36.033418Z,2,CSE-POWER-002-USR-01,workflow_events.csv#EV-CASE-DEMO-0058-2
EV-CASE-DEMO-0059-0,CSE-FINANCE-001,CASE-DEMO-0059,acknowledge,2026-08-19T04:34:00Z,0,CSE-FINANCE-001-USR-01,workflow_events.csv#EV-CASE-DEMO-0059-0
EV-CASE-DEMO-0059-1,CSE-FINANCE-001,CASE-DEMO-0059,investigate,2026-08-19T17:26:38.728756Z,1,CSE-FINANCE-001-USR-01,workflow_events.csv#EV-CASE-DEMO-0059-1
EV-CASE-DEMO-0059-2,CSE-FINANCE-001,CASE-DEMO-0059,close,2026-08-20T06:29:17.457512Z,2,CSE-FINANCE-001-USR-01,workflow_events.csv#EV-CASE-DEMO-0059-2
EV-CASE-DEMO-0060-0,CSE-TELECOM-001,CASE-DEMO-0060,acknowledge,2026-07-22T10:13:00Z,0,CSE-TELECOM-001-USR-01,workflow_events.csv#EV-CASE-DEMO-0060-0
EV-CASE-DEMO-0060-1,CSE-TELECOM-001,CASE-DEMO-0060,investigate,2026-07-22T23:44:18.532276Z,1,CSE-TELECOM-001-USR-01,workflow_events.csv#EV-CASE-DEMO-0060-1
EV-CASE-DEMO-0060-2,CSE-TELECOM-001,CASE-DEMO-0060,close,2026-07-23T13:25:37.064552Z,2,CSE-TELECOM-001-USR-01,workflow_events.csv#EV-CASE-DEMO-0060-2
EV-CASE-DEMO-0061-0,CSE-POWER-001,CASE-DEMO-0061,acknowledge,2026-06-16T01:14:00Z,0,CSE-POWER-001-USR-01,workflow_events.csv#EV-CASE-DEMO-0061-0
EV-CASE-DEMO-0061-1,CSE-POWER-001,CASE-DEMO-0061,investigate,2026-06-16T05:12:07.970419Z,1,CSE-POWER-001-USR-01,workflow_events.csv#EV-CASE-DEMO-0061-1
EV-CASE-DEMO-0061-2,CSE-POWER-001,CASE-DEMO-0061,close,2026-06-16T09:20:15.940837Z,2,CSE-POWER-001-USR-01,workflow_events.csv#EV-CASE-DEMO-0061-2
EV-CASE-DEMO-0062-0,CSE-FINANCE-002,CASE-DEMO-0062,acknowledge,2026-07-28T13:04:00Z,0,CSE-FINANCE-002-USR-01,workflow_events.csv#EV-CASE-DEMO-0062-0
EV-CASE-DEMO-0062-1,CSE-FINANCE-002,CASE-DEMO-0062,investigate,2026-07-28T16:13:17.526854Z,1,CSE-FINANCE-002-USR-01,workflow_events.csv#EV-CASE-DEMO-0062-1
EV-CASE-DEMO-0062-2,CSE-FINANCE-002,CASE-DEMO-0062,close,2026-07-28T19:32:35.053709Z,2,CSE-FINANCE-002-USR-01,workflow_events.csv#EV-CASE-DEMO-0062-2
EV-CASE-DEMO-0063-0,CSE-TELECOM-002,CASE-DEMO-0063,acknowledge,2026-07-31T09:51:00Z,0,CSE-TELECOM-002-USR-01,workflow_events.csv#EV-CASE-DEMO-0063-0
EV-CASE-DEMO-0063-1,CSE-TELECOM-002,CASE-DEMO-0063,investigate,2026-07-31T19:31:16.991645Z,1,CSE-TELECOM-002-USR-01,workflow_events.csv#EV-CASE-DEMO-0063-1
EV-CASE-DEMO-0063-2,CSE-TELECOM-002,CASE-DEMO-0063,close,2026-08-01T05:21:33.983291Z,2,CSE-TELECOM-002-USR-01,workflow_events.csv#EV-CASE-DEMO-0063-2
EV-CASE-DEMO-0064-0,CSE-POWER-002,CASE-DEMO-0064,acknowledge,2026-07-03T15:34:00Z,0,CSE-POWER-002-USR-01,workflow_events.csv#EV-CASE-DEMO-0064-0
EV-CASE-DEMO-0064-1,CSE-POWER-002,CASE-DEMO-0064,investigate,2026-07-03T17:24:21.735896Z,1,CSE-POWER-002-USR-01,workflow_events.csv#EV-CASE-DEMO-0064-1
EV-CASE-DEMO-0064-2,CSE-POWER-002,CASE-DEMO-0064,close,2026-07-03T19:24:43.471792Z,2,CSE-POWER-002-USR-01,workflow_events.csv#EV-CASE-DEMO-0064-2
EV-CASE-DEMO-0065-0,CSE-FINANCE-001,CASE-DEMO-0065,acknowledge,2026-08-16T08:09:00Z,0,CSE-FINANCE-001-USR-01,workflow_events.csv#EV-CASE-DEMO-0065-0
EV-CASE-DEMO-0065-1,CSE-FINANCE-001,CASE-DEMO-0065,investigate,2026-08-16T11:26:50.617287Z,1,CSE-FINANCE-001-USR-01,workflow_events.csv#EV-CASE-DEMO-0065-1
EV-CASE-DEMO-0065-2,CSE-FINANCE-001,CASE-DEMO-0065,close,2026-08-16T14:54:41.234574Z,2,CSE-FINANCE-001-USR-01,workflow_events.csv#EV-CASE-DEMO-0065-2
EV-CASE-DEMO-0066-0,CSE-TELECOM-001,CASE-DEMO-0066,acknowledge,2026-06-17T15:48:00Z,0,CSE-TELECOM-001-USR-01,workflow_events.csv#EV-CASE-DEMO-0066-0
EV-CASE-DEMO-0066-1,CSE-TELECOM-001,CASE-DEMO-0066,investigate,2026-06-18T03:23:15.803347Z,1,CSE-TELECOM-001-USR-01,workflow_events.csv#EV-CASE-DEMO-0066-1
EV-CASE-DEMO-0066-2,CSE-TELECOM-001,CASE-DEMO-0066,close,2026-06-18T15:08:31.606694Z,2,CSE-TELECOM-001-USR-01,workflow_events.csv#EV-CASE-DEMO-0066-2
EV-CASE-DEMO-0067-0,CSE-POWER-001,CASE-DEMO-0067,acknowledge,2026-06-21T13:20:00Z,0,CSE-POWER-001-USR-01,workflow_events.csv#EV-CASE-DEMO-0067-0
EV-CASE-DEMO-0067-1,CSE-POWER-001,CASE-DEMO-0067,investigate,2026-06-21T18:15:37.135507Z,1,CSE-POWER-001-USR-01,workflow_events.csv#EV-CASE-DEMO-0067-1
EV-CASE-DEMO-0067-2,CSE-POWER-001,CASE-DEMO-0067,close,2026-06-21T23:21:14.271015Z,2,CSE-POWER-001-USR-01,workflow_events.csv#EV-CASE-DEMO-0067-2
EV-CASE-DEMO-0068-0,CSE-FINANCE-002,CASE-DEMO-0068,acknowledge,2026-08-30T15:54:00Z,0,CSE-FINANCE-002-USR-01,workflow_events.csv#EV-CASE-DEMO-0068-0
EV-CASE-DEMO-0068-1,CSE-FINANCE-002,CASE-DEMO-0068,investigate,2026-08-31T00:24:22.179251Z,1,CSE-FINANCE-002-USR-01,workflow_events.csv#EV-CASE-DEMO-0068-1
EV-CASE-DEMO-0068-2,CSE-FINANCE-002,CASE-DEMO-0068,close,2026-08-31T09:04:44.358501Z,2,CSE-FINANCE-002-USR-01,workflow_events.csv#EV-CASE-DEMO-0068-2
EV-CASE-DEMO-0069-0,CSE-TELECOM-002,CASE-DEMO-0069,acknowledge,2026-06-27T03:43:00Z,0,CSE-TELECOM-002-USR-01,workflow_events.csv#EV-CASE-DEMO-0069-0
EV-CASE-DEMO-0069-1,CSE-TELECOM-002,CASE-DEMO-0069,investigate,2026-06-27T14:15:18.818634Z,1,CSE-TELECOM-002-USR-01,workflow_events.csv#EV-CASE-DEMO-0069-1
EV-CASE-DEMO-0069-2,CSE-TELECOM-002,CASE-DEMO-0069,close,2026-06-28T00:57:37.637268Z,2,CSE-TELECOM-002-USR-01,workflow_events.csv#EV-CASE-DEMO-0069-2
EV-CASE-DEMO-0070-0,CSE-POWER-002,CASE-DEMO-0070,acknowledge,2026-08-24T11:28:00Z,0,CSE-POWER-002-USR-01,workflow_events.csv#EV-CASE-DEMO-0070-0
EV-CASE-DEMO-0070-1,CSE-POWER-002,CASE-DEMO-0070,investigate,2026-08-24T15:01:14.273653Z,1,CSE-POWER-002-USR-01,workflow_events.csv#EV-CASE-DEMO-0070-1
EV-CASE-DEMO-0070-2,CSE-POWER-002,CASE-DEMO-0070,close,2026-08-24T18:44:28.547306Z,2,CSE-POWER-002-USR-01,workflow_events.csv#EV-CASE-DEMO-0070-2
EV-CASE-DEMO-0071-0,CSE-FINANCE-001,CASE-DEMO-0071,acknowledge,2026-08-16T10:36:00Z,0,CSE-FINANCE-001-USR-01,workflow_events.csv#EV-CASE-DEMO-0071-0
EV-CASE-DEMO-0071-1,CSE-FINANCE-001,CASE-DEMO-0071,investigate,2026-08-16T18:52:41.010349Z,1,CSE-FINANCE-001-USR-01,workflow_events.csv#EV-CASE-DEMO-0071-1
EV-CASE-DEMO-0071-2,CSE-FINANCE-001,CASE-DEMO-0071,close,2026-08-17T03:19:22.020698Z,2,CSE-FINANCE-001-USR-01,workflow_events.csv#EV-CASE-DEMO-0071-2
EV-CASE-DEMO-0072-0,CSE-TELECOM-001,CASE-DEMO-0072,acknowledge,2026-07-31T05:34:00Z,0,CSE-TELECOM-001-USR-01,workflow_events.csv#EV-CASE-DEMO-0072-0
EV-CASE-DEMO-0072-1,CSE-TELECOM-001,CASE-DEMO-0072,investigate,2026-07-31T14:51:16.788378Z,1,CSE-TELECOM-001-USR-01,workflow_events.csv#EV-CASE-DEMO-0072-1
EV-CASE-DEMO-0072-2,CSE-TELECOM-001,CASE-DEMO-0072,close,2026-08-01T00:18:33.576756Z,2,CSE-TELECOM-001-USR-01,workflow_events.csv#EV-CASE-DEMO-0072-2
EV-CASE-DEMO-0073-0,CSE-POWER-001,CASE-DEMO-0073,acknowledge,2026-07-10T19:20:00Z,0,CSE-POWER-001-USR-01,workflow_events.csv#EV-CASE-DEMO-0073-0
EV-CASE-DEMO-0073-1,CSE-POWER-001,CASE-DEMO-0073,investigate,2026-07-11T01:39:04.372404Z,1,CSE-POWER-001-USR-01,workflow_events.csv#EV-CASE-DEMO-0073-1
EV-CASE-DEMO-0073-2,CSE-POWER-001,CASE-DEMO-0073,close,2026-07-11T08:08:08.744807Z,2,CSE-POWER-001-USR-01,workflow_events.csv#EV-CASE-DEMO-0073-2
EV-CASE-DEMO-0074-0,CSE-FINANCE-002,CASE-DEMO-0074,acknowledge,2026-08-17T05:08:00Z,0,CSE-FINANCE-002-USR-01,workflow_events.csv#EV-CASE-DEMO-0074-0
EV-CASE-DEMO-0074-1,CSE-FINANCE-002,CASE-DEMO-0074,investigate,2026-08-17T08:32:35.165180Z,1,CSE-FINANCE-002-USR-01,workflow_events.csv#EV-CASE-DEMO-0074-1
EV-CASE-DEMO-0074-2,CSE-FINANCE-002,CASE-DEMO-0074,close,2026-08-17T12:07:10.330360Z,2,CSE-FINANCE-002-USR-01,workflow_events.csv#EV-CASE-DEMO-0074-2
EV-CASE-DEMO-0075-0,CSE-TELECOM-002,CASE-DEMO-0075,acknowledge,2026-06-30T04:32:00Z,0,CSE-TELECOM-002-USR-01,workflow_events.csv#EV-CASE-DEMO-0075-0
EV-CASE-DEMO-0075-1,CSE-TELECOM-002,CASE-DEMO-0075,investigate,2026-06-30T09:12:14.274104Z,1,CSE-TELECOM-002-USR-01,workflow_events.csv#EV-CASE-DEMO-0075-1
EV-CASE-DEMO-0075-2,CSE-TELECOM-002,CASE-DEMO-0075,close,2026-06-30T14:02:28.548207Z,2,CSE-TELECOM-002-USR-01,workflow_events.csv#EV-CASE-DEMO-0075-2
EV-CASE-DEMO-0076-0,CSE-POWER-002,CASE-DEMO-0076,acknowledge,2026-08-22T02:34:00Z,0,CSE-POWER-002-USR-01,workflow_events.csv#EV-CASE-DEMO-0076-0
EV-CASE-DEMO-0076-1,CSE-POWER-002,CASE-DEMO-0076,investigate,2026-08-22T05:21:58.926496Z,1,CSE-POWER-002-USR-01,workflow_events.csv#EV-CASE-DEMO-0076-1
EV-CASE-DEMO-0076-2,CSE-POWER-002,CASE-DEMO-0076,close,2026-08-22T08:19:57.852991Z,2,CSE-POWER-002-USR-01,workflow_events.csv#EV-CASE-DEMO-0076-2
EV-CASE-DEMO-0077-0,CSE-FINANCE-001,CASE-DEMO-0077,acknowledge,2026-07-22T11:39:00Z,0,CSE-FINANCE-001-USR-01,workflow_events.csv#EV-CASE-DEMO-0077-0
EV-CASE-DEMO-0077-1,CSE-FINANCE-001,CASE-DEMO-0077,investigate,2026-07-22T22:09:56.603160Z,1,CSE-FINANCE-001-USR-01,workflow_events.csv#EV-CASE-DEMO-0077-1
EV-CASE-DEMO-0077-2,CSE-FINANCE-001,CASE-DEMO-0077,close,2026-07-23T08:50:53.206320Z,2,CSE-FINANCE-001-USR-01,workflow_events.csv#EV-CASE-DEMO-0077-2
EV-CASE-DEMO-0078-0,CSE-TELECOM-001,CASE-DEMO-0078,acknowledge,2026-07-18T08:42:00Z,0,CSE-TELECOM-001-USR-01,workflow_events.csv#EV-CASE-DEMO-0078-0
EV-CASE-DEMO-0078-1,CSE-TELECOM-001,CASE-DEMO-0078,investigate,2026-07-18T14:23:26.877832Z,1,CSE-TELECOM-001-USR-01,workflow_events.csv#EV-CASE-DEMO-0078-1
EV-CASE-DEMO-0078-2,CSE-TELECOM-001,CASE-DEMO-0078,close,2026-07-18T20:14:53.755663Z,2,CSE-TELECOM-001-USR-01,workflow_events.csv#EV-CASE-DEMO-0078-2
EV-CASE-DEMO-0079-0,CSE-POWER-001,CASE-DEMO-0079,acknowledge,2026-07-31T02:15:00Z,0,CSE-POWER-001-USR-01,workflow_events.csv#EV-CASE-DEMO-0079-0
EV-CASE-DEMO-0079-1,CSE-POWER-001,CASE-DEMO-0079,investigate,2026-07-31T07:31:23.217851Z,1,CSE-POWER-001-USR-01,workflow_events.csv#EV-CASE-DEMO-0079-1
EV-CASE-DEMO-0079-2,CSE-POWER-001,CASE-DEMO-0079,close,2026-07-31T12:57:46.435703Z,2,CSE-POWER-001-USR-01,workflow_events.csv#EV-CASE-DEMO-0079-2
EV-CASE-DEMO-0080-0,CSE-FINANCE-002,CASE-DEMO-0080,acknowledge,2026-07-17T13:38:00Z,0,CSE-FINANCE-002-USR-01,workflow_events.csv#EV-CASE-DEMO-0080-0
EV-CASE-DEMO-0080-1,CSE-FINANCE-002,CASE-DEMO-0080,investigate,2026-07-17T16:06:21.820960Z,1,CSE-FINANCE-002-USR-01,workflow_events.csv#EV-CASE-DEMO-0080-1
EV-CASE-DEMO-0080-2,CSE-FINANCE-002,CASE-DEMO-0080,close,2026-07-17T18:44:43.641921Z,2,CSE-FINANCE-002-USR-01,workflow_events.csv#EV-CASE-DEMO-0080-2
EV-CASE-DEMO-0081-0,CSE-TELECOM-002,CASE-DEMO-0081,acknowledge,2026-07-29T14:29:00Z,0,CSE-TELECOM-002-USR-01,workflow_events.csv#EV-CASE-DEMO-0081-0
EV-CASE-DEMO-0081-1,CSE-TELECOM-002,CASE-DEMO-0081,investigate,2026-07-30T04:48:45.930639Z,1,CSE-TELECOM-002-USR-01,workflow_events.csv#EV-CASE-DEMO-0081-1
EV-CASE-DEMO-0081-2,CSE-TELECOM-002,CASE-DEMO-0081,close,2026-07-30T19:18:31.861277Z,2,CSE-TELECOM-002-USR-01,workflow_events.csv#EV-CASE-DEMO-0081-2
EV-CASE-DEMO-0082-0,CSE-POWER-002,CASE-DEMO-0082,acknowledge,2026-06-25T22:54:00Z,0,CSE-POWER-002-USR-01,workflow_events.csv#EV-CASE-DEMO-0082-0
EV-CASE-DEMO-0082-1,CSE-POWER-002,CASE-DEMO-0082,investigate,2026-06-26T11:58:21.313387Z,1,CSE-POWER-002-USR-01,workflow_events.csv#EV-CASE-DEMO-0082-1
EV-CASE-DEMO-0082-2,CSE-POWER-002,CASE-DEMO-0082,close,2026-06-27T01:12:42.626774Z,2,CSE-POWER-002-USR-01,workflow_events.csv#EV-CASE-DEMO-0082-2
EV-CASE-DEMO-0083-0,CSE-FINANCE-001,CASE-DEMO-0083,acknowledge,2026-06-23T17:29:00Z,0,CSE-FINANCE-001-USR-01,workflow_events.csv#EV-CASE-DEMO-0083-0
EV-CASE-DEMO-0083-1,CSE-FINANCE-001,CASE-DEMO-0083,investigate,2026-06-23T23:30:57.460673Z,1,CSE-FINANCE-001-USR-01,workflow_events.csv#EV-CASE-DEMO-0083-1
EV-CASE-DEMO-0083-2,CSE-FINANCE-001,CASE-DEMO-0083,close,2026-06-24T05:42:54.921346Z,2,CSE-FINANCE-001-USR-01,workflow_events.csv#EV-CASE-DEMO-0083-2
EV-CASE-DEMO-0084-0,CSE-TELECOM-001,CASE-DEMO-0084,acknowledge,2026-07-29T10:54:00Z,0,CSE-TELECOM-001-USR-01,workflow_events.csv#EV-CASE-DEMO-0084-0
EV-CASE-DEMO-0084-1,CSE-TELECOM-001,CASE-DEMO-0084,investigate,2026-07-29T14:33:51.832957Z,1,CSE-TELECOM-001-USR-01,workflow_events.csv#EV-CASE-DEMO-0084-1
EV-CASE-DEMO-0084-2,CSE-TELECOM-001,CASE-DEMO-0084,close,2026-07-29T18:23:43.665914Z,2,CSE-TELECOM-001-USR-01,workflow_events.csv#EV-CASE-DEMO-0084-2
EV-CASE-DEMO-0085-0,CSE-POWER-001,CASE-DEMO-0085,acknowledge,2026-07-08T06:11:00Z,0,CSE-POWER-001-USR-01,workflow_events.csv#EV-CASE-DEMO-0085-0
EV-CASE-DEMO-0085-1,CSE-POWER-001,CASE-DEMO-0085,investigate,2026-07-08T13:09:33.543753Z,1,CSE-POWER-001-USR-01,workflow_events.csv#EV-CASE-DEMO-0085-1
EV-CASE-DEMO-0085-2,CSE-POWER-001,CASE-DEMO-0085,close,2026-07-08T20:18:07.087506Z,2,CSE-POWER-001-USR-01,workflow_events.csv#EV-CASE-DEMO-0085-2
EV-CASE-DEMO-0086-0,CSE-FINANCE-002,CASE-DEMO-0086,acknowledge,2026-07-22T11:10:00Z,0,CSE-FINANCE-002-USR-01,workflow_events.csv#EV-CASE-DEMO-0086-0
EV-CASE-DEMO-0086-1,CSE-FINANCE-002,CASE-DEMO-0086,investigate,2026-07-22T19:38:00.571485Z,1,CSE-FINANCE-002-USR-01,workflow_events.csv#EV-CASE-DEMO-0086-1
EV-CASE-DEMO-0086-2,CSE-FINANCE-002,CASE-DEMO-0086,close,2026-07-23T04:16:01.142969Z,2,CSE-FINANCE-002-USR-01,workflow_events.csv#EV-CASE-DEMO-0086-2
EV-CASE-DEMO-0087-0,CSE-TELECOM-002,CASE-DEMO-0087,acknowledge,2026-06-29T09:40:00Z,0,CSE-TELECOM-002-USR-01,workflow_events.csv#EV-CASE-DEMO-0087-0
EV-CASE-DEMO-0087-1,CSE-TELECOM-002,CASE-DEMO-0087,investigate,2026-06-30T00:09:00.077071Z,1,CSE-TELECOM-002-USR-01,workflow_events.csv#EV-CASE-DEMO-0087-1
EV-CASE-DEMO-0087-2,CSE-TELECOM-002,CASE-DEMO-0087,close,2026-06-30T14:48:00.154143Z,2,CSE-TELECOM-002-USR-01,workflow_events.csv#EV-CASE-DEMO-0087-2
EV-CASE-DEMO-0088-0,CSE-POWER-002,CASE-DEMO-0088,acknowledge,2026-08-12T15:12:00Z,0,CSE-POWER-002-USR-01,workflow_events.csv#EV-CASE-DEMO-0088-0
EV-CASE-DEMO-0088-1,CSE-POWER-002,CASE-DEMO-0088,investigate,2026-08-12T18:15:43.360185Z,1,CSE-POWER-002-USR-01,workflow_events.csv#EV-CASE-DEMO-0088-1
EV-CASE-DEMO-0088-2,CSE-POWER-002,CASE-DEMO-0088,close,2026-08-12T21:29:26.720370Z,2,CSE-POWER-002-USR-01,workflow_events.csv#EV-CASE-DEMO-0088-2
EV-CASE-DEMO-0089-0,CSE-FINANCE-001,CASE-DEMO-0089,acknowledge,2026-06-18T08:41:00Z,0,CSE-FINANCE-001-USR-01,workflow_events.csv#EV-CASE-DEMO-0089-0
EV-CASE-DEMO-0089-1,CSE-FINANCE-001,CASE-DEMO-0089,investigate,2026-06-18T14:05:48.335396Z,1,CSE-FINANCE-001-USR-01,workflow_events.csv#EV-CASE-DEMO-0089-1
EV-CASE-DEMO-0089-2,CSE-FINANCE-001,CASE-DEMO-0089,close,2026-06-18T19:40:36.670792Z,2,CSE-FINANCE-001-USR-01,workflow_events.csv#EV-CASE-DEMO-0089-2
EV-CASE-DEMO-0090-0,CSE-TELECOM-001,CASE-DEMO-0090,acknowledge,2026-07-13T15:06:00Z,0,CSE-TELECOM-001-USR-01,workflow_events.csv#EV-CASE-DEMO-0090-0
EV-CASE-DEMO-0090-1,CSE-TELECOM-001,CASE-DEMO-0090,investigate,2026-07-14T05:52:02.670279Z,1,CSE-TELECOM-001-USR-01,workflow_events.csv#EV-CASE-DEMO-0090-1
EV-CASE-DEMO-0090-2,CSE-TELECOM-001,CASE-DEMO-0090,close,2026-07-14T20:48:05.340558Z,2,CSE-TELECOM-001-USR-01,workflow_events.csv#EV-CASE-DEMO-0090-2
EV-CASE-DEMO-0091-0,CSE-POWER-001,CASE-DEMO-0091,acknowledge,2026-06-24T17:30:00Z,0,CSE-POWER-001-USR-01,workflow_events.csv#EV-CASE-DEMO-0091-0
EV-CASE-DEMO-0091-1,CSE-POWER-001,CASE-DEMO-0091,investigate,2026-06-24T22:24:28.551400Z,1,CSE-POWER-001-USR-01,workflow_events.csv#EV-CASE-DEMO-0091-1
EV-CASE-DEMO-0091-2,CSE-POWER-001,CASE-DEMO-0091,close,2026-06-25T03:28:57.102800Z,2,CSE-POWER-001-USR-01,workflow_events.csv#EV-CASE-DEMO-0091-2
EV-CASE-DEMO-0092-0,CSE-FINANCE-002,CASE-DEMO-0092,acknowledge,2026-06-30T04:42:00Z,0,CSE-FINANCE-002-USR-01,workflow_events.csv#EV-CASE-DEMO-0092-0
EV-CASE-DEMO-0092-1,CSE-FINANCE-002,CASE-DEMO-0092,investigate,2026-06-30T09:11:48.866782Z,1,CSE-FINANCE-002-USR-01,workflow_events.csv#EV-CASE-DEMO-0092-1
EV-CASE-DEMO-0092-2,CSE-FINANCE-002,CASE-DEMO-0092,close,2026-06-30T13:51:37.733563Z,2,CSE-FINANCE-002-USR-01,workflow_events.csv#EV-CASE-DEMO-0092-2
EV-CASE-DEMO-0093-0,CSE-TELECOM-002,CASE-DEMO-0093,acknowledge,2026-07-29T19:43:00Z,0,CSE-TELECOM-002-USR-01,workflow_events.csv#EV-CASE-DEMO-0093-0
EV-CASE-DEMO-0093-1,CSE-TELECOM-002,CASE-DEMO-0093,investigate,2026-07-30T00:48:05.893801Z,1,CSE-TELECOM-002-USR-01,workflow_events.csv#EV-CASE-DEMO-0093-1
EV-CASE-DEMO-0093-2,CSE-TELECOM-002,CASE-DEMO-0093,close,2026-07-30T06:03:11.787601Z,2,CSE-TELECOM-002-USR-01,workflow_events.csv#EV-CASE-DEMO-0093-2
EV-CASE-DEMO-0094-0,CSE-POWER-002,CASE-DEMO-0094,acknowledge,2026-07-28T01:22:00Z,0,CSE-POWER-002-USR-01,workflow_events.csv#EV-CASE-DEMO-0094-0
EV-CASE-DEMO-0094-1,CSE-POWER-002,CASE-DEMO-0094,investigate,2026-07-28T04:31:15.602561Z,1,CSE-POWER-002-USR-01,workflow_events.csv#EV-CASE-DEMO-0094-1
EV-CASE-DEMO-0094-2,CSE-POWER-002,CASE-DEMO-0094,close,2026-07-28T07:50:31.205123Z,2,CSE-POWER-002-USR-01,workflow_events.csv#EV-CASE-DEMO-0094-2
EV-CASE-DEMO-0095-0,CSE-FINANCE-001,CASE-DEMO-0095,acknowledge,2026-08-27T11:11:00Z,0,CSE-FINANCE-001-USR-01,workflow_events.csv#EV-CASE-DEMO-0095-0
EV-CASE-DEMO-0095-1,CSE-FINANCE-001,CASE-DEMO-0095,investigate,2026-08-27T19:07:54.627697Z,1,CSE-FINANCE-001-USR-01,workflow_events.csv#EV-CASE-DEMO-0095-1
EV-CASE-DEMO-0095-2,CSE-FINANCE-001,CASE-DEMO-0095,close,2026-08-28T03:14:49.255393Z,2,CSE-FINANCE-001-USR-01,workflow_events.csv#EV-CASE-DEMO-0095-2
EV-CASE-DEMO-0096-0,CSE-TELECOM-001,CASE-DEMO-0096,acknowledge,2026-06-24T17:10:00Z,0,CSE-TELECOM-001-USR-01,workflow_events.csv#EV-CASE-DEMO-0096-0
EV-CASE-DEMO-0096-1,CSE-TELECOM-001,CASE-DEMO-0096,investigate,2026-06-24T20:24:27.626508Z,1,CSE-TELECOM-001-USR-01,workflow_events.csv#EV-CASE-DEMO-0096-1
EV-CASE-DEMO-0096-2,CSE-TELECOM-001,CASE-DEMO-0096,close,2026-06-24T23:48:55.253015Z,2,CSE-TELECOM-001-USR-01,workflow_events.csv#EV-CASE-DEMO-0096-2
EV-CASE-DEMO-0097-0,CSE-POWER-001,CASE-DEMO-0097,acknowledge,2026-08-01T03:43:00Z,0,CSE-POWER-001-USR-01,workflow_events.csv#EV-CASE-DEMO-0097-0
EV-CASE-DEMO-0097-1,CSE-POWER-001,CASE-DEMO-0097,investigate,2026-08-01T07:23:34.987890Z,1,CSE-POWER-001-USR-01,workflow_events.csv#EV-CASE-DEMO-0097-1
EV-CASE-DEMO-0097-2,CSE-POWER-001,CASE-DEMO-0097,close,2026-08-01T11:14:09.975781Z,2,CSE-POWER-001-USR-01,workflow_events.csv#EV-CASE-DEMO-0097-2
EV-CASE-DEMO-0098-0,CSE-FINANCE-002,CASE-DEMO-0098,acknowledge,2026-06-27T03:07:00Z,0,CSE-FINANCE-002-USR-01,workflow_events.csv#EV-CASE-DEMO-0098-0
EV-CASE-DEMO-0098-1,CSE-FINANCE-002,CASE-DEMO-0098,investigate,2026-06-27T10:58:17.997850Z,1,CSE-FINANCE-002-USR-01,workflow_events.csv#EV-CASE-DEMO-0098-1
EV-CASE-DEMO-0098-2,CSE-FINANCE-002,CASE-DEMO-0098,close,2026-06-27T18:59:35.995701Z,2,CSE-FINANCE-002-USR-01,workflow_events.csv#EV-CASE-DEMO-0098-2
EV-CASE-DEMO-0099-0,CSE-TELECOM-002,CASE-DEMO-0099,acknowledge,2026-08-18T12:17:00Z,0,CSE-TELECOM-002-USR-01,workflow_events.csv#EV-CASE-DEMO-0099-0
EV-CASE-DEMO-0099-1,CSE-TELECOM-002,CASE-DEMO-0099,investigate,2026-08-19T00:23:55.843360Z,1,CSE-TELECOM-002-USR-01,workflow_events.csv#EV-CASE-DEMO-0099-1
EV-CASE-DEMO-0099-2,CSE-TELECOM-002,CASE-DEMO-0099,close,2026-08-19T12:40:51.686720Z,2,CSE-TELECOM-002-USR-01,workflow_events.csv#EV-CASE-DEMO-0099-2
EV-CASE-DEMO-0100-0,CSE-POWER-002,CASE-DEMO-0100,acknowledge,2026-06-18T08:41:00Z,0,CSE-POWER-002-USR-01,workflow_events.csv#EV-CASE-DEMO-0100-0
EV-CASE-DEMO-0100-1,CSE-POWER-002,CASE-DEMO-0100,investigate,2026-06-18T19:11:28.533483Z,1,CSE-POWER-002-USR-01,workflow_events.csv#EV-CASE-DEMO-0100-1
EV-CASE-DEMO-0100-2,CSE-POWER-002,CASE-DEMO-0100,close,2026-06-19T05:51:57.066966Z,2,CSE-POWER-002-USR-01,workflow_events.csv#EV-CASE-DEMO-0100-2
EV-CASE-DEMO-0101-0,CSE-FINANCE-001,CASE-DEMO-0101,acknowledge,2026-08-26T16:59:00Z,0,CSE-FINANCE-001-USR-01,workflow_events.csv#EV-CASE-DEMO-0101-0
EV-CASE-DEMO-0101-1,CSE-FINANCE-001,CASE-DEMO-0101,investigate,2026-08-26T21:01:50.891437Z,1,CSE-FINANCE-001-USR-01,workflow_events.csv#EV-CASE-DEMO-0101-1
EV-CASE-DEMO-0101-2,CSE-FINANCE-001,CASE-DEMO-0101,close,2026-08-27T01:14:41.782874Z,2,CSE-FINANCE-001-USR-01,workflow_events.csv#EV-CASE-DEMO-0101-2
EV-CASE-DEMO-0102-0,CSE-TELECOM-001,CASE-DEMO-0102,acknowledge,2026-07-29T14:12:00Z,0,CSE-TELECOM-001-USR-01,workflow_events.csv#EV-CASE-DEMO-0102-0
EV-CASE-DEMO-0102-1,CSE-TELECOM-001,CASE-DEMO-0102,investigate,2026-07-29T18:27:35.141596Z,1,CSE-TELECOM-001-USR-01,workflow_events.csv#EV-CASE-DEMO-0102-1
EV-CASE-DEMO-0102-2,CSE-TELECOM-001,CASE-DEMO-0102,close,2026-07-29T22:53:10.283191Z,2,CSE-TELECOM-001-USR-01,workflow_events.csv#EV-CASE-DEMO-0102-2
EV-CASE-DEMO-0103-0,CSE-POWER-001,CASE-DEMO-0103,acknowledge,2026-08-13T05:42:00Z,0,CSE-POWER-001-USR-01,workflow_events.csv#EV-CASE-DEMO-0103-0
EV-CASE-DEMO-0103-1,CSE-POWER-001,CASE-DEMO-0103,investigate,2026-08-13T07:42:55.832742Z,1,CSE-POWER-001-USR-01,workflow_events.csv#EV-CASE-DEMO-0103-1
EV-CASE-DEMO-0103-2,CSE-POWER-001,CASE-DEMO-0103,close,2026-08-13T09:53:51.665485Z,2,CSE-POWER-001-USR-01,workflow_events.csv#EV-CASE-DEMO-0103-2
EV-CASE-DEMO-0104-0,CSE-FINANCE-002,CASE-DEMO-0104,acknowledge,2026-08-22T10:34:00Z,0,CSE-FINANCE-002-USR-01,workflow_events.csv#EV-CASE-DEMO-0104-0
EV-CASE-DEMO-0104-1,CSE-FINANCE-002,CASE-DEMO-0104,investigate,2026-08-22T14:29:57.120662Z,1,CSE-FINANCE-002-USR-01,workflow_events.csv#EV-CASE-DEMO-0104-1
EV-CASE-DEMO-0104-2,CSE-FINANCE-002,CASE-DEMO-0104,close,2026-08-22T18:35:54.241324Z,2,CSE-FINANCE-002-USR-01,workflow_events.csv#EV-CASE-DEMO-0104-2
EV-CASE-DEMO-0105-0,CSE-TELECOM-002,CASE-DEMO-0105,acknowledge,2026-07-14T01:39:00Z,0,CSE-TELECOM-002-USR-01,workflow_events.csv#EV-CASE-DEMO-0105-0
EV-CASE-DEMO-0105-1,CSE-TELECOM-002,CASE-DEMO-0105,investigate,2026-07-14T04:40:58.167698Z,1,CSE-TELECOM-002-USR-01,workflow_events.csv#EV-CASE-DEMO-0105-1
EV-CASE-DEMO-0105-2,CSE-TELECOM-002,CASE-DEMO-0105,close,2026-07-14T07:52:56.335395Z,2,CSE-TELECOM-002-USR-01,workflow_events.csv#EV-CASE-DEMO-0105-2
EV-CASE-DEMO-0106-0,CSE-POWER-002,CASE-DEMO-0106,acknowledge,2026-08-05T17:01:00Z,0,CSE-POWER-002-USR-01,workflow_events.csv#EV-CASE-DEMO-0106-0
EV-CASE-DEMO-0106-1,CSE-POWER-002,CASE-DEMO-0106,investigate,2026-08-06T01:14:25.725430Z,1,CSE-POWER-002-USR-01,workflow_events.csv#EV-CASE-DEMO-0106-1
EV-CASE-DEMO-0106-2,CSE-POWER-002,CASE-DEMO-0106,close,2026-08-06T09:37:51.450861Z,2,CSE-POWER-002-USR-01,workflow_events.csv#EV-CASE-DEMO-0106-2
EV-CASE-DEMO-0107-0,CSE-FINANCE-001,CASE-DEMO-0107,acknowledge,2026-06-14T23:04:00Z,0,CSE-FINANCE-001-USR-01,workflow_events.csv#EV-CASE-DEMO-0107-0
EV-CASE-DEMO-0107-1,CSE-FINANCE-001,CASE-DEMO-0107,investigate,2026-06-15T11:34:05.711853Z,1,CSE-FINANCE-001-USR-01,workflow_events.csv#EV-CASE-DEMO-0107-1
EV-CASE-DEMO-0107-2,CSE-FINANCE-001,CASE-DEMO-0107,close,2026-06-16T00:14:11.423706Z,2,CSE-FINANCE-001-USR-01,workflow_events.csv#EV-CASE-DEMO-0107-2
EV-CASE-DEMO-0108-0,CSE-TELECOM-001,CASE-DEMO-0108,acknowledge,2026-06-28T13:35:00Z,0,CSE-TELECOM-001-USR-01,workflow_events.csv#EV-CASE-DEMO-0108-0
EV-CASE-DEMO-0108-1,CSE-TELECOM-001,CASE-DEMO-0108,investigate,2026-06-28T22:23:16.219023Z,1,CSE-TELECOM-001-USR-01,workflow_events.csv#EV-CASE-DEMO-0108-1
EV-CASE-DEMO-0108-2,CSE-TELECOM-001,CASE-DEMO-0108,close,2026-06-29T07:21:32.438047Z,2,CSE-TELECOM-001-USR-01,workflow_events.csv#EV-CASE-DEMO-0108-2
EV-CASE-DEMO-0109-0,CSE-POWER-001,CASE-DEMO-0109,acknowledge,2026-08-22T01:43:00Z,0,CSE-POWER-001-USR-01,workflow_events.csv#EV-CASE-DEMO-0109-0
EV-CASE-DEMO-0109-1,CSE-POWER-001,CASE-DEMO-0109,investigate,2026-08-22T05:55:15.946038Z,1,CSE-POWER-001-USR-01,workflow_events.csv#EV-CASE-DEMO-0109-1
EV-CASE-DEMO-0109-2,CSE-POWER-001,CASE-DEMO-0109,close,2026-08-22T10:17:31.892077Z,2,CSE-POWER-001-USR-01,workflow_events.csv#EV-CASE-DEMO-0109-2
EV-CASE-DEMO-0110-0,CSE-FINANCE-002,CASE-DEMO-0110,acknowledge,2026-07-03T03:19:00Z,0,CSE-FINANCE-002-USR-01,workflow_events.csv#EV-CASE-DEMO-0110-0
EV-CASE-DEMO-0110-1,CSE-FINANCE-002,CASE-DEMO-0110,investigate,2026-07-03T13:19:02.831398Z,1,CSE-FINANCE-002-USR-01,workflow_events.csv#EV-CASE-DEMO-0110-1
EV-CASE-DEMO-0110-2,CSE-FINANCE-002,CASE-DEMO-0110,close,2026-07-03T23:29:05.662797Z,2,CSE-FINANCE-002-USR-01,workflow_events.csv#EV-CASE-DEMO-0110-2
EV-CASE-DEMO-0111-0,CSE-TELECOM-002,CASE-DEMO-0111,acknowledge,2026-08-04T00:13:00Z,0,CSE-TELECOM-002-USR-01,workflow_events.csv#EV-CASE-DEMO-0111-0
EV-CASE-DEMO-0111-1,CSE-TELECOM-002,CASE-DEMO-0111,investigate,2026-08-04T05:26:39.403546Z,1,CSE-TELECOM-002-USR-01,workflow_events.csv#EV-CASE-DEMO-0111-1
EV-CASE-DEMO-0111-2,CSE-TELECOM-002,CASE-DEMO-0111,close,2026-08-04T10:50:18.807093Z,2,CSE-TELECOM-002-USR-01,workflow_events.csv#EV-CASE-DEMO-0111-2
EV-CASE-DEMO-0112-0,CSE-POWER-002,CASE-DEMO-0112,acknowledge,2026-07-05T16:06:00Z,0,CSE-POWER-002-USR-01,workflow_events.csv#EV-CASE-DEMO-0112-0
EV-CASE-DEMO-0112-1,CSE-POWER-002,CASE-DEMO-0112,investigate,2026-07-06T06:01:51.403302Z,1,CSE-POWER-002-USR-01,workflow_events.csv#EV-CASE-DEMO-0112-1
EV-CASE-DEMO-0112-2,CSE-POWER-002,CASE-DEMO-0112,close,2026-07-06T20:07:42.806603Z,2,CSE-POWER-002-USR-01,workflow_events.csv#EV-CASE-DEMO-0112-2
EV-CASE-DEMO-0113-0,CSE-FINANCE-001,CASE-DEMO-0113,acknowledge,2026-06-10T15:44:00Z,0,CSE-FINANCE-001-USR-01,workflow_events.csv#EV-CASE-DEMO-0113-0
EV-CASE-DEMO-0113-1,CSE-FINANCE-001,CASE-DEMO-0113,investigate,2026-06-10T23:01:29.809551Z,1,CSE-FINANCE-001-USR-01,workflow_events.csv#EV-CASE-DEMO-0113-1
EV-CASE-DEMO-0113-2,CSE-FINANCE-001,CASE-DEMO-0113,close,2026-06-11T06:28:59.619103Z,2,CSE-FINANCE-001-USR-01,workflow_events.csv#EV-CASE-DEMO-0113-2
EV-CASE-DEMO-0114-0,CSE-TELECOM-001,CASE-DEMO-0114,acknowledge,2026-07-22T09:50:00Z,0,CSE-TELECOM-001-USR-01,workflow_events.csv#EV-CASE-DEMO-0114-0
EV-CASE-DEMO-0114-1,CSE-TELECOM-001,CASE-DEMO-0114,investigate,2026-07-22T19:06:33.926206Z,1,CSE-TELECOM-001-USR-01,workflow_events.csv#EV-CASE-DEMO-0114-1
EV-CASE-DEMO-0114-2,CSE-TELECOM-001,CASE-DEMO-0114,close,2026-07-23T04:33:07.852412Z,2,CSE-TELECOM-001-USR-01,workflow_events.csv#EV-CASE-DEMO-0114-2
EV-CASE-DEMO-0115-0,CSE-POWER-001,CASE-DEMO-0115,acknowledge,2026-07-08T03:02:00Z,0,CSE-POWER-001-USR-01,workflow_events.csv#EV-CASE-DEMO-0115-0
EV-CASE-DEMO-0115-1,CSE-POWER-001,CASE-DEMO-0115,investigate,2026-07-08T09:17:18.437537Z,1,CSE-POWER-001-USR-01,workflow_events.csv#EV-CASE-DEMO-0115-1
EV-CASE-DEMO-0115-2,CSE-POWER-001,CASE-DEMO-0115,close,2026-07-08T15:42:36.875075Z,2,CSE-POWER-001-USR-01,workflow_events.csv#EV-CASE-DEMO-0115-2
EV-CASE-DEMO-0116-0,CSE-FINANCE-002,CASE-DEMO-0116,acknowledge,2026-08-22T15:00:00Z,0,CSE-FINANCE-002-USR-01,workflow_events.csv#EV-CASE-DEMO-0116-0
EV-CASE-DEMO-0116-1,CSE-FINANCE-002,CASE-DEMO-0116,investigate,2026-08-23T03:37:12.178546Z,1,CSE-FINANCE-002-USR-01,workflow_events.csv#EV-CASE-DEMO-0116-1
EV-CASE-DEMO-0116-2,CSE-FINANCE-002,CASE-DEMO-0116,close,2026-08-23T16:24:24.357093Z,2,CSE-FINANCE-002-USR-01,workflow_events.csv#EV-CASE-DEMO-0116-2
EV-CASE-DEMO-0117-0,CSE-TELECOM-002,CASE-DEMO-0117,acknowledge,2026-08-03T23:18:00Z,0,CSE-TELECOM-002-USR-01,workflow_events.csv#EV-CASE-DEMO-0117-0
EV-CASE-DEMO-0117-1,CSE-TELECOM-002,CASE-DEMO-0117,investigate,2026-08-04T11:19:49.664722Z,1,CSE-TELECOM-002-USR-01,workflow_events.csv#EV-CASE-DEMO-0117-1
EV-CASE-DEMO-0117-2,CSE-TELECOM-002,CASE-DEMO-0117,close,2026-08-04T23:31:39.329444Z,2,CSE-TELECOM-002-USR-01,workflow_events.csv#EV-CASE-DEMO-0117-2
EV-CASE-DEMO-0118-0,CSE-POWER-002,CASE-DEMO-0118,acknowledge,2026-08-22T08:08:00Z,0,CSE-POWER-002-USR-01,workflow_events.csv#EV-CASE-DEMO-0118-0
EV-CASE-DEMO-0118-1,CSE-POWER-002,CASE-DEMO-0118,investigate,2026-08-22T18:53:41.268214Z,1,CSE-POWER-002-USR-01,workflow_events.csv#EV-CASE-DEMO-0118-1
EV-CASE-DEMO-0118-2,CSE-POWER-002,CASE-DEMO-0118,close,2026-08-23T05:49:22.536429Z,2,CSE-POWER-002-USR-01,workflow_events.csv#EV-CASE-DEMO-0118-2
EV-CASE-DEMO-0119-0,CSE-FINANCE-001,CASE-DEMO-0119,acknowledge,2026-08-28T15:17:00Z,0,CSE-FINANCE-001-USR-01,workflow_events.csv#EV-CASE-DEMO-0119-0
EV-CASE-DEMO-0119-1,CSE-FINANCE-001,CASE-DEMO-0119,investigate,2026-08-28T22:48:35.170937Z,1,CSE-FINANCE-001-USR-01,workflow_events.csv#EV-CASE-DEMO-0119-1
EV-CASE-DEMO-0119-2,CSE-FINANCE-001,CASE-DEMO-0119,close,2026-08-29T06:30:10.341874Z,2,CSE-FINANCE-001-USR-01,workflow_events.csv#EV-CASE-DEMO-0119-2
EV-CASE-DEMO-0120-0,CSE-TELECOM-001,CASE-DEMO-0120,acknowledge,2026-07-10T08:25:00Z,0,CSE-TELECOM-001-USR-01,workflow_events.csv#EV-CASE-DEMO-0120-0
EV-CASE-DEMO-0120-1,CSE-TELECOM-001,CASE-DEMO-0120,investigate,2026-07-10T20:06:08.711727Z,1,CSE-TELECOM-001-USR-01,workflow_events.csv#EV-CASE-DEMO-0120-1
EV-CASE-DEMO-0120-2,CSE-TELECOM-001,CASE-DEMO-0120,close,2026-07-11T07:57:17.423455Z,2,CSE-TELECOM-001-USR-01,workflow_events.csv#EV-CASE-DEMO-0120-2
EV-CASE-DEMO-0121-0,CSE-POWER-001,CASE-DEMO-0121,acknowledge,2026-06-10T01:31:00Z,0,CSE-POWER-001-USR-01,workflow_events.csv#EV-CASE-DEMO-0121-0
EV-CASE-DEMO-0121-1,CSE-POWER-001,CASE-DEMO-0121,investigate,2026-06-10T14:36:56.109311Z,1,CSE-POWER-001-USR-01,workflow_events.csv#EV-CASE-DEMO-0121-1
EV-CASE-DEMO-0121-2,CSE-POWER-001,CASE-DEMO-0121,close,2026-06-11T03:52:52.218622Z,2,CSE-POWER-001-USR-01,workflow_events.csv#EV-CASE-DEMO-0121-2
EV-CASE-DEMO-0122-0,CSE-FINANCE-002,CASE-DEMO-0122,acknowledge,2026-08-06T16:09:00Z,0,CSE-FINANCE-002-USR-01,workflow_events.csv#EV-CASE-DEMO-0122-0
EV-CASE-DEMO-0122-1,CSE-FINANCE-002,CASE-DEMO-0122,investigate,2026-08-06T20:59:40.227700Z,1,CSE-FINANCE-002-USR-01,workflow_events.csv#EV-CASE-DEMO-0122-1
EV-CASE-DEMO-0122-2,CSE-FINANCE-002,CASE-DEMO-0122,close,2026-08-07T02:00:20.455401Z,2,CSE-FINANCE-002-USR-01,workflow_events.csv#EV-CASE-DEMO-0122-2
EV-CASE-DEMO-0123-0,CSE-TELECOM-002,CASE-DEMO-0123,acknowledge,2026-07-06T16:30:00Z,0,CSE-TELECOM-002-USR-01,workflow_events.csv#EV-CASE-DEMO-0123-0
EV-CASE-DEMO-0123-1,CSE-TELECOM-002,CASE-DEMO-0123,investigate,2026-07-07T05:01:35.065016Z,1,CSE-TELECOM-002-USR-01,workflow_events.csv#EV-CASE-DEMO-0123-1
EV-CASE-DEMO-0123-2,CSE-TELECOM-002,CASE-DEMO-0123,close,2026-07-07T17:43:10.130032Z,2,CSE-TELECOM-002-USR-01,workflow_events.csv#EV-CASE-DEMO-0123-2
EV-CASE-DEMO-0124-0,CSE-POWER-002,CASE-DEMO-0124,acknowledge,2026-07-28T04:07:00Z,0,CSE-POWER-002-USR-01,workflow_events.csv#EV-CASE-DEMO-0124-0
EV-CASE-DEMO-0124-1,CSE-POWER-002,CASE-DEMO-0124,investigate,2026-07-28T09:06:33.775561Z,1,CSE-POWER-002-USR-01,workflow_events.csv#EV-CASE-DEMO-0124-1
EV-CASE-DEMO-0124-2,CSE-POWER-002,CASE-DEMO-0124,close,2026-07-28T14:16:07.551123Z,2,CSE-POWER-002-USR-01,workflow_events.csv#EV-CASE-DEMO-0124-2
EV-CASE-DEMO-0125-0,CSE-FINANCE-001,CASE-DEMO-0125,acknowledge,2026-08-26T18:23:00Z,0,CSE-FINANCE-001-USR-01,workflow_events.csv#EV-CASE-DEMO-0125-0
EV-CASE-DEMO-0125-1,CSE-FINANCE-001,CASE-DEMO-0125,investigate,2026-08-26T21:42:41.319756Z,1,CSE-FINANCE-001-USR-01,workflow_events.csv#EV-CASE-DEMO-0125-1
EV-CASE-DEMO-0125-2,CSE-FINANCE-001,CASE-DEMO-0125,close,2026-08-27T01:12:22.639512Z,2,CSE-FINANCE-001-USR-01,workflow_events.csv#EV-CASE-DEMO-0125-2
EV-CASE-DEMO-0126-0,CSE-TELECOM-001,CASE-DEMO-0126,acknowledge,2026-06-22T00:15:00Z,0,CSE-TELECOM-001-USR-01,workflow_events.csv#EV-CASE-DEMO-0126-0
EV-CASE-DEMO-0126-1,CSE-TELECOM-001,CASE-DEMO-0126,investigate,2026-06-22T08:46:56.054624Z,1,CSE-TELECOM-001-USR-01,workflow_events.csv#EV-CASE-DEMO-0126-1
EV-CASE-DEMO-0126-2,CSE-TELECOM-001,CASE-DEMO-0126,close,2026-06-22T17:28:52.109247Z,2,CSE-TELECOM-001-USR-01,workflow_events.csv#EV-CASE-DEMO-0126-2
EV-CASE-DEMO-0127-0,CSE-POWER-001,CASE-DEMO-0127,acknowledge,2026-08-19T12:15:00Z,0,CSE-POWER-001-USR-01,workflow_events.csv#EV-CASE-DEMO-0127-0
EV-CASE-DEMO-0127-1,CSE-POWER-001,CASE-DEMO-0127,investigate,2026-08-19T21:08:56.350059Z,1,CSE-POWER-001-USR-01,workflow_events.csv#EV-CASE-DEMO-0127-1
EV-CASE-DEMO-0127-2,CSE-POWER-001,CASE-DEMO-0127,close,2026-08-20T06:12:52.700117Z,2,CSE-POWER-001-USR-01,workflow_events.csv#EV-CASE-DEMO-0127-2
EV-CASE-DEMO-0128-0,CSE-FINANCE-002,CASE-DEMO-0128,acknowledge,2026-08-29T19:18:00Z,0,CSE-FINANCE-002-USR-01,workflow_events.csv#EV-CASE-DEMO-0128-0
EV-CASE-DEMO-0128-1,CSE-FINANCE-002,CASE-DEMO-0128,investigate,2026-08-30T10:04:48.825047Z,1,CSE-FINANCE-002-USR-01,workflow_events.csv#EV-CASE-DEMO-0128-1
EV-CASE-DEMO-0128-2,CSE-FINANCE-002,CASE-DEMO-0128,close,2026-08-31T01:01:37.650093Z,2,CSE-FINANCE-002-USR-01,workflow_events.csv#EV-CASE-DEMO-0128-2
EV-CASE-DEMO-0129-0,CSE-TELECOM-002,CASE-DEMO-0129,acknowledge,2026-06-08T16:31:00Z,0,CSE-TELECOM-002-USR-01,workflow_events.csv#EV-CASE-DEMO-0129-0
EV-CASE-DEMO-0129-1,CSE-TELECOM-002,CASE-DEMO-0129,investigate,2026-06-08T23:39:34.297835Z,1,CSE-TELECOM-002-USR-01,workflow_events.csv#EV-CASE-DEMO-0129-1
EV-CASE-DEMO-0129-2,CSE-TELECOM-002,CASE-DEMO-0129,close,2026-06-09T06:58:08.595671Z,2,CSE-TELECOM-002-USR-01,workflow_events.csv#EV-CASE-DEMO-0129-2
EV-CASE-DEMO-0130-0,CSE-POWER-002,CASE-DEMO-0130,acknowledge,2026-08-08T13:28:00Z,0,CSE-POWER-002-USR-01,workflow_events.csv#EV-CASE-DEMO-0130-0
EV-CASE-DEMO-0130-1,CSE-POWER-002,CASE-DEMO-0130,investigate,2026-08-08T19:42:00.455567Z,1,CSE-POWER-002-USR-01,workflow_events.csv#EV-CASE-DEMO-0130-1
EV-CASE-DEMO-0130-2,CSE-POWER-002,CASE-DEMO-0130,close,2026-08-09T02:06:00.911134Z,2,CSE-POWER-002-USR-01,workflow_events.csv#EV-CASE-DEMO-0130-2
EV-CASE-DEMO-0131-0,CSE-FINANCE-001,CASE-DEMO-0131,acknowledge,2026-06-05T03:57:00Z,0,CSE-FINANCE-001-USR-01,workflow_events.csv#EV-CASE-DEMO-0131-0
EV-CASE-DEMO-0131-1,CSE-FINANCE-001,CASE-DEMO-0131,investigate,2026-06-05T13:13:29.507016Z,1,CSE-FINANCE-001-USR-01,workflow_events.csv#EV-CASE-DEMO-0131-1
EV-CASE-DEMO-0131-2,CSE-FINANCE-001,CASE-DEMO-0131,close,2026-06-05T22:39:59.014032Z,2,CSE-FINANCE-001-USR-01,workflow_events.csv#EV-CASE-DEMO-0131-2
EV-CASE-DEMO-0132-0,CSE-TELECOM-001,CASE-DEMO-0132,acknowledge,2026-07-28T17:11:00Z,0,CSE-TELECOM-001-USR-01,workflow_events.csv#EV-CASE-DEMO-0132-0
EV-CASE-DEMO-0132-1,CSE-TELECOM-001,CASE-DEMO-0132,investigate,2026-07-29T00:51:43.304984Z,1,CSE-TELECOM-001-USR-01,workflow_events.csv#EV-CASE-DEMO-0132-1
EV-CASE-DEMO-0132-2,CSE-TELECOM-001,CASE-DEMO-0132,close,2026-07-29T08:42:26.609967Z,2,CSE-TELECOM-001-USR-01,workflow_events.csv#EV-CASE-DEMO-0132-2
EV-CASE-DEMO-0133-0,CSE-POWER-001,CASE-DEMO-0133,acknowledge,2026-06-17T00:54:00Z,0,CSE-POWER-001-USR-01,workflow_events.csv#EV-CASE-DEMO-0133-0
EV-CASE-DEMO-0133-1,CSE-POWER-001,CASE-DEMO-0133,investigate,2026-06-17T12:20:15.159912Z,1,CSE-POWER-001-USR-01,workflow_events.csv#EV-CASE-DEMO-0133-1
EV-CASE-DEMO-0133-2,CSE-POWER-001,CASE-DEMO-0133,close,2026-06-17T23:56:30.319825Z,2,CSE-POWER-001-USR-01,workflow_events.csv#EV-CASE-DEMO-0133-2
EV-CASE-DEMO-0134-0,CSE-FINANCE-002,CASE-DEMO-0134,acknowledge,2026-06-22T23:54:00Z,0,CSE-FINANCE-002-USR-01,workflow_events.csv#EV-CASE-DEMO-0134-0
EV-CASE-DEMO-0134-1,CSE-FINANCE-002,CASE-DEMO-0134,investigate,2026-06-23T08:08:24.260903Z,1,CSE-FINANCE-002-USR-01,workflow_events.csv#EV-CASE-DEMO-0134-1
EV-CASE-DEMO-0134-2,CSE-FINANCE-002,CASE-DEMO-0134,close,2026-06-23T16:32:48.521806Z,2,CSE-FINANCE-002-USR-01,workflow_events.csv#EV-CASE-DEMO-0134-2
EV-CASE-DEMO-0135-0,CSE-TELECOM-002,CASE-DEMO-0135,acknowledge,2026-08-12T09:12:00Z,0,CSE-TELECOM-002-USR-01,workflow_events.csv#EV-CASE-DEMO-0135-0
EV-CASE-DEMO-0135-1,CSE-TELECOM-002,CASE-DEMO-0135,investigate,2026-08-12T20:10:11.944268Z,1,CSE-TELECOM-002-USR-01,workflow_events.csv#EV-CASE-DEMO-0135-1
EV-CASE-DEMO-0135-2,CSE-TELECOM-002,CASE-DEMO-0135,close,2026-08-13T07:18:23.888536Z,2,CSE-TELECOM-002-USR-01,workflow_events.csv#EV-CASE-DEMO-0135-2
EV-CASE-DEMO-0136-0,CSE-POWER-002,CASE-DEMO-0136,acknowledge,2026-08-31T13:11:00Z,0,CSE-POWER-002-USR-01,workflow_events.csv#EV-CASE-DEMO-0136-0
EV-CASE-DEMO-0136-1,CSE-POWER-002,CASE-DEMO-0136,investigate,2026-08-31T22:05:47.203306Z,1,CSE-POWER-002-USR-01,workflow_events.csv#EV-CASE-DEMO-0136-1
EV-CASE-DEMO-0136-2,CSE-POWER-002,CASE-DEMO-0136,close,2026-09-01T07:10:34.406613Z,2,CSE-POWER-002-USR-01,workflow_events.csv#EV-CASE-DEMO-0136-2
EV-CASE-DEMO-0137-0,CSE-FINANCE-001,CASE-DEMO-0137,acknowledge,2026-06-23T19:23:00Z,0,CSE-FINANCE-001-USR-01,workflow_events.csv#EV-CASE-DEMO-0137-0
EV-CASE-DEMO-0137-1,CSE-FINANCE-001,CASE-DEMO-0137,investigate,2026-06-24T05:29:35.227287Z,1,CSE-FINANCE-001-USR-01,workflow_events.csv#EV-CASE-DEMO-0137-1
EV-CASE-DEMO-0137-2,CSE-FINANCE-001,CASE-DEMO-0137,close,2026-06-24T15:46:10.454573Z,2,CSE-FINANCE-001-USR-01,workflow_events.csv#EV-CASE-DEMO-0137-2
EV-CASE-DEMO-0138-0,CSE-TELECOM-001,CASE-DEMO-0138,acknowledge,2026-08-28T05:21:00Z,0,CSE-TELECOM-001-USR-01,workflow_events.csv#EV-CASE-DEMO-0138-0
EV-CASE-DEMO-0138-1,CSE-TELECOM-001,CASE-DEMO-0138,investigate,2026-08-28T12:25:10.169273Z,1,CSE-TELECOM-001-USR-01,workflow_events.csv#EV-CASE-DEMO-0138-1
EV-CASE-DEMO-0138-2,CSE-TELECOM-001,CASE-DEMO-0138,close,2026-08-28T19:39:20.338546Z,2,CSE-TELECOM-001-USR-01,workflow_events.csv#EV-CASE-DEMO-0138-2
EV-CASE-DEMO-0139-0,CSE-POWER-001,CASE-DEMO-0139,acknowledge,2026-08-19T21:16:00Z,0,CSE-POWER-001-USR-01,workflow_events.csv#EV-CASE-DEMO-0139-0
EV-CASE-DEMO-0139-1,CSE-POWER-001,CASE-DEMO-0139,investigate,2026-08-20T11:09:08.533623Z,1,CSE-POWER-001-USR-01,workflow_events.csv#EV-CASE-DEMO-0139-1
EV-CASE-DEMO-0139-2,CSE-POWER-001,CASE-DEMO-0139,close,2026-08-21T01:12:17.067246Z,2,CSE-POWER-001-USR-01,workflow_events.csv#EV-CASE-DEMO-0139-2
EV-CASE-DEMO-0140-0,CSE-FINANCE-002,CASE-DEMO-0140,acknowledge,2026-08-24T11:31:00Z,0,CSE-FINANCE-002-USR-01,workflow_events.csv#EV-CASE-DEMO-0140-0
EV-CASE-DEMO-0140-1,CSE-FINANCE-002,CASE-DEMO-0140,investigate,2026-08-24T14:53:48.964225Z,1,CSE-FINANCE-002-USR-01,workflow_events.csv#EV-CASE-DEMO-0140-1
EV-CASE-DEMO-0140-2,CSE-FINANCE-002,CASE-DEMO-0140,close,2026-08-24T18:26:37.928451Z,2,CSE-FINANCE-002-USR-01,workflow_events.csv#EV-CASE-DEMO-0140-2
EV-CASE-DEMO-0141-0,CSE-TELECOM-002,CASE-DEMO-0141,acknowledge,2026-07-26T07:18:00Z,0,CSE-TELECOM-002-USR-01,workflow_events.csv#EV-CASE-DEMO-0141-0
EV-CASE-DEMO-0141-1,CSE-TELECOM-002,CASE-DEMO-0141,investigate,2026-07-26T15:21:05.434594Z,1,CSE-TELECOM-002-USR-01,workflow_events.csv#EV-CASE-DEMO-0141-1
EV-CASE-DEMO-0141-2,CSE-TELECOM-002,CASE-DEMO-0141,close,2026-07-26T23:34:10.869189Z,2,CSE-TELECOM-002-USR-01,workflow_events.csv#EV-CASE-DEMO-0141-2
EV-CASE-DEMO-0142-0,CSE-POWER-002,CASE-DEMO-0142,acknowledge,2026-08-26T20:19:00Z,0,CSE-POWER-002-USR-01,workflow_events.csv#EV-CASE-DEMO-0142-0
EV-CASE-DEMO-0142-1,CSE-POWER-002,CASE-DEMO-0142,close,2026-08-26T20:30:00Z,1,CSE-POWER-002-USR-01,workflow_events.csv#EV-CASE-DEMO-0142-1
EV-CASE-DEMO-0143-0,CSE-FINANCE-001,CASE-DEMO-0143,acknowledge,2026-08-24T07:06:00Z,0,CSE-FINANCE-001-USR-01,workflow_events.csv#EV-CASE-DEMO-0143-0
EV-CASE-DEMO-0143-1,CSE-FINANCE-001,CASE-DEMO-0143,investigate,2026-08-24T09:43:38.962626Z,1,CSE-FINANCE-001-USR-01,workflow_events.csv#EV-CASE-DEMO-0143-1
EV-CASE-DEMO-0143-2,CSE-FINANCE-001,CASE-DEMO-0143,close,2026-08-24T12:31:17.925251Z,2,CSE-FINANCE-001-USR-01,workflow_events.csv#EV-CASE-DEMO-0143-2
EV-CASE-DEMO-0144-0,CSE-TELECOM-001,CASE-DEMO-0144,acknowledge,2026-08-12T09:43:00Z,0,CSE-TELECOM-001-USR-01,workflow_events.csv#EV-CASE-DEMO-0144-0
EV-CASE-DEMO-0144-1,CSE-TELECOM-001,CASE-DEMO-0144,investigate,2026-08-12T22:44:30.308955Z,1,CSE-TELECOM-001-USR-01,workflow_events.csv#EV-CASE-DEMO-0144-1
EV-CASE-DEMO-0144-2,CSE-TELECOM-001,CASE-DEMO-0144,close,2026-08-13T11:56:00.617909Z,2,CSE-TELECOM-001-USR-01,workflow_events.csv#EV-CASE-DEMO-0144-2
EV-CASE-DEMO-0145-0,CSE-POWER-001,CASE-DEMO-0145,acknowledge,2026-06-09T20:17:00Z,0,CSE-POWER-001-USR-01,workflow_events.csv#EV-CASE-DEMO-0145-0
EV-CASE-DEMO-0145-1,CSE-POWER-001,CASE-DEMO-0145,investigate,2026-06-10T04:34:14.534072Z,1,CSE-POWER-001-USR-01,workflow_events.csv#EV-CASE-DEMO-0145-1
EV-CASE-DEMO-0145-2,CSE-POWER-001,CASE-DEMO-0145,close,2026-06-10T13:01:29.068143Z,2,CSE-POWER-001-USR-01,workflow_events.csv#EV-CASE-DEMO-0145-2
EV-CASE-DEMO-0146-0,CSE-FINANCE-002,CASE-DEMO-0146,acknowledge,2026-08-08T23:25:00Z,0,CSE-FINANCE-002-USR-01,workflow_events.csv#EV-CASE-DEMO-0146-0
EV-CASE-DEMO-0146-1,CSE-FINANCE-002,CASE-DEMO-0146,investigate,2026-08-09T12:57:14.625755Z,1,CSE-FINANCE-002-USR-01,workflow_events.csv#EV-CASE-DEMO-0146-1
EV-CASE-DEMO-0146-2,CSE-FINANCE-002,CASE-DEMO-0146,close,2026-08-10T02:39:29.251510Z,2,CSE-FINANCE-002-USR-01,workflow_events.csv#EV-CASE-DEMO-0146-2
EV-CASE-DEMO-0147-0,CSE-TELECOM-002,CASE-DEMO-0147,acknowledge,2026-08-28T16:35:00Z,0,CSE-TELECOM-002-USR-01,workflow_events.csv#EV-CASE-DEMO-0147-0
EV-CASE-DEMO-0147-1,CSE-TELECOM-002,CASE-DEMO-0147,investigate,2026-08-29T01:09:15.381162Z,1,CSE-TELECOM-002-USR-01,workflow_events.csv#EV-CASE-DEMO-0147-1
EV-CASE-DEMO-0147-2,CSE-TELECOM-002,CASE-DEMO-0147,close,2026-08-29T09:53:30.762323Z,2,CSE-TELECOM-002-USR-01,workflow_events.csv#EV-CASE-DEMO-0147-2
EV-CASE-DEMO-0148-0,CSE-POWER-002,CASE-DEMO-0148,acknowledge,2026-06-18T22:23:00Z,0,CSE-POWER-002-USR-01,workflow_events.csv#EV-CASE-DEMO-0148-0
EV-CASE-DEMO-0148-1,CSE-POWER-002,CASE-DEMO-0148,investigate,2026-06-19T10:42:55.945007Z,1,CSE-POWER-002-USR-01,workflow_events.csv#EV-CASE-DEMO-0148-1
EV-CASE-DEMO-0148-2,CSE-POWER-002,CASE-DEMO-0148,close,2026-06-19T23:12:51.890014Z,2,CSE-POWER-002-USR-01,workflow_events.csv#EV-CASE-DEMO-0148-2
EV-CASE-DEMO-0149-0,CSE-FINANCE-001,CASE-DEMO-0149,acknowledge,2026-07-20T09:28:00Z,0,CSE-FINANCE-001-USR-01,workflow_events.csv#EV-CASE-DEMO-0149-0
EV-CASE-DEMO-0149-1,CSE-FINANCE-001,CASE-DEMO-0149,investigate,2026-07-20T22:28:52.729493Z,1,CSE-FINANCE-001-USR-01,workflow_events.csv#EV-CASE-DEMO-0149-1
EV-CASE-DEMO-0149-2,CSE-FINANCE-001,CASE-DEMO-0149,close,2026-07-21T11:39:45.458985Z,2,CSE-FINANCE-001-USR-01,workflow_events.csv#EV-CASE-DEMO-0149-2
EV-CASE-DEMO-0150-0,CSE-TELECOM-001,CASE-DEMO-0150,acknowledge,2026-08-14T15:07:00Z,0,CSE-TELECOM-001-USR-01,workflow_events.csv#EV-CASE-DEMO-0150-0
EV-CASE-DEMO-0150-1,CSE-TELECOM-001,CASE-DEMO-0150,investigate,2026-08-14T17:09:03.613530Z,1,CSE-TELECOM-001-USR-01,workflow_events.csv#EV-CASE-DEMO-0150-1
EV-CASE-DEMO-0150-2,CSE-TELECOM-001,CASE-DEMO-0150,close,2026-08-14T19:21:07.227059Z,2,CSE-TELECOM-001-USR-01,workflow_events.csv#EV-CASE-DEMO-0150-2
EV-CASE-DEMO-0151-0,CSE-POWER-001,CASE-DEMO-0151,acknowledge,2026-07-23T10:44:00Z,0,CSE-POWER-001-USR-01,workflow_events.csv#EV-CASE-DEMO-0151-0
EV-CASE-DEMO-0151-1,CSE-POWER-001,CASE-DEMO-0151,investigate,2026-07-23T22:30:20.286232Z,1,CSE-POWER-001-USR-01,workflow_events.csv#EV-CASE-DEMO-0151-1
EV-CASE-DEMO-0151-2,CSE-POWER-001,CASE-DEMO-0151,close,2026-07-24T10:26:40.572465Z,2,CSE-POWER-001-USR-01,workflow_events.csv#EV-CASE-DEMO-0151-2
EV-CASE-DEMO-0152-0,CSE-FINANCE-002,CASE-DEMO-0152,acknowledge,2026-08-14T16:22:00Z,0,CSE-FINANCE-002-USR-01,workflow_events.csv#EV-CASE-DEMO-0152-0
EV-CASE-DEMO-0152-1,CSE-FINANCE-002,CASE-DEMO-0152,investigate,2026-08-14T23:05:22.267698Z,1,CSE-FINANCE-002-USR-01,workflow_events.csv#EV-CASE-DEMO-0152-1
EV-CASE-DEMO-0152-2,CSE-FINANCE-002,CASE-DEMO-0152,close,2026-08-15T05:58:44.535396Z,2,CSE-FINANCE-002-USR-01,workflow_events.csv#EV-CASE-DEMO-0152-2
EV-CASE-DEMO-0153-0,CSE-TELECOM-002,CASE-DEMO-0153,acknowledge,2026-06-05T10:37:00Z,0,CSE-TELECOM-002-USR-01,workflow_events.csv#EV-CASE-DEMO-0153-0
EV-CASE-DEMO-0153-1,CSE-TELECOM-002,CASE-DEMO-0153,investigate,2026-06-05T14:19:01.859526Z,1,CSE-TELECOM-002-USR-01,workflow_events.csv#EV-CASE-DEMO-0153-1
EV-CASE-DEMO-0153-2,CSE-TELECOM-002,CASE-DEMO-0153,close,2026-06-05T18:11:03.719052Z,2,CSE-TELECOM-002-USR-01,workflow_events.csv#EV-CASE-DEMO-0153-2
EV-CASE-DEMO-0154-0,CSE-POWER-002,CASE-DEMO-0154,acknowledge,2026-08-20T10:21:00Z,0,CSE-POWER-002-USR-01,workflow_events.csv#EV-CASE-DEMO-0154-0
EV-CASE-DEMO-0154-1,CSE-POWER-002,CASE-DEMO-0154,investigate,2026-08-20T20:44:57.013344Z,1,CSE-POWER-002-USR-01,workflow_events.csv#EV-CASE-DEMO-0154-1
EV-CASE-DEMO-0154-2,CSE-POWER-002,CASE-DEMO-0154,close,2026-08-21T07:18:54.026688Z,2,CSE-POWER-002-USR-01,workflow_events.csv#EV-CASE-DEMO-0154-2
EV-CASE-DEMO-0155-0,CSE-FINANCE-001,CASE-DEMO-0155,acknowledge,2026-06-10T10:39:00Z,0,CSE-FINANCE-001-USR-01,workflow_events.csv#EV-CASE-DEMO-0155-0
EV-CASE-DEMO-0155-1,CSE-FINANCE-001,CASE-DEMO-0155,investigate,2026-06-10T14:42:20.004468Z,1,CSE-FINANCE-001-USR-01,workflow_events.csv#EV-CASE-DEMO-0155-1
EV-CASE-DEMO-0155-2,CSE-FINANCE-001,CASE-DEMO-0155,close,2026-06-10T18:55:40.008935Z,2,CSE-FINANCE-001-USR-01,workflow_events.csv#EV-CASE-DEMO-0155-2
EV-CASE-DEMO-0156-0,CSE-TELECOM-001,CASE-DEMO-0156,acknowledge,2026-06-29T04:33:00Z,0,CSE-TELECOM-001-USR-01,workflow_events.csv#EV-CASE-DEMO-0156-0
EV-CASE-DEMO-0156-1,CSE-TELECOM-001,CASE-DEMO-0156,investigate,2026-06-29T09:17:38.904368Z,1,CSE-TELECOM-001-USR-01,workflow_events.csv#EV-CASE-DEMO-0156-1
EV-CASE-DEMO-0156-2,CSE-TELECOM-001,CASE-DEMO-0156,close,2026-06-29T14:12:17.808737Z,2,CSE-TELECOM-001-USR-01,workflow_events.csv#EV-CASE-DEMO-0156-2
EV-CASE-DEMO-0157-0,CSE-POWER-001,CASE-DEMO-0157,acknowledge,2026-07-17T20:23:00Z,0,CSE-POWER-001-USR-01,workflow_events.csv#EV-CASE-DEMO-0157-0
EV-CASE-DEMO-0157-1,CSE-POWER-001,CASE-DEMO-0157,investigate,2026-07-18T02:45:27.418506Z,1,CSE-POWER-001-USR-01,workflow_events.csv#EV-CASE-DEMO-0157-1
EV-CASE-DEMO-0157-2,CSE-POWER-001,CASE-DEMO-0157,close,2026-07-18T09:17:54.837012Z,2,CSE-POWER-001-USR-01,workflow_events.csv#EV-CASE-DEMO-0157-2
EV-CASE-DEMO-0158-0,CSE-FINANCE-002,CASE-DEMO-0158,acknowledge,2026-08-23T08:58:00Z,0,CSE-FINANCE-002-USR-01,workflow_events.csv#EV-CASE-DEMO-0158-0
EV-CASE-DEMO-0158-1,CSE-FINANCE-002,CASE-DEMO-0158,investigate,2026-08-23T19:33:37.726130Z,1,CSE-FINANCE-002-USR-01,workflow_events.csv#EV-CASE-DEMO-0158-1
EV-CASE-DEMO-0158-2,CSE-FINANCE-002,CASE-DEMO-0158,close,2026-08-24T06:19:15.452260Z,2,CSE-FINANCE-002-USR-01,workflow_events.csv#EV-CASE-DEMO-0158-2
EV-CASE-DEMO-0159-0,CSE-TELECOM-002,CASE-DEMO-0159,acknowledge,2026-08-31T22:41:00Z,0,CSE-TELECOM-002-USR-01,workflow_events.csv#EV-CASE-DEMO-0159-0
EV-CASE-DEMO-0159-1,CSE-TELECOM-002,CASE-DEMO-0159,investigate,2026-09-01T01:38:13.651209Z,1,CSE-TELECOM-002-USR-01,workflow_events.csv#EV-CASE-DEMO-0159-1
EV-CASE-DEMO-0159-2,CSE-TELECOM-002,CASE-DEMO-0159,close,2026-09-01T04:45:27.302418Z,2,CSE-TELECOM-002-USR-01,workflow_events.csv#EV-CASE-DEMO-0159-2
EV-CASE-DEMO-0160-0,CSE-POWER-002,CASE-DEMO-0160,acknowledge,2026-06-27T14:10:00Z,0,CSE-POWER-002-USR-01,workflow_events.csv#EV-CASE-DEMO-0160-0
EV-CASE-DEMO-0160-1,CSE-POWER-002,CASE-DEMO-0160,investigate,2026-06-27T21:06:49.096737Z,1,CSE-POWER-002-USR-01,workflow_events.csv#EV-CASE-DEMO-0160-1
EV-CASE-DEMO-0160-2,CSE-POWER-002,CASE-DEMO-0160,close,2026-06-28T04:13:38.193474Z,2,CSE-POWER-002-USR-01,workflow_events.csv#EV-CASE-DEMO-0160-2
EV-CASE-DEMO-0161-0,CSE-FINANCE-001,CASE-DEMO-0161,acknowledge,2026-06-28T20:35:00Z,0,CSE-FINANCE-001-USR-01,workflow_events.csv#EV-CASE-DEMO-0161-0
EV-CASE-DEMO-0161-1,CSE-FINANCE-001,CASE-DEMO-0161,investigate,2026-06-29T09:46:17.492825Z,1,CSE-FINANCE-001-USR-01,workflow_events.csv#EV-CASE-DEMO-0161-1
EV-CASE-DEMO-0161-2,CSE-FINANCE-001,CASE-DEMO-0161,close,2026-06-29T23:07:34.985649Z,2,CSE-FINANCE-001-USR-01,workflow_events.csv#EV-CASE-DEMO-0161-2
EV-CASE-DEMO-0162-0,CSE-TELECOM-001,CASE-DEMO-0162,acknowledge,2026-08-09T00:00:00Z,0,CSE-TELECOM-001-USR-01,workflow_events.csv#EV-CASE-DEMO-0162-0
EV-CASE-DEMO-0162-1,CSE-TELECOM-001,CASE-DEMO-0162,investigate,2026-08-09T06:35:30.695312Z,1,CSE-TELECOM-001-USR-01,workflow_events.csv#EV-CASE-DEMO-0162-1
EV-CASE-DEMO-0162-2,CSE-TELECOM-001,CASE-DEMO-0162,close,2026-08-09T13:21:01.390625Z,2,CSE-TELECOM-001-USR-01,workflow_events.csv#EV-CASE-DEMO-0162-2
EV-CASE-DEMO-0163-0,CSE-POWER-001,CASE-DEMO-0163,acknowledge,2026-08-01T15:33:00Z,0,CSE-POWER-001-USR-01,workflow_events.csv#EV-CASE-DEMO-0163-0
EV-CASE-DEMO-0163-1,CSE-POWER-001,CASE-DEMO-0163,investigate,2026-08-02T03:29:17.011791Z,1,CSE-POWER-001-USR-01,workflow_events.csv#EV-CASE-DEMO-0163-1
EV-CASE-DEMO-0163-2,CSE-POWER-001,CASE-DEMO-0163,close,2026-08-02T15:35:34.023583Z,2,CSE-POWER-001-USR-01,workflow_events.csv#EV-CASE-DEMO-0163-2
EV-CASE-DEMO-0164-0,CSE-FINANCE-002,CASE-DEMO-0164,acknowledge,2026-06-28T05:31:00Z,0,CSE-FINANCE-002-USR-01,workflow_events.csv#EV-CASE-DEMO-0164-0
EV-CASE-DEMO-0164-1,CSE-FINANCE-002,CASE-DEMO-0164,investigate,2026-06-28T14:21:28.687777Z,1,CSE-FINANCE-002-USR-01,workflow_events.csv#EV-CASE-DEMO-0164-1
EV-CASE-DEMO-0164-2,CSE-FINANCE-002,CASE-DEMO-0164,close,2026-06-28T23:21:57.375554Z,2,CSE-FINANCE-002-USR-01,workflow_events.csv#EV-CASE-DEMO-0164-2
EV-CASE-DEMO-0165-0,CSE-TELECOM-002,CASE-DEMO-0165,acknowledge,2026-08-18T19:38:00Z,0,CSE-TELECOM-002-USR-01,workflow_events.csv#EV-CASE-DEMO-0165-0
EV-CASE-DEMO-0165-1,CSE-TELECOM-002,CASE-DEMO-0165,investigate,2026-08-19T03:16:52.812985Z,1,CSE-TELECOM-002-USR-01,workflow_events.csv#EV-CASE-DEMO-0165-1
EV-CASE-DEMO-0165-2,CSE-TELECOM-002,CASE-DEMO-0165,close,2026-08-19T11:05:45.625969Z,2,CSE-TELECOM-002-USR-01,workflow_events.csv#EV-CASE-DEMO-0165-2
EV-CASE-DEMO-0166-0,CSE-POWER-002,CASE-DEMO-0166,acknowledge,2026-08-13T01:28:00Z,0,CSE-POWER-002-USR-01,workflow_events.csv#EV-CASE-DEMO-0166-0
EV-CASE-DEMO-0166-1,CSE-POWER-002,CASE-DEMO-0166,investigate,2026-08-13T04:39:49.362895Z,1,CSE-POWER-002-USR-01,workflow_events.csv#EV-CASE-DEMO-0166-1
EV-CASE-DEMO-0166-2,CSE-POWER-002,CASE-DEMO-0166,close,2026-08-13T08:01:38.725791Z,2,CSE-POWER-002-USR-01,workflow_events.csv#EV-CASE-DEMO-0166-2
EV-CASE-DEMO-0167-0,CSE-FINANCE-001,CASE-DEMO-0167,acknowledge,2026-08-08T10:47:00Z,0,CSE-FINANCE-001-USR-01,workflow_events.csv#EV-CASE-DEMO-0167-0
EV-CASE-DEMO-0167-1,CSE-FINANCE-001,CASE-DEMO-0167,investigate,2026-08-08T16:03:37.722824Z,1,CSE-FINANCE-001-USR-01,workflow_events.csv#EV-CASE-DEMO-0167-1
EV-CASE-DEMO-0167-2,CSE-FINANCE-001,CASE-DEMO-0167,close,2026-08-08T21:30:15.445647Z,2,CSE-FINANCE-001-USR-01,workflow_events.csv#EV-CASE-DEMO-0167-2
EV-CASE-DEMO-0168-0,CSE-TELECOM-001,CASE-DEMO-0168,acknowledge,2026-06-19T09:47:00Z,0,CSE-TELECOM-001-USR-01,workflow_events.csv#EV-CASE-DEMO-0168-0
EV-CASE-DEMO-0168-1,CSE-TELECOM-001,CASE-DEMO-0168,investigate,2026-06-19T19:01:09.408137Z,1,CSE-TELECOM-001-USR-01,workflow_events.csv#EV-CASE-DEMO-0168-1
EV-CASE-DEMO-0168-2,CSE-TELECOM-001,CASE-DEMO-0168,close,2026-06-20T04:25:18.816273Z,2,CSE-TELECOM-001-USR-01,workflow_events.csv#EV-CASE-DEMO-0168-2
EV-CASE-DEMO-0169-0,CSE-POWER-001,CASE-DEMO-0169,acknowledge,2026-07-03T17:02:00Z,0,CSE-POWER-001-USR-01,workflow_events.csv#EV-CASE-DEMO-0169-0
EV-CASE-DEMO-0169-1,CSE-POWER-001,CASE-DEMO-0169,investigate,2026-07-04T04:23:20.515434Z,1,CSE-POWER-001-USR-01,workflow_events.csv#EV-CASE-DEMO-0169-1
EV-CASE-DEMO-0169-2,CSE-POWER-001,CASE-DEMO-0169,close,2026-07-04T15:54:41.030868Z,2,CSE-POWER-001-USR-01,workflow_events.csv#EV-CASE-DEMO-0169-2
EV-CASE-DEMO-0170-0,CSE-FINANCE-002,CASE-DEMO-0170,acknowledge,2026-06-23T03:39:00Z,0,CSE-FINANCE-002-USR-01,workflow_events.csv#EV-CASE-DEMO-0170-0
EV-CASE-DEMO-0170-1,CSE-FINANCE-002,CASE-DEMO-0170,investigate,2026-06-23T12:16:48.793008Z,1,CSE-FINANCE-002-USR-01,workflow_events.csv#EV-CASE-DEMO-0170-1
EV-CASE-DEMO-0170-2,CSE-FINANCE-002,CASE-DEMO-0170,close,2026-06-23T21:04:37.586017Z,2,CSE-FINANCE-002-USR-01,workflow_events.csv#EV-CASE-DEMO-0170-2
EV-CASE-DEMO-0171-0,CSE-TELECOM-002,CASE-DEMO-0171,acknowledge,2026-07-18T00:45:00Z,0,CSE-TELECOM-002-USR-01,workflow_events.csv#EV-CASE-DEMO-0171-0
EV-CASE-DEMO-0171-1,CSE-TELECOM-002,CASE-DEMO-0171,investigate,2026-07-18T12:35:40.221687Z,1,CSE-TELECOM-002-USR-01,workflow_events.csv#EV-CASE-DEMO-0171-1
EV-CASE-DEMO-0171-2,CSE-TELECOM-002,CASE-DEMO-0171,close,2026-07-19T00:36:20.443374Z,2,CSE-TELECOM-002-USR-01,workflow_events.csv#EV-CASE-DEMO-0171-2
EV-CASE-DEMO-0172-0,CSE-POWER-002,CASE-DEMO-0172,acknowledge,2026-06-05T06:03:00Z,0,CSE-POWER-002-USR-01,workflow_events.csv#EV-CASE-DEMO-0172-0
EV-CASE-DEMO-0172-1,CSE-POWER-002,CASE-DEMO-0172,investigate,2026-06-05T10:08:53.249304Z,1,CSE-POWER-002-USR-01,workflow_events.csv#EV-CASE-DEMO-0172-1
EV-CASE-DEMO-0172-2,CSE-POWER-002,CASE-DEMO-0172,close,2026-06-05T14:24:46.498608Z,2,CSE-POWER-002-USR-01,workflow_events.csv#EV-CASE-DEMO-0172-2
EV-CASE-DEMO-0173-0,CSE-FINANCE-001,CASE-DEMO-0173,acknowledge,2026-06-21T05:00:00Z,0,CSE-FINANCE-001-USR-01,workflow_events.csv#EV-CASE-DEMO-0173-0
EV-CASE-DEMO-0173-1,CSE-FINANCE-001,CASE-DEMO-0173,investigate,2026-06-21T19:35:43.655538Z,1,CSE-FINANCE-001-USR-01,workflow_events.csv#EV-CASE-DEMO-0173-1
EV-CASE-DEMO-0173-2,CSE-FINANCE-001,CASE-DEMO-0173,close,2026-06-22T10:21:27.311076Z,2,CSE-FINANCE-001-USR-01,workflow_events.csv#EV-CASE-DEMO-0173-2
EV-CASE-DEMO-0174-0,CSE-TELECOM-001,CASE-DEMO-0174,acknowledge,2026-06-19T16:47:00Z,0,CSE-TELECOM-001-USR-01,workflow_events.csv#EV-CASE-DEMO-0174-0
EV-CASE-DEMO-0174-1,CSE-TELECOM-001,CASE-DEMO-0174,investigate,2026-06-19T20:25:13.223340Z,1,CSE-TELECOM-001-USR-01,workflow_events.csv#EV-CASE-DEMO-0174-1
EV-CASE-DEMO-0174-2,CSE-TELECOM-001,CASE-DEMO-0174,close,2026-06-20T00:13:26.446680Z,2,CSE-TELECOM-001-USR-01,workflow_events.csv#EV-CASE-DEMO-0174-2
EV-CASE-DEMO-0175-0,CSE-POWER-001,CASE-DEMO-0175,acknowledge,2026-08-02T08:47:00Z,0,CSE-POWER-001-USR-01,workflow_events.csv#EV-CASE-DEMO-0175-0
EV-CASE-DEMO-0175-1,CSE-POWER-001,CASE-DEMO-0175,investigate,2026-08-02T17:59:56.177292Z,1,CSE-POWER-001-USR-01,workflow_events.csv#EV-CASE-DEMO-0175-1
EV-CASE-DEMO-0175-2,CSE-POWER-001,CASE-DEMO-0175,close,2026-08-03T03:22:52.354583Z,2,CSE-POWER-001-USR-01,workflow_events.csv#EV-CASE-DEMO-0175-2
EV-CASE-DEMO-0176-0,CSE-FINANCE-002,CASE-DEMO-0176,acknowledge,2026-07-10T14:43:00Z,0,CSE-FINANCE-002-USR-01,workflow_events.csv#EV-CASE-DEMO-0176-0
EV-CASE-DEMO-0176-1,CSE-FINANCE-002,CASE-DEMO-0176,investigate,2026-07-11T05:08:45.294015Z,1,CSE-FINANCE-002-USR-01,workflow_events.csv#EV-CASE-DEMO-0176-1
EV-CASE-DEMO-0176-2,CSE-FINANCE-002,CASE-DEMO-0176,close,2026-07-11T19:44:30.588030Z,2,CSE-FINANCE-002-USR-01,workflow_events.csv#EV-CASE-DEMO-0176-2
EV-CASE-DEMO-0177-0,CSE-TELECOM-002,CASE-DEMO-0177,acknowledge,2026-07-02T08:51:00Z,0,CSE-TELECOM-002-USR-01,workflow_events.csv#EV-CASE-DEMO-0177-0
EV-CASE-DEMO-0177-1,CSE-TELECOM-002,CASE-DEMO-0177,investigate,2026-07-02T20:29:52.269101Z,1,CSE-TELECOM-002-USR-01,workflow_events.csv#EV-CASE-DEMO-0177-1
EV-CASE-DEMO-0177-2,CSE-TELECOM-002,CASE-DEMO-0177,close,2026-07-03T08:18:44.538202Z,2,CSE-TELECOM-002-USR-01,workflow_events.csv#EV-CASE-DEMO-0177-2
EV-CASE-DEMO-0178-0,CSE-POWER-002,CASE-DEMO-0178,acknowledge,2026-07-05T09:57:00Z,0,CSE-POWER-002-USR-01,workflow_events.csv#EV-CASE-DEMO-0178-0
EV-CASE-DEMO-0178-1,CSE-POWER-002,CASE-DEMO-0178,investigate,2026-07-06T00:11:48.908749Z,1,CSE-POWER-002-USR-01,workflow_events.csv#EV-CASE-DEMO-0178-1
EV-CASE-DEMO-0178-2,CSE-POWER-002,CASE-DEMO-0178,close,2026-07-06T14:36:37.817497Z,2,CSE-POWER-002-USR-01,workflow_events.csv#EV-CASE-DEMO-0178-2
EV-CASE-DEMO-0179-0,CSE-FINANCE-001,CASE-DEMO-0179,acknowledge,2026-07-02T07:56:00Z,0,CSE-FINANCE-001-USR-01,workflow_events.csv#EV-CASE-DEMO-0179-0
EV-CASE-DEMO-0179-1,CSE-FINANCE-001,CASE-DEMO-0179,investigate,2026-07-02T17:00:52.236176Z,1,CSE-FINANCE-001-USR-01,workflow_events.csv#EV-CASE-DEMO-0179-1
EV-CASE-DEMO-0179-2,CSE-FINANCE-001,CASE-DEMO-0179,close,2026-07-03T02:15:44.472353Z,2,CSE-FINANCE-001-USR-01,workflow_events.csv#EV-CASE-DEMO-0179-2
EV-CASE-DEMO-0180-0,CSE-TELECOM-001,CASE-DEMO-0180,acknowledge,2026-07-20T04:46:00Z,0,CSE-TELECOM-001-USR-01,workflow_events.csv#EV-CASE-DEMO-0180-0
EV-CASE-DEMO-0180-1,CSE-TELECOM-001,CASE-DEMO-0180,investigate,2026-07-20T13:32:43.344781Z,1,CSE-TELECOM-001-USR-01,workflow_events.csv#EV-CASE-DEMO-0180-1
EV-CASE-DEMO-0180-2,CSE-TELECOM-001,CASE-DEMO-0180,close,2026-07-20T22:29:26.689563Z,2,CSE-TELECOM-001-USR-01,workflow_events.csv#EV-CASE-DEMO-0180-2
EV-CASE-DEMO-0181-0,CSE-POWER-001,CASE-DEMO-0181,acknowledge,2026-08-22T20:08:00Z,0,CSE-POWER-001-USR-01,workflow_events.csv#EV-CASE-DEMO-0181-0
EV-CASE-DEMO-0181-1,CSE-POWER-001,CASE-DEMO-0181,investigate,2026-08-23T06:49:51.141537Z,1,CSE-POWER-001-USR-01,workflow_events.csv#EV-CASE-DEMO-0181-1
EV-CASE-DEMO-0181-2,CSE-POWER-001,CASE-DEMO-0181,close,2026-08-23T17:41:42.283074Z,2,CSE-POWER-001-USR-01,workflow_events.csv#EV-CASE-DEMO-0181-2
EV-CASE-DEMO-0182-0,CSE-FINANCE-002,CASE-DEMO-0182,acknowledge,2026-06-07T22:48:00Z,0,CSE-FINANCE-002-USR-01,workflow_events.csv#EV-CASE-DEMO-0182-0
EV-CASE-DEMO-0182-1,CSE-FINANCE-002,CASE-DEMO-0182,investigate,2026-06-08T03:41:28.257801Z,1,CSE-FINANCE-002-USR-01,workflow_events.csv#EV-CASE-DEMO-0182-1
EV-CASE-DEMO-0182-2,CSE-FINANCE-002,CASE-DEMO-0182,close,2026-06-08T08:44:56.515603Z,2,CSE-FINANCE-002-USR-01,workflow_events.csv#EV-CASE-DEMO-0182-2
EV-CASE-DEMO-0183-0,CSE-TELECOM-002,CASE-DEMO-0183,acknowledge,2026-06-23T03:18:00Z,0,CSE-TELECOM-002-USR-01,workflow_events.csv#EV-CASE-DEMO-0183-0
EV-CASE-DEMO-0183-1,CSE-TELECOM-002,CASE-DEMO-0183,investigate,2026-06-23T13:14:16.851571Z,1,CSE-TELECOM-002-USR-01,workflow_events.csv#EV-CASE-DEMO-0183-1
EV-CASE-DEMO-0183-2,CSE-TELECOM-002,CASE-DEMO-0183,close,2026-06-23T23:20:33.703143Z,2,CSE-TELECOM-002-USR-01,workflow_events.csv#EV-CASE-DEMO-0183-2
EV-CASE-DEMO-0184-0,CSE-POWER-002,CASE-DEMO-0184,acknowledge,2026-06-28T00:19:00Z,0,CSE-POWER-002-USR-01,workflow_events.csv#EV-CASE-DEMO-0184-0
EV-CASE-DEMO-0184-1,CSE-POWER-002,CASE-DEMO-0184,investigate,2026-06-28T09:11:38.937534Z,1,CSE-POWER-002-USR-01,workflow_events.csv#EV-CASE-DEMO-0184-1
EV-CASE-DEMO-0184-2,CSE-POWER-002,CASE-DEMO-0184,close,2026-06-28T18:14:17.875068Z,2,CSE-POWER-002-USR-01,workflow_events.csv#EV-CASE-DEMO-0184-2
EV-CASE-DEMO-0185-0,CSE-FINANCE-001,CASE-DEMO-0185,acknowledge,2026-08-20T05:36:00Z,0,CSE-FINANCE-001-USR-01,workflow_events.csv#EV-CASE-DEMO-0185-0
EV-CASE-DEMO-0185-1,CSE-FINANCE-001,CASE-DEMO-0185,investigate,2026-08-20T17:37:00.748729Z,1,CSE-FINANCE-001-USR-01,workflow_events.csv#EV-CASE-DEMO-0185-1
EV-CASE-DEMO-0185-2,CSE-FINANCE-001,CASE-DEMO-0185,close,2026-08-21T05:48:01.497458Z,2,CSE-FINANCE-001-USR-01,workflow_events.csv#EV-CASE-DEMO-0185-2
EV-CASE-DEMO-0186-0,CSE-TELECOM-001,CASE-DEMO-0186,acknowledge,2026-08-31T23:56:00Z,0,CSE-TELECOM-001-USR-01,workflow_events.csv#EV-CASE-DEMO-0186-0
EV-CASE-DEMO-0186-1,CSE-TELECOM-001,CASE-DEMO-0186,investigate,2026-09-01T13:03:06.034057Z,1,CSE-TELECOM-001-USR-01,workflow_events.csv#EV-CASE-DEMO-0186-1
EV-CASE-DEMO-0186-2,CSE-TELECOM-001,CASE-DEMO-0186,close,2026-09-02T02:20:12.068114Z,2,CSE-TELECOM-001-USR-01,workflow_events.csv#EV-CASE-DEMO-0186-2
EV-CASE-DEMO-0187-0,CSE-POWER-001,CASE-DEMO-0187,acknowledge,2026-07-21T10:57:00Z,0,CSE-POWER-001-USR-01,workflow_events.csv#EV-CASE-DEMO-0187-0
EV-CASE-DEMO-0187-1,CSE-POWER-001,CASE-DEMO-0187,investigate,2026-07-22T01:10:24.467218Z,1,CSE-POWER-001-USR-01,workflow_events.csv#EV-CASE-DEMO-0187-1
EV-CASE-DEMO-0187-2,CSE-POWER-001,CASE-DEMO-0187,close,2026-07-22T15:33:48.934435Z,2,CSE-POWER-001-USR-01,workflow_events.csv#EV-CASE-DEMO-0187-2
EV-CASE-DEMO-0188-0,CSE-FINANCE-002,CASE-DEMO-0188,acknowledge,2026-06-24T00:48:00Z,0,CSE-FINANCE-002-USR-01,workflow_events.csv#EV-CASE-DEMO-0188-0
EV-CASE-DEMO-0188-1,CSE-FINANCE-002,CASE-DEMO-0188,investigate,2026-06-24T04:16:57.706990Z,1,CSE-FINANCE-002-USR-01,workflow_events.csv#EV-CASE-DEMO-0188-1
EV-CASE-DEMO-0188-2,CSE-FINANCE-002,CASE-DEMO-0188,close,2026-06-24T07:55:55.413980Z,2,CSE-FINANCE-002-USR-01,workflow_events.csv#EV-CASE-DEMO-0188-2
EV-CASE-DEMO-0189-0,CSE-TELECOM-002,CASE-DEMO-0189,acknowledge,2026-08-31T02:03:00Z,0,CSE-TELECOM-002-USR-01,workflow_events.csv#EV-CASE-DEMO-0189-0
EV-CASE-DEMO-0189-1,CSE-TELECOM-002,CASE-DEMO-0189,investigate,2026-08-31T15:49:29.825199Z,1,CSE-TELECOM-002-USR-01,workflow_events.csv#EV-CASE-DEMO-0189-1
EV-CASE-DEMO-0189-2,CSE-TELECOM-002,CASE-DEMO-0189,close,2026-09-01T05:45:59.650399Z,2,CSE-TELECOM-002-USR-01,workflow_events.csv#EV-CASE-DEMO-0189-2
EV-CASE-DEMO-0190-0,CSE-POWER-002,CASE-DEMO-0190,acknowledge,2026-07-16T06:53:00Z,0,CSE-POWER-002-USR-01,workflow_events.csv#EV-CASE-DEMO-0190-0
EV-CASE-DEMO-0190-1,CSE-POWER-002,CASE-DEMO-0190,investigate,2026-07-16T19:46:40.831104Z,1,CSE-POWER-002-USR-01,workflow_events.csv#EV-CASE-DEMO-0190-1
EV-CASE-DEMO-0190-2,CSE-POWER-002,CASE-DEMO-0190,close,2026-07-17T08:50:21.662209Z,2,CSE-POWER-002-USR-01,workflow_events.csv#EV-CASE-DEMO-0190-2
EV-CASE-DEMO-0191-0,CSE-FINANCE-001,CASE-DEMO-0191,acknowledge,2026-06-16T11:30:00Z,0,CSE-FINANCE-001-USR-01,workflow_events.csv#EV-CASE-DEMO-0191-0
EV-CASE-DEMO-0191-1,CSE-FINANCE-001,CASE-DEMO-0191,investigate,2026-06-16T23:42:44.422625Z,1,CSE-FINANCE-001-USR-01,workflow_events.csv#EV-CASE-DEMO-0191-1
EV-CASE-DEMO-0191-2,CSE-FINANCE-001,CASE-DEMO-0191,close,2026-06-17T12:05:28.845250Z,2,CSE-FINANCE-001-USR-01,workflow_events.csv#EV-CASE-DEMO-0191-2
EV-CASE-DEMO-0192-0,CSE-TELECOM-001,CASE-DEMO-0192,acknowledge,2026-08-10T18:20:00Z,0,CSE-TELECOM-001-USR-01,workflow_events.csv#EV-CASE-DEMO-0192-0
EV-CASE-DEMO-0192-1,CSE-TELECOM-001,CASE-DEMO-0192,investigate,2026-08-11T08:32:05.519367Z,1,CSE-TELECOM-001-USR-01,workflow_events.csv#EV-CASE-DEMO-0192-1
EV-CASE-DEMO-0192-2,CSE-TELECOM-001,CASE-DEMO-0192,close,2026-08-11T22:54:11.038735Z,2,CSE-TELECOM-001-USR-01,workflow_events.csv#EV-CASE-DEMO-0192-2
EV-CASE-DEMO-0193-0,CSE-POWER-001,CASE-DEMO-0193,acknowledge,2026-08-17T22:10:00Z,0,CSE-POWER-001-USR-01,workflow_events.csv#EV-CASE-DEMO-0193-0
EV-CASE-DEMO-0193-1,CSE-POWER-001,CASE-DEMO-0193,investigate,2026-08-18T08:59:35.924961Z,1,CSE-POWER-001-USR-01,workflow_events.csv#EV-CASE-DEMO-0193-1
EV-CASE-DEMO-0193-2,CSE-POWER-001,CASE-DEMO-0193,close,2026-08-18T19:59:11.849922Z,2,CSE-POWER-001-USR-01,workflow_events.csv#EV-CASE-DEMO-0193-2
EV-CASE-DEMO-0194-0,CSE-FINANCE-002,CASE-DEMO-0194,acknowledge,2026-08-18T14:57:00Z,0,CSE-FINANCE-002-USR-01,workflow_events.csv#EV-CASE-DEMO-0194-0
EV-CASE-DEMO-0194-1,CSE-FINANCE-002,CASE-DEMO-0194,investigate,2026-08-18T19:46:14.596333Z,1,CSE-FINANCE-002-USR-01,workflow_events.csv#EV-CASE-DEMO-0194-1
EV-CASE-DEMO-0194-2,CSE-FINANCE-002,CASE-DEMO-0194,close,2026-08-19T00:45:29.192666Z,2,CSE-FINANCE-002-USR-01,workflow_events.csv#EV-CASE-DEMO-0194-2
EV-CASE-DEMO-0195-0,CSE-TELECOM-002,CASE-DEMO-0195,acknowledge,2026-08-19T12:43:00Z,0,CSE-TELECOM-002-USR-01,workflow_events.csv#EV-CASE-DEMO-0195-0
EV-CASE-DEMO-0195-1,CSE-TELECOM-002,CASE-DEMO-0195,investigate,2026-08-20T01:29:34.549952Z,1,CSE-TELECOM-002-USR-01,workflow_events.csv#EV-CASE-DEMO-0195-1
EV-CASE-DEMO-0195-2,CSE-TELECOM-002,CASE-DEMO-0195,close,2026-08-20T14:26:09.099905Z,2,CSE-TELECOM-002-USR-01,workflow_events.csv#EV-CASE-DEMO-0195-2
EV-CASE-DEMO-0196-0,CSE-POWER-002,CASE-DEMO-0196,acknowledge,2026-07-12T05:56:00Z,0,CSE-POWER-002-USR-01,workflow_events.csv#EV-CASE-DEMO-0196-0
EV-CASE-DEMO-0196-1,CSE-POWER-002,CASE-DEMO-0196,investigate,2026-07-12T13:23:51.460828Z,1,CSE-POWER-002-USR-01,workflow_events.csv#EV-CASE-DEMO-0196-1
EV-CASE-DEMO-0196-2,CSE-POWER-002,CASE-DEMO-0196,close,2026-07-12T21:01:42.921657Z,2,CSE-POWER-002-USR-01,workflow_events.csv#EV-CASE-DEMO-0196-2
EV-CASE-DEMO-0197-0,CSE-FINANCE-001,CASE-DEMO-0197,acknowledge,2026-08-20T23:37:00Z,0,CSE-FINANCE-001-USR-01,workflow_events.csv#EV-CASE-DEMO-0197-0
EV-CASE-DEMO-0197-1,CSE-FINANCE-001,CASE-DEMO-0197,investigate,2026-08-21T10:47:58.042416Z,1,CSE-FINANCE-001-USR-01,workflow_events.csv#EV-CASE-DEMO-0197-1
EV-CASE-DEMO-0197-2,CSE-FINANCE-001,CASE-DEMO-0197,close,2026-08-21T22:08:56.084832Z,2,CSE-FINANCE-001-USR-01,workflow_events.csv#EV-CASE-DEMO-0197-2
EV-CASE-DEMO-0198-0,CSE-TELECOM-001,CASE-DEMO-0198,acknowledge,2026-07-15T04:55:00Z,0,CSE-TELECOM-001-USR-01,workflow_events.csv#EV-CASE-DEMO-0198-0
EV-CASE-DEMO-0198-1,CSE-TELECOM-001,CASE-DEMO-0198,investigate,2026-07-15T16:04:03.949565Z,1,CSE-TELECOM-001-USR-01,workflow_events.csv#EV-CASE-DEMO-0198-1
EV-CASE-DEMO-0198-2,CSE-TELECOM-001,CASE-DEMO-0198,close,2026-07-16T03:23:07.899130Z,2,CSE-TELECOM-001-USR-01,workflow_events.csv#EV-CASE-DEMO-0198-2
EV-CASE-DEMO-0199-0,CSE-POWER-001,CASE-DEMO-0199,acknowledge,2026-07-22T18:20:00Z,0,CSE-POWER-001-USR-01,workflow_events.csv#EV-CASE-DEMO-0199-0
EV-CASE-DEMO-0199-1,CSE-POWER-001,CASE-DEMO-0199,investigate,2026-07-22T23:25:36.096970Z,1,CSE-POWER-001-USR-01,workflow_events.csv#EV-CASE-DEMO-0199-1
EV-CASE-DEMO-0199-2,CSE-POWER-001,CASE-DEMO-0199,close,2026-07-23T04:41:12.193941Z,2,CSE-POWER-001-USR-01,workflow_events.csv#EV-CASE-DEMO-0199-2
EV-CASE-DEMO-0200-0,CSE-FINANCE-002,CASE-DEMO-0200,acknowledge,2026-07-06T19:39:00Z,0,CSE-FINANCE-002-USR-01,workflow_events.csv#EV-CASE-DEMO-0200-0
EV-CASE-DEMO-0200-1,CSE-FINANCE-002,CASE-DEMO-0200,investigate,2026-07-07T10:04:52.270839Z,1,CSE-FINANCE-002-USR-01,workflow_events.csv#EV-CASE-DEMO-0200-1
EV-CASE-DEMO-0200-2,CSE-FINANCE-002,CASE-DEMO-0200,close,2026-07-08T00:40:44.541678Z,2,CSE-FINANCE-002-USR-01,workflow_events.csv#EV-CASE-DEMO-0200-2
EV-CASE-DEMO-0201-0,CSE-TELECOM-002,CASE-DEMO-0201,acknowledge,2026-08-10T22:06:00Z,0,CSE-TELECOM-002-USR-01,workflow_events.csv#EV-CASE-DEMO-0201-0
EV-CASE-DEMO-0201-1,CSE-TELECOM-002,CASE-DEMO-0201,investigate,2026-08-11T08:21:43.746624Z,1,CSE-TELECOM-002-USR-01,workflow_events.csv#EV-CASE-DEMO-0201-1
EV-CASE-DEMO-0201-2,CSE-TELECOM-002,CASE-DEMO-0201,close,2026-08-11T18:47:27.493248Z,2,CSE-TELECOM-002-USR-01,workflow_events.csv#EV-CASE-DEMO-0201-2
EV-CASE-DEMO-0202-0,CSE-POWER-002,CASE-DEMO-0202,acknowledge,2026-06-15T02:59:00Z,0,CSE-POWER-002-USR-01,workflow_events.csv#EV-CASE-DEMO-0202-0
EV-CASE-DEMO-0202-1,CSE-POWER-002,CASE-DEMO-0202,investigate,2026-06-15T08:41:32.824191Z,1,CSE-POWER-002-USR-01,workflow_events.csv#EV-CASE-DEMO-0202-1
EV-CASE-DEMO-0202-2,CSE-POWER-002,CASE-DEMO-0202,close,2026-06-15T14:34:05.648382Z,2,CSE-POWER-002-USR-01,workflow_events.csv#EV-CASE-DEMO-0202-2
EV-CASE-DEMO-0203-0,CSE-FINANCE-001,CASE-DEMO-0203,acknowledge,2026-06-26T06:26:00Z,0,CSE-FINANCE-001-USR-01,workflow_events.csv#EV-CASE-DEMO-0203-0
EV-CASE-DEMO-0203-1,CSE-FINANCE-001,CASE-DEMO-0203,investigate,2026-06-26T16:08:21.969208Z,1,CSE-FINANCE-001-USR-01,workflow_events.csv#EV-CASE-DEMO-0203-1
EV-CASE-DEMO-0203-2,CSE-FINANCE-001,CASE-DEMO-0203,close,2026-06-27T02:00:43.938417Z,2,CSE-FINANCE-001-USR-01,workflow_events.csv#EV-CASE-DEMO-0203-2
EV-CASE-DEMO-0204-0,CSE-TELECOM-001,CASE-DEMO-0204,acknowledge,2026-06-10T08:58:00Z,0,CSE-TELECOM-001-USR-01,workflow_events.csv#EV-CASE-DEMO-0204-0
EV-CASE-DEMO-0204-1,CSE-TELECOM-001,CASE-DEMO-0204,investigate,2026-06-10T21:47:59.142915Z,1,CSE-TELECOM-001-USR-01,workflow_events.csv#EV-CASE-DEMO-0204-1
EV-CASE-DEMO-0204-2,CSE-TELECOM-001,CASE-DEMO-0204,close,2026-06-11T10:47:58.285830Z,2,CSE-TELECOM-001-USR-01,workflow_events.csv#EV-CASE-DEMO-0204-2
EV-CASE-DEMO-0205-0,CSE-POWER-001,CASE-DEMO-0205,acknowledge,2026-07-03T11:52:00Z,0,CSE-POWER-001-USR-01,workflow_events.csv#EV-CASE-DEMO-0205-0
EV-CASE-DEMO-0205-1,CSE-POWER-001,CASE-DEMO-0205,investigate,2026-07-03T21:37:35.362682Z,1,CSE-POWER-001-USR-01,workflow_events.csv#EV-CASE-DEMO-0205-1
EV-CASE-DEMO-0205-2,CSE-POWER-001,CASE-DEMO-0205,close,2026-07-04T07:33:10.725363Z,2,CSE-POWER-001-USR-01,workflow_events.csv#EV-CASE-DEMO-0205-2
EV-CASE-DEMO-0206-0,CSE-FINANCE-002,CASE-DEMO-0206,acknowledge,2026-08-29T22:05:00Z,0,CSE-FINANCE-002-USR-01,workflow_events.csv#EV-CASE-DEMO-0206-0
EV-CASE-DEMO-0206-1,CSE-FINANCE-002,CASE-DEMO-0206,investigate,2026-08-30T07:06:45.712612Z,1,CSE-FINANCE-002-USR-01,workflow_events.csv#EV-CASE-DEMO-0206-1
EV-CASE-DEMO-0206-2,CSE-FINANCE-002,CASE-DEMO-0206,close,2026-08-30T16:18:31.425225Z,2,CSE-FINANCE-002-USR-01,workflow_events.csv#EV-CASE-DEMO-0206-2
EV-CASE-DEMO-0207-0,CSE-TELECOM-002,CASE-DEMO-0207,acknowledge,2026-08-26T23:07:00Z,0,CSE-TELECOM-002-USR-01,workflow_events.csv#EV-CASE-DEMO-0207-0
EV-CASE-DEMO-0207-1,CSE-TELECOM-002,CASE-DEMO-0207,investigate,2026-08-27T01:48:29.608117Z,1,CSE-TELECOM-002-USR-01,workflow_events.csv#EV-CASE-DEMO-0207-1
EV-CASE-DEMO-0207-2,CSE-TELECOM-002,CASE-DEMO-0207,close,2026-08-27T04:39:59.216234Z,2,CSE-TELECOM-002-USR-01,workflow_events.csv#EV-CASE-DEMO-0207-2
EV-CASE-DEMO-0208-0,CSE-POWER-002,CASE-DEMO-0208,acknowledge,2026-07-03T07:23:00Z,0,CSE-POWER-002-USR-01,workflow_events.csv#EV-CASE-DEMO-0208-0
EV-CASE-DEMO-0208-1,CSE-POWER-002,CASE-DEMO-0208,investigate,2026-07-03T10:18:31.861157Z,1,CSE-POWER-002-USR-01,workflow_events.csv#EV-CASE-DEMO-0208-1
EV-CASE-DEMO-0208-2,CSE-POWER-002,CASE-DEMO-0208,close,2026-07-03T13:24:03.722314Z,2,CSE-POWER-002-USR-01,workflow_events.csv#EV-CASE-DEMO-0208-2
EV-CASE-DEMO-0209-0,CSE-FINANCE-001,CASE-DEMO-0209,acknowledge,2026-08-30T11:05:00Z,0,CSE-FINANCE-001-USR-01,workflow_events.csv#EV-CASE-DEMO-0209-0
EV-CASE-DEMO-0209-1,CSE-FINANCE-001,CASE-DEMO-0209,investigate,2026-08-30T17:25:29.274618Z,1,CSE-FINANCE-001-USR-01,workflow_events.csv#EV-CASE-DEMO-0209-1
EV-CASE-DEMO-0209-2,CSE-FINANCE-001,CASE-DEMO-0209,close,2026-08-30T23:55:58.549236Z,2,CSE-FINANCE-001-USR-01,workflow_events.csv#EV-CASE-DEMO-0209-2
EV-CASE-DEMO-0210-0,CSE-TELECOM-001,CASE-DEMO-0210,acknowledge,2026-06-27T23:17:00Z,0,CSE-TELECOM-001-USR-01,workflow_events.csv#EV-CASE-DEMO-0210-0
EV-CASE-DEMO-0210-1,CSE-TELECOM-001,CASE-DEMO-0210,investigate,2026-06-28T09:15:19.881634Z,1,CSE-TELECOM-001-USR-01,workflow_events.csv#EV-CASE-DEMO-0210-1
EV-CASE-DEMO-0210-2,CSE-TELECOM-001,CASE-DEMO-0210,close,2026-06-28T19:23:39.763267Z,2,CSE-TELECOM-001-USR-01,workflow_events.csv#EV-CASE-DEMO-0210-2
EV-CASE-DEMO-0211-0,CSE-POWER-001,CASE-DEMO-0211,acknowledge,2026-07-23T00:44:00Z,0,CSE-POWER-001-USR-01,workflow_events.csv#EV-CASE-DEMO-0211-0
EV-CASE-DEMO-0211-1,CSE-POWER-001,CASE-DEMO-0211,investigate,2026-07-23T09:09:52.633424Z,1,CSE-POWER-001-USR-01,workflow_events.csv#EV-CASE-DEMO-0211-1
EV-CASE-DEMO-0211-2,CSE-POWER-001,CASE-DEMO-0211,close,2026-07-23T17:45:45.266849Z,2,CSE-POWER-001-USR-01,workflow_events.csv#EV-CASE-DEMO-0211-2
EV-CASE-DEMO-0212-0,CSE-FINANCE-002,CASE-DEMO-0212,acknowledge,2026-08-03T21:03:00Z,0,CSE-FINANCE-002-USR-01,workflow_events.csv#EV-CASE-DEMO-0212-0
EV-CASE-DEMO-0212-1,CSE-FINANCE-002,CASE-DEMO-0212,investigate,2026-08-04T11:23:41.723599Z,1,CSE-FINANCE-002-USR-01,workflow_events.csv#EV-CASE-DEMO-0212-1
EV-CASE-DEMO-0212-2,CSE-FINANCE-002,CASE-DEMO-0212,close,2026-08-05T01:54:23.447199Z,2,CSE-FINANCE-002-USR-01,workflow_events.csv#EV-CASE-DEMO-0212-2
EV-CASE-DEMO-0213-0,CSE-TELECOM-002,CASE-DEMO-0213,acknowledge,2026-07-16T13:53:00Z,0,CSE-TELECOM-002-USR-01,workflow_events.csv#EV-CASE-DEMO-0213-0
EV-CASE-DEMO-0213-1,CSE-TELECOM-002,CASE-DEMO-0213,investigate,2026-07-17T01:28:54.961436Z,1,CSE-TELECOM-002-USR-01,workflow_events.csv#EV-CASE-DEMO-0213-1
EV-CASE-DEMO-0213-2,CSE-TELECOM-002,CASE-DEMO-0213,close,2026-07-17T13:14:49.922873Z,2,CSE-TELECOM-002-USR-01,workflow_events.csv#EV-CASE-DEMO-0213-2
EV-CASE-DEMO-0214-0,CSE-POWER-002,CASE-DEMO-0214,acknowledge,2026-08-15T04:38:00Z,0,CSE-POWER-002-USR-01,workflow_events.csv#EV-CASE-DEMO-0214-0
EV-CASE-DEMO-0214-1,CSE-POWER-002,CASE-DEMO-0214,investigate,2026-08-15T06:55:55.415603Z,1,CSE-POWER-002-USR-01,workflow_events.csv#EV-CASE-DEMO-0214-1
EV-CASE-DEMO-0214-2,CSE-POWER-002,CASE-DEMO-0214,close,2026-08-15T09:23:50.831207Z,2,CSE-POWER-002-USR-01,workflow_events.csv#EV-CASE-DEMO-0214-2
EV-CASE-DEMO-0215-0,CSE-FINANCE-001,CASE-DEMO-0215,acknowledge,2026-06-09T03:42:00Z,0,CSE-FINANCE-001-USR-01,workflow_events.csv#EV-CASE-DEMO-0215-0
EV-CASE-DEMO-0215-1,CSE-FINANCE-001,CASE-DEMO-0215,investigate,2026-06-09T14:02:46.178459Z,1,CSE-FINANCE-001-USR-01,workflow_events.csv#EV-CASE-DEMO-0215-1
EV-CASE-DEMO-0215-2,CSE-FINANCE-001,CASE-DEMO-0215,close,2026-06-10T00:33:32.356918Z,2,CSE-FINANCE-001-USR-01,workflow_events.csv#EV-CASE-DEMO-0215-2
EV-CASE-DEMO-0216-0,CSE-TELECOM-001,CASE-DEMO-0216,acknowledge,2026-08-25T12:27:00Z,0,CSE-TELECOM-001-USR-01,workflow_events.csv#EV-CASE-DEMO-0216-0
EV-CASE-DEMO-0216-1,CSE-TELECOM-001,CASE-DEMO-0216,investigate,2026-08-25T15:28:29.955237Z,1,CSE-TELECOM-001-USR-01,workflow_events.csv#EV-CASE-DEMO-0216-1
EV-CASE-DEMO-0216-2,CSE-TELECOM-001,CASE-DEMO-0216,close,2026-08-25T18:39:59.910474Z,2,CSE-TELECOM-001-USR-01,workflow_events.csv#EV-CASE-DEMO-0216-2
EV-CASE-DEMO-0217-0,CSE-POWER-001,CASE-DEMO-0217,acknowledge,2026-06-26T12:40:00Z,0,CSE-POWER-001-USR-01,workflow_events.csv#EV-CASE-DEMO-0217-0
EV-CASE-DEMO-0217-1,CSE-POWER-001,CASE-DEMO-0217,investigate,2026-06-27T02:30:26.790261Z,1,CSE-POWER-001-USR-01,workflow_events.csv#EV-CASE-DEMO-0217-1
EV-CASE-DEMO-0217-2,CSE-POWER-001,CASE-DEMO-0217,close,2026-06-27T16:30:53.580522Z,2,CSE-POWER-001-USR-01,workflow_events.csv#EV-CASE-DEMO-0217-2
EV-CASE-DEMO-0218-0,CSE-FINANCE-002,CASE-DEMO-0218,acknowledge,2026-08-25T03:58:00Z,0,CSE-FINANCE-002-USR-01,workflow_events.csv#EV-CASE-DEMO-0218-0
EV-CASE-DEMO-0218-1,CSE-FINANCE-002,CASE-DEMO-0218,investigate,2026-08-25T08:51:31.147185Z,1,CSE-FINANCE-002-USR-01,workflow_events.csv#EV-CASE-DEMO-0218-1
EV-CASE-DEMO-0218-2,CSE-FINANCE-002,CASE-DEMO-0218,close,2026-08-25T13:55:02.294371Z,2,CSE-FINANCE-002-USR-01,workflow_events.csv#EV-CASE-DEMO-0218-2
EV-CASE-DEMO-0219-0,CSE-TELECOM-002,CASE-DEMO-0219,acknowledge,2026-06-18T16:29:00Z,0,CSE-TELECOM-002-USR-01,workflow_events.csv#EV-CASE-DEMO-0219-0
EV-CASE-DEMO-0219-1,CSE-TELECOM-002,CASE-DEMO-0219,investigate,2026-06-19T01:23:17.744709Z,1,CSE-TELECOM-002-USR-01,workflow_events.csv#EV-CASE-DEMO-0219-1
EV-CASE-DEMO-0219-2,CSE-TELECOM-002,CASE-DEMO-0219,close,2026-06-19T10:27:35.489417Z,2,CSE-TELECOM-002-USR-01,workflow_events.csv#EV-CASE-DEMO-0219-2
EV-CASE-DEMO-0220-0,CSE-POWER-002,CASE-DEMO-0220,acknowledge,2026-06-29T22:16:00Z,0,CSE-POWER-002-USR-01,workflow_events.csv#EV-CASE-DEMO-0220-0
EV-CASE-DEMO-0220-1,CSE-POWER-002,CASE-DEMO-0220,investigate,2026-06-30T05:55:06.705188Z,1,CSE-POWER-002-USR-01,workflow_events.csv#EV-CASE-DEMO-0220-1
EV-CASE-DEMO-0220-2,CSE-POWER-002,CASE-DEMO-0220,close,2026-06-30T13:44:13.410377Z,2,CSE-POWER-002-USR-01,workflow_events.csv#EV-CASE-DEMO-0220-2
EV-CASE-DEMO-0221-0,CSE-FINANCE-001,CASE-DEMO-0221,acknowledge,2026-07-24T14:15:00Z,0,CSE-FINANCE-001-USR-01,workflow_events.csv#EV-CASE-DEMO-0221-0
EV-CASE-DEMO-0221-1,CSE-FINANCE-001,CASE-DEMO-0221,investigate,2026-07-24T22:17:31.747054Z,1,CSE-FINANCE-001-USR-01,workflow_events.csv#EV-CASE-DEMO-0221-1
EV-CASE-DEMO-0221-2,CSE-FINANCE-001,CASE-DEMO-0221,close,2026-07-25T06:30:03.494107Z,2,CSE-FINANCE-001-USR-01,workflow_events.csv#EV-CASE-DEMO-0221-2
EV-CASE-DEMO-0222-0,CSE-TELECOM-001,CASE-DEMO-0222,acknowledge,2026-07-28T12:11:00Z,0,CSE-TELECOM-001-USR-01,workflow_events.csv#EV-CASE-DEMO-0222-0
EV-CASE-DEMO-0222-1,CSE-TELECOM-001,CASE-DEMO-0222,investigate,2026-07-28T21:01:37.840739Z,1,CSE-TELECOM-001-USR-01,workflow_events.csv#EV-CASE-DEMO-0222-1
EV-CASE-DEMO-0222-2,CSE-TELECOM-001,CASE-DEMO-0222,close,2026-07-29T06:02:15.681478Z,2,CSE-TELECOM-001-USR-01,workflow_events.csv#EV-CASE-DEMO-0222-2
EV-CASE-DEMO-0223-0,CSE-POWER-001,CASE-DEMO-0223,acknowledge,2026-06-16T03:21:00Z,0,CSE-POWER-001-USR-01,workflow_events.csv#EV-CASE-DEMO-0223-0
EV-CASE-DEMO-0223-1,CSE-POWER-001,CASE-DEMO-0223,investigate,2026-06-16T17:49:14.728505Z,1,CSE-POWER-001-USR-01,workflow_events.csv#EV-CASE-DEMO-0223-1
EV-CASE-DEMO-0223-2,CSE-POWER-001,CASE-DEMO-0223,close,2026-06-17T08:27:29.457010Z,2,CSE-POWER-001-USR-01,workflow_events.csv#EV-CASE-DEMO-0223-2
EV-CASE-DEMO-0224-0,CSE-FINANCE-002,CASE-DEMO-0224,acknowledge,2026-08-12T20:06:00Z,0,CSE-FINANCE-002-USR-01,workflow_events.csv#EV-CASE-DEMO-0224-0
EV-CASE-DEMO-0224-1,CSE-FINANCE-002,CASE-DEMO-0224,investigate,2026-08-13T00:21:40.416518Z,1,CSE-FINANCE-002-USR-01,workflow_events.csv#EV-CASE-DEMO-0224-1
EV-CASE-DEMO-0224-2,CSE-FINANCE-002,CASE-DEMO-0224,close,2026-08-13T04:47:20.833036Z,2,CSE-FINANCE-002-USR-01,workflow_events.csv#EV-CASE-DEMO-0224-2
EV-CASE-DEMO-0225-0,CSE-TELECOM-002,CASE-DEMO-0225,acknowledge,2026-06-26T14:32:00Z,0,CSE-TELECOM-002-USR-01,workflow_events.csv#EV-CASE-DEMO-0225-0
EV-CASE-DEMO-0225-1,CSE-TELECOM-002,CASE-DEMO-0225,investigate,2026-06-27T04:30:26.724134Z,1,CSE-TELECOM-002-USR-01,workflow_events.csv#EV-CASE-DEMO-0225-1
EV-CASE-DEMO-0225-2,CSE-TELECOM-002,CASE-DEMO-0225,close,2026-06-27T18:38:53.448268Z,2,CSE-TELECOM-002-USR-01,workflow_events.csv#EV-CASE-DEMO-0225-2
EV-CASE-DEMO-0226-0,CSE-POWER-002,CASE-DEMO-0226,acknowledge,2026-08-15T01:15:00Z,0,CSE-POWER-002-USR-01,workflow_events.csv#EV-CASE-DEMO-0226-0
EV-CASE-DEMO-0226-1,CSE-POWER-002,CASE-DEMO-0226,investigate,2026-08-15T08:57:33.900296Z,1,CSE-POWER-002-USR-01,workflow_events.csv#EV-CASE-DEMO-0226-1
EV-CASE-DEMO-0226-2,CSE-POWER-002,CASE-DEMO-0226,close,2026-08-15T16:50:07.800592Z,2,CSE-POWER-002-USR-01,workflow_events.csv#EV-CASE-DEMO-0226-2
EV-CASE-DEMO-0227-0,CSE-FINANCE-001,CASE-DEMO-0227,acknowledge,2026-08-26T16:53:00Z,0,CSE-FINANCE-001-USR-01,workflow_events.csv#EV-CASE-DEMO-0227-0
EV-CASE-DEMO-0227-1,CSE-FINANCE-001,CASE-DEMO-0227,investigate,2026-08-26T23:39:44.980207Z,1,CSE-FINANCE-001-USR-01,workflow_events.csv#EV-CASE-DEMO-0227-1
EV-CASE-DEMO-0227-2,CSE-FINANCE-001,CASE-DEMO-0227,close,2026-08-27T06:36:29.960415Z,2,CSE-FINANCE-001-USR-01,workflow_events.csv#EV-CASE-DEMO-0227-2
EV-CASE-DEMO-0228-0,CSE-TELECOM-001,CASE-DEMO-0228,acknowledge,2026-08-11T03:28:00Z,0,CSE-TELECOM-001-USR-01,workflow_events.csv#EV-CASE-DEMO-0228-0
EV-CASE-DEMO-0228-1,CSE-TELECOM-001,CASE-DEMO-0228,investigate,2026-08-11T06:18:50.018948Z,1,CSE-TELECOM-001-USR-01,workflow_events.csv#EV-CASE-DEMO-0228-1
EV-CASE-DEMO-0228-2,CSE-TELECOM-001,CASE-DEMO-0228,close,2026-08-11T09:19:40.037895Z,2,CSE-TELECOM-001-USR-01,workflow_events.csv#EV-CASE-DEMO-0228-2
EV-CASE-DEMO-0229-0,CSE-POWER-001,CASE-DEMO-0229,acknowledge,2026-07-11T11:16:00Z,0,CSE-POWER-001-USR-01,workflow_events.csv#EV-CASE-DEMO-0229-0
EV-CASE-DEMO-0229-1,CSE-POWER-001,CASE-DEMO-0229,investigate,2026-07-11T21:04:56.333258Z,1,CSE-POWER-001-USR-01,workflow_events.csv#EV-CASE-DEMO-0229-1
EV-CASE-DEMO-0229-2,CSE-POWER-001,CASE-DEMO-0229,close,2026-07-12T07:03:52.666516Z,2,CSE-POWER-001-USR-01,workflow_events.csv#EV-CASE-DEMO-0229-2
EV-CASE-DEMO-0230-0,CSE-FINANCE-002,CASE-DEMO-0230,acknowledge,2026-08-02T12:33:00Z,0,CSE-FINANCE-002-USR-01,workflow_events.csv#EV-CASE-DEMO-0230-0
EV-CASE-DEMO-0230-1,CSE-FINANCE-002,CASE-DEMO-0230,investigate,2026-08-02T23:44:08.328349Z,1,CSE-FINANCE-002-USR-01,workflow_events.csv#EV-CASE-DEMO-0230-1
EV-CASE-DEMO-0230-2,CSE-FINANCE-002,CASE-DEMO-0230,close,2026-08-03T11:05:16.656698Z,2,CSE-FINANCE-002-USR-01,workflow_events.csv#EV-CASE-DEMO-0230-2
EV-CASE-DEMO-0231-0,CSE-TELECOM-002,CASE-DEMO-0231,acknowledge,2026-07-09T01:18:00Z,0,CSE-TELECOM-002-USR-01,workflow_events.csv#EV-CASE-DEMO-0231-0
EV-CASE-DEMO-0231-1,CSE-TELECOM-002,CASE-DEMO-0231,investigate,2026-07-09T11:45:40.794890Z,1,CSE-TELECOM-002-USR-01,workflow_events.csv#EV-CASE-DEMO-0231-1
EV-CASE-DEMO-0231-2,CSE-TELECOM-002,CASE-DEMO-0231,close,2026-07-09T22:23:21.589779Z,2,CSE-TELECOM-002-USR-01,workflow_events.csv#EV-CASE-DEMO-0231-2
EV-CASE-DEMO-0232-0,CSE-POWER-002,CASE-DEMO-0232,acknowledge,2026-06-17T04:00:00Z,0,CSE-POWER-002-USR-01,workflow_events.csv#EV-CASE-DEMO-0232-0
EV-CASE-DEMO-0232-1,CSE-POWER-002,CASE-DEMO-0232,investigate,2026-06-17T11:49:53.799576Z,1,CSE-POWER-002-USR-01,workflow_events.csv#EV-CASE-DEMO-0232-1
EV-CASE-DEMO-0232-2,CSE-POWER-002,CASE-DEMO-0232,close,2026-06-17T19:49:47.599152Z,2,CSE-POWER-002-USR-01,workflow_events.csv#EV-CASE-DEMO-0232-2
EV-CASE-DEMO-0233-0,CSE-FINANCE-001,CASE-DEMO-0233,acknowledge,2026-07-04T19:19:00Z,0,CSE-FINANCE-001-USR-01,workflow_events.csv#EV-CASE-DEMO-0233-0
EV-CASE-DEMO-0233-1,CSE-FINANCE-001,CASE-DEMO-0233,investigate,2026-07-05T05:05:08.214250Z,1,CSE-FINANCE-001-USR-01,workflow_events.csv#EV-CASE-DEMO-0233-1
EV-CASE-DEMO-0233-2,CSE-FINANCE-001,CASE-DEMO-0233,close,2026-07-05T15:01:16.428501Z,2,CSE-FINANCE-001-USR-01,workflow_events.csv#EV-CASE-DEMO-0233-2
EV-CASE-DEMO-0234-0,CSE-TELECOM-001,CASE-DEMO-0234,acknowledge,2026-06-18T04:35:00Z,0,CSE-TELECOM-001-USR-01,workflow_events.csv#EV-CASE-DEMO-0234-0
EV-CASE-DEMO-0234-1,CSE-TELECOM-001,CASE-DEMO-0234,investigate,2026-06-18T12:49:07.651049Z,1,CSE-TELECOM-001-USR-01,workflow_events.csv#EV-CASE-DEMO-0234-1
EV-CASE-DEMO-0234-2,CSE-TELECOM-001,CASE-DEMO-0234,close,2026-06-18T21:13:15.302099Z,2,CSE-TELECOM-001-USR-01,workflow_events.csv#EV-CASE-DEMO-0234-2
EV-CASE-DEMO-0235-0,CSE-POWER-001,CASE-DEMO-0235,acknowledge,2026-07-27T20:13:00Z,0,CSE-POWER-001-USR-01,workflow_events.csv#EV-CASE-DEMO-0235-0
EV-CASE-DEMO-0235-1,CSE-POWER-001,CASE-DEMO-0235,investigate,2026-07-28T05:05:44.513342Z,1,CSE-POWER-001-USR-01,workflow_events.csv#EV-CASE-DEMO-0235-1
EV-CASE-DEMO-0235-2,CSE-POWER-001,CASE-DEMO-0235,close,2026-07-28T14:08:29.026684Z,2,CSE-POWER-001-USR-01,workflow_events.csv#EV-CASE-DEMO-0235-2
EV-CASE-DEMO-0236-0,CSE-FINANCE-002,CASE-DEMO-0236,acknowledge,2026-06-26T08:41:00Z,0,CSE-FINANCE-002-USR-01,workflow_events.csv#EV-CASE-DEMO-0236-0
EV-CASE-DEMO-0236-1,CSE-FINANCE-002,CASE-DEMO-0236,investigate,2026-06-26T21:39:28.712217Z,1,CSE-FINANCE-002-USR-01,workflow_events.csv#EV-CASE-DEMO-0236-1
EV-CASE-DEMO-0236-2,CSE-FINANCE-002,CASE-DEMO-0236,close,2026-06-27T10:47:57.424434Z,2,CSE-FINANCE-002-USR-01,workflow_events.csv#EV-CASE-DEMO-0236-2
EV-CASE-DEMO-0237-0,CSE-TELECOM-002,CASE-DEMO-0237,acknowledge,2026-06-19T20:57:00Z,0,CSE-TELECOM-002-USR-01,workflow_events.csv#EV-CASE-DEMO-0237-0
EV-CASE-DEMO-0237-1,CSE-TELECOM-002,CASE-DEMO-0237,investigate,2026-06-20T06:15:10.945751Z,1,CSE-TELECOM-002-USR-01,workflow_events.csv#EV-CASE-DEMO-0237-1
EV-CASE-DEMO-0237-2,CSE-TELECOM-002,CASE-DEMO-0237,close,2026-06-20T15:43:21.891501Z,2,CSE-TELECOM-002-USR-01,workflow_events.csv#EV-CASE-DEMO-0237-2
EV-CASE-DEMO-0238-0,CSE-POWER-002,CASE-DEMO-0238,acknowledge,2026-06-27T13:45:00Z,0,CSE-POWER-002-USR-01,workflow_events.csv#EV-CASE-DEMO-0238-0
EV-CASE-DEMO-0238-1,CSE-POWER-002,CASE-DEMO-0238,investigate,2026-06-27T21:15:26.542074Z,1,CSE-POWER-002-USR-01,workflow_events.csv#EV-CASE-DEMO-0238-1
EV-CASE-DEMO-0238-2,CSE-POWER-002,CASE-DEMO-0238,close,2026-06-28T04:55:53.084148Z,2,CSE-POWER-002-USR-01,workflow_events.csv#EV-CASE-DEMO-0238-2
EV-CASE-DEMO-0239-0,CSE-FINANCE-001,CASE-DEMO-0239,acknowledge,2026-07-23T15:53:00Z,0,CSE-FINANCE-001-USR-01,workflow_events.csv#EV-CASE-DEMO-0239-0
EV-CASE-DEMO-0239-1,CSE-FINANCE-001,CASE-DEMO-0239,investigate,2026-07-24T00:10:50.180530Z,1,CSE-FINANCE-001-USR-01,workflow_events.csv#EV-CASE-DEMO-0239-1
EV-CASE-DEMO-0239-2,CSE-FINANCE-001,CASE-DEMO-0239,close,2026-07-24T08:38:40.361059Z,2,CSE-FINANCE-001-USR-01,workflow_events.csv#EV-CASE-DEMO-0239-2
EV-CASE-DEMO-0240-0,CSE-TELECOM-001,CASE-DEMO-0240,acknowledge,2026-08-06T22:56:00Z,0,CSE-TELECOM-001-USR-01,workflow_events.csv#EV-CASE-DEMO-0240-0
EV-CASE-DEMO-0240-1,CSE-TELECOM-001,CASE-DEMO-0240,investigate,2026-08-07T11:45:29.927958Z,1,CSE-TELECOM-001-USR-01,workflow_events.csv#EV-CASE-DEMO-0240-1
EV-CASE-DEMO-0240-2,CSE-TELECOM-001,CASE-DEMO-0240,close,2026-08-08T00:44:59.855915Z,2,CSE-TELECOM-001-USR-01,workflow_events.csv#EV-CASE-DEMO-0240-2
EV-CASE-DEMO-0241-0,CSE-POWER-001,CASE-DEMO-0241,acknowledge,2026-06-29T17:17:00Z,0,CSE-POWER-001-USR-01,workflow_events.csv#EV-CASE-DEMO-0241-0
EV-CASE-DEMO-0241-1,CSE-POWER-001,CASE-DEMO-0241,investigate,2026-06-30T05:59:53.706244Z,1,CSE-POWER-001-USR-01,workflow_events.csv#EV-CASE-DEMO-0241-1
EV-CASE-DEMO-0241-2,CSE-POWER-001,CASE-DEMO-0241,close,2026-06-30T18:52:47.412488Z,2,CSE-POWER-001-USR-01,workflow_events.csv#EV-CASE-DEMO-0241-2
EV-CASE-DEMO-0242-0,CSE-FINANCE-002,CASE-DEMO-0242,acknowledge,2026-07-05T00:44:00Z,0,CSE-FINANCE-002-USR-01,workflow_events.csv#EV-CASE-DEMO-0242-0
EV-CASE-DEMO-0242-1,CSE-FINANCE-002,CASE-DEMO-0242,investigate,2026-07-05T04:15:00.015790Z,1,CSE-FINANCE-002-USR-01,workflow_events.csv#EV-CASE-DEMO-0242-1
EV-CASE-DEMO-0242-2,CSE-FINANCE-002,CASE-DEMO-0242,close,2026-07-05T07:56:00.031580Z,2,CSE-FINANCE-002-USR-01,workflow_events.csv#EV-CASE-DEMO-0242-2
EV-CASE-DEMO-0243-0,CSE-TELECOM-002,CASE-DEMO-0243,acknowledge,2026-06-21T15:15:00Z,0,CSE-TELECOM-002-USR-01,workflow_events.csv#EV-CASE-DEMO-0243-0
EV-CASE-DEMO-0243-1,CSE-TELECOM-002,CASE-DEMO-0243,investigate,2026-06-21T23:47:34.269133Z,1,CSE-TELECOM-002-USR-01,workflow_events.csv#EV-CASE-DEMO-0243-1
EV-CASE-DEMO-0243-2,CSE-TELECOM-002,CASE-DEMO-0243,close,2026-06-22T08:30:08.538267Z,2,CSE-TELECOM-002-USR-01,workflow_events.csv#EV-CASE-DEMO-0243-2
EV-CASE-DEMO-0244-0,CSE-POWER-002,CASE-DEMO-0244,acknowledge,2026-06-12T13:25:00Z,0,CSE-POWER-002-USR-01,workflow_events.csv#EV-CASE-DEMO-0244-0
EV-CASE-DEMO-0244-1,CSE-POWER-002,CASE-DEMO-0244,investigate,2026-06-12T17:47:59.987770Z,1,CSE-POWER-002-USR-01,workflow_events.csv#EV-CASE-DEMO-0244-1
EV-CASE-DEMO-0244-2,CSE-POWER-002,CASE-DEMO-0244,close,2026-06-12T22:20:59.975539Z,2,CSE-POWER-002-USR-01,workflow_events.csv#EV-CASE-DEMO-0244-2
EV-CASE-DEMO-0245-0,CSE-FINANCE-001,CASE-DEMO-0245,acknowledge,2026-06-04T01:00:00Z,0,CSE-FINANCE-001-USR-01,workflow_events.csv#EV-CASE-DEMO-0245-0
EV-CASE-DEMO-0245-1,CSE-FINANCE-001,CASE-DEMO-0245,investigate,2026-06-04T15:45:28.181177Z,1,CSE-FINANCE-001-USR-01,workflow_events.csv#EV-CASE-DEMO-0245-1
EV-CASE-DEMO-0245-2,CSE-FINANCE-001,CASE-DEMO-0245,close,2026-06-05T06:40:56.362353Z,2,CSE-FINANCE-001-USR-01,workflow_events.csv#EV-CASE-DEMO-0245-2
EV-CASE-DEMO-0246-0,CSE-TELECOM-001,CASE-DEMO-0246,acknowledge,2026-06-18T01:02:00Z,0,CSE-TELECOM-001-USR-01,workflow_events.csv#EV-CASE-DEMO-0246-0
EV-CASE-DEMO-0246-1,CSE-TELECOM-001,CASE-DEMO-0246,investigate,2026-06-18T03:21:46.820491Z,1,CSE-TELECOM-001-USR-01,workflow_events.csv#EV-CASE-DEMO-0246-1
EV-CASE-DEMO-0246-2,CSE-TELECOM-001,CASE-DEMO-0246,close,2026-06-18T05:51:33.640981Z,2,CSE-TELECOM-001-USR-01,workflow_events.csv#EV-CASE-DEMO-0246-2
EV-CASE-DEMO-0247-0,CSE-POWER-001,CASE-DEMO-0247,acknowledge,2026-08-04T05:17:00Z,0,CSE-POWER-001-USR-01,workflow_events.csv#EV-CASE-DEMO-0247-0
EV-CASE-DEMO-0247-1,CSE-POWER-001,CASE-DEMO-0247,investigate,2026-08-04T15:28:46.704692Z,1,CSE-POWER-001-USR-01,workflow_events.csv#EV-CASE-DEMO-0247-1
EV-CASE-DEMO-0247-2,CSE-POWER-001,CASE-DEMO-0247,close,2026-08-05T01:50:33.409384Z,2,CSE-POWER-001-USR-01,workflow_events.csv#EV-CASE-DEMO-0247-2
EV-CASE-DEMO-0248-0,CSE-FINANCE-002,CASE-DEMO-0248,acknowledge,2026-08-27T21:29:00Z,0,CSE-FINANCE-002-USR-01,workflow_events.csv#EV-CASE-DEMO-0248-0
EV-CASE-DEMO-0248-1,CSE-FINANCE-002,CASE-DEMO-0248,investigate,2026-08-28T03:27:14.280531Z,1,CSE-FINANCE-002-USR-01,workflow_events.csv#EV-CASE-DEMO-0248-1
EV-CASE-DEMO-0248-2,CSE-FINANCE-002,CASE-DEMO-0248,close,2026-08-28T09:35:28.561062Z,2,CSE-FINANCE-002-USR-01,workflow_events.csv#EV-CASE-DEMO-0248-2
EV-CASE-DEMO-0249-0,CSE-TELECOM-002,CASE-DEMO-0249,acknowledge,2026-06-17T18:37:00Z,0,CSE-TELECOM-002-USR-01,workflow_events.csv#EV-CASE-DEMO-0249-0
EV-CASE-DEMO-0249-1,CSE-TELECOM-002,CASE-DEMO-0249,investigate,2026-06-18T03:16:01.300535Z,1,CSE-TELECOM-002-USR-01,workflow_events.csv#EV-CASE-DEMO-0249-1
EV-CASE-DEMO-0249-2,CSE-TELECOM-002,CASE-DEMO-0249,close,2026-06-18T12:05:02.601071Z,2,CSE-TELECOM-002-USR-01,workflow_events.csv#EV-CASE-DEMO-0249-2
EV-CASE-DEMO-0250-0,CSE-POWER-002,CASE-DEMO-0250,acknowledge,2026-08-05T17:44:00Z,0,CSE-POWER-002-USR-01,workflow_events.csv#EV-CASE-DEMO-0250-0
EV-CASE-DEMO-0250-1,CSE-POWER-002,CASE-DEMO-0250,investigate,2026-08-06T00:44:54.183010Z,1,CSE-POWER-002-USR-01,workflow_events.csv#EV-CASE-DEMO-0250-1
EV-CASE-DEMO-0250-2,CSE-POWER-002,CASE-DEMO-0250,close,2026-08-06T07:55:48.366020Z,2,CSE-POWER-002-USR-01,workflow_events.csv#EV-CASE-DEMO-0250-2
EV-CASE-DEMO-0251-0,CSE-FINANCE-001,CASE-DEMO-0251,acknowledge,2026-06-10T11:33:00Z,0,CSE-FINANCE-001-USR-01,workflow_events.csv#EV-CASE-DEMO-0251-0
EV-CASE-DEMO-0251-1,CSE-FINANCE-001,CASE-DEMO-0251,investigate,2026-06-10T15:48:15.900203Z,1,CSE-FINANCE-001-USR-01,workflow_events.csv#EV-CASE-DEMO-0251-1
EV-CASE-DEMO-0251-2,CSE-FINANCE-001,CASE-DEMO-0251,close,2026-06-10T20:13:31.800406Z,2,CSE-FINANCE-001-USR-01,workflow_events.csv#EV-CASE-DEMO-0251-2
EV-CASE-DEMO-0252-0,CSE-TELECOM-001,CASE-DEMO-0252,acknowledge,2026-08-31T03:52:00Z,0,CSE-TELECOM-001-USR-01,workflow_events.csv#EV-CASE-DEMO-0252-0
EV-CASE-DEMO-0252-1,CSE-TELECOM-001,CASE-DEMO-0252,investigate,2026-08-31T13:49:39.367408Z,1,CSE-TELECOM-001-USR-01,workflow_events.csv#EV-CASE-DEMO-0252-1
EV-CASE-DEMO-0252-2,CSE-TELECOM-001,CASE-DEMO-0252,close,2026-08-31T23:57:18.734817Z,2,CSE-TELECOM-001-USR-01,workflow_events.csv#EV-CASE-DEMO-0252-2
EV-CASE-DEMO-0253-0,CSE-POWER-001,CASE-DEMO-0253,acknowledge,2026-08-31T09:40:00Z,0,CSE-POWER-001-USR-01,workflow_events.csv#EV-CASE-DEMO-0253-0
EV-CASE-DEMO-0253-1,CSE-POWER-001,CASE-DEMO-0253,investigate,2026-08-31T14:35:14.140127Z,1,CSE-POWER-001-USR-01,workflow_events.csv#EV-CASE-DEMO-0253-1
EV-CASE-DEMO-0253-2,CSE-POWER-001,CASE-DEMO-0253,close,2026-08-31T19:40:28.280253Z,2,CSE-POWER-001-USR-01,workflow_events.csv#EV-CASE-DEMO-0253-2
EV-CASE-DEMO-0254-0,CSE-FINANCE-002,CASE-DEMO-0254,acknowledge,2026-07-06T18:42:00Z,0,CSE-FINANCE-002-USR-01,workflow_events.csv#EV-CASE-DEMO-0254-0
EV-CASE-DEMO-0254-1,CSE-FINANCE-002,CASE-DEMO-0254,investigate,2026-07-06T21:12:27.610544Z,1,CSE-FINANCE-002-USR-01,workflow_events.csv#EV-CASE-DEMO-0254-1
EV-CASE-DEMO-0254-2,CSE-FINANCE-002,CASE-DEMO-0254,close,2026-07-06T23:52:55.221089Z,2,CSE-FINANCE-002-USR-01,workflow_events.csv#EV-CASE-DEMO-0254-2
EV-CASE-DEMO-0255-0,CSE-TELECOM-002,CASE-DEMO-0255,acknowledge,2026-08-03T10:51:00Z,0,CSE-TELECOM-002-USR-01,workflow_events.csv#EV-CASE-DEMO-0255-0
EV-CASE-DEMO-0255-1,CSE-TELECOM-002,CASE-DEMO-0255,investigate,2026-08-03T16:11:04.513661Z,1,CSE-TELECOM-002-USR-01,workflow_events.csv#EV-CASE-DEMO-0255-1
EV-CASE-DEMO-0255-2,CSE-TELECOM-002,CASE-DEMO-0255,close,2026-08-03T21:41:09.027322Z,2,CSE-TELECOM-002-USR-01,workflow_events.csv#EV-CASE-DEMO-0255-2
EV-CASE-DEMO-0256-0,CSE-POWER-002,CASE-DEMO-0256,acknowledge,2026-06-11T06:48:00Z,0,CSE-POWER-002-USR-01,workflow_events.csv#EV-CASE-DEMO-0256-0
EV-CASE-DEMO-0256-1,CSE-POWER-002,CASE-DEMO-0256,investigate,2026-06-11T09:01:19.214904Z,1,CSE-POWER-002-USR-01,workflow_events.csv#EV-CASE-DEMO-0256-1
EV-CASE-DEMO-0256-2,CSE-POWER-002,CASE-DEMO-0256,close,2026-06-11T11:24:38.429809Z,2,CSE-POWER-002-USR-01,workflow_events.csv#EV-CASE-DEMO-0256-2
EV-CASE-DEMO-0257-0,CSE-FINANCE-001,CASE-DEMO-0257,acknowledge,2026-07-23T16:22:00Z,0,CSE-FINANCE-001-USR-01,workflow_events.csv#EV-CASE-DEMO-0257-0
EV-CASE-DEMO-0257-1,CSE-FINANCE-001,CASE-DEMO-0257,investigate,2026-07-24T05:49:52.743021Z,1,CSE-FINANCE-001-USR-01,workflow_events.csv#EV-CASE-DEMO-0257-1
EV-CASE-DEMO-0257-2,CSE-FINANCE-001,CASE-DEMO-0257,close,2026-07-24T19:27:45.486042Z,2,CSE-FINANCE-001-USR-01,workflow_events.csv#EV-CASE-DEMO-0257-2
EV-CASE-DEMO-0258-0,CSE-TELECOM-001,CASE-DEMO-0258,acknowledge,2026-08-29T14:15:00Z,0,CSE-TELECOM-001-USR-01,workflow_events.csv#EV-CASE-DEMO-0258-0
EV-CASE-DEMO-0258-1,CSE-TELECOM-001,CASE-DEMO-0258,investigate,2026-08-29T20:46:04.720134Z,1,CSE-TELECOM-001-USR-01,workflow_events.csv#EV-CASE-DEMO-0258-1
EV-CASE-DEMO-0258-2,CSE-TELECOM-001,CASE-DEMO-0258,close,2026-08-30T03:27:09.440268Z,2,CSE-TELECOM-001-USR-01,workflow_events.csv#EV-CASE-DEMO-0258-2
EV-CASE-DEMO-0259-0,CSE-POWER-001,CASE-DEMO-0259,acknowledge,2026-06-29T19:48:00Z,0,CSE-POWER-001-USR-01,workflow_events.csv#EV-CASE-DEMO-0259-0
EV-CASE-DEMO-0259-1,CSE-POWER-001,CASE-DEMO-0259,investigate,2026-06-30T10:33:41.337716Z,1,CSE-POWER-001-USR-01,workflow_events.csv#EV-CASE-DEMO-0259-1
EV-CASE-DEMO-0259-2,CSE-POWER-001,CASE-DEMO-0259,close,2026-07-01T01:29:22.675431Z,2,CSE-POWER-001-USR-01,workflow_events.csv#EV-CASE-DEMO-0259-2
EV-CASE-DEMO-0260-0,CSE-FINANCE-002,CASE-DEMO-0260,acknowledge,2026-07-18T02:14:00Z,0,CSE-FINANCE-002-USR-01,workflow_events.csv#EV-CASE-DEMO-0260-0
EV-CASE-DEMO-0260-1,CSE-FINANCE-002,CASE-DEMO-0260,investigate,2026-07-18T09:01:07.954141Z,1,CSE-FINANCE-002-USR-01,workflow_events.csv#EV-CASE-DEMO-0260-1
EV-CASE-DEMO-0260-2,CSE-FINANCE-002,CASE-DEMO-0260,close,2026-07-18T15:58:15.908281Z,2,CSE-FINANCE-002-USR-01,workflow_events.csv#EV-CASE-DEMO-0260-2
EV-CASE-DEMO-0261-0,CSE-TELECOM-002,CASE-DEMO-0261,acknowledge,2026-06-13T21:36:00Z,0,CSE-TELECOM-002-USR-01,workflow_events.csv#EV-CASE-DEMO-0261-0
EV-CASE-DEMO-0261-1,CSE-TELECOM-002,CASE-DEMO-0261,investigate,2026-06-14T07:29:14.432643Z,1,CSE-TELECOM-002-USR-01,workflow_events.csv#EV-CASE-DEMO-0261-1
EV-CASE-DEMO-0261-2,CSE-TELECOM-002,CASE-DEMO-0261,close,2026-06-14T17:32:28.865285Z,2,CSE-TELECOM-002-USR-01,workflow_events.csv#EV-CASE-DEMO-0261-2
EV-CASE-DEMO-0262-0,CSE-POWER-002,CASE-DEMO-0262,acknowledge,2026-07-17T14:39:00Z,0,CSE-POWER-002-USR-01,workflow_events.csv#EV-CASE-DEMO-0262-0
EV-CASE-DEMO-0262-1,CSE-POWER-002,CASE-DEMO-0262,investigate,2026-07-18T01:23:46.660962Z,1,CSE-POWER-002-USR-01,workflow_events.csv#EV-CASE-DEMO-0262-1
EV-CASE-DEMO-0262-2,CSE-POWER-002,CASE-DEMO-0262,close,2026-07-18T12:18:33.321923Z,2,CSE-POWER-002-USR-01,workflow_events.csv#EV-CASE-DEMO-0262-2
EV-CASE-DEMO-0263-0,CSE-FINANCE-001,CASE-DEMO-0263,acknowledge,2026-07-31T01:44:00Z,0,CSE-FINANCE-001-USR-01,workflow_events.csv#EV-CASE-DEMO-0263-0
EV-CASE-DEMO-0263-1,CSE-FINANCE-001,CASE-DEMO-0263,investigate,2026-07-31T10:57:58.254990Z,1,CSE-FINANCE-001-USR-01,workflow_events.csv#EV-CASE-DEMO-0263-1
EV-CASE-DEMO-0263-2,CSE-FINANCE-001,CASE-DEMO-0263,close,2026-07-31T20:21:56.509979Z,2,CSE-FINANCE-001-USR-01,workflow_events.csv#EV-CASE-DEMO-0263-2
EV-CASE-DEMO-0264-0,CSE-TELECOM-001,CASE-DEMO-0264,acknowledge,2026-07-05T20:21:00Z,0,CSE-TELECOM-001-USR-01,workflow_events.csv#EV-CASE-DEMO-0264-0
EV-CASE-DEMO-0264-1,CSE-TELECOM-001,CASE-DEMO-0264,investigate,2026-07-05T22:34:53.677753Z,1,CSE-TELECOM-001-USR-01,workflow_events.csv#EV-CASE-DEMO-0264-1
EV-CASE-DEMO-0264-2,CSE-TELECOM-001,CASE-DEMO-0264,close,2026-07-06T00:58:47.355506Z,2,CSE-TELECOM-001-USR-01,workflow_events.csv#EV-CASE-DEMO-0264-2
EV-CASE-DEMO-0265-0,CSE-POWER-001,CASE-DEMO-0265,acknowledge,2026-08-03T15:44:00Z,0,CSE-POWER-001-USR-01,workflow_events.csv#EV-CASE-DEMO-0265-0
EV-CASE-DEMO-0265-1,CSE-POWER-001,CASE-DEMO-0265,investigate,2026-08-03T19:11:21.832410Z,1,CSE-POWER-001-USR-01,workflow_events.csv#EV-CASE-DEMO-0265-1
EV-CASE-DEMO-0265-2,CSE-POWER-001,CASE-DEMO-0265,close,2026-08-03T22:48:43.664820Z,2,CSE-POWER-001-USR-01,workflow_events.csv#EV-CASE-DEMO-0265-2
EV-CASE-DEMO-0266-0,CSE-FINANCE-002,CASE-DEMO-0266,acknowledge,2026-07-13T04:00:00Z,0,CSE-FINANCE-002-USR-01,workflow_events.csv#EV-CASE-DEMO-0266-0
EV-CASE-DEMO-0266-1,CSE-FINANCE-002,CASE-DEMO-0266,investigate,2026-07-13T09:28:05.143716Z,1,CSE-FINANCE-002-USR-01,workflow_events.csv#EV-CASE-DEMO-0266-1
EV-CASE-DEMO-0266-2,CSE-FINANCE-002,CASE-DEMO-0266,close,2026-07-13T15:06:10.287432Z,2,CSE-FINANCE-002-USR-01,workflow_events.csv#EV-CASE-DEMO-0266-2
EV-CASE-DEMO-0267-0,CSE-TELECOM-002,CASE-DEMO-0267,acknowledge,2026-07-21T06:32:00Z,0,CSE-TELECOM-002-USR-01,workflow_events.csv#EV-CASE-DEMO-0267-0
EV-CASE-DEMO-0267-1,CSE-TELECOM-002,CASE-DEMO-0267,investigate,2026-07-21T15:24:34.840420Z,1,CSE-TELECOM-002-USR-01,workflow_events.csv#EV-CASE-DEMO-0267-1
EV-CASE-DEMO-0267-2,CSE-TELECOM-002,CASE-DEMO-0267,close,2026-07-22T00:27:09.680841Z,2,CSE-TELECOM-002-USR-01,workflow_events.csv#EV-CASE-DEMO-0267-2
EV-CASE-DEMO-0268-0,CSE-POWER-002,CASE-DEMO-0268,acknowledge,2026-08-08T10:17:00Z,0,CSE-POWER-002-USR-01,workflow_events.csv#EV-CASE-DEMO-0268-0
EV-CASE-DEMO-0268-1,CSE-POWER-002,CASE-DEMO-0268,investigate,2026-08-08T22:14:08.140981Z,1,CSE-POWER-002-USR-01,workflow_events.csv#EV-CASE-DEMO-0268-1
EV-CASE-DEMO-0268-2,CSE-POWER-002,CASE-DEMO-0268,close,2026-08-09T10:21:16.281962Z,2,CSE-POWER-002-USR-01,workflow_events.csv#EV-CASE-DEMO-0268-2
EV-CASE-DEMO-0269-0,CSE-FINANCE-001,CASE-DEMO-0269,acknowledge,2026-06-16T02:51:00Z,0,CSE-FINANCE-001-USR-01,workflow_events.csv#EV-CASE-DEMO-0269-0
EV-CASE-DEMO-0269-1,CSE-FINANCE-001,CASE-DEMO-0269,investigate,2026-06-16T09:08:15.153636Z,1,CSE-FINANCE-001-USR-01,workflow_events.csv#EV-CASE-DEMO-0269-1
EV-CASE-DEMO-0269-2,CSE-FINANCE-001,CASE-DEMO-0269,close,2026-06-16T15:35:30.307271Z,2,CSE-FINANCE-001-USR-01,workflow_events.csv#EV-CASE-DEMO-0269-2
EV-CASE-DEMO-0270-0,CSE-TELECOM-001,CASE-DEMO-0270,acknowledge,2026-06-28T15:17:00Z,0,CSE-TELECOM-001-USR-01,workflow_events.csv#EV-CASE-DEMO-0270-0
EV-CASE-DEMO-0270-1,CSE-TELECOM-001,CASE-DEMO-0270,investigate,2026-06-28T21:59:07.971433Z,1,CSE-TELECOM-001-USR-01,workflow_events.csv#EV-CASE-DEMO-0270-1
EV-CASE-DEMO-0270-2,CSE-TELECOM-001,CASE-DEMO-0270,close,2026-06-29T04:51:15.942866Z,2,CSE-TELECOM-001-USR-01,workflow_events.csv#EV-CASE-DEMO-0270-2
EV-CASE-DEMO-0271-0,CSE-POWER-001,CASE-DEMO-0271,acknowledge,2026-06-22T12:03:00Z,0,CSE-POWER-001-USR-01,workflow_events.csv#EV-CASE-DEMO-0271-0
EV-CASE-DEMO-0271-1,CSE-POWER-001,CASE-DEMO-0271,investigate,2026-06-22T17:08:56.428457Z,1,CSE-POWER-001-USR-01,workflow_events.csv#EV-CASE-DEMO-0271-1
EV-CASE-DEMO-0271-2,CSE-POWER-001,CASE-DEMO-0271,close,2026-06-22T22:24:52.856915Z,2,CSE-POWER-001-USR-01,workflow_events.csv#EV-CASE-DEMO-0271-2
EV-CASE-DEMO-0272-0,CSE-FINANCE-002,CASE-DEMO-0272,acknowledge,2026-07-24T10:43:00Z,0,CSE-FINANCE-002-USR-01,workflow_events.csv#EV-CASE-DEMO-0272-0
EV-CASE-DEMO-0272-1,CSE-FINANCE-002,CASE-DEMO-0272,investigate,2026-07-25T00:41:42.004271Z,1,CSE-FINANCE-002-USR-01,workflow_events.csv#EV-CASE-DEMO-0272-1
EV-CASE-DEMO-0272-2,CSE-FINANCE-002,CASE-DEMO-0272,close,2026-07-25T14:50:24.008543Z,2,CSE-FINANCE-002-USR-01,workflow_events.csv#EV-CASE-DEMO-0272-2
EV-CASE-DEMO-0273-0,CSE-TELECOM-002,CASE-DEMO-0273,acknowledge,2026-06-22T00:49:00Z,0,CSE-TELECOM-002-USR-01,workflow_events.csv#EV-CASE-DEMO-0273-0
EV-CASE-DEMO-0273-1,CSE-TELECOM-002,CASE-DEMO-0273,investigate,2026-06-22T07:45:40.513377Z,1,CSE-TELECOM-002-USR-01,workflow_events.csv#EV-CASE-DEMO-0273-1
EV-CASE-DEMO-0273-2,CSE-TELECOM-002,CASE-DEMO-0273,close,2026-06-22T14:52:21.026755Z,2,CSE-TELECOM-002-USR-01,workflow_events.csv#EV-CASE-DEMO-0273-2
EV-CASE-DEMO-0274-0,CSE-POWER-002,CASE-DEMO-0274,acknowledge,2026-07-06T21:13:00Z,0,CSE-POWER-002-USR-01,workflow_events.csv#EV-CASE-DEMO-0274-0
EV-CASE-DEMO-0274-1,CSE-POWER-002,CASE-DEMO-0274,investigate,2026-07-07T06:46:00.242214Z,1,CSE-POWER-002-USR-01,workflow_events.csv#EV-CASE-DEMO-0274-1
EV-CASE-DEMO-0274-2,CSE-POWER-002,CASE-DEMO-0274,close,2026-07-07T16:29:00.484428Z,2,CSE-POWER-002-USR-01,workflow_events.csv#EV-CASE-DEMO-0274-2
EV-CASE-DEMO-0275-0,CSE-FINANCE-001,CASE-DEMO-0275,acknowledge,2026-07-23T03:41:00Z,0,CSE-FINANCE-001-USR-01,workflow_events.csv#EV-CASE-DEMO-0275-0
EV-CASE-DEMO-0275-1,CSE-FINANCE-001,CASE-DEMO-0275,investigate,2026-07-23T08:03:57.819161Z,1,CSE-FINANCE-001-USR-01,workflow_events.csv#EV-CASE-DEMO-0275-1
EV-CASE-DEMO-0275-2,CSE-FINANCE-001,CASE-DEMO-0275,close,2026-07-23T12:36:55.638322Z,2,CSE-FINANCE-001-USR-01,workflow_events.csv#EV-CASE-DEMO-0275-2
EV-CASE-DEMO-0276-0,CSE-TELECOM-001,CASE-DEMO-0276,acknowledge,2026-07-16T11:40:00Z,0,CSE-TELECOM-001-USR-01,workflow_events.csv#EV-CASE-DEMO-0276-0
EV-CASE-DEMO-0276-1,CSE-TELECOM-001,CASE-DEMO-0276,investigate,2026-07-16T18:05:21.332683Z,1,CSE-TELECOM-001-USR-01,workflow_events.csv#EV-CASE-DEMO-0276-1
EV-CASE-DEMO-0276-2,CSE-TELECOM-001,CASE-DEMO-0276,close,2026-07-17T00:40:42.665367Z,2,CSE-TELECOM-001-USR-01,workflow_events.csv#EV-CASE-DEMO-0276-2
EV-CASE-DEMO-0277-0,CSE-POWER-001,CASE-DEMO-0277,acknowledge,2026-07-14T04:24:00Z,0,CSE-POWER-001-USR-01,workflow_events.csv#EV-CASE-DEMO-0277-0
EV-CASE-DEMO-0277-1,CSE-POWER-001,CASE-DEMO-0277,investigate,2026-07-14T16:49:52.604027Z,1,CSE-POWER-001-USR-01,workflow_events.csv#EV-CASE-DEMO-0277-1
EV-CASE-DEMO-0277-2,CSE-POWER-001,CASE-DEMO-0277,close,2026-07-15T05:25:45.208054Z,2,CSE-POWER-001-USR-01,workflow_events.csv#EV-CASE-DEMO-0277-2
EV-CASE-DEMO-0278-0,CSE-FINANCE-002,CASE-DEMO-0278,acknowledge,2026-06-16T19:00:00Z,0,CSE-FINANCE-002-USR-01,workflow_events.csv#EV-CASE-DEMO-0278-0
EV-CASE-DEMO-0278-1,CSE-FINANCE-002,CASE-DEMO-0278,investigate,2026-06-17T00:39:26.869428Z,1,CSE-FINANCE-002-USR-01,workflow_events.csv#EV-CASE-DEMO-0278-1
EV-CASE-DEMO-0278-2,CSE-FINANCE-002,CASE-DEMO-0278,close,2026-06-17T06:28:53.738856Z,2,CSE-FINANCE-002-USR-01,workflow_events.csv#EV-CASE-DEMO-0278-2
EV-CASE-DEMO-0279-0,CSE-TELECOM-002,CASE-DEMO-0279,acknowledge,2026-07-30T06:06:00Z,0,CSE-TELECOM-002-USR-01,workflow_events.csv#EV-CASE-DEMO-0279-0
EV-CASE-DEMO-0279-1,CSE-TELECOM-002,CASE-DEMO-0279,investigate,2026-07-30T16:13:52.496998Z,1,CSE-TELECOM-002-USR-01,workflow_events.csv#EV-CASE-DEMO-0279-1
EV-CASE-DEMO-0279-2,CSE-TELECOM-002,CASE-DEMO-0279,close,2026-07-31T02:31:44.993996Z,2,CSE-TELECOM-002-USR-01,workflow_events.csv#EV-CASE-DEMO-0279-2
EV-CASE-DEMO-0280-0,CSE-POWER-002,CASE-DEMO-0280,acknowledge,2026-08-26T11:33:00Z,0,CSE-POWER-002-USR-01,workflow_events.csv#EV-CASE-DEMO-0280-0
EV-CASE-DEMO-0280-1,CSE-POWER-002,CASE-DEMO-0280,investigate,2026-08-26T21:37:28.814073Z,1,CSE-POWER-002-USR-01,workflow_events.csv#EV-CASE-DEMO-0280-1
EV-CASE-DEMO-0280-2,CSE-POWER-002,CASE-DEMO-0280,close,2026-08-27T07:51:57.628146Z,2,CSE-POWER-002-USR-01,workflow_events.csv#EV-CASE-DEMO-0280-2
EV-CASE-DEMO-0281-0,CSE-FINANCE-001,CASE-DEMO-0281,acknowledge,2026-07-08T22:48:00Z,0,CSE-FINANCE-001-USR-01,workflow_events.csv#EV-CASE-DEMO-0281-0
EV-CASE-DEMO-0281-1,CSE-FINANCE-001,CASE-DEMO-0281,investigate,2026-07-09T02:21:48.982049Z,1,CSE-FINANCE-001-USR-01,workflow_events.csv#EV-CASE-DEMO-0281-1
EV-CASE-DEMO-0281-2,CSE-FINANCE-001,CASE-DEMO-0281,close,2026-07-09T06:05:37.964098Z,2,CSE-FINANCE-001-USR-01,workflow_events.csv#EV-CASE-DEMO-0281-2
EV-CASE-DEMO-0282-0,CSE-TELECOM-001,CASE-DEMO-0282,acknowledge,2026-07-22T07:46:00Z,0,CSE-TELECOM-001-USR-01,workflow_events.csv#EV-CASE-DEMO-0282-0
EV-CASE-DEMO-0282-1,CSE-TELECOM-001,CASE-DEMO-0282,investigate,2026-07-22T16:31:30.505414Z,1,CSE-TELECOM-001-USR-01,workflow_events.csv#EV-CASE-DEMO-0282-1
EV-CASE-DEMO-0282-2,CSE-TELECOM-001,CASE-DEMO-0282,close,2026-07-23T01:27:01.010829Z,2,CSE-TELECOM-001-USR-01,workflow_events.csv#EV-CASE-DEMO-0282-2
EV-CASE-DEMO-0283-0,CSE-POWER-001,CASE-DEMO-0283,acknowledge,2026-07-08T10:58:00Z,0,CSE-POWER-001-USR-01,workflow_events.csv#EV-CASE-DEMO-0283-0
EV-CASE-DEMO-0283-1,CSE-POWER-001,CASE-DEMO-0283,investigate,2026-07-08T20:17:19.289807Z,1,CSE-POWER-001-USR-01,workflow_events.csv#EV-CASE-DEMO-0283-1
EV-CASE-DEMO-0283-2,CSE-POWER-001,CASE-DEMO-0283,close,2026-07-09T05:46:38.579615Z,2,CSE-POWER-001-USR-01,workflow_events.csv#EV-CASE-DEMO-0283-2
EV-CASE-DEMO-0284-0,CSE-FINANCE-002,CASE-DEMO-0284,acknowledge,2026-06-04T04:16:00Z,0,CSE-FINANCE-002-USR-01,workflow_events.csv#EV-CASE-DEMO-0284-0
EV-CASE-DEMO-0284-1,CSE-FINANCE-002,CASE-DEMO-0284,investigate,2026-06-04T09:36:01.015599Z,1,CSE-FINANCE-002-USR-01,workflow_events.csv#EV-CASE-DEMO-0284-1
EV-CASE-DEMO-0284-2,CSE-FINANCE-002,CASE-DEMO-0284,close,2026-06-04T15:06:02.031197Z,2,CSE-FINANCE-002-USR-01,workflow_events.csv#EV-CASE-DEMO-0284-2
EV-CASE-DEMO-0285-0,CSE-TELECOM-002,CASE-DEMO-0285,acknowledge,2026-08-31T06:09:00Z,0,CSE-TELECOM-002-USR-01,workflow_events.csv#EV-CASE-DEMO-0285-0
EV-CASE-DEMO-0285-1,CSE-TELECOM-002,CASE-DEMO-0285,investigate,2026-08-31T13:04:16.834861Z,1,CSE-TELECOM-002-USR-01,workflow_events.csv#EV-CASE-DEMO-0285-1
EV-CASE-DEMO-0285-2,CSE-TELECOM-002,CASE-DEMO-0285,close,2026-08-31T20:09:33.669723Z,2,CSE-TELECOM-002-USR-01,workflow_events.csv#EV-CASE-DEMO-0285-2
EV-CASE-DEMO-0286-0,CSE-POWER-002,CASE-DEMO-0286,acknowledge,2026-07-01T02:26:00Z,0,CSE-POWER-002-USR-01,workflow_events.csv#EV-CASE-DEMO-0286-0
EV-CASE-DEMO-0286-1,CSE-POWER-002,CASE-DEMO-0286,investigate,2026-07-01T15:31:46.250319Z,1,CSE-POWER-002-USR-01,workflow_events.csv#EV-CASE-DEMO-0286-1
EV-CASE-DEMO-0286-2,CSE-POWER-002,CASE-DEMO-0286,close,2026-07-02T04:47:32.500639Z,2,CSE-POWER-002-USR-01,workflow_events.csv#EV-CASE-DEMO-0286-2
EV-CASE-DEMO-0287-0,CSE-FINANCE-001,CASE-DEMO-0287,acknowledge,2026-06-29T18:58:00Z,0,CSE-FINANCE-001-USR-01,workflow_events.csv#EV-CASE-DEMO-0287-0
EV-CASE-DEMO-0287-1,CSE-FINANCE-001,CASE-DEMO-0287,investigate,2026-06-30T08:03:42.471847Z,1,CSE-FINANCE-001-USR-01,workflow_events.csv#EV-CASE-DEMO-0287-1
EV-CASE-DEMO-0287-2,CSE-FINANCE-001,CASE-DEMO-0287,close,2026-06-30T21:19:24.943694Z,2,CSE-FINANCE-001-USR-01,workflow_events.csv#EV-CASE-DEMO-0287-2
EV-CASE-DEMO-0288-0,CSE-TELECOM-001,CASE-DEMO-0288,acknowledge,2026-06-24T21:29:00Z,0,CSE-TELECOM-001-USR-01,workflow_events.csv#EV-CASE-DEMO-0288-0
EV-CASE-DEMO-0288-1,CSE-TELECOM-001,CASE-DEMO-0288,investigate,2026-06-25T01:50:45.773559Z,1,CSE-TELECOM-001-USR-01,workflow_events.csv#EV-CASE-DEMO-0288-1
EV-CASE-DEMO-0288-2,CSE-TELECOM-001,CASE-DEMO-0288,close,2026-06-25T06:22:31.547118Z,2,CSE-TELECOM-001-USR-01,workflow_events.csv#EV-CASE-DEMO-0288-2
EV-CASE-DEMO-0289-0,CSE-POWER-001,CASE-DEMO-0289,acknowledge,2026-07-18T13:23:00Z,0,CSE-POWER-001-USR-01,workflow_events.csv#EV-CASE-DEMO-0289-0
EV-CASE-DEMO-0289-1,CSE-POWER-001,CASE-DEMO-0289,investigate,2026-07-19T03:42:10.215913Z,1,CSE-POWER-001-USR-01,workflow_events.csv#EV-CASE-DEMO-0289-1
EV-CASE-DEMO-0289-2,CSE-POWER-001,CASE-DEMO-0289,close,2026-07-19T18:11:20.431827Z,2,CSE-POWER-001-USR-01,workflow_events.csv#EV-CASE-DEMO-0289-2
EV-CASE-DEMO-0290-0,CSE-FINANCE-002,CASE-DEMO-0290,acknowledge,2026-07-08T16:48:00Z,0,CSE-FINANCE-002-USR-01,workflow_events.csv#EV-CASE-DEMO-0290-0
EV-CASE-DEMO-0290-1,CSE-FINANCE-002,CASE-DEMO-0290,investigate,2026-07-09T06:38:32.491434Z,1,CSE-FINANCE-002-USR-01,workflow_events.csv#EV-CASE-DEMO-0290-1
EV-CASE-DEMO-0290-2,CSE-FINANCE-002,CASE-DEMO-0290,close,2026-07-09T20:39:04.982867Z,2,CSE-FINANCE-002-USR-01,workflow_events.csv#EV-CASE-DEMO-0290-2
EV-CASE-DEMO-0291-0,CSE-TELECOM-002,CASE-DEMO-0291,acknowledge,2026-07-23T03:24:00Z,0,CSE-TELECOM-002-USR-01,workflow_events.csv#EV-CASE-DEMO-0291-0
EV-CASE-DEMO-0291-1,CSE-TELECOM-002,CASE-DEMO-0291,investigate,2026-07-23T17:22:56.299601Z,1,CSE-TELECOM-002-USR-01,workflow_events.csv#EV-CASE-DEMO-0291-1
EV-CASE-DEMO-0291-2,CSE-TELECOM-002,CASE-DEMO-0291,close,2026-07-24T07:31:52.599203Z,2,CSE-TELECOM-002-USR-01,workflow_events.csv#EV-CASE-DEMO-0291-2
EV-CASE-DEMO-0292-0,CSE-POWER-002,CASE-DEMO-0292,acknowledge,2026-06-24T05:31:00Z,0,CSE-POWER-002-USR-01,workflow_events.csv#EV-CASE-DEMO-0292-0
EV-CASE-DEMO-0292-1,CSE-POWER-002,CASE-DEMO-0292,investigate,2026-06-24T11:46:20.708073Z,1,CSE-POWER-002-USR-01,workflow_events.csv#EV-CASE-DEMO-0292-1
EV-CASE-DEMO-0292-2,CSE-POWER-002,CASE-DEMO-0292,close,2026-06-24T18:11:41.416147Z,2,CSE-POWER-002-USR-01,workflow_events.csv#EV-CASE-DEMO-0292-2
EV-CASE-DEMO-0293-0,CSE-FINANCE-001,CASE-DEMO-0293,acknowledge,2026-06-17T02:02:00Z,0,CSE-FINANCE-001-USR-01,workflow_events.csv#EV-CASE-DEMO-0293-0
EV-CASE-DEMO-0293-1,CSE-FINANCE-001,CASE-DEMO-0293,investigate,2026-06-17T06:00:14.927628Z,1,CSE-FINANCE-001-USR-01,workflow_events.csv#EV-CASE-DEMO-0293-1
EV-CASE-DEMO-0293-2,CSE-FINANCE-001,CASE-DEMO-0293,close,2026-06-17T10:08:29.855257Z,2,CSE-FINANCE-001-USR-01,workflow_events.csv#EV-CASE-DEMO-0293-2
EV-CASE-DEMO-0294-0,CSE-TELECOM-001,CASE-DEMO-0294,acknowledge,2026-08-26T15:26:00Z,0,CSE-TELECOM-001-USR-01,workflow_events.csv#EV-CASE-DEMO-0294-0
EV-CASE-DEMO-0294-1,CSE-TELECOM-001,CASE-DEMO-0294,investigate,2026-08-26T18:18:05.605163Z,1,CSE-TELECOM-001-USR-01,workflow_events.csv#EV-CASE-DEMO-0294-1
EV-CASE-DEMO-0294-2,CSE-TELECOM-001,CASE-DEMO-0294,close,2026-08-26T21:20:11.210326Z,2,CSE-TELECOM-001-USR-01,workflow_events.csv#EV-CASE-DEMO-0294-2
EV-CASE-DEMO-0295-0,CSE-POWER-001,CASE-DEMO-0295,acknowledge,2026-08-05T00:25:00Z,0,CSE-POWER-001-USR-01,workflow_events.csv#EV-CASE-DEMO-0295-0
EV-CASE-DEMO-0295-1,CSE-POWER-001,CASE-DEMO-0295,investigate,2026-08-05T11:05:48.780108Z,1,CSE-POWER-001-USR-01,workflow_events.csv#EV-CASE-DEMO-0295-1
EV-CASE-DEMO-0295-2,CSE-POWER-001,CASE-DEMO-0295,close,2026-08-05T21:56:37.560216Z,2,CSE-POWER-001-USR-01,workflow_events.csv#EV-CASE-DEMO-0295-2
EV-CASE-DEMO-0296-0,CSE-FINANCE-002,CASE-DEMO-0296,acknowledge,2026-07-12T06:12:00Z,0,CSE-FINANCE-002-USR-01,workflow_events.csv#EV-CASE-DEMO-0296-0
EV-CASE-DEMO-0296-1,CSE-FINANCE-002,CASE-DEMO-0296,investigate,2026-07-12T12:17:44.815218Z,1,CSE-FINANCE-002-USR-01,workflow_events.csv#EV-CASE-DEMO-0296-1
EV-CASE-DEMO-0296-2,CSE-FINANCE-002,CASE-DEMO-0296,close,2026-07-12T18:33:29.630436Z,2,CSE-FINANCE-002-USR-01,workflow_events.csv#EV-CASE-DEMO-0296-2
EV-CASE-DEMO-0297-0,CSE-TELECOM-002,CASE-DEMO-0297,acknowledge,2026-08-13T21:20:00Z,0,CSE-TELECOM-002-USR-01,workflow_events.csv#EV-CASE-DEMO-0297-0
EV-CASE-DEMO-0297-1,CSE-TELECOM-002,CASE-DEMO-0297,investigate,2026-08-14T06:05:46.283865Z,1,CSE-TELECOM-002-USR-01,workflow_events.csv#EV-CASE-DEMO-0297-1
EV-CASE-DEMO-0297-2,CSE-TELECOM-002,CASE-DEMO-0297,close,2026-08-14T15:01:32.567731Z,2,CSE-TELECOM-002-USR-01,workflow_events.csv#EV-CASE-DEMO-0297-2
EV-CASE-DEMO-0298-0,CSE-POWER-002,CASE-DEMO-0298,acknowledge,2026-07-05T04:32:00Z,0,CSE-POWER-002-USR-01,workflow_events.csv#EV-CASE-DEMO-0298-0
EV-CASE-DEMO-0298-1,CSE-POWER-002,CASE-DEMO-0298,investigate,2026-07-05T10:45:33.155626Z,1,CSE-POWER-002-USR-01,workflow_events.csv#EV-CASE-DEMO-0298-1
EV-CASE-DEMO-0298-2,CSE-POWER-002,CASE-DEMO-0298,close,2026-07-05T17:09:06.311252Z,2,CSE-POWER-002-USR-01,workflow_events.csv#EV-CASE-DEMO-0298-2
EV-CASE-DEMO-0299-0,CSE-FINANCE-001,CASE-DEMO-0299,acknowledge,2026-07-24T04:07:00Z,0,CSE-FINANCE-001-USR-01,workflow_events.csv#EV-CASE-DEMO-0299-0
EV-CASE-DEMO-0299-1,CSE-FINANCE-001,CASE-DEMO-0299,investigate,2026-07-24T18:48:43.037420Z,1,CSE-FINANCE-001-USR-01,workflow_events.csv#EV-CASE-DEMO-0299-1
EV-CASE-DEMO-0299-2,CSE-FINANCE-001,CASE-DEMO-0299,close,2026-07-25T09:40:26.074840Z,2,CSE-FINANCE-001-USR-01,workflow_events.csv#EV-CASE-DEMO-0299-2
EV-CASE-DEMO-0300-0,CSE-TELECOM-001,CASE-DEMO-0300,acknowledge,2026-07-11T19:09:00Z,0,CSE-TELECOM-001-USR-01,workflow_events.csv#EV-CASE-DEMO-0300-0
EV-CASE-DEMO-0300-1,CSE-TELECOM-001,CASE-DEMO-0300,investigate,2026-07-12T03:15:58.572932Z,1,CSE-TELECOM-001-USR-01,workflow_events.csv#EV-CASE-DEMO-0300-1
EV-CASE-DEMO-0300-2,CSE-TELECOM-001,CASE-DEMO-0300,close,2026-07-12T11:32:57.145864Z,2,CSE-TELECOM-001-USR-01,workflow_events.csv#EV-CASE-DEMO-0300-2
EV-CASE-DEMO-0301-0,CSE-POWER-001,CASE-DEMO-0301,acknowledge,2026-06-06T17:11:00Z,0,CSE-POWER-001-USR-01,workflow_events.csv#EV-CASE-DEMO-0301-0
EV-CASE-DEMO-0301-1,CSE-POWER-001,CASE-DEMO-0301,investigate,2026-06-07T06:53:53.040076Z,1,CSE-POWER-001-USR-01,workflow_events.csv#EV-CASE-DEMO-0301-1
EV-CASE-DEMO-0301-2,CSE-POWER-001,CASE-DEMO-0301,close,2026-06-07T20:46:46.080152Z,2,CSE-POWER-001-USR-01,workflow_events.csv#EV-CASE-DEMO-0301-2
EV-CASE-DEMO-0302-0,CSE-FINANCE-002,CASE-DEMO-0302,acknowledge,2026-08-08T15:03:00Z,0,CSE-FINANCE-002-USR-01,workflow_events.csv#EV-CASE-DEMO-0302-0
EV-CASE-DEMO-0302-1,CSE-FINANCE-002,CASE-DEMO-0302,investigate,2026-08-08T21:20:48.811549Z,1,CSE-FINANCE-002-USR-01,workflow_events.csv#EV-CASE-DEMO-0302-1
EV-CASE-DEMO-0302-2,CSE-FINANCE-002,CASE-DEMO-0302,close,2026-08-09T03:48:37.623099Z,2,CSE-FINANCE-002-USR-01,workflow_events.csv#EV-CASE-DEMO-0302-2
EV-CASE-DEMO-0303-0,CSE-TELECOM-002,CASE-DEMO-0303,acknowledge,2026-08-08T04:45:00Z,0,CSE-TELECOM-002-USR-01,workflow_events.csv#EV-CASE-DEMO-0303-0
EV-CASE-DEMO-0303-1,CSE-TELECOM-002,CASE-DEMO-0303,investigate,2026-08-08T08:45:47.392736Z,1,CSE-TELECOM-002-USR-01,workflow_events.csv#EV-CASE-DEMO-0303-1
EV-CASE-DEMO-0303-2,CSE-TELECOM-002,CASE-DEMO-0303,close,2026-08-08T12:56:34.785472Z,2,CSE-TELECOM-002-USR-01,workflow_events.csv#EV-CASE-DEMO-0303-2
EV-CASE-DEMO-0304-0,CSE-POWER-002,CASE-DEMO-0304,acknowledge,2026-06-15T07:23:00Z,0,CSE-POWER-002-USR-01,workflow_events.csv#EV-CASE-DEMO-0304-0
EV-CASE-DEMO-0304-1,CSE-POWER-002,CASE-DEMO-0304,investigate,2026-06-15T16:41:50.764172Z,1,CSE-POWER-002-USR-01,workflow_events.csv#EV-CASE-DEMO-0304-1
EV-CASE-DEMO-0304-2,CSE-POWER-002,CASE-DEMO-0304,close,2026-06-16T02:10:41.528344Z,2,CSE-POWER-002-USR-01,workflow_events.csv#EV-CASE-DEMO-0304-2
EV-CASE-DEMO-0305-0,CSE-FINANCE-001,CASE-DEMO-0305,acknowledge,2026-06-21T23:52:00Z,0,CSE-FINANCE-001-USR-01,workflow_events.csv#EV-CASE-DEMO-0305-0
EV-CASE-DEMO-0305-1,CSE-FINANCE-001,CASE-DEMO-0305,investigate,2026-06-22T06:56:50.885915Z,1,CSE-FINANCE-001-USR-01,workflow_events.csv#EV-CASE-DEMO-0305-1
EV-CASE-DEMO-0305-2,CSE-FINANCE-001,CASE-DEMO-0305,close,2026-06-22T14:11:41.771831Z,2,CSE-FINANCE-001-USR-01,workflow_events.csv#EV-CASE-DEMO-0305-2
EV-CASE-DEMO-0306-0,CSE-TELECOM-001,CASE-DEMO-0306,acknowledge,2026-07-26T13:19:00Z,0,CSE-TELECOM-001-USR-01,workflow_events.csv#EV-CASE-DEMO-0306-0
EV-CASE-DEMO-0306-1,CSE-TELECOM-001,CASE-DEMO-0306,investigate,2026-07-26T22:48:31.014160Z,1,CSE-TELECOM-001-USR-01,workflow_events.csv#EV-CASE-DEMO-0306-1
EV-CASE-DEMO-0306-2,CSE-TELECOM-001,CASE-DEMO-0306,close,2026-07-27T08:28:02.028319Z,2,CSE-TELECOM-001-USR-01,workflow_events.csv#EV-CASE-DEMO-0306-2
EV-CASE-DEMO-0307-0,CSE-POWER-001,CASE-DEMO-0307,acknowledge,2026-06-29T12:07:00Z,0,CSE-POWER-001-USR-01,workflow_events.csv#EV-CASE-DEMO-0307-0
EV-CASE-DEMO-0307-1,CSE-POWER-001,CASE-DEMO-0307,investigate,2026-06-30T01:14:18.045172Z,1,CSE-POWER-001-USR-01,workflow_events.csv#EV-CASE-DEMO-0307-1
EV-CASE-DEMO-0307-2,CSE-POWER-001,CASE-DEMO-0307,close,2026-06-30T14:31:36.090343Z,2,CSE-POWER-001-USR-01,workflow_events.csv#EV-CASE-DEMO-0307-2
EV-CASE-DEMO-0308-0,CSE-FINANCE-002,CASE-DEMO-0308,acknowledge,2026-08-19T21:21:00Z,0,CSE-FINANCE-002-USR-01,workflow_events.csv#EV-CASE-DEMO-0308-0
EV-CASE-DEMO-0308-1,CSE-FINANCE-002,CASE-DEMO-0308,investigate,2026-08-20T02:04:22.256203Z,1,CSE-FINANCE-002-USR-01,workflow_events.csv#EV-CASE-DEMO-0308-1
EV-CASE-DEMO-0308-2,CSE-FINANCE-002,CASE-DEMO-0308,close,2026-08-20T06:57:44.512406Z,2,CSE-FINANCE-002-USR-01,workflow_events.csv#EV-CASE-DEMO-0308-2
EV-CASE-DEMO-0309-0,CSE-TELECOM-002,CASE-DEMO-0309,acknowledge,2026-08-28T15:30:00Z,0,CSE-TELECOM-002-USR-01,workflow_events.csv#EV-CASE-DEMO-0309-0
EV-CASE-DEMO-0309-1,CSE-TELECOM-002,CASE-DEMO-0309,investigate,2026-08-29T00:13:11.875020Z,1,CSE-TELECOM-002-USR-01,workflow_events.csv#EV-CASE-DEMO-0309-1
EV-CASE-DEMO-0309-2,CSE-TELECOM-002,CASE-DEMO-0309,close,2026-08-29T09:06:23.750040Z,2,CSE-TELECOM-002-USR-01,workflow_events.csv#EV-CASE-DEMO-0309-2
EV-CASE-DEMO-0310-0,CSE-POWER-002,CASE-DEMO-0310,acknowledge,2026-07-14T03:54:00Z,0,CSE-POWER-002-USR-01,workflow_events.csv#EV-CASE-DEMO-0310-0
EV-CASE-DEMO-0310-1,CSE-POWER-002,CASE-DEMO-0310,investigate,2026-07-14T15:53:42.744668Z,1,CSE-POWER-002-USR-01,workflow_events.csv#EV-CASE-DEMO-0310-1
EV-CASE-DEMO-0310-2,CSE-POWER-002,CASE-DEMO-0310,close,2026-07-15T04:03:25.489336Z,2,CSE-POWER-002-USR-01,workflow_events.csv#EV-CASE-DEMO-0310-2
EV-CASE-DEMO-0311-0,CSE-FINANCE-001,CASE-DEMO-0311,acknowledge,2026-08-22T21:16:00Z,0,CSE-FINANCE-001-USR-01,workflow_events.csv#EV-CASE-DEMO-0311-0
EV-CASE-DEMO-0311-1,CSE-FINANCE-001,CASE-DEMO-0311,investigate,2026-08-23T03:54:38.428168Z,1,CSE-FINANCE-001-USR-01,workflow_events.csv#EV-CASE-DEMO-0311-1
EV-CASE-DEMO-0311-2,CSE-FINANCE-001,CASE-DEMO-0311,close,2026-08-23T10:43:16.856335Z,2,CSE-FINANCE-001-USR-01,workflow_events.csv#EV-CASE-DEMO-0311-2
EV-CASE-DEMO-0312-0,CSE-TELECOM-001,CASE-DEMO-0312,acknowledge,2026-08-13T05:01:00Z,0,CSE-TELECOM-001-USR-01,workflow_events.csv#EV-CASE-DEMO-0312-0
EV-CASE-DEMO-0312-1,CSE-TELECOM-001,CASE-DEMO-0312,investigate,2026-08-13T09:45:22.311124Z,1,CSE-TELECOM-001-USR-01,workflow_events.csv#EV-CASE-DEMO-0312-1
EV-CASE-DEMO-0312-2,CSE-TELECOM-001,CASE-DEMO-0312,close,2026-08-13T14:39:44.622248Z,2,CSE-TELECOM-001-USR-01,workflow_events.csv#EV-CASE-DEMO-0312-2
EV-CASE-DEMO-0313-0,CSE-POWER-001,CASE-DEMO-0313,acknowledge,2026-07-10T08:34:00Z,0,CSE-POWER-001-USR-01,workflow_events.csv#EV-CASE-DEMO-0313-0
EV-CASE-DEMO-0313-1,CSE-POWER-001,CASE-DEMO-0313,investigate,2026-07-10T23:17:18.890132Z,1,CSE-POWER-001-USR-01,workflow_events.csv#EV-CASE-DEMO-0313-1
EV-CASE-DEMO-0313-2,CSE-POWER-001,CASE-DEMO-0313,close,2026-07-11T14:10:37.780263Z,2,CSE-POWER-001-USR-01,workflow_events.csv#EV-CASE-DEMO-0313-2
EV-CASE-DEMO-0314-0,CSE-FINANCE-002,CASE-DEMO-0314,acknowledge,2026-06-07T10:36:00Z,0,CSE-FINANCE-002-USR-01,workflow_events.csv#EV-CASE-DEMO-0314-0
EV-CASE-DEMO-0314-1,CSE-FINANCE-002,CASE-DEMO-0314,investigate,2026-06-07T18:59:29.722121Z,1,CSE-FINANCE-002-USR-01,workflow_events.csv#EV-CASE-DEMO-0314-1
EV-CASE-DEMO-0314-2,CSE-FINANCE-002,CASE-DEMO-0314,close,2026-06-08T03:32:59.444242Z,2,CSE-FINANCE-002-USR-01,workflow_events.csv#EV-CASE-DEMO-0314-2
EV-CASE-DEMO-0315-0,CSE-TELECOM-002,CASE-DEMO-0315,acknowledge,2026-08-18T23:49:00Z,0,CSE-TELECOM-002-USR-01,workflow_events.csv#EV-CASE-DEMO-0315-0
EV-CASE-DEMO-0315-1,CSE-TELECOM-002,CASE-DEMO-0315,investigate,2026-08-19T08:55:44.888675Z,1,CSE-TELECOM-002-USR-01,workflow_events.csv#EV-CASE-DEMO-0315-1
EV-CASE-DEMO-0315-2,CSE-TELECOM-002,CASE-DEMO-0315,close,2026-08-19T18:12:29.777350Z,2,CSE-TELECOM-002-USR-01,workflow_events.csv#EV-CASE-DEMO-0315-2
EV-CASE-DEMO-0316-0,CSE-POWER-002,CASE-DEMO-0316,acknowledge,2026-08-19T12:53:00Z,0,CSE-POWER-002-USR-01,workflow_events.csv#EV-CASE-DEMO-0316-0
EV-CASE-DEMO-0316-1,CSE-POWER-002,CASE-DEMO-0316,investigate,2026-08-19T19:48:09.063858Z,1,CSE-POWER-002-USR-01,workflow_events.csv#EV-CASE-DEMO-0316-1
EV-CASE-DEMO-0316-2,CSE-POWER-002,CASE-DEMO-0316,close,2026-08-20T02:53:18.127717Z,2,CSE-POWER-002-USR-01,workflow_events.csv#EV-CASE-DEMO-0316-2
EV-CASE-DEMO-0317-0,CSE-FINANCE-001,CASE-DEMO-0317,acknowledge,2026-07-02T02:47:00Z,0,CSE-FINANCE-001-USR-01,workflow_events.csv#EV-CASE-DEMO-0317-0
EV-CASE-DEMO-0317-1,CSE-FINANCE-001,CASE-DEMO-0317,investigate,2026-07-02T09:22:19.637400Z,1,CSE-FINANCE-001-USR-01,workflow_events.csv#EV-CASE-DEMO-0317-1
EV-CASE-DEMO-0317-2,CSE-FINANCE-001,CASE-DEMO-0317,close,2026-07-02T16:07:39.274800Z,2,CSE-FINANCE-001-USR-01,workflow_events.csv#EV-CASE-DEMO-0317-2
EV-CASE-DEMO-0318-0,CSE-TELECOM-001,CASE-DEMO-0318,acknowledge,2026-08-25T07:28:00Z,0,CSE-TELECOM-001-USR-01,workflow_events.csv#EV-CASE-DEMO-0318-0
EV-CASE-DEMO-0318-1,CSE-TELECOM-001,CASE-DEMO-0318,investigate,2026-08-25T21:40:16.206992Z,1,CSE-TELECOM-001-USR-01,workflow_events.csv#EV-CASE-DEMO-0318-1
EV-CASE-DEMO-0318-2,CSE-TELECOM-001,CASE-DEMO-0318,close,2026-08-26T12:02:32.413984Z,2,CSE-TELECOM-001-USR-01,workflow_events.csv#EV-CASE-DEMO-0318-2
EV-CASE-DEMO-0319-0,CSE-POWER-001,CASE-DEMO-0319,acknowledge,2026-07-07T10:54:00Z,0,CSE-POWER-001-USR-01,workflow_events.csv#EV-CASE-DEMO-0319-0
EV-CASE-DEMO-0319-1,CSE-POWER-001,CASE-DEMO-0319,investigate,2026-07-07T19:05:54.782803Z,1,CSE-POWER-001-USR-01,workflow_events.csv#EV-CASE-DEMO-0319-1
EV-CASE-DEMO-0319-2,CSE-POWER-001,CASE-DEMO-0319,close,2026-07-08T03:27:49.565607Z,2,CSE-POWER-001-USR-01,workflow_events.csv#EV-CASE-DEMO-0319-2
EV-CASE-DEMO-0320-0,CSE-FINANCE-002,CASE-DEMO-0320,acknowledge,2026-07-03T22:38:00Z,0,CSE-FINANCE-002-USR-01,workflow_events.csv#EV-CASE-DEMO-0320-0
EV-CASE-DEMO-0320-1,CSE-FINANCE-002,CASE-DEMO-0320,investigate,2026-07-04T03:53:01.349717Z,1,CSE-FINANCE-002-USR-01,workflow_events.csv#EV-CASE-DEMO-0320-1
EV-CASE-DEMO-0320-2,CSE-FINANCE-002,CASE-DEMO-0320,close,2026-07-04T09:18:02.699434Z,2,CSE-FINANCE-002-USR-01,workflow_events.csv#EV-CASE-DEMO-0320-2
EV-CASE-DEMO-0321-0,CSE-TELECOM-002,CASE-DEMO-0321,acknowledge,2026-07-01T06:34:00Z,0,CSE-TELECOM-002-USR-01,workflow_events.csv#EV-CASE-DEMO-0321-0
EV-CASE-DEMO-0321-1,CSE-TELECOM-002,CASE-DEMO-0321,investigate,2026-07-01T13:25:17.861452Z,1,CSE-TELECOM-002-USR-01,workflow_events.csv#EV-CASE-DEMO-0321-1
EV-CASE-DEMO-0321-2,CSE-TELECOM-002,CASE-DEMO-0321,close,2026-07-01T20:26:35.722905Z,2,CSE-TELECOM-002-USR-01,workflow_events.csv#EV-CASE-DEMO-0321-2
EV-CASE-DEMO-0322-0,CSE-POWER-002,CASE-DEMO-0322,acknowledge,2026-06-10T03:45:00Z,0,CSE-POWER-002-USR-01,workflow_events.csv#EV-CASE-DEMO-0322-0
EV-CASE-DEMO-0322-1,CSE-POWER-002,CASE-DEMO-0322,investigate,2026-06-10T16:38:05.721524Z,1,CSE-POWER-002-USR-01,workflow_events.csv#EV-CASE-DEMO-0322-1
EV-CASE-DEMO-0322-2,CSE-POWER-002,CASE-DEMO-0322,close,2026-06-11T05:41:11.443047Z,2,CSE-POWER-002-USR-01,workflow_events.csv#EV-CASE-DEMO-0322-2
EV-CASE-DEMO-0323-0,CSE-FINANCE-001,CASE-DEMO-0323,acknowledge,2026-07-10T10:46:00Z,0,CSE-FINANCE-001-USR-01,workflow_events.csv#EV-CASE-DEMO-0323-0
EV-CASE-DEMO-0323-1,CSE-FINANCE-001,CASE-DEMO-0323,investigate,2026-07-10T16:49:00.813285Z,1,CSE-FINANCE-001-USR-01,workflow_events.csv#EV-CASE-DEMO-0323-1
EV-CASE-DEMO-0323-2,CSE-FINANCE-001,CASE-DEMO-0323,close,2026-07-10T23:02:01.626570Z,2,CSE-FINANCE-001-USR-01,workflow_events.csv#EV-CASE-DEMO-0323-2
EV-CASE-DEMO-0324-0,CSE-TELECOM-001,CASE-DEMO-0324,acknowledge,2026-08-01T01:32:00Z,0,CSE-TELECOM-001-USR-01,workflow_events.csv#EV-CASE-DEMO-0324-0
EV-CASE-DEMO-0324-1,CSE-TELECOM-001,CASE-DEMO-0324,investigate,2026-08-01T11:17:42.564400Z,1,CSE-TELECOM-001-USR-01,workflow_events.csv#EV-CASE-DEMO-0324-1
EV-CASE-DEMO-0324-2,CSE-TELECOM-001,CASE-DEMO-0324,close,2026-08-01T21:13:25.128799Z,2,CSE-TELECOM-001-USR-01,workflow_events.csv#EV-CASE-DEMO-0324-2
EV-CASE-DEMO-0325-0,CSE-POWER-001,CASE-DEMO-0325,acknowledge,2026-08-21T20:13:00Z,0,CSE-POWER-001-USR-01,workflow_events.csv#EV-CASE-DEMO-0325-0
EV-CASE-DEMO-0325-1,CSE-POWER-001,CASE-DEMO-0325,investigate,2026-08-22T07:52:40.233774Z,1,CSE-POWER-001-USR-01,workflow_events.csv#EV-CASE-DEMO-0325-1
EV-CASE-DEMO-0325-2,CSE-POWER-001,CASE-DEMO-0325,close,2026-08-22T19:42:20.467548Z,2,CSE-POWER-001-USR-01,workflow_events.csv#EV-CASE-DEMO-0325-2
EV-CASE-DEMO-0326-0,CSE-FINANCE-002,CASE-DEMO-0326,acknowledge,2026-07-03T11:16:00Z,0,CSE-FINANCE-002-USR-01,workflow_events.csv#EV-CASE-DEMO-0326-0
EV-CASE-DEMO-0326-1,CSE-FINANCE-002,CASE-DEMO-0326,investigate,2026-07-03T23:08:56.551657Z,1,CSE-FINANCE-002-USR-01,workflow_events.csv#EV-CASE-DEMO-0326-1
EV-CASE-DEMO-0326-2,CSE-FINANCE-002,CASE-DEMO-0326,close,2026-07-04T11:11:53.103313Z,2,CSE-FINANCE-002-USR-01,workflow_events.csv#EV-CASE-DEMO-0326-2
EV-CASE-DEMO-0327-0,CSE-TELECOM-002,CASE-DEMO-0327,acknowledge,2026-07-25T20:33:00Z,0,CSE-TELECOM-002-USR-01,workflow_events.csv#EV-CASE-DEMO-0327-0
EV-CASE-DEMO-0327-1,CSE-TELECOM-002,CASE-DEMO-0327,investigate,2026-07-26T02:07:05.862313Z,1,CSE-TELECOM-002-USR-01,workflow_events.csv#EV-CASE-DEMO-0327-1
EV-CASE-DEMO-0327-2,CSE-TELECOM-002,CASE-DEMO-0327,close,2026-07-26T07:51:11.724625Z,2,CSE-TELECOM-002-USR-01,workflow_events.csv#EV-CASE-DEMO-0327-2
EV-CASE-DEMO-0328-0,CSE-POWER-002,CASE-DEMO-0328,acknowledge,2026-07-21T18:12:00Z,0,CSE-POWER-002-USR-01,workflow_events.csv#EV-CASE-DEMO-0328-0
EV-CASE-DEMO-0328-1,CSE-POWER-002,CASE-DEMO-0328,investigate,2026-07-21T23:26:07.888047Z,1,CSE-POWER-002-USR-01,workflow_events.csv#EV-CASE-DEMO-0328-1
EV-CASE-DEMO-0328-2,CSE-POWER-002,CASE-DEMO-0328,close,2026-07-22T04:50:15.776094Z,2,CSE-POWER-002-USR-01,workflow_events.csv#EV-CASE-DEMO-0328-2
EV-CASE-DEMO-0329-0,CSE-FINANCE-001,CASE-DEMO-0329,acknowledge,2026-07-29T10:27:00Z,0,CSE-FINANCE-001-USR-01,workflow_events.csv#EV-CASE-DEMO-0329-0
EV-CASE-DEMO-0329-1,CSE-FINANCE-001,CASE-DEMO-0329,investigate,2026-07-29T12:22:55.788951Z,1,CSE-FINANCE-001-USR-01,workflow_events.csv#EV-CASE-DEMO-0329-1
EV-CASE-DEMO-0329-2,CSE-FINANCE-001,CASE-DEMO-0329,close,2026-07-29T14:28:51.577903Z,2,CSE-FINANCE-001-USR-01,workflow_events.csv#EV-CASE-DEMO-0329-2
EV-CASE-DEMO-0330-0,CSE-TELECOM-001,CASE-DEMO-0330,acknowledge,2026-07-19T20:40:00Z,0,CSE-TELECOM-001-USR-01,workflow_events.csv#EV-CASE-DEMO-0330-0
EV-CASE-DEMO-0330-1,CSE-TELECOM-001,CASE-DEMO-0330,investigate,2026-07-20T02:29:09.784921Z,1,CSE-TELECOM-001-USR-01,workflow_events.csv#EV-CASE-DEMO-0330-1
EV-CASE-DEMO-0330-2,CSE-TELECOM-001,CASE-DEMO-0330,close,2026-07-20T08:28:19.569842Z,2,CSE-TELECOM-001-USR-01,workflow_events.csv#EV-CASE-DEMO-0330-2
EV-CASE-DEMO-0331-0,CSE-POWER-001,CASE-DEMO-0331,acknowledge,2026-08-06T04:46:00Z,0,CSE-POWER-001-USR-01,workflow_events.csv#EV-CASE-DEMO-0331-0
EV-CASE-DEMO-0331-1,CSE-POWER-001,CASE-DEMO-0331,investigate,2026-08-06T14:42:04.837733Z,1,CSE-POWER-001-USR-01,workflow_events.csv#EV-CASE-DEMO-0331-1
EV-CASE-DEMO-0331-2,CSE-POWER-001,CASE-DEMO-0331,close,2026-08-07T00:48:09.675466Z,2,CSE-POWER-001-USR-01,workflow_events.csv#EV-CASE-DEMO-0331-2
EV-CASE-DEMO-0332-0,CSE-FINANCE-002,CASE-DEMO-0332,acknowledge,2026-08-07T17:08:00Z,0,CSE-FINANCE-002-USR-01,workflow_events.csv#EV-CASE-DEMO-0332-0
EV-CASE-DEMO-0332-1,CSE-FINANCE-002,CASE-DEMO-0332,investigate,2026-08-08T06:22:38.703111Z,1,CSE-FINANCE-002-USR-01,workflow_events.csv#EV-CASE-DEMO-0332-1
EV-CASE-DEMO-0332-2,CSE-FINANCE-002,CASE-DEMO-0332,close,2026-08-08T19:47:17.406223Z,2,CSE-FINANCE-002-USR-01,workflow_events.csv#EV-CASE-DEMO-0332-2
EV-CASE-DEMO-0333-0,CSE-TELECOM-002,CASE-DEMO-0333,acknowledge,2026-07-28T09:58:00Z,0,CSE-TELECOM-002-USR-01,workflow_events.csv#EV-CASE-DEMO-0333-0
EV-CASE-DEMO-0333-1,CSE-TELECOM-002,CASE-DEMO-0333,investigate,2026-07-28T23:25:12.981750Z,1,CSE-TELECOM-002-USR-01,workflow_events.csv#EV-CASE-DEMO-0333-1
EV-CASE-DEMO-0333-2,CSE-TELECOM-002,CASE-DEMO-0333,close,2026-07-29T13:02:25.963500Z,2,CSE-TELECOM-002-USR-01,workflow_events.csv#EV-CASE-DEMO-0333-2
EV-CASE-DEMO-0334-0,CSE-POWER-002,CASE-DEMO-0334,acknowledge,2026-07-11T15:31:00Z,0,CSE-POWER-002-USR-01,workflow_events.csv#EV-CASE-DEMO-0334-0
EV-CASE-DEMO-0334-1,CSE-POWER-002,CASE-DEMO-0334,investigate,2026-07-12T04:03:58.577350Z,1,CSE-POWER-002-USR-01,workflow_events.csv#EV-CASE-DEMO-0334-1
EV-CASE-DEMO-0334-2,CSE-POWER-002,CASE-DEMO-0334,close,2026-07-12T16:46:57.154700Z,2,CSE-POWER-002-USR-01,workflow_events.csv#EV-CASE-DEMO-0334-2
EV-CASE-DEMO-0335-0,CSE-FINANCE-001,CASE-DEMO-0335,acknowledge,2026-07-17T09:20:00Z,0,CSE-FINANCE-001-USR-01,workflow_events.csv#EV-CASE-DEMO-0335-0
EV-CASE-DEMO-0335-1,CSE-FINANCE-001,CASE-DEMO-0335,investigate,2026-07-17T12:08:07.051268Z,1,CSE-FINANCE-001-USR-01,workflow_events.csv#EV-CASE-DEMO-0335-1
EV-CASE-DEMO-0335-2,CSE-FINANCE-001,CASE-DEMO-0335,close,2026-07-17T15:06:14.102535Z,2,CSE-FINANCE-001-USR-01,workflow_events.csv#EV-CASE-DEMO-0335-2
EV-CASE-DEMO-0336-0,CSE-TELECOM-001,CASE-DEMO-0336,acknowledge,2026-08-18T02:07:00Z,0,CSE-TELECOM-001-USR-01,workflow_events.csv#EV-CASE-DEMO-0336-0
EV-CASE-DEMO-0336-1,CSE-TELECOM-001,CASE-DEMO-0336,investigate,2026-08-18T14:46:16.185172Z,1,CSE-TELECOM-001-USR-01,workflow_events.csv#EV-CASE-DEMO-0336-1
EV-CASE-DEMO-0336-2,CSE-TELECOM-001,CASE-DEMO-0336,close,2026-08-19T03:35:32.370343Z,2,CSE-TELECOM-001-USR-01,workflow_events.csv#EV-CASE-DEMO-0336-2
EV-CASE-DEMO-0337-0,CSE-POWER-001,CASE-DEMO-0337,acknowledge,2026-07-28T15:26:00Z,0,CSE-POWER-001-USR-01,workflow_events.csv#EV-CASE-DEMO-0337-0
EV-CASE-DEMO-0337-1,CSE-POWER-001,CASE-DEMO-0337,investigate,2026-07-29T05:08:49.602556Z,1,CSE-POWER-001-USR-01,workflow_events.csv#EV-CASE-DEMO-0337-1
EV-CASE-DEMO-0337-2,CSE-POWER-001,CASE-DEMO-0337,close,2026-07-29T19:01:39.205112Z,2,CSE-POWER-001-USR-01,workflow_events.csv#EV-CASE-DEMO-0337-2
EV-CASE-DEMO-0338-0,CSE-FINANCE-002,CASE-DEMO-0338,acknowledge,2026-08-30T11:07:00Z,0,CSE-FINANCE-002-USR-01,workflow_events.csv#EV-CASE-DEMO-0338-0
EV-CASE-DEMO-0338-1,CSE-FINANCE-002,CASE-DEMO-0338,investigate,2026-08-30T20:44:13.248960Z,1,CSE-FINANCE-002-USR-01,workflow_events.csv#EV-CASE-DEMO-0338-1
EV-CASE-DEMO-0338-2,CSE-FINANCE-002,CASE-DEMO-0338,close,2026-08-31T06:31:26.497920Z,2,CSE-FINANCE-002-USR-01,workflow_events.csv#EV-CASE-DEMO-0338-2
EV-CASE-DEMO-0339-0,CSE-TELECOM-002,CASE-DEMO-0339,acknowledge,2026-08-04T05:56:00Z,0,CSE-TELECOM-002-USR-01,workflow_events.csv#EV-CASE-DEMO-0339-0
EV-CASE-DEMO-0339-1,CSE-TELECOM-002,CASE-DEMO-0339,investigate,2026-08-04T09:54:33.336842Z,1,CSE-TELECOM-002-USR-01,workflow_events.csv#EV-CASE-DEMO-0339-1
EV-CASE-DEMO-0339-2,CSE-TELECOM-002,CASE-DEMO-0339,close,2026-08-04T14:03:06.673683Z,2,CSE-TELECOM-002-USR-01,workflow_events.csv#EV-CASE-DEMO-0339-2
EV-CASE-DEMO-0340-0,CSE-POWER-002,CASE-DEMO-0340,acknowledge,2026-07-03T20:32:00Z,0,CSE-POWER-002-USR-01,workflow_events.csv#EV-CASE-DEMO-0340-0
EV-CASE-DEMO-0340-1,CSE-POWER-002,CASE-DEMO-0340,investigate,2026-07-04T00:57:20.117831Z,1,CSE-POWER-002-USR-01,workflow_events.csv#EV-CASE-DEMO-0340-1
EV-CASE-DEMO-0340-2,CSE-POWER-002,CASE-DEMO-0340,close,2026-07-04T05:32:40.235663Z,2,CSE-POWER-002-USR-01,workflow_events.csv#EV-CASE-DEMO-0340-2
EV-CASE-DEMO-0341-0,CSE-FINANCE-001,CASE-DEMO-0341,acknowledge,2026-07-30T10:25:00Z,0,CSE-FINANCE-001-USR-01,workflow_events.csv#EV-CASE-DEMO-0341-0
EV-CASE-DEMO-0341-1,CSE-FINANCE-001,CASE-DEMO-0341,investigate,2026-07-30T23:04:45.547976Z,1,CSE-FINANCE-001-USR-01,workflow_events.csv#EV-CASE-DEMO-0341-1
EV-CASE-DEMO-0341-2,CSE-FINANCE-001,CASE-DEMO-0341,close,2026-07-31T11:54:31.095952Z,2,CSE-FINANCE-001-USR-01,workflow_events.csv#EV-CASE-DEMO-0341-2
EV-CASE-DEMO-0342-0,CSE-TELECOM-001,CASE-DEMO-0342,acknowledge,2026-06-10T17:59:00Z,0,CSE-TELECOM-001-USR-01,workflow_events.csv#EV-CASE-DEMO-0342-0
EV-CASE-DEMO-0342-1,CSE-TELECOM-001,CASE-DEMO-0342,investigate,2026-06-11T00:09:13.188365Z,1,CSE-TELECOM-001-USR-01,workflow_events.csv#EV-CASE-DEMO-0342-1
EV-CASE-DEMO-0342-2,CSE-TELECOM-001,CASE-DEMO-0342,close,2026-06-11T06:29:26.376731Z,2,CSE-TELECOM-001-USR-01,workflow_events.csv#EV-CASE-DEMO-0342-2
EV-CASE-DEMO-0343-0,CSE-POWER-001,CASE-DEMO-0343,acknowledge,2026-06-24T17:23:00Z,0,CSE-POWER-001-USR-01,workflow_events.csv#EV-CASE-DEMO-0343-0
EV-CASE-DEMO-0343-1,CSE-POWER-001,CASE-DEMO-0343,investigate,2026-06-24T22:17:05.642938Z,1,CSE-POWER-001-USR-01,workflow_events.csv#EV-CASE-DEMO-0343-1
EV-CASE-DEMO-0343-2,CSE-POWER-001,CASE-DEMO-0343,close,2026-06-25T03:21:11.285875Z,2,CSE-POWER-001-USR-01,workflow_events.csv#EV-CASE-DEMO-0343-2
EV-CASE-DEMO-0344-0,CSE-FINANCE-002,CASE-DEMO-0344,acknowledge,2026-08-10T13:05:00Z,0,CSE-FINANCE-002-USR-01,workflow_events.csv#EV-CASE-DEMO-0344-0
EV-CASE-DEMO-0344-1,CSE-FINANCE-002,CASE-DEMO-0344,investigate,2026-08-11T01:13:53.530001Z,1,CSE-FINANCE-002-USR-01,workflow_events.csv#EV-CASE-DEMO-0344-1
EV-CASE-DEMO-0344-2,CSE-FINANCE-002,CASE-DEMO-0344,close,2026-08-11T13:32:47.060002Z,2,CSE-FINANCE-002-USR-01,workflow_events.csv#EV-CASE-DEMO-0344-2
EV-CASE-DEMO-0345-0,CSE-TELECOM-002,CASE-DEMO-0345,acknowledge,2026-06-06T07:50:00Z,0,CSE-TELECOM-002-USR-01,workflow_events.csv#EV-CASE-DEMO-0345-0
EV-CASE-DEMO-0345-1,CSE-TELECOM-002,CASE-DEMO-0345,investigate,2026-06-06T10:47:05.276038Z,1,CSE-TELECOM-002-USR-01,workflow_events.csv#EV-CASE-DEMO-0345-1
EV-CASE-DEMO-0345-2,CSE-TELECOM-002,CASE-DEMO-0345,close,2026-06-06T13:54:10.552077Z,2,CSE-TELECOM-002-USR-01,workflow_events.csv#EV-CASE-DEMO-0345-2
EV-CASE-DEMO-0346-0,CSE-POWER-002,CASE-DEMO-0346,acknowledge,2026-06-22T03:57:00Z,0,CSE-POWER-002-USR-01,workflow_events.csv#EV-CASE-DEMO-0346-0
EV-CASE-DEMO-0346-1,CSE-POWER-002,CASE-DEMO-0346,investigate,2026-06-22T10:31:05.668362Z,1,CSE-POWER-002-USR-01,workflow_events.csv#EV-CASE-DEMO-0346-1
EV-CASE-DEMO-0346-2,CSE-POWER-002,CASE-DEMO-0346,close,2026-06-22T17:15:11.336725Z,2,CSE-POWER-002-USR-01,workflow_events.csv#EV-CASE-DEMO-0346-2
EV-CASE-DEMO-0347-0,CSE-FINANCE-001,CASE-DEMO-0347,acknowledge,2026-07-01T13:45:00Z,0,CSE-FINANCE-001-USR-01,workflow_events.csv#EV-CASE-DEMO-0347-0
EV-CASE-DEMO-0347-1,CSE-FINANCE-001,CASE-DEMO-0347,investigate,2026-07-01T20:42:44.039245Z,1,CSE-FINANCE-001-USR-01,workflow_events.csv#EV-CASE-DEMO-0347-1
EV-CASE-DEMO-0347-2,CSE-FINANCE-001,CASE-DEMO-0347,close,2026-07-02T03:50:28.078490Z,2,CSE-FINANCE-001-USR-01,workflow_events.csv#EV-CASE-DEMO-0347-2
EV-CASE-DEMO-0348-0,CSE-TELECOM-001,CASE-DEMO-0348,acknowledge,2026-07-20T15:46:00Z,0,CSE-TELECOM-001-USR-01,workflow_events.csv#EV-CASE-DEMO-0348-0
EV-CASE-DEMO-0348-1,CSE-TELECOM-001,CASE-DEMO-0348,investigate,2026-07-20T18:44:48.099522Z,1,CSE-TELECOM-001-USR-01,workflow_events.csv#EV-CASE-DEMO-0348-1
EV-CASE-DEMO-0348-2,CSE-TELECOM-001,CASE-DEMO-0348,close,2026-07-20T21:53:36.199044Z,2,CSE-TELECOM-001-USR-01,workflow_events.csv#EV-CASE-DEMO-0348-2
EV-CASE-DEMO-0349-0,CSE-POWER-001,CASE-DEMO-0349,acknowledge,2026-06-10T15:26:00Z,0,CSE-POWER-001-USR-01,workflow_events.csv#EV-CASE-DEMO-0349-0
EV-CASE-DEMO-0349-1,CSE-POWER-001,CASE-DEMO-0349,investigate,2026-06-10T21:05:02.819521Z,1,CSE-POWER-001-USR-01,workflow_events.csv#EV-CASE-DEMO-0349-1
EV-CASE-DEMO-0349-2,CSE-POWER-001,CASE-DEMO-0349,close,2026-06-11T02:54:05.639042Z,2,CSE-POWER-001-USR-01,workflow_events.csv#EV-CASE-DEMO-0349-2
EV-CASE-DEMO-0350-0,CSE-FINANCE-002,CASE-DEMO-0350,acknowledge,2026-08-01T22:40:00Z,0,CSE-FINANCE-002-USR-01,workflow_events.csv#EV-CASE-DEMO-0350-0
EV-CASE-DEMO-0350-1,CSE-FINANCE-002,CASE-DEMO-0350,investigate,2026-08-02T01:53:52.059161Z,1,CSE-FINANCE-002-USR-01,workflow_events.csv#EV-CASE-DEMO-0350-1
EV-CASE-DEMO-0350-2,CSE-FINANCE-002,CASE-DEMO-0350,close,2026-08-02T05:17:44.118321Z,2,CSE-FINANCE-002-USR-01,workflow_events.csv#EV-CASE-DEMO-0350-2
EV-CASE-DEMO-0351-0,CSE-TELECOM-002,CASE-DEMO-0351,acknowledge,2026-06-21T00:05:00Z,0,CSE-TELECOM-002-USR-01,workflow_events.csv#EV-CASE-DEMO-0351-0
EV-CASE-DEMO-0351-1,CSE-TELECOM-002,CASE-DEMO-0351,investigate,2026-06-21T12:40:31.649188Z,1,CSE-TELECOM-002-USR-01,workflow_events.csv#EV-CASE-DEMO-0351-1
EV-CASE-DEMO-0351-2,CSE-TELECOM-002,CASE-DEMO-0351,close,2026-06-22T01:26:03.298376Z,2,CSE-TELECOM-002-USR-01,workflow_events.csv#EV-CASE-DEMO-0351-2
EV-CASE-DEMO-0352-0,CSE-POWER-002,CASE-DEMO-0352,acknowledge,2026-08-29T07:01:00Z,0,CSE-POWER-002-USR-01,workflow_events.csv#EV-CASE-DEMO-0352-0
EV-CASE-DEMO-0352-1,CSE-POWER-002,CASE-DEMO-0352,investigate,2026-08-29T11:28:47.508452Z,1,CSE-POWER-002-USR-01,workflow_events.csv#EV-CASE-DEMO-0352-1
EV-CASE-DEMO-0352-2,CSE-POWER-002,CASE-DEMO-0352,close,2026-08-29T16:06:35.016904Z,2,CSE-POWER-002-USR-01,workflow_events.csv#EV-CASE-DEMO-0352-2
EV-CASE-DEMO-0353-0,CSE-FINANCE-001,CASE-DEMO-0353,acknowledge,2026-06-11T00:29:00Z,0,CSE-FINANCE-001-USR-01,workflow_events.csv#EV-CASE-DEMO-0353-0
EV-CASE-DEMO-0353-1,CSE-FINANCE-001,CASE-DEMO-0353,investigate,2026-06-11T05:07:56.686773Z,1,CSE-FINANCE-001-USR-01,workflow_events.csv#EV-CASE-DEMO-0353-1
EV-CASE-DEMO-0353-2,CSE-FINANCE-001,CASE-DEMO-0353,close,2026-06-11T09:56:53.373546Z,2,CSE-FINANCE-001-USR-01,workflow_events.csv#EV-CASE-DEMO-0353-2
EV-CASE-DEMO-0354-0,CSE-TELECOM-001,CASE-DEMO-0354,acknowledge,2026-07-09T13:47:00Z,0,CSE-TELECOM-001-USR-01,workflow_events.csv#EV-CASE-DEMO-0354-0
EV-CASE-DEMO-0354-1,CSE-TELECOM-001,CASE-DEMO-0354,investigate,2026-07-09T17:52:20.252093Z,1,CSE-TELECOM-001-USR-01,workflow_events.csv#EV-CASE-DEMO-0354-1
EV-CASE-DEMO-0354-2,CSE-TELECOM-001,CASE-DEMO-0354,close,2026-07-09T22:07:40.504186Z,2,CSE-TELECOM-001-USR-01,workflow_events.csv#EV-CASE-DEMO-0354-2
EV-CASE-DEMO-0355-0,CSE-POWER-001,CASE-DEMO-0355,acknowledge,2026-08-08T18:51:00Z,0,CSE-POWER-001-USR-01,workflow_events.csv#EV-CASE-DEMO-0355-0
EV-CASE-DEMO-0355-1,CSE-POWER-001,CASE-DEMO-0355,investigate,2026-08-09T04:44:06.961864Z,1,CSE-POWER-001-USR-01,workflow_events.csv#EV-CASE-DEMO-0355-1
EV-CASE-DEMO-0355-2,CSE-POWER-001,CASE-DEMO-0355,close,2026-08-09T14:47:13.923729Z,2,CSE-POWER-001-USR-01,workflow_events.csv#EV-CASE-DEMO-0355-2
EV-CASE-DEMO-0356-0,CSE-FINANCE-002,CASE-DEMO-0356,acknowledge,2026-06-12T01:18:00Z,0,CSE-FINANCE-002-USR-01,workflow_events.csv#EV-CASE-DEMO-0356-0
EV-CASE-DEMO-0356-1,CSE-FINANCE-002,CASE-DEMO-0356,investigate,2026-06-12T05:55:17.083616Z,1,CSE-FINANCE-002-USR-01,workflow_events.csv#EV-CASE-DEMO-0356-1
EV-CASE-DEMO-0356-2,CSE-FINANCE-002,CASE-DEMO-0356,close,2026-06-12T10:42:34.167232Z,2,CSE-FINANCE-002-USR-01,workflow_events.csv#EV-CASE-DEMO-0356-2
EV-CASE-DEMO-0357-0,CSE-TELECOM-002,CASE-DEMO-0357,acknowledge,2026-08-19T06:20:00Z,0,CSE-TELECOM-002-USR-01,workflow_events.csv#EV-CASE-DEMO-0357-0
EV-CASE-DEMO-0357-1,CSE-TELECOM-002,CASE-DEMO-0357,investigate,2026-08-19T13:37:11.837972Z,1,CSE-TELECOM-002-USR-01,workflow_events.csv#EV-CASE-DEMO-0357-1
EV-CASE-DEMO-0357-2,CSE-TELECOM-002,CASE-DEMO-0357,close,2026-08-19T21:04:23.675944Z,2,CSE-TELECOM-002-USR-01,workflow_events.csv#EV-CASE-DEMO-0357-2
EV-CASE-DEMO-0358-0,CSE-POWER-002,CASE-DEMO-0358,acknowledge,2026-08-20T18:06:00Z,0,CSE-POWER-002-USR-01,workflow_events.csv#EV-CASE-DEMO-0358-0
EV-CASE-DEMO-0358-1,CSE-POWER-002,CASE-DEMO-0358,investigate,2026-08-21T05:23:42.990001Z,1,CSE-POWER-002-USR-01,workflow_events.csv#EV-CASE-DEMO-0358-1
EV-CASE-DEMO-0358-2,CSE-POWER-002,CASE-DEMO-0358,close,2026-08-21T16:51:25.980001Z,2,CSE-POWER-002-USR-01,workflow_events.csv#EV-CASE-DEMO-0358-2
EV-CASE-DEMO-0359-0,CSE-FINANCE-001,CASE-DEMO-0359,acknowledge,2026-07-07T01:51:00Z,0,CSE-FINANCE-001-USR-01,workflow_events.csv#EV-CASE-DEMO-0359-0
EV-CASE-DEMO-0359-1,CSE-FINANCE-001,CASE-DEMO-0359,investigate,2026-07-07T16:02:29.143945Z,1,CSE-FINANCE-001-USR-01,workflow_events.csv#EV-CASE-DEMO-0359-1
EV-CASE-DEMO-0359-2,CSE-FINANCE-001,CASE-DEMO-0359,close,2026-07-08T06:23:58.287890Z,2,CSE-FINANCE-001-USR-01,workflow_events.csv#EV-CASE-DEMO-0359-2
EV-CASE-DEMO-0360-0,CSE-TELECOM-001,CASE-DEMO-0360,acknowledge,2026-06-07T11:11:00Z,0,CSE-TELECOM-001-USR-01,workflow_events.csv#EV-CASE-DEMO-0360-0
EV-CASE-DEMO-0360-1,CSE-TELECOM-001,CASE-DEMO-0360,investigate,2026-06-07T14:16:57.285282Z,1,CSE-TELECOM-001-USR-01,workflow_events.csv#EV-CASE-DEMO-0360-1
EV-CASE-DEMO-0360-2,CSE-TELECOM-001,CASE-DEMO-0360,close,2026-06-07T17:32:54.570563Z,2,CSE-TELECOM-001-USR-01,workflow_events.csv#EV-CASE-DEMO-0360-2
EV-CASE-DEMO-0361-0,CSE-POWER-001,CASE-DEMO-0361,acknowledge,2026-08-17T23:33:00Z,0,CSE-POWER-001-USR-01,workflow_events.csv#EV-CASE-DEMO-0361-0
EV-CASE-DEMO-0361-1,CSE-POWER-001,CASE-DEMO-0361,investigate,2026-08-18T11:46:04.014797Z,1,CSE-POWER-001-USR-01,workflow_events.csv#EV-CASE-DEMO-0361-1
EV-CASE-DEMO-0361-2,CSE-POWER-001,CASE-DEMO-0361,close,2026-08-19T00:09:08.029594Z,2,CSE-POWER-001-USR-01,workflow_events.csv#EV-CASE-DEMO-0361-2
EV-CASE-DEMO-0362-0,CSE-FINANCE-002,CASE-DEMO-0362,acknowledge,2026-08-24T00:03:00Z,0,CSE-FINANCE-002-USR-01,workflow_events.csv#EV-CASE-DEMO-0362-0
EV-CASE-DEMO-0362-1,CSE-FINANCE-002,CASE-DEMO-0362,investigate,2026-08-24T07:41:54.897058Z,1,CSE-FINANCE-002-USR-01,workflow_events.csv#EV-CASE-DEMO-0362-1
EV-CASE-DEMO-0362-2,CSE-FINANCE-002,CASE-DEMO-0362,close,2026-08-24T15:30:49.794116Z,2,CSE-FINANCE-002-USR-01,workflow_events.csv#EV-CASE-DEMO-0362-2
EV-CASE-DEMO-0363-0,CSE-TELECOM-002,CASE-DEMO-0363,acknowledge,2026-06-04T06:50:00Z,0,CSE-TELECOM-002-USR-01,workflow_events.csv#EV-CASE-DEMO-0363-0
EV-CASE-DEMO-0363-1,CSE-TELECOM-002,CASE-DEMO-0363,investigate,2026-06-04T12:47:30.587017Z,1,CSE-TELECOM-002-USR-01,workflow_events.csv#EV-CASE-DEMO-0363-1
EV-CASE-DEMO-0363-2,CSE-TELECOM-002,CASE-DEMO-0363,close,2026-06-04T18:55:01.174035Z,2,CSE-TELECOM-002-USR-01,workflow_events.csv#EV-CASE-DEMO-0363-2
EV-CASE-DEMO-0364-0,CSE-POWER-002,CASE-DEMO-0364,acknowledge,2026-06-28T05:28:00Z,0,CSE-POWER-002-USR-01,workflow_events.csv#EV-CASE-DEMO-0364-0
EV-CASE-DEMO-0364-1,CSE-POWER-002,CASE-DEMO-0364,investigate,2026-06-28T07:30:31.456408Z,1,CSE-POWER-002-USR-01,workflow_events.csv#EV-CASE-DEMO-0364-1
EV-CASE-DEMO-0364-2,CSE-POWER-002,CASE-DEMO-0364,close,2026-06-28T09:43:02.912815Z,2,CSE-POWER-002-USR-01,workflow_events.csv#EV-CASE-DEMO-0364-2
EV-CASE-DEMO-0365-0,CSE-FINANCE-001,CASE-DEMO-0365,acknowledge,2026-06-29T22:37:00Z,0,CSE-FINANCE-001-USR-01,workflow_events.csv#EV-CASE-DEMO-0365-0
EV-CASE-DEMO-0365-1,CSE-FINANCE-001,CASE-DEMO-0365,investigate,2026-06-30T08:31:12.073399Z,1,CSE-FINANCE-001-USR-01,workflow_events.csv#EV-CASE-DEMO-0365-1
EV-CASE-DEMO-0365-2,CSE-FINANCE-001,CASE-DEMO-0365,close,2026-06-30T18:35:24.146797Z,2,CSE-FINANCE-001-USR-01,workflow_events.csv#EV-CASE-DEMO-0365-2
EV-CASE-DEMO-0366-0,CSE-TELECOM-001,CASE-DEMO-0366,acknowledge,2026-06-20T14:47:00Z,0,CSE-TELECOM-001-USR-01,workflow_events.csv#EV-CASE-DEMO-0366-0
EV-CASE-DEMO-0366-1,CSE-TELECOM-001,CASE-DEMO-0366,investigate,2026-06-21T05:00:07.792191Z,1,CSE-TELECOM-001-USR-01,workflow_events.csv#EV-CASE-DEMO-0366-1
EV-CASE-DEMO-0366-2,CSE-TELECOM-001,CASE-DEMO-0366,close,2026-06-21T19:23:15.584382Z,2,CSE-TELECOM-001-USR-01,workflow_events.csv#EV-CASE-DEMO-0366-2
EV-CASE-DEMO-0367-0,CSE-POWER-001,CASE-DEMO-0367,acknowledge,2026-06-23T14:44:00Z,0,CSE-POWER-001-USR-01,workflow_events.csv#EV-CASE-DEMO-0367-0
EV-CASE-DEMO-0367-1,CSE-POWER-001,CASE-DEMO-0367,investigate,2026-06-23T18:30:45.328115Z,1,CSE-POWER-001-USR-01,workflow_events.csv#EV-CASE-DEMO-0367-1
EV-CASE-DEMO-0367-2,CSE-POWER-001,CASE-DEMO-0367,close,2026-06-23T22:27:30.656229Z,2,CSE-POWER-001-USR-01,workflow_events.csv#EV-CASE-DEMO-0367-2
EV-CASE-DEMO-0368-0,CSE-FINANCE-002,CASE-DEMO-0368,acknowledge,2026-06-16T13:37:00Z,0,CSE-FINANCE-002-USR-01,workflow_events.csv#EV-CASE-DEMO-0368-0
EV-CASE-DEMO-0368-1,CSE-FINANCE-002,CASE-DEMO-0368,investigate,2026-06-17T02:41:07.313271Z,1,CSE-FINANCE-002-USR-01,workflow_events.csv#EV-CASE-DEMO-0368-1
EV-CASE-DEMO-0368-2,CSE-FINANCE-002,CASE-DEMO-0368,close,2026-06-17T15:55:14.626542Z,2,CSE-FINANCE-002-USR-01,workflow_events.csv#EV-CASE-DEMO-0368-2
EV-CASE-DEMO-0369-0,CSE-TELECOM-002,CASE-DEMO-0369,acknowledge,2026-07-31T12:20:00Z,0,CSE-TELECOM-002-USR-01,workflow_events.csv#EV-CASE-DEMO-0369-0
EV-CASE-DEMO-0369-1,CSE-TELECOM-002,CASE-DEMO-0369,investigate,2026-08-01T00:35:51.502385Z,1,CSE-TELECOM-002-USR-01,workflow_events.csv#EV-CASE-DEMO-0369-1
EV-CASE-DEMO-0369-2,CSE-TELECOM-002,CASE-DEMO-0369,close,2026-08-01T13:01:43.004770Z,2,CSE-TELECOM-002-USR-01,workflow_events.csv#EV-CASE-DEMO-0369-2
EV-CASE-DEMO-0370-0,CSE-POWER-002,CASE-DEMO-0370,acknowledge,2026-08-03T05:32:00Z,0,CSE-POWER-002-USR-01,workflow_events.csv#EV-CASE-DEMO-0370-0
EV-CASE-DEMO-0370-1,CSE-POWER-002,CASE-DEMO-0370,investigate,2026-08-03T11:03:06.808007Z,1,CSE-POWER-002-USR-01,workflow_events.csv#EV-CASE-DEMO-0370-1
EV-CASE-DEMO-0370-2,CSE-POWER-002,CASE-DEMO-0370,close,2026-08-03T16:44:13.616013Z,2,CSE-POWER-002-USR-01,workflow_events.csv#EV-CASE-DEMO-0370-2
EV-CASE-DEMO-0371-0,CSE-FINANCE-001,CASE-DEMO-0371,acknowledge,2026-08-18T12:44:00Z,0,CSE-FINANCE-001-USR-01,workflow_events.csv#EV-CASE-DEMO-0371-0
EV-CASE-DEMO-0371-1,CSE-FINANCE-001,CASE-DEMO-0371,investigate,2026-08-19T00:34:24.738880Z,1,CSE-FINANCE-001-USR-01,workflow_events.csv#EV-CASE-DEMO-0371-1
EV-CASE-DEMO-0371-2,CSE-FINANCE-001,CASE-DEMO-0371,close,2026-08-19T12:34:49.477760Z,2,CSE-FINANCE-001-USR-01,workflow_events.csv#EV-CASE-DEMO-0371-2
EV-CASE-DEMO-0372-0,CSE-TELECOM-001,CASE-DEMO-0372,acknowledge,2026-06-20T15:22:00Z,0,CSE-TELECOM-001-USR-01,workflow_events.csv#EV-CASE-DEMO-0372-0
EV-CASE-DEMO-0372-1,CSE-TELECOM-001,CASE-DEMO-0372,investigate,2026-06-20T18:19:58.012950Z,1,CSE-TELECOM-001-USR-01,workflow_events.csv#EV-CASE-DEMO-0372-1
EV-CASE-DEMO-0372-2,CSE-TELECOM-001,CASE-DEMO-0372,close,2026-06-20T21:27:56.025899Z,2,CSE-TELECOM-001-USR-01,workflow_events.csv#EV-CASE-DEMO-0372-2
EV-CASE-DEMO-0373-0,CSE-POWER-001,CASE-DEMO-0373,acknowledge,2026-08-29T17:03:00Z,0,CSE-POWER-001-USR-01,workflow_events.csv#EV-CASE-DEMO-0373-0
EV-CASE-DEMO-0373-1,CSE-POWER-001,CASE-DEMO-0373,investigate,2026-08-30T04:58:32.417498Z,1,CSE-POWER-001-USR-01,workflow_events.csv#EV-CASE-DEMO-0373-1
EV-CASE-DEMO-0373-2,CSE-POWER-001,CASE-DEMO-0373,close,2026-08-30T17:04:04.834996Z,2,CSE-POWER-001-USR-01,workflow_events.csv#EV-CASE-DEMO-0373-2
EV-CASE-DEMO-0374-0,CSE-FINANCE-002,CASE-DEMO-0374,acknowledge,2026-06-09T09:37:00Z,0,CSE-FINANCE-002-USR-01,workflow_events.csv#EV-CASE-DEMO-0374-0
EV-CASE-DEMO-0374-1,CSE-FINANCE-002,CASE-DEMO-0374,investigate,2026-06-09T13:45:18.798437Z,1,CSE-FINANCE-002-USR-01,workflow_events.csv#EV-CASE-DEMO-0374-1
EV-CASE-DEMO-0374-2,CSE-FINANCE-002,CASE-DEMO-0374,close,2026-06-09T18:03:37.596874Z,2,CSE-FINANCE-002-USR-01,workflow_events.csv#EV-CASE-DEMO-0374-2
EV-CASE-DEMO-0375-0,CSE-TELECOM-002,CASE-DEMO-0375,acknowledge,2026-08-07T19:56:00Z,0,CSE-TELECOM-002-USR-01,workflow_events.csv#EV-CASE-DEMO-0375-0
EV-CASE-DEMO-0375-1,CSE-TELECOM-002,CASE-DEMO-0375,investigate,2026-08-08T02:44:41.235940Z,1,CSE-TELECOM-002-USR-01,workflow_events.csv#EV-CASE-DEMO-0375-1
EV-CASE-DEMO-0375-2,CSE-TELECOM-002,CASE-DEMO-0375,close,2026-08-08T09:43:22.471880Z,2,CSE-TELECOM-002-USR-01,workflow_events.csv#EV-CASE-DEMO-0375-2
EV-CASE-DEMO-0376-0,CSE-POWER-002,CASE-DEMO-0376,acknowledge,2026-07-07T05:28:00Z,0,CSE-POWER-002-USR-01,workflow_events.csv#EV-CASE-DEMO-0376-0
EV-CASE-DEMO-0376-1,CSE-POWER-002,CASE-DEMO-0376,investigate,2026-07-07T14:10:47.127067Z,1,CSE-POWER-002-USR-01,workflow_events.csv#EV-CASE-DEMO-0376-1
EV-CASE-DEMO-0376-2,CSE-POWER-002,CASE-DEMO-0376,close,2026-07-07T23:03:34.254133Z,2,CSE-POWER-002-USR-01,workflow_events.csv#EV-CASE-DEMO-0376-2
EV-CASE-DEMO-0377-0,CSE-FINANCE-001,CASE-DEMO-0377,acknowledge,2026-07-28T08:32:00Z,0,CSE-FINANCE-001-USR-01,workflow_events.csv#EV-CASE-DEMO-0377-0
EV-CASE-DEMO-0377-1,CSE-FINANCE-001,CASE-DEMO-0377,investigate,2026-07-28T23:20:07.375481Z,1,CSE-FINANCE-001-USR-01,workflow_events.csv#EV-CASE-DEMO-0377-1
EV-CASE-DEMO-0377-2,CSE-FINANCE-001,CASE-DEMO-0377,close,2026-07-29T14:18:14.750962Z,2,CSE-FINANCE-001-USR-01,workflow_events.csv#EV-CASE-DEMO-0377-2
EV-CASE-DEMO-0378-0,CSE-TELECOM-001,CASE-DEMO-0378,acknowledge,2026-07-27T12:11:00Z,0,CSE-TELECOM-001-USR-01,workflow_events.csv#EV-CASE-DEMO-0378-0
EV-CASE-DEMO-0378-1,CSE-TELECOM-001,CASE-DEMO-0378,investigate,2026-07-27T23:03:56.491169Z,1,CSE-TELECOM-001-USR-01,workflow_events.csv#EV-CASE-DEMO-0378-1
EV-CASE-DEMO-0378-2,CSE-TELECOM-001,CASE-DEMO-0378,close,2026-07-28T10:06:52.982338Z,2,CSE-TELECOM-001-USR-01,workflow_events.csv#EV-CASE-DEMO-0378-2
EV-CASE-DEMO-0379-0,CSE-POWER-001,CASE-DEMO-0379,acknowledge,2026-07-08T23:54:00Z,0,CSE-POWER-001-USR-01,workflow_events.csv#EV-CASE-DEMO-0379-0
EV-CASE-DEMO-0379-1,CSE-POWER-001,CASE-DEMO-0379,investigate,2026-07-09T08:32:30.142712Z,1,CSE-POWER-001-USR-01,workflow_events.csv#EV-CASE-DEMO-0379-1
EV-CASE-DEMO-0379-2,CSE-POWER-001,CASE-DEMO-0379,close,2026-07-09T17:21:00.285424Z,2,CSE-POWER-001-USR-01,workflow_events.csv#EV-CASE-DEMO-0379-2
EV-CASE-DEMO-0380-0,CSE-FINANCE-002,CASE-DEMO-0380,acknowledge,2026-07-01T07:11:00Z,0,CSE-FINANCE-002-USR-01,workflow_events.csv#EV-CASE-DEMO-0380-0
EV-CASE-DEMO-0380-1,CSE-FINANCE-002,CASE-DEMO-0380,investigate,2026-07-01T16:18:57.525914Z,1,CSE-FINANCE-002-USR-01,workflow_events.csv#EV-CASE-DEMO-0380-1
EV-CASE-DEMO-0380-2,CSE-FINANCE-002,CASE-DEMO-0380,close,2026-07-02T01:36:55.051828Z,2,CSE-FINANCE-002-USR-01,workflow_events.csv#EV-CASE-DEMO-0380-2
EV-CASE-DEMO-0381-0,CSE-TELECOM-002,CASE-DEMO-0381,acknowledge,2026-06-22T15:04:00Z,0,CSE-TELECOM-002-USR-01,workflow_events.csv#EV-CASE-DEMO-0381-0
EV-CASE-DEMO-0381-1,CSE-TELECOM-002,CASE-DEMO-0381,investigate,2026-06-23T00:45:57.358657Z,1,CSE-TELECOM-002-USR-01,workflow_events.csv#EV-CASE-DEMO-0381-1
EV-CASE-DEMO-0381-2,CSE-TELECOM-002,CASE-DEMO-0381,close,2026-06-23T10:37:54.717314Z,2,CSE-TELECOM-002-USR-01,workflow_events.csv#EV-CASE-DEMO-0381-2
EV-CASE-DEMO-0382-0,CSE-POWER-002,CASE-DEMO-0382,acknowledge,2026-07-10T10:38:00Z,0,CSE-POWER-002-USR-01,workflow_events.csv#EV-CASE-DEMO-0382-0
EV-CASE-DEMO-0382-1,CSE-POWER-002,CASE-DEMO-0382,investigate,2026-07-10T23:19:13.888717Z,1,CSE-POWER-002-USR-01,workflow_events.csv#EV-CASE-DEMO-0382-1
EV-CASE-DEMO-0382-2,CSE-POWER-002,CASE-DEMO-0382,close,2026-07-11T12:10:27.777435Z,2,CSE-POWER-002-USR-01,workflow_events.csv#EV-CASE-DEMO-0382-2
EV-CASE-DEMO-0383-0,CSE-FINANCE-001,CASE-DEMO-0383,acknowledge,2026-06-18T03:35:00Z,0,CSE-FINANCE-001-USR-01,workflow_events.csv#EV-CASE-DEMO-0383-0
EV-CASE-DEMO-0383-1,CSE-FINANCE-001,CASE-DEMO-0383,investigate,2026-06-18T15:16:03.392871Z,1,CSE-FINANCE-001-USR-01,workflow_events.csv#EV-CASE-DEMO-0383-1
EV-CASE-DEMO-0383-2,CSE-FINANCE-001,CASE-DEMO-0383,close,2026-06-19T03:07:06.785743Z,2,CSE-FINANCE-001-USR-01,workflow_events.csv#EV-CASE-DEMO-0383-2
EV-CASE-DEMO-0384-0,CSE-TELECOM-001,CASE-DEMO-0384,acknowledge,2026-08-10T17:35:00Z,0,CSE-TELECOM-001-USR-01,workflow_events.csv#EV-CASE-DEMO-0384-0
EV-CASE-DEMO-0384-1,CSE-TELECOM-001,CASE-DEMO-0384,investigate,2026-08-10T19:30:14.801499Z,1,CSE-TELECOM-001-USR-01,workflow_events.csv#EV-CASE-DEMO-0384-1
EV-CASE-DEMO-0384-2,CSE-TELECOM-001,CASE-DEMO-0384,close,2026-08-10T21:35:29.602997Z,2,CSE-TELECOM-001-USR-01,workflow_events.csv#EV-CASE-DEMO-0384-2
EV-CASE-DEMO-0385-0,CSE-POWER-001,CASE-DEMO-0385,acknowledge,2026-07-25T06:50:00Z,0,CSE-POWER-001-USR-01,workflow_events.csv#EV-CASE-DEMO-0385-0
EV-CASE-DEMO-0385-1,CSE-POWER-001,CASE-DEMO-0385,investigate,2026-07-25T13:21:34.172475Z,1,CSE-POWER-001-USR-01,workflow_events.csv#EV-CASE-DEMO-0385-1
EV-CASE-DEMO-0385-2,CSE-POWER-001,CASE-DEMO-0385,close,2026-07-25T20:03:08.344951Z,2,CSE-POWER-001-USR-01,workflow_events.csv#EV-CASE-DEMO-0385-2
EV-CASE-DEMO-0386-0,CSE-FINANCE-002,CASE-DEMO-0386,acknowledge,2026-06-05T23:48:00Z,0,CSE-FINANCE-002-USR-01,workflow_events.csv#EV-CASE-DEMO-0386-0
EV-CASE-DEMO-0386-1,CSE-FINANCE-002,CASE-DEMO-0386,investigate,2026-06-06T04:41:18.465067Z,1,CSE-FINANCE-002-USR-01,workflow_events.csv#EV-CASE-DEMO-0386-1
EV-CASE-DEMO-0386-2,CSE-FINANCE-002,CASE-DEMO-0386,close,2026-06-06T09:44:36.930133Z,2,CSE-FINANCE-002-USR-01,workflow_events.csv#EV-CASE-DEMO-0386-2
EV-CASE-DEMO-0387-0,CSE-TELECOM-002,CASE-DEMO-0387,acknowledge,2026-08-15T14:39:00Z,0,CSE-TELECOM-002-USR-01,workflow_events.csv#EV-CASE-DEMO-0387-0
EV-CASE-DEMO-0387-1,CSE-TELECOM-002,CASE-DEMO-0387,investigate,2026-08-15T23:10:07.170199Z,1,CSE-TELECOM-002-USR-01,workflow_events.csv#EV-CASE-DEMO-0387-1
EV-CASE-DEMO-0387-2,CSE-TELECOM-002,CASE-DEMO-0387,close,2026-08-16T07:51:14.340397Z,2,CSE-TELECOM-002-USR-01,workflow_events.csv#EV-CASE-DEMO-0387-2
EV-CASE-DEMO-0388-0,CSE-POWER-002,CASE-DEMO-0388,acknowledge,2026-08-02T12:14:00Z,0,CSE-POWER-002-USR-01,workflow_events.csv#EV-CASE-DEMO-0388-0
EV-CASE-DEMO-0388-1,CSE-POWER-002,CASE-DEMO-0388,investigate,2026-08-02T21:19:05.265314Z,1,CSE-POWER-002-USR-01,workflow_events.csv#EV-CASE-DEMO-0388-1
EV-CASE-DEMO-0388-2,CSE-POWER-002,CASE-DEMO-0388,close,2026-08-03T06:34:10.530628Z,2,CSE-POWER-002-USR-01,workflow_events.csv#EV-CASE-DEMO-0388-2
EV-CASE-DEMO-0389-0,CSE-FINANCE-001,CASE-DEMO-0389,acknowledge,2026-07-27T03:16:00Z,0,CSE-FINANCE-001-USR-01,workflow_events.csv#EV-CASE-DEMO-0389-0
EV-CASE-DEMO-0389-1,CSE-FINANCE-001,CASE-DEMO-0389,investigate,2026-07-27T15:04:14.941320Z,1,CSE-FINANCE-001-USR-01,workflow_events.csv#EV-CASE-DEMO-0389-1
EV-CASE-DEMO-0389-2,CSE-FINANCE-001,CASE-DEMO-0389,close,2026-07-28T03:02:29.882641Z,2,CSE-FINANCE-001-USR-01,workflow_events.csv#EV-CASE-DEMO-0389-2
EV-CASE-DEMO-0390-0,CSE-TELECOM-001,CASE-DEMO-0390,acknowledge,2026-07-04T08:31:00Z,0,CSE-TELECOM-001-USR-01,workflow_events.csv#EV-CASE-DEMO-0390-0
EV-CASE-DEMO-0390-1,CSE-TELECOM-001,CASE-DEMO-0390,investigate,2026-07-04T15:34:42.660813Z,1,CSE-TELECOM-001-USR-01,workflow_events.csv#EV-CASE-DEMO-0390-1
EV-CASE-DEMO-0390-2,CSE-TELECOM-001,CASE-DEMO-0390,close,2026-07-04T22:48:25.321626Z,2,CSE-TELECOM-001-USR-01,workflow_events.csv#EV-CASE-DEMO-0390-2
EV-CASE-DEMO-0391-0,CSE-POWER-001,CASE-DEMO-0391,acknowledge,2026-06-23T18:50:00Z,0,CSE-POWER-001-USR-01,workflow_events.csv#EV-CASE-DEMO-0391-0
EV-CASE-DEMO-0391-1,CSE-POWER-001,CASE-DEMO-0391,investigate,2026-06-24T08:14:20.669833Z,1,CSE-POWER-001-USR-01,workflow_events.csv#EV-CASE-DEMO-0391-1
EV-CASE-DEMO-0391-2,CSE-POWER-001,CASE-DEMO-0391,close,2026-06-24T21:48:41.339667Z,2,CSE-POWER-001-USR-01,workflow_events.csv#EV-CASE-DEMO-0391-2
EV-CASE-DEMO-0392-0,CSE-FINANCE-002,CASE-DEMO-0392,acknowledge,2026-07-19T23:42:00Z,0,CSE-FINANCE-002-USR-01,workflow_events.csv#EV-CASE-DEMO-0392-0
EV-CASE-DEMO-0392-1,CSE-FINANCE-002,CASE-DEMO-0392,investigate,2026-07-20T13:41:26.142072Z,1,CSE-FINANCE-002-USR-01,workflow_events.csv#EV-CASE-DEMO-0392-1
EV-CASE-DEMO-0392-2,CSE-FINANCE-002,CASE-DEMO-0392,close,2026-07-21T03:50:52.284145Z,2,CSE-FINANCE-002-USR-01,workflow_events.csv#EV-CASE-DEMO-0392-2
EV-CASE-DEMO-0393-0,CSE-TELECOM-002,CASE-DEMO-0393,acknowledge,2026-06-04T21:14:00Z,0,CSE-TELECOM-002-USR-01,workflow_events.csv#EV-CASE-DEMO-0393-0
EV-CASE-DEMO-0393-1,CSE-TELECOM-002,CASE-DEMO-0393,investigate,2026-06-05T06:18:46.628317Z,1,CSE-TELECOM-002-USR-01,workflow_events.csv#EV-CASE-DEMO-0393-1
EV-CASE-DEMO-0393-2,CSE-TELECOM-002,CASE-DEMO-0393,close,2026-06-05T15:33:33.256634Z,2,CSE-TELECOM-002-USR-01,workflow_events.csv#EV-CASE-DEMO-0393-2
EV-CASE-DEMO-0394-0,CSE-POWER-002,CASE-DEMO-0394,acknowledge,2026-08-27T01:35:00Z,0,CSE-POWER-002-USR-01,workflow_events.csv#EV-CASE-DEMO-0394-0
EV-CASE-DEMO-0394-1,CSE-POWER-002,CASE-DEMO-0394,investigate,2026-08-27T15:17:03.385580Z,1,CSE-POWER-002-USR-01,workflow_events.csv#EV-CASE-DEMO-0394-1
EV-CASE-DEMO-0394-2,CSE-POWER-002,CASE-DEMO-0394,close,2026-08-28T05:09:06.771161Z,2,CSE-POWER-002-USR-01,workflow_events.csv#EV-CASE-DEMO-0394-2
EV-CASE-DEMO-0395-0,CSE-FINANCE-001,CASE-DEMO-0395,acknowledge,2026-08-30T22:39:00Z,0,CSE-FINANCE-001-USR-01,workflow_events.csv#EV-CASE-DEMO-0395-0
EV-CASE-DEMO-0395-1,CSE-FINANCE-001,CASE-DEMO-0395,investigate,2026-08-31T10:34:10.207197Z,1,CSE-FINANCE-001-USR-01,workflow_events.csv#EV-CASE-DEMO-0395-1
EV-CASE-DEMO-0395-2,CSE-FINANCE-001,CASE-DEMO-0395,close,2026-08-31T22:39:20.414395Z,2,CSE-FINANCE-001-USR-01,workflow_events.csv#EV-CASE-DEMO-0395-2
EV-CASE-DEMO-0396-0,CSE-TELECOM-001,CASE-DEMO-0396,acknowledge,2026-08-01T03:44:00Z,0,CSE-TELECOM-001-USR-01,workflow_events.csv#EV-CASE-DEMO-0396-0
EV-CASE-DEMO-0396-1,CSE-TELECOM-001,CASE-DEMO-0396,investigate,2026-08-01T10:58:32.689330Z,1,CSE-TELECOM-001-USR-01,workflow_events.csv#EV-CASE-DEMO-0396-1
EV-CASE-DEMO-0396-2,CSE-TELECOM-001,CASE-DEMO-0396,close,2026-08-01T18:23:05.378660Z,2,CSE-TELECOM-001-USR-01,workflow_events.csv#EV-CASE-DEMO-0396-2
EV-CASE-DEMO-0397-0,CSE-POWER-001,CASE-DEMO-0397,acknowledge,2026-07-29T20:22:00Z,0,CSE-POWER-001-USR-01,workflow_events.csv#EV-CASE-DEMO-0397-0
EV-CASE-DEMO-0397-1,CSE-POWER-001,CASE-DEMO-0397,investigate,2026-07-30T10:37:19.555661Z,1,CSE-POWER-001-USR-01,workflow_events.csv#EV-CASE-DEMO-0397-1
EV-CASE-DEMO-0397-2,CSE-POWER-001,CASE-DEMO-0397,close,2026-07-31T01:02:39.111322Z,2,CSE-POWER-001-USR-01,workflow_events.csv#EV-CASE-DEMO-0397-2
EV-CASE-DEMO-0398-0,CSE-FINANCE-002,CASE-DEMO-0398,acknowledge,2026-08-06T09:50:00Z,0,CSE-FINANCE-002-USR-01,workflow_events.csv#EV-CASE-DEMO-0398-0
EV-CASE-DEMO-0398-1,CSE-FINANCE-002,CASE-DEMO-0398,investigate,2026-08-06T22:53:56.810858Z,1,CSE-FINANCE-002-USR-01,workflow_events.csv#EV-CASE-DEMO-0398-1
EV-CASE-DEMO-0398-2,CSE-FINANCE-002,CASE-DEMO-0398,close,2026-08-07T12:07:53.621717Z,2,CSE-FINANCE-002-USR-01,workflow_events.csv#EV-CASE-DEMO-0398-2
EV-CASE-DEMO-0399-0,CSE-TELECOM-002,CASE-DEMO-0399,acknowledge,2026-06-27T03:58:00Z,0,CSE-TELECOM-002-USR-01,workflow_events.csv#EV-CASE-DEMO-0399-0
EV-CASE-DEMO-0399-1,CSE-TELECOM-002,CASE-DEMO-0399,investigate,2026-06-27T13:23:10.941399Z,1,CSE-TELECOM-002-USR-01,workflow_events.csv#EV-CASE-DEMO-0399-1
EV-CASE-DEMO-0399-2,CSE-TELECOM-002,CASE-DEMO-0399,close,2026-06-27T22:58:21.882798Z,2,CSE-TELECOM-002-USR-01,workflow_events.csv#EV-CASE-DEMO-0399-2
EV-CASE-DEMO-0400-0,CSE-POWER-002,CASE-DEMO-0400,acknowledge,2026-06-23T19:52:00Z,0,CSE-POWER-002-USR-01,workflow_events.csv#EV-CASE-DEMO-0400-0
EV-CASE-DEMO-0400-1,CSE-POWER-002,CASE-DEMO-0400,investigate,2026-06-24T03:06:05.993050Z,1,CSE-POWER-002-USR-01,workflow_events.csv#EV-CASE-DEMO-0400-1
EV-CASE-DEMO-0400-2,CSE-POWER-002,CASE-DEMO-0400,close,2026-06-24T10:30:11.986100Z,2,CSE-POWER-002-USR-01,workflow_events.csv#EV-CASE-DEMO-0400-2
EV-CASE-DEMO-0401-0,CSE-FINANCE-001,CASE-DEMO-0401,acknowledge,2026-07-26T00:58:00Z,0,CSE-FINANCE-001-USR-01,workflow_events.csv#EV-CASE-DEMO-0401-0
EV-CASE-DEMO-0401-1,CSE-FINANCE-001,CASE-DEMO-0401,investigate,2026-07-26T12:36:20.771790Z,1,CSE-FINANCE-001-USR-01,workflow_events.csv#EV-CASE-DEMO-0401-1
EV-CASE-DEMO-0401-2,CSE-FINANCE-001,CASE-DEMO-0401,close,2026-07-27T00:24:41.543579Z,2,CSE-FINANCE-001-USR-01,workflow_events.csv#EV-CASE-DEMO-0401-2
EV-CASE-DEMO-0402-0,CSE-TELECOM-001,CASE-DEMO-0402,acknowledge,2026-08-13T17:57:00Z,0,CSE-TELECOM-001-USR-01,workflow_events.csv#EV-CASE-DEMO-0402-0
EV-CASE-DEMO-0402-1,CSE-TELECOM-001,CASE-DEMO-0402,investigate,2026-08-14T02:47:21.217313Z,1,CSE-TELECOM-001-USR-01,workflow_events.csv#EV-CASE-DEMO-0402-1
EV-CASE-DEMO-0402-2,CSE-TELECOM-001,CASE-DEMO-0402,close,2026-08-14T11:47:42.434625Z,2,CSE-TELECOM-001-USR-01,workflow_events.csv#EV-CASE-DEMO-0402-2
EV-CASE-DEMO-0403-0,CSE-POWER-001,CASE-DEMO-0403,acknowledge,2026-06-15T01:50:00Z,0,CSE-POWER-001-USR-01,workflow_events.csv#EV-CASE-DEMO-0403-0
EV-CASE-DEMO-0403-1,CSE-POWER-001,CASE-DEMO-0403,investigate,2026-06-15T07:18:02.382253Z,1,CSE-POWER-001-USR-01,workflow_events.csv#EV-CASE-DEMO-0403-1
EV-CASE-DEMO-0403-2,CSE-POWER-001,CASE-DEMO-0403,close,2026-06-15T12:56:04.764505Z,2,CSE-POWER-001-USR-01,workflow_events.csv#EV-CASE-DEMO-0403-2
EV-CASE-DEMO-0404-0,CSE-FINANCE-002,CASE-DEMO-0404,acknowledge,2026-07-29T07:30:00Z,0,CSE-FINANCE-002-USR-01,workflow_events.csv#EV-CASE-DEMO-0404-0
EV-CASE-DEMO-0404-1,CSE-FINANCE-002,CASE-DEMO-0404,investigate,2026-07-29T20:32:49.337587Z,1,CSE-FINANCE-002-USR-01,workflow_events.csv#EV-CASE-DEMO-0404-1
EV-CASE-DEMO-0404-2,CSE-FINANCE-002,CASE-DEMO-0404,close,2026-07-30T09:45:38.675175Z,2,CSE-FINANCE-002-USR-01,workflow_events.csv#EV-CASE-DEMO-0404-2
EV-CASE-DEMO-0405-0,CSE-TELECOM-002,CASE-DEMO-0405,acknowledge,2026-07-15T06:53:00Z,0,CSE-TELECOM-002-USR-01,workflow_events.csv#EV-CASE-DEMO-0405-0
EV-CASE-DEMO-0405-1,CSE-TELECOM-002,CASE-DEMO-0405,investigate,2026-07-15T10:30:48.652110Z,1,CSE-TELECOM-002-USR-01,workflow_events.csv#EV-CASE-DEMO-0405-1
EV-CASE-DEMO-0405-2,CSE-TELECOM-002,CASE-DEMO-0405,close,2026-07-15T14:18:37.304220Z,2,CSE-TELECOM-002-USR-01,workflow_events.csv#EV-CASE-DEMO-0405-2
EV-CASE-DEMO-0406-0,CSE-POWER-002,CASE-DEMO-0406,acknowledge,2026-06-07T17:05:00Z,0,CSE-POWER-002-USR-01,workflow_events.csv#EV-CASE-DEMO-0406-0
EV-CASE-DEMO-0406-1,CSE-POWER-002,CASE-DEMO-0406,investigate,2026-06-08T04:05:45.557268Z,1,CSE-POWER-002-USR-01,workflow_events.csv#EV-CASE-DEMO-0406-1
EV-CASE-DEMO-0406-2,CSE-POWER-002,CASE-DEMO-0406,close,2026-06-08T15:16:31.114536Z,2,CSE-POWER-002-USR-01,workflow_events.csv#EV-CASE-DEMO-0406-2
EV-CASE-DEMO-0407-0,CSE-FINANCE-001,CASE-DEMO-0407,acknowledge,2026-08-29T14:02:00Z,0,CSE-FINANCE-001-USR-01,workflow_events.csv#EV-CASE-DEMO-0407-0
EV-CASE-DEMO-0407-1,CSE-FINANCE-001,CASE-DEMO-0407,investigate,2026-08-29T22:29:57.751405Z,1,CSE-FINANCE-001-USR-01,workflow_events.csv#EV-CASE-DEMO-0407-1
EV-CASE-DEMO-0407-2,CSE-FINANCE-001,CASE-DEMO-0407,close,2026-08-30T07:07:55.502811Z,2,CSE-FINANCE-001-USR-01,workflow_events.csv#EV-CASE-DEMO-0407-2
EV-CASE-DEMO-0408-0,CSE-TELECOM-001,CASE-DEMO-0408,acknowledge,2026-07-22T00:10:00Z,0,CSE-TELECOM-001-USR-01,workflow_events.csv#EV-CASE-DEMO-0408-0
EV-CASE-DEMO-0408-1,CSE-TELECOM-001,CASE-DEMO-0408,investigate,2026-07-22T14:46:51.603918Z,1,CSE-TELECOM-001-USR-01,workflow_events.csv#EV-CASE-DEMO-0408-1
EV-CASE-DEMO-0408-2,CSE-TELECOM-001,CASE-DEMO-0408,close,2026-07-23T05:33:43.207835Z,2,CSE-TELECOM-001-USR-01,workflow_events.csv#EV-CASE-DEMO-0408-2
EV-CASE-DEMO-0409-0,CSE-POWER-001,CASE-DEMO-0409,acknowledge,2026-06-15T00:44:00Z,0,CSE-POWER-001-USR-01,workflow_events.csv#EV-CASE-DEMO-0409-0
EV-CASE-DEMO-0409-1,CSE-POWER-001,CASE-DEMO-0409,investigate,2026-06-15T14:10:40.401173Z,1,CSE-POWER-001-USR-01,workflow_events.csv#EV-CASE-DEMO-0409-1
EV-CASE-DEMO-0409-2,CSE-POWER-001,CASE-DEMO-0409,close,2026-06-16T03:47:20.802346Z,2,CSE-POWER-001-USR-01,workflow_events.csv#EV-CASE-DEMO-0409-2
EV-CASE-DEMO-0410-0,CSE-FINANCE-002,CASE-DEMO-0410,acknowledge,2026-07-21T00:38:00Z,0,CSE-FINANCE-002-USR-01,workflow_events.csv#EV-CASE-DEMO-0410-0
EV-CASE-DEMO-0410-1,CSE-FINANCE-002,CASE-DEMO-0410,investigate,2026-07-21T06:06:05.923604Z,1,CSE-FINANCE-002-USR-01,workflow_events.csv#EV-CASE-DEMO-0410-1
EV-CASE-DEMO-0410-2,CSE-FINANCE-002,CASE-DEMO-0410,close,2026-07-21T11:44:11.847208Z,2,CSE-FINANCE-002-USR-01,workflow_events.csv#EV-CASE-DEMO-0410-2
EV-CASE-DEMO-0411-0,CSE-TELECOM-002,CASE-DEMO-0411,acknowledge,2026-08-04T23:48:00Z,0,CSE-TELECOM-002-USR-01,workflow_events.csv#EV-CASE-DEMO-0411-0
EV-CASE-DEMO-0411-1,CSE-TELECOM-002,CASE-DEMO-0411,investigate,2026-08-05T09:51:05.668357Z,1,CSE-TELECOM-002-USR-01,workflow_events.csv#EV-CASE-DEMO-0411-1
EV-CASE-DEMO-0411-2,CSE-TELECOM-002,CASE-DEMO-0411,close,2026-08-05T20:04:11.336715Z,2,CSE-TELECOM-002-USR-01,workflow_events.csv#EV-CASE-DEMO-0411-2
EV-CASE-DEMO-0412-0,CSE-POWER-002,CASE-DEMO-0412,acknowledge,2026-06-11T14:04:00Z,0,CSE-POWER-002-USR-01,workflow_events.csv#EV-CASE-DEMO-0412-0
EV-CASE-DEMO-0412-1,CSE-POWER-002,CASE-DEMO-0412,investigate,2026-06-12T01:25:39.149107Z,1,CSE-POWER-002-USR-01,workflow_events.csv#EV-CASE-DEMO-0412-1
EV-CASE-DEMO-0412-2,CSE-POWER-002,CASE-DEMO-0412,close,2026-06-12T12:57:18.298215Z,2,CSE-POWER-002-USR-01,workflow_events.csv#EV-CASE-DEMO-0412-2
EV-CASE-DEMO-0413-0,CSE-FINANCE-001,CASE-DEMO-0413,acknowledge,2026-06-07T01:48:00Z,0,CSE-FINANCE-001-USR-01,workflow_events.csv#EV-CASE-DEMO-0413-0
EV-CASE-DEMO-0413-1,CSE-FINANCE-001,CASE-DEMO-0413,investigate,2026-06-07T09:07:07.944346Z,1,CSE-FINANCE-001-USR-01,workflow_events.csv#EV-CASE-DEMO-0413-1
EV-CASE-DEMO-0413-2,CSE-FINANCE-001,CASE-DEMO-0413,close,2026-06-07T16:36:15.888691Z,2,CSE-FINANCE-001-USR-01,workflow_events.csv#EV-CASE-DEMO-0413-2
EV-CASE-DEMO-0414-0,CSE-TELECOM-001,CASE-DEMO-0414,acknowledge,2026-08-22T12:08:00Z,0,CSE-TELECOM-001-USR-01,workflow_events.csv#EV-CASE-DEMO-0414-0
EV-CASE-DEMO-0414-1,CSE-TELECOM-001,CASE-DEMO-0414,investigate,2026-08-22T18:41:41.616823Z,1,CSE-TELECOM-001-USR-01,workflow_events.csv#EV-CASE-DEMO-0414-1
EV-CASE-DEMO-0414-2,CSE-TELECOM-001,CASE-DEMO-0414,close,2026-08-23T01:25:23.233646Z,2,CSE-TELECOM-001-USR-01,workflow_events.csv#EV-CASE-DEMO-0414-2
EV-CASE-DEMO-0415-0,CSE-POWER-001,CASE-DEMO-0415,acknowledge,2026-06-14T13:14:00Z,0,CSE-POWER-001-USR-01,workflow_events.csv#EV-CASE-DEMO-0415-0
EV-CASE-DEMO-0415-1,CSE-POWER-001,CASE-DEMO-0415,investigate,2026-06-15T02:20:05.944553Z,1,CSE-POWER-001-USR-01,workflow_events.csv#EV-CASE-DEMO-0415-1
EV-CASE-DEMO-0415-2,CSE-POWER-001,CASE-DEMO-0415,close,2026-06-15T15:36:11.889106Z,2,CSE-POWER-001-USR-01,workflow_events.csv#EV-CASE-DEMO-0415-2
EV-CASE-DEMO-0416-0,CSE-FINANCE-002,CASE-DEMO-0416,acknowledge,2026-08-27T22:16:00Z,0,CSE-FINANCE-002-USR-01,workflow_events.csv#EV-CASE-DEMO-0416-0
EV-CASE-DEMO-0416-1,CSE-FINANCE-002,CASE-DEMO-0416,investigate,2026-08-28T10:20:20.044427Z,1,CSE-FINANCE-002-USR-01,workflow_events.csv#EV-CASE-DEMO-0416-1
EV-CASE-DEMO-0416-2,CSE-FINANCE-002,CASE-DEMO-0416,close,2026-08-28T22:34:40.088854Z,2,CSE-FINANCE-002-USR-01,workflow_events.csv#EV-CASE-DEMO-0416-2
EV-CASE-DEMO-0417-0,CSE-TELECOM-002,CASE-DEMO-0417,acknowledge,2026-08-01T21:47:00Z,0,CSE-TELECOM-002-USR-01,workflow_events.csv#EV-CASE-DEMO-0417-0
EV-CASE-DEMO-0417-1,CSE-TELECOM-002,CASE-DEMO-0417,investigate,2026-08-02T10:33:25.772824Z,1,CSE-TELECOM-002-USR-01,workflow_events.csv#EV-CASE-DEMO-0417-1
EV-CASE-DEMO-0417-2,CSE-TELECOM-002,CASE-DEMO-0417,close,2026-08-02T23:29:51.545647Z,2,CSE-TELECOM-002-USR-01,workflow_events.csv#EV-CASE-DEMO-0417-2
EV-CASE-DEMO-0418-0,CSE-POWER-002,CASE-DEMO-0418,acknowledge,2026-07-03T05:35:00Z,0,CSE-POWER-002-USR-01,workflow_events.csv#EV-CASE-DEMO-0418-0
EV-CASE-DEMO-0418-1,CSE-POWER-002,CASE-DEMO-0418,investigate,2026-07-03T11:09:39.926732Z,1,CSE-POWER-002-USR-01,workflow_events.csv#EV-CASE-DEMO-0418-1
EV-CASE-DEMO-0418-2,CSE-POWER-002,CASE-DEMO-0418,close,2026-07-03T16:54:19.853463Z,2,CSE-POWER-002-USR-01,workflow_events.csv#EV-CASE-DEMO-0418-2
EV-CASE-DEMO-0419-0,CSE-FINANCE-001,CASE-DEMO-0419,acknowledge,2026-07-16T05:26:00Z,0,CSE-FINANCE-001-USR-01,workflow_events.csv#EV-CASE-DEMO-0419-0
EV-CASE-DEMO-0419-1,CSE-FINANCE-001,CASE-DEMO-0419,investigate,2026-07-16T13:47:35.058444Z,1,CSE-FINANCE-001-USR-01,workflow_events.csv#EV-CASE-DEMO-0419-1
EV-CASE-DEMO-0419-2,CSE-FINANCE-001,CASE-DEMO-0419,close,2026-07-16T22:19:10.116889Z,2,CSE-FINANCE-001-USR-01,workflow_events.csv#EV-CASE-DEMO-0419-2
EV-CASE-DEMO-0420-0,CSE-TELECOM-001,CASE-DEMO-0420,acknowledge,2026-08-12T22:28:00Z,0,CSE-TELECOM-001-USR-01,workflow_events.csv#EV-CASE-DEMO-0420-0
EV-CASE-DEMO-0420-1,CSE-TELECOM-001,CASE-DEMO-0420,investigate,2026-08-13T04:15:32.552223Z,1,CSE-TELECOM-001-USR-01,workflow_events.csv#EV-CASE-DEMO-0420-1
EV-CASE-DEMO-0420-2,CSE-TELECOM-001,CASE-DEMO-0420,close,2026-08-13T10:13:05.104447Z,2,CSE-TELECOM-001-USR-01,workflow_events.csv#EV-CASE-DEMO-0420-2
EV-CASE-DEMO-0421-0,CSE-POWER-001,CASE-DEMO-0421,acknowledge,2026-08-09T16:13:00Z,0,CSE-POWER-001-USR-01,workflow_events.csv#EV-CASE-DEMO-0421-0
EV-CASE-DEMO-0421-1,CSE-POWER-001,CASE-DEMO-0421,investigate,2026-08-10T02:02:13.102268Z,1,CSE-POWER-001-USR-01,workflow_events.csv#EV-CASE-DEMO-0421-1
EV-CASE-DEMO-0421-2,CSE-POWER-001,CASE-DEMO-0421,close,2026-08-10T12:01:26.204537Z,2,CSE-POWER-001-USR-01,workflow_events.csv#EV-CASE-DEMO-0421-2
EV-CASE-DEMO-0422-0,CSE-FINANCE-002,CASE-DEMO-0422,acknowledge,2026-07-10T13:07:00Z,0,CSE-FINANCE-002-USR-01,workflow_events.csv#EV-CASE-DEMO-0422-0
EV-CASE-DEMO-0422-1,CSE-FINANCE-002,CASE-DEMO-0422,investigate,2026-07-10T16:29:33.183869Z,1,CSE-FINANCE-002-USR-01,workflow_events.csv#EV-CASE-DEMO-0422-1
EV-CASE-DEMO-0422-2,CSE-FINANCE-002,CASE-DEMO-0422,close,2026-07-10T20:02:06.367738Z,2,CSE-FINANCE-002-USR-01,workflow_events.csv#EV-CASE-DEMO-0422-2
EV-CASE-DEMO-0423-0,CSE-TELECOM-002,CASE-DEMO-0423,acknowledge,2026-07-04T13:00:00Z,0,CSE-TELECOM-002-USR-01,workflow_events.csv#EV-CASE-DEMO-0423-0
EV-CASE-DEMO-0423-1,CSE-TELECOM-002,CASE-DEMO-0423,investigate,2026-07-04T15:54:43.364535Z,1,CSE-TELECOM-002-USR-01,workflow_events.csv#EV-CASE-DEMO-0423-1
EV-CASE-DEMO-0423-2,CSE-TELECOM-002,CASE-DEMO-0423,close,2026-07-04T18:59:26.729069Z,2,CSE-TELECOM-002-USR-01,workflow_events.csv#EV-CASE-DEMO-0423-2
EV-CASE-DEMO-0424-0,CSE-POWER-002,CASE-DEMO-0424,acknowledge,2026-06-04T20:17:00Z,0,CSE-POWER-002-USR-01,workflow_events.csv#EV-CASE-DEMO-0424-0
EV-CASE-DEMO-0424-1,CSE-POWER-002,CASE-DEMO-0424,investigate,2026-06-05T07:07:40.835065Z,1,CSE-POWER-002-USR-01,workflow_events.csv#EV-CASE-DEMO-0424-1
EV-CASE-DEMO-0424-2,CSE-POWER-002,CASE-DEMO-0424,close,2026-06-05T18:08:21.670130Z,2,CSE-POWER-002-USR-01,workflow_events.csv#EV-CASE-DEMO-0424-2
EV-CASE-DEMO-0425-0,CSE-FINANCE-001,CASE-DEMO-0425,acknowledge,2026-08-22T14:37:00Z,0,CSE-FINANCE-001-USR-01,workflow_events.csv#EV-CASE-DEMO-0425-0
EV-CASE-DEMO-0425-1,CSE-FINANCE-001,CASE-DEMO-0425,investigate,2026-08-23T05:15:36.069057Z,1,CSE-FINANCE-001-USR-01,workflow_events.csv#EV-CASE-DEMO-0425-1
EV-CASE-DEMO-0425-2,CSE-FINANCE-001,CASE-DEMO-0425,close,2026-08-23T20:04:12.138114Z,2,CSE-FINANCE-001-USR-01,workflow_events.csv#EV-CASE-DEMO-0425-2
EV-CASE-DEMO-0426-0,CSE-TELECOM-001,CASE-DEMO-0426,acknowledge,2026-07-05T20:42:00Z,0,CSE-TELECOM-001-USR-01,workflow_events.csv#EV-CASE-DEMO-0426-0
EV-CASE-DEMO-0426-1,CSE-TELECOM-001,CASE-DEMO-0426,investigate,2026-07-05T22:51:48.520846Z,1,CSE-TELECOM-001-USR-01,workflow_events.csv#EV-CASE-DEMO-0426-1
EV-CASE-DEMO-0426-2,CSE-TELECOM-001,CASE-DEMO-0426,close,2026-07-06T01:11:37.041691Z,2,CSE-TELECOM-001-USR-01,workflow_events.csv#EV-CASE-DEMO-0426-2
EV-CASE-DEMO-0427-0,CSE-POWER-001,CASE-DEMO-0427,acknowledge,2026-08-14T12:48:00Z,0,CSE-POWER-001-USR-01,workflow_events.csv#EV-CASE-DEMO-0427-0
EV-CASE-DEMO-0427-1,CSE-POWER-001,CASE-DEMO-0427,investigate,2026-08-15T02:45:24.487740Z,1,CSE-POWER-001-USR-01,workflow_events.csv#EV-CASE-DEMO-0427-1
EV-CASE-DEMO-0427-2,CSE-POWER-001,CASE-DEMO-0427,close,2026-08-15T16:52:48.975481Z,2,CSE-POWER-001-USR-01,workflow_events.csv#EV-CASE-DEMO-0427-2
EV-CASE-DEMO-0428-0,CSE-FINANCE-002,CASE-DEMO-0428,acknowledge,2026-08-15T16:12:00Z,0,CSE-FINANCE-002-USR-01,workflow_events.csv#EV-CASE-DEMO-0428-0
EV-CASE-DEMO-0428-1,CSE-FINANCE-002,CASE-DEMO-0428,investigate,2026-08-15T18:06:52.853598Z,1,CSE-FINANCE-002-USR-01,workflow_events.csv#EV-CASE-DEMO-0428-1
EV-CASE-DEMO-0428-2,CSE-FINANCE-002,CASE-DEMO-0428,close,2026-08-15T20:11:45.707195Z,2,CSE-FINANCE-002-USR-01,workflow_events.csv#EV-CASE-DEMO-0428-2
EV-CASE-DEMO-0429-0,CSE-TELECOM-002,CASE-DEMO-0429,acknowledge,2026-07-08T15:00:00Z,0,CSE-TELECOM-002-USR-01,workflow_events.csv#EV-CASE-DEMO-0429-0
EV-CASE-DEMO-0429-1,CSE-TELECOM-002,CASE-DEMO-0429,investigate,2026-07-08T17:20:44.022360Z,1,CSE-TELECOM-002-USR-01,workflow_events.csv#EV-CASE-DEMO-0429-1
EV-CASE-DEMO-0429-2,CSE-TELECOM-002,CASE-DEMO-0429,close,2026-07-08T19:51:28.044721Z,2,CSE-TELECOM-002-USR-01,workflow_events.csv#EV-CASE-DEMO-0429-2
EV-CASE-DEMO-0430-0,CSE-POWER-002,CASE-DEMO-0430,acknowledge,2026-07-13T09:16:00Z,0,CSE-POWER-002-USR-01,workflow_events.csv#EV-CASE-DEMO-0430-0
EV-CASE-DEMO-0430-1,CSE-POWER-002,CASE-DEMO-0430,investigate,2026-07-13T13:07:38.138901Z,1,CSE-POWER-002-USR-01,workflow_events.csv#EV-CASE-DEMO-0430-1
EV-CASE-DEMO-0430-2,CSE-POWER-002,CASE-DEMO-0430,close,2026-07-13T17:09:16.277802Z,2,CSE-POWER-002-USR-01,workflow_events.csv#EV-CASE-DEMO-0430-2
EV-CASE-DEMO-0431-0,CSE-FINANCE-001,CASE-DEMO-0431,acknowledge,2026-08-16T10:08:00Z,0,CSE-FINANCE-001-USR-01,workflow_events.csv#EV-CASE-DEMO-0431-0
EV-CASE-DEMO-0431-1,CSE-FINANCE-001,CASE-DEMO-0431,investigate,2026-08-16T15:57:20.171525Z,1,CSE-FINANCE-001-USR-01,workflow_events.csv#EV-CASE-DEMO-0431-1
EV-CASE-DEMO-0431-2,CSE-FINANCE-001,CASE-DEMO-0431,close,2026-08-16T21:56:40.343051Z,2,CSE-FINANCE-001-USR-01,workflow_events.csv#EV-CASE-DEMO-0431-2
EV-CASE-DEMO-0432-0,CSE-TELECOM-001,CASE-DEMO-0432,acknowledge,2026-07-23T05:08:00Z,0,CSE-TELECOM-001-USR-01,workflow_events.csv#EV-CASE-DEMO-0432-0
EV-CASE-DEMO-0432-1,CSE-TELECOM-001,CASE-DEMO-0432,investigate,2026-07-23T15:16:32.923783Z,1,CSE-TELECOM-001-USR-01,workflow_events.csv#EV-CASE-DEMO-0432-1
EV-CASE-DEMO-0432-2,CSE-TELECOM-001,CASE-DEMO-0432,close,2026-07-24T01:35:05.847565Z,2,CSE-TELECOM-001-USR-01,workflow_events.csv#EV-CASE-DEMO-0432-2
EV-CASE-DEMO-0433-0,CSE-POWER-001,CASE-DEMO-0433,acknowledge,2026-07-01T14:51:00Z,0,CSE-POWER-001-USR-01,workflow_events.csv#EV-CASE-DEMO-0433-0
EV-CASE-DEMO-0433-1,CSE-POWER-001,CASE-DEMO-0433,investigate,2026-07-02T00:18:20.306132Z,1,CSE-POWER-001-USR-01,workflow_events.csv#EV-CASE-DEMO-0433-1
EV-CASE-DEMO-0433-2,CSE-POWER-001,CASE-DEMO-0433,close,2026-07-02T09:55:40.612265Z,2,CSE-POWER-001-USR-01,workflow_events.csv#EV-CASE-DEMO-0433-2
EV-CASE-DEMO-0434-0,CSE-FINANCE-002,CASE-DEMO-0434,acknowledge,2026-07-06T23:00:00Z,0,CSE-FINANCE-002-USR-01,workflow_events.csv#EV-CASE-DEMO-0434-0
EV-CASE-DEMO-0434-1,CSE-FINANCE-002,CASE-DEMO-0434,investigate,2026-07-07T12:15:09.481574Z,1,CSE-FINANCE-002-USR-01,workflow_events.csv#EV-CASE-DEMO-0434-1
EV-CASE-DEMO-0434-2,CSE-FINANCE-002,CASE-DEMO-0434,close,2026-07-08T01:40:18.963147Z,2,CSE-FINANCE-002-USR-01,workflow_events.csv#EV-CASE-DEMO-0434-2
EV-CASE-DEMO-0435-0,CSE-TELECOM-002,CASE-DEMO-0435,acknowledge,2026-08-10T10:16:00Z,0,CSE-TELECOM-002-USR-01,workflow_events.csv#EV-CASE-DEMO-0435-0
EV-CASE-DEMO-0435-1,CSE-TELECOM-002,CASE-DEMO-0435,investigate,2026-08-10T13:02:44.614309Z,1,CSE-TELECOM-002-USR-01,workflow_events.csv#EV-CASE-DEMO-0435-1
EV-CASE-DEMO-0435-2,CSE-TELECOM-002,CASE-DEMO-0435,close,2026-08-10T15:59:29.228618Z,2,CSE-TELECOM-002-USR-01,workflow_events.csv#EV-CASE-DEMO-0435-2
EV-CASE-DEMO-0436-0,CSE-POWER-002,CASE-DEMO-0436,acknowledge,2026-08-25T02:07:00Z,0,CSE-POWER-002-USR-01,workflow_events.csv#EV-CASE-DEMO-0436-0
EV-CASE-DEMO-0436-1,CSE-POWER-002,CASE-DEMO-0436,investigate,2026-08-25T07:01:24.514537Z,1,CSE-POWER-002-USR-01,workflow_events.csv#EV-CASE-DEMO-0436-1
EV-CASE-DEMO-0436-2,CSE-POWER-002,CASE-DEMO-0436,close,2026-08-25T12:05:49.029073Z,2,CSE-POWER-002-USR-01,workflow_events.csv#EV-CASE-DEMO-0436-2
EV-CASE-DEMO-0437-0,CSE-FINANCE-001,CASE-DEMO-0437,acknowledge,2026-08-31T21:29:00Z,0,CSE-FINANCE-001-USR-01,workflow_events.csv#EV-CASE-DEMO-0437-0
EV-CASE-DEMO-0437-1,CSE-FINANCE-001,CASE-DEMO-0437,investigate,2026-09-01T07:40:16.043354Z,1,CSE-FINANCE-001-USR-01,workflow_events.csv#EV-CASE-DEMO-0437-1
EV-CASE-DEMO-0437-2,CSE-FINANCE-001,CASE-DEMO-0437,close,2026-09-01T18:01:32.086709Z,2,CSE-FINANCE-001-USR-01,workflow_events.csv#EV-CASE-DEMO-0437-2
EV-CASE-DEMO-0438-0,CSE-TELECOM-001,CASE-DEMO-0438,acknowledge,2026-07-25T23:20:00Z,0,CSE-TELECOM-001-USR-01,workflow_events.csv#EV-CASE-DEMO-0438-0
EV-CASE-DEMO-0438-1,CSE-TELECOM-001,CASE-DEMO-0438,investigate,2026-07-26T11:54:08.256312Z,1,CSE-TELECOM-001-USR-01,workflow_events.csv#EV-CASE-DEMO-0438-1
EV-CASE-DEMO-0438-2,CSE-TELECOM-001,CASE-DEMO-0438,close,2026-07-27T00:38:16.512624Z,2,CSE-TELECOM-001-USR-01,workflow_events.csv#EV-CASE-DEMO-0438-2
EV-CASE-DEMO-0439-0,CSE-POWER-001,CASE-DEMO-0439,acknowledge,2026-07-16T05:16:00Z,0,CSE-POWER-001-USR-01,workflow_events.csv#EV-CASE-DEMO-0439-0
EV-CASE-DEMO-0439-1,CSE-POWER-001,CASE-DEMO-0439,investigate,2026-07-16T19:59:08.166218Z,1,CSE-POWER-001-USR-01,workflow_events.csv#EV-CASE-DEMO-0439-1
EV-CASE-DEMO-0439-2,CSE-POWER-001,CASE-DEMO-0439,close,2026-07-17T10:52:16.332437Z,2,CSE-POWER-001-USR-01,workflow_events.csv#EV-CASE-DEMO-0439-2
EV-CASE-DEMO-0440-0,CSE-FINANCE-002,CASE-DEMO-0440,acknowledge,2026-08-19T01:45:00Z,0,CSE-FINANCE-002-USR-01,workflow_events.csv#EV-CASE-DEMO-0440-0
EV-CASE-DEMO-0440-1,CSE-FINANCE-002,CASE-DEMO-0440,investigate,2026-08-19T05:05:16.330023Z,1,CSE-FINANCE-002-USR-01,workflow_events.csv#EV-CASE-DEMO-0440-1
EV-CASE-DEMO-0440-2,CSE-FINANCE-002,CASE-DEMO-0440,close,2026-08-19T08:35:32.660046Z,2,CSE-FINANCE-002-USR-01,workflow_events.csv#EV-CASE-DEMO-0440-2
EV-CASE-DEMO-0441-0,CSE-TELECOM-002,CASE-DEMO-0441,acknowledge,2026-08-10T06:32:00Z,0,CSE-TELECOM-002-USR-01,workflow_events.csv#EV-CASE-DEMO-0441-0
EV-CASE-DEMO-0441-1,CSE-TELECOM-002,CASE-DEMO-0441,investigate,2026-08-10T12:36:15.802943Z,1,CSE-TELECOM-002-USR-01,workflow_events.csv#EV-CASE-DEMO-0441-1
EV-CASE-DEMO-0441-2,CSE-TELECOM-002,CASE-DEMO-0441,close,2026-08-10T18:50:31.605886Z,2,CSE-TELECOM-002-USR-01,workflow_events.csv#EV-CASE-DEMO-0441-2
EV-CASE-DEMO-0442-0,CSE-POWER-002,CASE-DEMO-0442,acknowledge,2026-08-17T16:20:00Z,0,CSE-POWER-002-USR-01,workflow_events.csv#EV-CASE-DEMO-0442-0
EV-CASE-DEMO-0442-1,CSE-POWER-002,CASE-DEMO-0442,investigate,2026-08-17T22:17:33.239489Z,1,CSE-POWER-002-USR-01,workflow_events.csv#EV-CASE-DEMO-0442-1
EV-CASE-DEMO-0442-2,CSE-POWER-002,CASE-DEMO-0442,close,2026-08-18T04:25:06.478978Z,2,CSE-POWER-002-USR-01,workflow_events.csv#EV-CASE-DEMO-0442-2
EV-CASE-DEMO-0443-0,CSE-FINANCE-001,CASE-DEMO-0443,acknowledge,2026-06-27T12:12:00Z,0,CSE-FINANCE-001-USR-01,workflow_events.csv#EV-CASE-DEMO-0443-0
EV-CASE-DEMO-0443-1,CSE-FINANCE-001,CASE-DEMO-0443,investigate,2026-06-27T16:44:30.495603Z,1,CSE-FINANCE-001-USR-01,workflow_events.csv#EV-CASE-DEMO-0443-1
EV-CASE-DEMO-0443-2,CSE-FINANCE-001,CASE-DEMO-0443,close,2026-06-27T21:27:00.991205Z,2,CSE-FINANCE-001-USR-01,workflow_events.csv#EV-CASE-DEMO-0443-2
EV-CASE-DEMO-0444-0,CSE-TELECOM-001,CASE-DEMO-0444,acknowledge,2026-07-14T04:38:00Z,0,CSE-TELECOM-001-USR-01,workflow_events.csv#EV-CASE-DEMO-0444-0
EV-CASE-DEMO-0444-1,CSE-TELECOM-001,CASE-DEMO-0444,investigate,2026-07-14T10:40:42.104588Z,1,CSE-TELECOM-001-USR-01,workflow_events.csv#EV-CASE-DEMO-0444-1
EV-CASE-DEMO-0444-2,CSE-TELECOM-001,CASE-DEMO-0444,close,2026-07-14T16:53:24.209176Z,2,CSE-TELECOM-001-USR-01,workflow_events.csv#EV-CASE-DEMO-0444-2
EV-CASE-DEMO-0445-0,CSE-POWER-001,CASE-DEMO-0445,acknowledge,2026-06-08T06:15:00Z,0,CSE-POWER-001-USR-01,workflow_events.csv#EV-CASE-DEMO-0445-0
EV-CASE-DEMO-0445-1,CSE-POWER-001,CASE-DEMO-0445,investigate,2026-06-08T14:19:48.766062Z,1,CSE-POWER-001-USR-01,workflow_events.csv#EV-CASE-DEMO-0445-1
EV-CASE-DEMO-0445-2,CSE-POWER-001,CASE-DEMO-0445,close,2026-06-08T22:34:37.532124Z,2,CSE-POWER-001-USR-01,workflow_events.csv#EV-CASE-DEMO-0445-2
EV-CASE-DEMO-0446-0,CSE-FINANCE-002,CASE-DEMO-0446,acknowledge,2026-07-20T21:54:00Z,0,CSE-FINANCE-002-USR-01,workflow_events.csv#EV-CASE-DEMO-0446-0
EV-CASE-DEMO-0446-1,CSE-FINANCE-002,CASE-DEMO-0446,investigate,2026-07-21T06:30:59.627264Z,1,CSE-FINANCE-002-USR-01,workflow_events.csv#EV-CASE-DEMO-0446-1
EV-CASE-DEMO-0446-2,CSE-FINANCE-002,CASE-DEMO-0446,close,2026-07-21T15:17:59.254528Z,2,CSE-FINANCE-002-USR-01,workflow_events.csv#EV-CASE-DEMO-0446-2
EV-CASE-DEMO-0447-0,CSE-TELECOM-002,CASE-DEMO-0447,acknowledge,2026-06-03T07:52:00Z,0,CSE-TELECOM-002-USR-01,workflow_events.csv#EV-CASE-DEMO-0447-0
EV-CASE-DEMO-0447-1,CSE-TELECOM-002,CASE-DEMO-0447,investigate,2026-06-03T17:56:03.955356Z,1,CSE-TELECOM-002-USR-01,workflow_events.csv#EV-CASE-DEMO-0447-1
EV-CASE-DEMO-0447-2,CSE-TELECOM-002,CASE-DEMO-0447,close,2026-06-04T04:10:07.910712Z,2,CSE-TELECOM-002-USR-01,workflow_events.csv#EV-CASE-DEMO-0447-2
EV-CASE-DEMO-0448-0,CSE-POWER-002,CASE-DEMO-0448,acknowledge,2026-08-30T00:36:00Z,0,CSE-POWER-002-USR-01,workflow_events.csv#EV-CASE-DEMO-0448-0
EV-CASE-DEMO-0448-1,CSE-POWER-002,CASE-DEMO-0448,investigate,2026-08-30T07:58:01.956536Z,1,CSE-POWER-002-USR-01,workflow_events.csv#EV-CASE-DEMO-0448-1
EV-CASE-DEMO-0448-2,CSE-POWER-002,CASE-DEMO-0448,close,2026-08-30T15:30:03.913072Z,2,CSE-POWER-002-USR-01,workflow_events.csv#EV-CASE-DEMO-0448-2
EV-CASE-DEMO-0449-0,CSE-FINANCE-001,CASE-DEMO-0449,acknowledge,2026-06-11T05:44:00Z,0,CSE-FINANCE-001-USR-01,workflow_events.csv#EV-CASE-DEMO-0449-0
EV-CASE-DEMO-0449-1,CSE-FINANCE-001,CASE-DEMO-0449,investigate,2026-06-11T17:09:45.659290Z,1,CSE-FINANCE-001-USR-01,workflow_events.csv#EV-CASE-DEMO-0449-1
EV-CASE-DEMO-0449-2,CSE-FINANCE-001,CASE-DEMO-0449,close,2026-06-12T04:45:31.318579Z,2,CSE-FINANCE-001-USR-01,workflow_events.csv#EV-CASE-DEMO-0449-2
EV-CASE-DEMO-0450-0,CSE-TELECOM-001,CASE-DEMO-0450,acknowledge,2026-06-07T15:40:00Z,0,CSE-TELECOM-001-USR-01,workflow_events.csv#EV-CASE-DEMO-0450-0
EV-CASE-DEMO-0450-1,CSE-TELECOM-001,CASE-DEMO-0450,investigate,2026-06-08T02:21:57.363103Z,1,CSE-TELECOM-001-USR-01,workflow_events.csv#EV-CASE-DEMO-0450-1
EV-CASE-DEMO-0450-2,CSE-TELECOM-001,CASE-DEMO-0450,close,2026-06-08T13:13:54.726207Z,2,CSE-TELECOM-001-USR-01,workflow_events.csv#EV-CASE-DEMO-0450-2
EV-CASE-DEMO-0451-0,CSE-POWER-001,CASE-DEMO-0451,acknowledge,2026-06-27T06:56:00Z,0,CSE-POWER-001-USR-01,workflow_events.csv#EV-CASE-DEMO-0451-0
EV-CASE-DEMO-0451-1,CSE-POWER-001,CASE-DEMO-0451,investigate,2026-06-27T12:27:26.963643Z,1,CSE-POWER-001-USR-01,workflow_events.csv#EV-CASE-DEMO-0451-1
EV-CASE-DEMO-0451-2,CSE-POWER-001,CASE-DEMO-0451,close,2026-06-27T18:08:53.927286Z,2,CSE-POWER-001-USR-01,workflow_events.csv#EV-CASE-DEMO-0451-2
EV-CASE-DEMO-0452-0,CSE-FINANCE-002,CASE-DEMO-0452,acknowledge,2026-08-26T23:38:00Z,0,CSE-FINANCE-002-USR-01,workflow_events.csv#EV-CASE-DEMO-0452-0
EV-CASE-DEMO-0452-1,CSE-FINANCE-002,CASE-DEMO-0452,investigate,2026-08-27T05:09:48.187028Z,1,CSE-FINANCE-002-USR-01,workflow_events.csv#EV-CASE-DEMO-0452-1
EV-CASE-DEMO-0452-2,CSE-FINANCE-002,CASE-DEMO-0452,close,2026-08-27T10:51:36.374055Z,2,CSE-FINANCE-002-USR-01,workflow_events.csv#EV-CASE-DEMO-0452-2
EV-CASE-DEMO-0453-0,CSE-TELECOM-002,CASE-DEMO-0453,acknowledge,2026-07-20T01:19:00Z,0,CSE-TELECOM-002-USR-01,workflow_events.csv#EV-CASE-DEMO-0453-0
EV-CASE-DEMO-0453-1,CSE-TELECOM-002,CASE-DEMO-0453,investigate,2026-07-20T09:54:27.061741Z,1,CSE-TELECOM-002-USR-01,workflow_events.csv#EV-CASE-DEMO-0453-1
EV-CASE-DEMO-0453-2,CSE-TELECOM-002,CASE-DEMO-0453,close,2026-07-20T18:39:54.123482Z,2,CSE-TELECOM-002-USR-01,workflow_events.csv#EV-CASE-DEMO-0453-2
EV-CASE-DEMO-0454-0,CSE-POWER-002,CASE-DEMO-0454,acknowledge,2026-07-22T15:08:00Z,0,CSE-POWER-002-USR-01,workflow_events.csv#EV-CASE-DEMO-0454-0
EV-CASE-DEMO-0454-1,CSE-POWER-002,CASE-DEMO-0454,investigate,2026-07-23T00:59:11.320983Z,1,CSE-POWER-002-USR-01,workflow_events.csv#EV-CASE-DEMO-0454-1
EV-CASE-DEMO-0454-2,CSE-POWER-002,CASE-DEMO-0454,close,2026-07-23T11:00:22.641966Z,2,CSE-POWER-002-USR-01,workflow_events.csv#EV-CASE-DEMO-0454-2
EV-CASE-DEMO-0455-0,CSE-FINANCE-001,CASE-DEMO-0455,acknowledge,2026-07-11T04:12:00Z,0,CSE-FINANCE-001-USR-01,workflow_events.csv#EV-CASE-DEMO-0455-0
EV-CASE-DEMO-0455-1,CSE-FINANCE-001,CASE-DEMO-0455,investigate,2026-07-11T11:02:56.640224Z,1,CSE-FINANCE-001-USR-01,workflow_events.csv#EV-CASE-DEMO-0455-1
EV-CASE-DEMO-0455-2,CSE-FINANCE-001,CASE-DEMO-0455,close,2026-07-11T18:03:53.280449Z,2,CSE-FINANCE-001-USR-01,workflow_events.csv#EV-CASE-DEMO-0455-2
EV-CASE-DEMO-0456-0,CSE-TELECOM-001,CASE-DEMO-0456,acknowledge,2026-08-09T06:25:00Z,0,CSE-TELECOM-001-USR-01,workflow_events.csv#EV-CASE-DEMO-0456-0
EV-CASE-DEMO-0456-1,CSE-TELECOM-001,CASE-DEMO-0456,investigate,2026-08-09T16:18:34.234121Z,1,CSE-TELECOM-001-USR-01,workflow_events.csv#EV-CASE-DEMO-0456-1
EV-CASE-DEMO-0456-2,CSE-TELECOM-001,CASE-DEMO-0456,close,2026-08-10T02:22:08.468242Z,2,CSE-TELECOM-001-USR-01,workflow_events.csv#EV-CASE-DEMO-0456-2
EV-CASE-DEMO-0457-0,CSE-POWER-001,CASE-DEMO-0457,acknowledge,2026-06-28T06:31:00Z,0,CSE-POWER-001-USR-01,workflow_events.csv#EV-CASE-DEMO-0457-0
EV-CASE-DEMO-0457-1,CSE-POWER-001,CASE-DEMO-0457,investigate,2026-06-28T17:40:03.315233Z,1,CSE-POWER-001-USR-01,workflow_events.csv#EV-CASE-DEMO-0457-1
EV-CASE-DEMO-0457-2,CSE-POWER-001,CASE-DEMO-0457,close,2026-06-29T04:59:06.630466Z,2,CSE-POWER-001-USR-01,workflow_events.csv#EV-CASE-DEMO-0457-2
EV-CASE-DEMO-0458-0,CSE-FINANCE-002,CASE-DEMO-0458,acknowledge,2026-06-22T13:30:00Z,0,CSE-FINANCE-002-USR-01,workflow_events.csv#EV-CASE-DEMO-0458-0
EV-CASE-DEMO-0458-1,CSE-FINANCE-002,CASE-DEMO-0458,investigate,2026-06-22T17:12:22.587380Z,1,CSE-FINANCE-002-USR-01,workflow_events.csv#EV-CASE-DEMO-0458-1
EV-CASE-DEMO-0458-2,CSE-FINANCE-002,CASE-DEMO-0458,close,2026-06-22T21:04:45.174760Z,2,CSE-FINANCE-002-USR-01,workflow_events.csv#EV-CASE-DEMO-0458-2
EV-CASE-DEMO-0459-0,CSE-TELECOM-002,CASE-DEMO-0459,acknowledge,2026-06-22T06:29:00Z,0,CSE-TELECOM-002-USR-01,workflow_events.csv#EV-CASE-DEMO-0459-0
EV-CASE-DEMO-0459-1,CSE-TELECOM-002,CASE-DEMO-0459,investigate,2026-06-22T20:50:12.858937Z,1,CSE-TELECOM-002-USR-01,workflow_events.csv#EV-CASE-DEMO-0459-1
EV-CASE-DEMO-0459-2,CSE-TELECOM-002,CASE-DEMO-0459,close,2026-06-23T11:21:25.717874Z,2,CSE-TELECOM-002-USR-01,workflow_events.csv#EV-CASE-DEMO-0459-2
EV-CASE-DEMO-0460-0,CSE-POWER-002,CASE-DEMO-0460,acknowledge,2026-08-13T17:50:00Z,0,CSE-POWER-002-USR-01,workflow_events.csv#EV-CASE-DEMO-0460-0
EV-CASE-DEMO-0460-1,CSE-POWER-002,CASE-DEMO-0460,investigate,2026-08-14T04:38:28.878785Z,1,CSE-POWER-002-USR-01,workflow_events.csv#EV-CASE-DEMO-0460-1
EV-CASE-DEMO-0460-2,CSE-POWER-002,CASE-DEMO-0460,close,2026-08-14T15:36:57.757570Z,2,CSE-POWER-002-USR-01,workflow_events.csv#EV-CASE-DEMO-0460-2
EV-CASE-DEMO-0461-0,CSE-FINANCE-001,CASE-DEMO-0461,acknowledge,2026-08-15T05:38:00Z,0,CSE-FINANCE-001-USR-01,workflow_events.csv#EV-CASE-DEMO-0461-0
EV-CASE-DEMO-0461-1,CSE-FINANCE-001,CASE-DEMO-0461,investigate,2026-08-15T19:38:35.366201Z,1,CSE-FINANCE-001-USR-01,workflow_events.csv#EV-CASE-DEMO-0461-1
EV-CASE-DEMO-0461-2,CSE-FINANCE-001,CASE-DEMO-0461,close,2026-08-16T09:49:10.732403Z,2,CSE-FINANCE-001-USR-01,workflow_events.csv#EV-CASE-DEMO-0461-2
EV-CASE-DEMO-0462-0,CSE-TELECOM-001,CASE-DEMO-0462,acknowledge,2026-06-13T11:48:00Z,0,CSE-TELECOM-001-USR-01,workflow_events.csv#EV-CASE-DEMO-0462-0
EV-CASE-DEMO-0462-1,CSE-TELECOM-001,CASE-DEMO-0462,investigate,2026-06-13T19:07:59.785231Z,1,CSE-TELECOM-001-USR-01,workflow_events.csv#EV-CASE-DEMO-0462-1
EV-CASE-DEMO-0462-2,CSE-TELECOM-001,CASE-DEMO-0462,close,2026-06-14T02:37:59.570462Z,2,CSE-TELECOM-001-USR-01,workflow_events.csv#EV-CASE-DEMO-0462-2
EV-CASE-DEMO-0463-0,CSE-POWER-001,CASE-DEMO-0463,acknowledge,2026-07-30T13:31:00Z,0,CSE-POWER-001-USR-01,workflow_events.csv#EV-CASE-DEMO-0463-0
EV-CASE-DEMO-0463-1,CSE-POWER-001,CASE-DEMO-0463,investigate,2026-07-31T03:02:07.058282Z,1,CSE-POWER-001-USR-01,workflow_events.csv#EV-CASE-DEMO-0463-1
EV-CASE-DEMO-0463-2,CSE-POWER-001,CASE-DEMO-0463,close,2026-07-31T16:43:14.116564Z,2,CSE-POWER-001-USR-01,workflow_events.csv#EV-CASE-DEMO-0463-2
EV-CASE-DEMO-0464-0,CSE-FINANCE-002,CASE-DEMO-0464,acknowledge,2026-07-15T12:01:00Z,0,CSE-FINANCE-002-USR-01,workflow_events.csv#EV-CASE-DEMO-0464-0
EV-CASE-DEMO-0464-1,CSE-FINANCE-002,CASE-DEMO-0464,investigate,2026-07-16T00:06:17.133837Z,1,CSE-FINANCE-002-USR-01,workflow_events.csv#EV-CASE-DEMO-0464-1
EV-CASE-DEMO-0464-2,CSE-FINANCE-002,CASE-DEMO-0464,close,2026-07-16T12:21:34.267674Z,2,CSE-FINANCE-002-USR-01,workflow_events.csv#EV-CASE-DEMO-0464-2
EV-CASE-DEMO-0465-0,CSE-TELECOM-002,CASE-DEMO-0465,acknowledge,2026-06-05T05:01:00Z,0,CSE-TELECOM-002-USR-01,workflow_events.csv#EV-CASE-DEMO-0465-0
EV-CASE-DEMO-0465-1,CSE-TELECOM-002,CASE-DEMO-0465,investigate,2026-06-05T16:12:06.084659Z,1,CSE-TELECOM-002-USR-01,workflow_events.csv#EV-CASE-DEMO-0465-1
EV-CASE-DEMO-0465-2,CSE-TELECOM-002,CASE-DEMO-0465,close,2026-06-06T03:33:12.169319Z,2,CSE-TELECOM-002-USR-01,workflow_events.csv#EV-CASE-DEMO-0465-2
EV-CASE-DEMO-0466-0,CSE-POWER-002,CASE-DEMO-0466,acknowledge,2026-08-27T03:49:00Z,0,CSE-POWER-002-USR-01,workflow_events.csv#EV-CASE-DEMO-0466-0
EV-CASE-DEMO-0466-1,CSE-POWER-002,CASE-DEMO-0466,investigate,2026-08-27T09:27:16.871335Z,1,CSE-POWER-002-USR-01,workflow_events.csv#EV-CASE-DEMO-0466-1
EV-CASE-DEMO-0466-2,CSE-POWER-002,CASE-DEMO-0466,close,2026-08-27T15:15:33.742670Z,2,CSE-POWER-002-USR-01,workflow_events.csv#EV-CASE-DEMO-0466-2
EV-CASE-DEMO-0467-0,CSE-FINANCE-001,CASE-DEMO-0467,acknowledge,2026-08-02T06:55:00Z,0,CSE-FINANCE-001-USR-01,workflow_events.csv#EV-CASE-DEMO-0467-0
EV-CASE-DEMO-0467-1,CSE-FINANCE-001,CASE-DEMO-0467,investigate,2026-08-02T14:07:21.478379Z,1,CSE-FINANCE-001-USR-01,workflow_events.csv#EV-CASE-DEMO-0467-1
EV-CASE-DEMO-0467-2,CSE-FINANCE-001,CASE-DEMO-0467,close,2026-08-02T21:29:42.956758Z,2,CSE-FINANCE-001-USR-01,workflow_events.csv#EV-CASE-DEMO-0467-2
EV-CASE-DEMO-0468-0,CSE-TELECOM-001,CASE-DEMO-0468,acknowledge,2026-06-26T10:58:00Z,0,CSE-TELECOM-001-USR-01,workflow_events.csv#EV-CASE-DEMO-0468-0
EV-CASE-DEMO-0468-1,CSE-TELECOM-001,CASE-DEMO-0468,investigate,2026-06-26T22:30:34.925217Z,1,CSE-TELECOM-001-USR-01,workflow_events.csv#EV-CASE-DEMO-0468-1
EV-CASE-DEMO-0468-2,CSE-TELECOM-001,CASE-DEMO-0468,close,2026-06-27T10:13:09.850435Z,2,CSE-TELECOM-001-USR-01,workflow_events.csv#EV-CASE-DEMO-0468-2
EV-CASE-DEMO-0469-0,CSE-POWER-001,CASE-DEMO-0469,acknowledge,2026-06-23T02:13:00Z,0,CSE-POWER-001-USR-01,workflow_events.csv#EV-CASE-DEMO-0469-0
EV-CASE-DEMO-0469-1,CSE-POWER-001,CASE-DEMO-0469,investigate,2026-06-23T05:44:11.671024Z,1,CSE-POWER-001-USR-01,workflow_events.csv#EV-CASE-DEMO-0469-1
EV-CASE-DEMO-0469-2,CSE-POWER-001,CASE-DEMO-0469,close,2026-06-23T09:25:23.342047Z,2,CSE-POWER-001-USR-01,workflow_events.csv#EV-CASE-DEMO-0469-2
EV-CASE-DEMO-0470-0,CSE-FINANCE-002,CASE-DEMO-0470,acknowledge,2026-07-30T11:57:00Z,0,CSE-FINANCE-002-USR-01,workflow_events.csv#EV-CASE-DEMO-0470-0
EV-CASE-DEMO-0470-1,CSE-FINANCE-002,CASE-DEMO-0470,investigate,2026-07-31T00:46:51.080145Z,1,CSE-FINANCE-002-USR-01,workflow_events.csv#EV-CASE-DEMO-0470-1
EV-CASE-DEMO-0470-2,CSE-FINANCE-002,CASE-DEMO-0470,close,2026-07-31T13:46:42.160290Z,2,CSE-FINANCE-002-USR-01,workflow_events.csv#EV-CASE-DEMO-0470-2
EV-CASE-DEMO-0471-0,CSE-TELECOM-002,CASE-DEMO-0471,acknowledge,2026-08-01T14:19:00Z,0,CSE-TELECOM-002-USR-01,workflow_events.csv#EV-CASE-DEMO-0471-0
EV-CASE-DEMO-0471-1,CSE-TELECOM-002,CASE-DEMO-0471,investigate,2026-08-02T04:57:08.170738Z,1,CSE-TELECOM-002-USR-01,workflow_events.csv#EV-CASE-DEMO-0471-1
EV-CASE-DEMO-0471-2,CSE-TELECOM-002,CASE-DEMO-0471,close,2026-08-02T19:45:16.341477Z,2,CSE-TELECOM-002-USR-01,workflow_events.csv#EV-CASE-DEMO-0471-2
EV-CASE-DEMO-0472-0,CSE-POWER-002,CASE-DEMO-0472,acknowledge,2026-07-23T15:19:00Z,0,CSE-POWER-002-USR-01,workflow_events.csv#EV-CASE-DEMO-0472-0
EV-CASE-DEMO-0472-1,CSE-POWER-002,CASE-DEMO-0472,investigate,2026-07-24T02:17:52.425656Z,1,CSE-POWER-002-USR-01,workflow_events.csv#EV-CASE-DEMO-0472-1
EV-CASE-DEMO-0472-2,CSE-POWER-002,CASE-DEMO-0472,close,2026-07-24T13:26:44.851312Z,2,CSE-POWER-002-USR-01,workflow_events.csv#EV-CASE-DEMO-0472-2
EV-CASE-DEMO-0473-0,CSE-FINANCE-001,CASE-DEMO-0473,acknowledge,2026-06-16T02:30:00Z,0,CSE-FINANCE-001-USR-01,workflow_events.csv#EV-CASE-DEMO-0473-0
EV-CASE-DEMO-0473-1,CSE-FINANCE-001,CASE-DEMO-0473,investigate,2026-06-16T16:17:00.483634Z,1,CSE-FINANCE-001-USR-01,workflow_events.csv#EV-CASE-DEMO-0473-1
EV-CASE-DEMO-0473-2,CSE-FINANCE-001,CASE-DEMO-0473,close,2026-06-17T06:14:00.967269Z,2,CSE-FINANCE-001-USR-01,workflow_events.csv#EV-CASE-DEMO-0473-2
EV-CASE-DEMO-0474-0,CSE-TELECOM-001,CASE-DEMO-0474,acknowledge,2026-07-09T10:56:00Z,0,CSE-TELECOM-001-USR-01,workflow_events.csv#EV-CASE-DEMO-0474-0
EV-CASE-DEMO-0474-1,CSE-TELECOM-001,CASE-DEMO-0474,investigate,2026-07-09T16:30:34.340774Z,1,CSE-TELECOM-001-USR-01,workflow_events.csv#EV-CASE-DEMO-0474-1
EV-CASE-DEMO-0474-2,CSE-TELECOM-001,CASE-DEMO-0474,close,2026-07-09T22:15:08.681548Z,2,CSE-TELECOM-001-USR-01,workflow_events.csv#EV-CASE-DEMO-0474-2
EV-CASE-DEMO-0475-0,CSE-POWER-001,CASE-DEMO-0475,acknowledge,2026-08-31T07:07:00Z,0,CSE-POWER-001-USR-01,workflow_events.csv#EV-CASE-DEMO-0475-0
EV-CASE-DEMO-0475-1,CSE-POWER-001,CASE-DEMO-0475,investigate,2026-08-31T21:17:46.107731Z,1,CSE-POWER-001-USR-01,workflow_events.csv#EV-CASE-DEMO-0475-1
EV-CASE-DEMO-0475-2,CSE-POWER-001,CASE-DEMO-0475,close,2026-09-01T11:38:32.215462Z,2,CSE-POWER-001-USR-01,workflow_events.csv#EV-CASE-DEMO-0475-2
EV-CASE-DEMO-0476-0,CSE-FINANCE-002,CASE-DEMO-0476,acknowledge,2026-07-14T02:43:00Z,0,CSE-FINANCE-002-USR-01,workflow_events.csv#EV-CASE-DEMO-0476-0
EV-CASE-DEMO-0476-1,CSE-FINANCE-002,CASE-DEMO-0476,investigate,2026-07-14T05:27:16.962575Z,1,CSE-FINANCE-002-USR-01,workflow_events.csv#EV-CASE-DEMO-0476-1
EV-CASE-DEMO-0476-2,CSE-FINANCE-002,CASE-DEMO-0476,close,2026-07-14T08:21:33.925150Z,2,CSE-FINANCE-002-USR-01,workflow_events.csv#EV-CASE-DEMO-0476-2
EV-CASE-DEMO-0477-0,CSE-TELECOM-002,CASE-DEMO-0477,acknowledge,2026-08-03T17:19:00Z,0,CSE-TELECOM-002-USR-01,workflow_events.csv#EV-CASE-DEMO-0477-0
EV-CASE-DEMO-0477-1,CSE-TELECOM-002,CASE-DEMO-0477,investigate,2026-08-03T21:59:22.928295Z,1,CSE-TELECOM-002-USR-01,workflow_events.csv#EV-CASE-DEMO-0477-1
EV-CASE-DEMO-0477-2,CSE-TELECOM-002,CASE-DEMO-0477,close,2026-08-04T02:49:45.856590Z,2,CSE-TELECOM-002-USR-01,workflow_events.csv#EV-CASE-DEMO-0477-2
EV-CASE-DEMO-0478-0,CSE-POWER-002,CASE-DEMO-0478,acknowledge,2026-08-31T00:29:00Z,0,CSE-POWER-002-USR-01,workflow_events.csv#EV-CASE-DEMO-0478-0
EV-CASE-DEMO-0478-1,CSE-POWER-002,CASE-DEMO-0478,investigate,2026-08-31T12:53:34.947057Z,1,CSE-POWER-002-USR-01,workflow_events.csv#EV-CASE-DEMO-0478-1
EV-CASE-DEMO-0478-2,CSE-POWER-002,CASE-DEMO-0478,close,2026-09-01T01:28:09.894114Z,2,CSE-POWER-002-USR-01,workflow_events.csv#EV-CASE-DEMO-0478-2
EV-CASE-DEMO-0479-0,CSE-FINANCE-001,CASE-DEMO-0479,acknowledge,2026-07-08T06:55:00Z,0,CSE-FINANCE-001-USR-01,workflow_events.csv#EV-CASE-DEMO-0479-0
EV-CASE-DEMO-0479-1,CSE-FINANCE-001,CASE-DEMO-0479,investigate,2026-07-08T17:56:54.079251Z,1,CSE-FINANCE-001-USR-01,workflow_events.csv#EV-CASE-DEMO-0479-1
EV-CASE-DEMO-0479-2,CSE-FINANCE-001,CASE-DEMO-0479,close,2026-07-09T05:08:48.158501Z,2,CSE-FINANCE-001-USR-01,workflow_events.csv#EV-CASE-DEMO-0479-2
EV-CASE-DEMO-0480-0,CSE-TELECOM-001,CASE-DEMO-0480,acknowledge,2026-07-23T05:30:00Z,0,CSE-TELECOM-001-USR-01,workflow_events.csv#EV-CASE-DEMO-0480-0
EV-CASE-DEMO-0480-1,CSE-TELECOM-001,CASE-DEMO-0480,investigate,2026-07-23T17:50:01.724382Z,1,CSE-TELECOM-001-USR-01,workflow_events.csv#EV-CASE-DEMO-0480-1
EV-CASE-DEMO-0480-2,CSE-TELECOM-001,CASE-DEMO-0480,close,2026-07-24T06:20:03.448764Z,2,CSE-TELECOM-001-USR-01,workflow_events.csv#EV-CASE-DEMO-0480-2
EV-CASE-DEMO-0481-0,CSE-POWER-001,CASE-DEMO-0481,acknowledge,2026-07-19T11:31:00Z,0,CSE-POWER-001-USR-01,workflow_events.csv#EV-CASE-DEMO-0481-0
EV-CASE-DEMO-0481-1,CSE-POWER-001,CASE-DEMO-0481,investigate,2026-07-19T14:43:34.304156Z,1,CSE-POWER-001-USR-01,workflow_events.csv#EV-CASE-DEMO-0481-1
EV-CASE-DEMO-0481-2,CSE-POWER-001,CASE-DEMO-0481,close,2026-07-19T18:06:08.608313Z,2,CSE-POWER-001-USR-01,workflow_events.csv#EV-CASE-DEMO-0481-2
EV-CASE-DEMO-0482-0,CSE-FINANCE-002,CASE-DEMO-0482,acknowledge,2026-07-03T01:51:00Z,0,CSE-FINANCE-002-USR-01,workflow_events.csv#EV-CASE-DEMO-0482-0
EV-CASE-DEMO-0482-1,CSE-FINANCE-002,CASE-DEMO-0482,investigate,2026-07-03T05:25:18.366791Z,1,CSE-FINANCE-002-USR-01,workflow_events.csv#EV-CASE-DEMO-0482-1
EV-CASE-DEMO-0482-2,CSE-FINANCE-002,CASE-DEMO-0482,close,2026-07-03T09:09:36.733582Z,2,CSE-FINANCE-002-USR-01,workflow_events.csv#EV-CASE-DEMO-0482-2
EV-CASE-DEMO-0483-0,CSE-TELECOM-002,CASE-DEMO-0483,acknowledge,2026-07-10T15:11:00Z,0,CSE-TELECOM-002-USR-01,workflow_events.csv#EV-CASE-DEMO-0483-0
EV-CASE-DEMO-0483-1,CSE-TELECOM-002,CASE-DEMO-0483,investigate,2026-07-11T03:53:20.649385Z,1,CSE-TELECOM-002-USR-01,workflow_events.csv#EV-CASE-DEMO-0483-1
EV-CASE-DEMO-0483-2,CSE-TELECOM-002,CASE-DEMO-0483,close,2026-07-11T16:45:41.298771Z,2,CSE-TELECOM-002-USR-01,workflow_events.csv#EV-CASE-DEMO-0483-2
EV-CASE-DEMO-0484-0,CSE-POWER-002,CASE-DEMO-0484,acknowledge,2026-06-03T20:57:00Z,0,CSE-POWER-002-USR-01,workflow_events.csv#EV-CASE-DEMO-0484-0
EV-CASE-DEMO-0484-1,CSE-POWER-002,CASE-DEMO-0484,investigate,2026-06-04T00:25:30.625611Z,1,CSE-POWER-002-USR-01,workflow_events.csv#EV-CASE-DEMO-0484-1
EV-CASE-DEMO-0484-2,CSE-POWER-002,CASE-DEMO-0484,close,2026-06-04T04:04:01.251222Z,2,CSE-POWER-002-USR-01,workflow_events.csv#EV-CASE-DEMO-0484-2
EV-CASE-DEMO-0485-0,CSE-FINANCE-001,CASE-DEMO-0485,acknowledge,2026-06-29T05:17:00Z,0,CSE-FINANCE-001-USR-01,workflow_events.csv#EV-CASE-DEMO-0485-0
EV-CASE-DEMO-0485-1,CSE-FINANCE-001,CASE-DEMO-0485,investigate,2026-06-29T15:00:07.908327Z,1,CSE-FINANCE-001-USR-01,workflow_events.csv#EV-CASE-DEMO-0485-1
EV-CASE-DEMO-0485-2,CSE-FINANCE-001,CASE-DEMO-0485,close,2026-06-30T00:53:15.816654Z,2,CSE-FINANCE-001-USR-01,workflow_events.csv#EV-CASE-DEMO-0485-2
EV-CASE-DEMO-0486-0,CSE-TELECOM-001,CASE-DEMO-0486,acknowledge,2026-06-30T16:11:00Z,0,CSE-TELECOM-001-USR-01,workflow_events.csv#EV-CASE-DEMO-0486-0
EV-CASE-DEMO-0486-1,CSE-TELECOM-001,CASE-DEMO-0486,investigate,2026-07-01T05:26:21.476276Z,1,CSE-TELECOM-001-USR-01,workflow_events.csv#EV-CASE-DEMO-0486-1
EV-CASE-DEMO-0486-2,CSE-TELECOM-001,CASE-DEMO-0486,close,2026-07-01T18:51:42.952552Z,2,CSE-TELECOM-001-USR-01,workflow_events.csv#EV-CASE-DEMO-0486-2
EV-CASE-DEMO-0487-0,CSE-POWER-001,CASE-DEMO-0487,acknowledge,2026-06-12T19:16:00Z,0,CSE-POWER-001-USR-01,workflow_events.csv#EV-CASE-DEMO-0487-0
EV-CASE-DEMO-0487-1,CSE-POWER-001,CASE-DEMO-0487,investigate,2026-06-13T05:29:12.921248Z,1,CSE-POWER-001-USR-01,workflow_events.csv#EV-CASE-DEMO-0487-1
EV-CASE-DEMO-0487-2,CSE-POWER-001,CASE-DEMO-0487,close,2026-06-13T15:52:25.842495Z,2,CSE-POWER-001-USR-01,workflow_events.csv#EV-CASE-DEMO-0487-2
EV-CASE-DEMO-0488-0,CSE-FINANCE-002,CASE-DEMO-0488,acknowledge,2026-07-08T13:51:00Z,0,CSE-FINANCE-002-USR-01,workflow_events.csv#EV-CASE-DEMO-0488-0
EV-CASE-DEMO-0488-1,CSE-FINANCE-002,CASE-DEMO-0488,investigate,2026-07-08T23:49:59.479860Z,1,CSE-FINANCE-002-USR-01,workflow_events.csv#EV-CASE-DEMO-0488-1
EV-CASE-DEMO-0488-2,CSE-FINANCE-002,CASE-DEMO-0488,close,2026-07-09T09:58:58.959719Z,2,CSE-FINANCE-002-USR-01,workflow_events.csv#EV-CASE-DEMO-0488-2
EV-CASE-DEMO-0489-0,CSE-TELECOM-002,CASE-DEMO-0489,acknowledge,2026-07-07T00:54:00Z,0,CSE-TELECOM-002-USR-01,workflow_events.csv#EV-CASE-DEMO-0489-0
EV-CASE-DEMO-0489-1,CSE-TELECOM-002,CASE-DEMO-0489,investigate,2026-07-07T10:50:46.375780Z,1,CSE-TELECOM-002-USR-01,workflow_events.csv#EV-CASE-DEMO-0489-1
EV-CASE-DEMO-0489-2,CSE-TELECOM-002,CASE-DEMO-0489,close,2026-07-07T20:57:32.751560Z,2,CSE-TELECOM-002-USR-01,workflow_events.csv#EV-CASE-DEMO-0489-2
EV-CASE-DEMO-0490-0,CSE-POWER-002,CASE-DEMO-0490,acknowledge,2026-07-08T22:28:00Z,0,CSE-POWER-002-USR-01,workflow_events.csv#EV-CASE-DEMO-0490-0
EV-CASE-DEMO-0490-1,CSE-POWER-002,CASE-DEMO-0490,investigate,2026-07-09T01:04:00.474182Z,1,CSE-POWER-002-USR-01,workflow_events.csv#EV-CASE-DEMO-0490-1
EV-CASE-DEMO-0490-2,CSE-POWER-002,CASE-DEMO-0490,close,2026-07-09T03:50:00.948363Z,2,CSE-POWER-002-USR-01,workflow_events.csv#EV-CASE-DEMO-0490-2
EV-CASE-DEMO-0491-0,CSE-FINANCE-001,CASE-DEMO-0491,acknowledge,2026-07-20T15:02:00Z,0,CSE-FINANCE-001-USR-01,workflow_events.csv#EV-CASE-DEMO-0491-0
EV-CASE-DEMO-0491-1,CSE-FINANCE-001,CASE-DEMO-0491,investigate,2026-07-21T02:27:52.273825Z,1,CSE-FINANCE-001-USR-01,workflow_events.csv#EV-CASE-DEMO-0491-1
EV-CASE-DEMO-0491-2,CSE-FINANCE-001,CASE-DEMO-0491,close,2026-07-21T14:03:44.547649Z,2,CSE-FINANCE-001-USR-01,workflow_events.csv#EV-CASE-DEMO-0491-2
EV-CASE-DEMO-0492-0,CSE-TELECOM-001,CASE-DEMO-0492,acknowledge,2026-07-25T11:37:00Z,0,CSE-TELECOM-001-USR-01,workflow_events.csv#EV-CASE-DEMO-0492-0
EV-CASE-DEMO-0492-1,CSE-TELECOM-001,CASE-DEMO-0492,investigate,2026-07-26T00:57:40.563829Z,1,CSE-TELECOM-001-USR-01,workflow_events.csv#EV-CASE-DEMO-0492-1
EV-CASE-DEMO-0492-2,CSE-TELECOM-001,CASE-DEMO-0492,close,2026-07-26T14:28:21.127659Z,2,CSE-TELECOM-001-USR-01,workflow_events.csv#EV-CASE-DEMO-0492-2
EV-CASE-DEMO-0493-0,CSE-POWER-001,CASE-DEMO-0493,acknowledge,2026-06-20T07:02:00Z,0,CSE-POWER-001-USR-01,workflow_events.csv#EV-CASE-DEMO-0493-0
EV-CASE-DEMO-0493-1,CSE-POWER-001,CASE-DEMO-0493,investigate,2026-06-20T15:37:16.839879Z,1,CSE-POWER-001-USR-01,workflow_events.csv#EV-CASE-DEMO-0493-1
EV-CASE-DEMO-0493-2,CSE-POWER-001,CASE-DEMO-0493,close,2026-06-21T00:22:33.679757Z,2,CSE-POWER-001-USR-01,workflow_events.csv#EV-CASE-DEMO-0493-2
EV-CASE-DEMO-0494-0,CSE-FINANCE-002,CASE-DEMO-0494,acknowledge,2026-07-23T16:52:00Z,0,CSE-FINANCE-002-USR-01,workflow_events.csv#EV-CASE-DEMO-0494-0
EV-CASE-DEMO-0494-1,CSE-FINANCE-002,CASE-DEMO-0494,close,2026-07-23T17:03:00Z,1,CSE-FINANCE-002-USR-01,workflow_events.csv#EV-CASE-DEMO-0494-1
EV-CASE-DEMO-0495-0,CSE-TELECOM-002,CASE-DEMO-0495,acknowledge,2026-07-03T12:29:00Z,0,CSE-TELECOM-002-USR-01,workflow_events.csv#EV-CASE-DEMO-0495-0
EV-CASE-DEMO-0495-1,CSE-TELECOM-002,CASE-DEMO-0495,investigate,2026-07-03T19:42:59.222406Z,1,CSE-TELECOM-002-USR-01,workflow_events.csv#EV-CASE-DEMO-0495-1
EV-CASE-DEMO-0495-2,CSE-TELECOM-002,CASE-DEMO-0495,close,2026-07-04T03:06:58.444813Z,2,CSE-TELECOM-002-USR-01,workflow_events.csv#EV-CASE-DEMO-0495-2
EV-CASE-DEMO-0496-0,CSE-POWER-002,CASE-DEMO-0496,acknowledge,2026-06-04T22:48:00Z,0,CSE-POWER-002-USR-01,workflow_events.csv#EV-CASE-DEMO-0496-0
EV-CASE-DEMO-0496-1,CSE-POWER-002,CASE-DEMO-0496,investigate,2026-06-05T06:59:50.371437Z,1,CSE-POWER-002-USR-01,workflow_events.csv#EV-CASE-DEMO-0496-1
EV-CASE-DEMO-0496-2,CSE-POWER-002,CASE-DEMO-0496,close,2026-06-05T15:21:40.742874Z,2,CSE-POWER-002-USR-01,workflow_events.csv#EV-CASE-DEMO-0496-2
EV-CASE-DEMO-0497-0,CSE-FINANCE-001,CASE-DEMO-0497,acknowledge,2026-08-31T16:05:00Z,0,CSE-FINANCE-001-USR-01,workflow_events.csv#EV-CASE-DEMO-0497-0
EV-CASE-DEMO-0497-1,CSE-FINANCE-001,CASE-DEMO-0497,investigate,2026-08-31T20:34:05.189193Z,1,CSE-FINANCE-001-USR-01,workflow_events.csv#EV-CASE-DEMO-0497-1
EV-CASE-DEMO-0497-2,CSE-FINANCE-001,CASE-DEMO-0497,close,2026-09-01T01:13:10.378386Z,2,CSE-FINANCE-001-USR-01,workflow_events.csv#EV-CASE-DEMO-0497-2
EV-CASE-DEMO-0498-0,CSE-TELECOM-001,CASE-DEMO-0498,acknowledge,2026-07-21T23:31:00Z,0,CSE-TELECOM-001-USR-01,workflow_events.csv#EV-CASE-DEMO-0498-0
EV-CASE-DEMO-0498-1,CSE-TELECOM-001,CASE-DEMO-0498,investigate,2026-07-22T08:32:08.512515Z,1,CSE-TELECOM-001-USR-01,workflow_events.csv#EV-CASE-DEMO-0498-1
EV-CASE-DEMO-0498-2,CSE-TELECOM-001,CASE-DEMO-0498,close,2026-07-22T17:43:17.025030Z,2,CSE-TELECOM-001-USR-01,workflow_events.csv#EV-CASE-DEMO-0498-2
EV-CASE-DEMO-0499-0,CSE-POWER-001,CASE-DEMO-0499,acknowledge,2026-07-08T22:46:00Z,0,CSE-POWER-001-USR-01,workflow_events.csv#EV-CASE-DEMO-0499-0
EV-CASE-DEMO-0499-1,CSE-POWER-001,CASE-DEMO-0499,investigate,2026-07-09T05:05:06.332252Z,1,CSE-POWER-001-USR-01,workflow_events.csv#EV-CASE-DEMO-0499-1
EV-CASE-DEMO-0499-2,CSE-POWER-001,CASE-DEMO-0499,close,2026-07-09T11:34:12.664503Z,2,CSE-POWER-001-USR-01,workflow_events.csv#EV-CASE-DEMO-0499-2
EV-CASE-DEMO-0500-0,CSE-FINANCE-002,CASE-DEMO-0500,acknowledge,2026-08-29T05:03:00Z,0,CSE-FINANCE-002-USR-01,workflow_events.csv#EV-CASE-DEMO-0500-0
EV-CASE-DEMO-0500-1,CSE-FINANCE-002,CASE-DEMO-0500,investigate,2026-08-29T13:48:21.613691Z,1,CSE-FINANCE-002-USR-01,workflow_events.csv#EV-CASE-DEMO-0500-1
EV-CASE-DEMO-0500-2,CSE-FINANCE-002,CASE-DEMO-0500,close,2026-08-29T22:43:43.227382Z,2,CSE-FINANCE-002-USR-01,workflow_events.csv#EV-CASE-DEMO-0500-2
EV-CASE-DEMO-0501-0,CSE-TELECOM-002,CASE-DEMO-0501,acknowledge,2026-06-15T05:18:00Z,0,CSE-TELECOM-002-USR-01,workflow_events.csv#EV-CASE-DEMO-0501-0
EV-CASE-DEMO-0501-1,CSE-TELECOM-002,CASE-DEMO-0501,investigate,2026-06-15T17:06:12.558784Z,1,CSE-TELECOM-002-USR-01,workflow_events.csv#EV-CASE-DEMO-0501-1
EV-CASE-DEMO-0501-2,CSE-TELECOM-002,CASE-DEMO-0501,close,2026-06-16T05:04:25.117568Z,2,CSE-TELECOM-002-USR-01,workflow_events.csv#EV-CASE-DEMO-0501-2
EV-CASE-DEMO-0502-0,CSE-POWER-002,CASE-DEMO-0502,acknowledge,2026-06-11T02:15:00Z,0,CSE-POWER-002-USR-01,workflow_events.csv#EV-CASE-DEMO-0502-0
EV-CASE-DEMO-0502-1,CSE-POWER-002,CASE-DEMO-0502,investigate,2026-06-11T09:20:08.386724Z,1,CSE-POWER-002-USR-01,workflow_events.csv#EV-CASE-DEMO-0502-1
EV-CASE-DEMO-0502-2,CSE-POWER-002,CASE-DEMO-0502,close,2026-06-11T16:35:16.773449Z,2,CSE-POWER-002-USR-01,workflow_events.csv#EV-CASE-DEMO-0502-2
EV-CASE-DEMO-0503-0,CSE-FINANCE-001,CASE-DEMO-0503,acknowledge,2026-08-26T05:47:00Z,0,CSE-FINANCE-001-USR-01,workflow_events.csv#EV-CASE-DEMO-0503-0
EV-CASE-DEMO-0503-1,CSE-FINANCE-001,CASE-DEMO-0503,investigate,2026-08-26T16:47:48.601220Z,1,CSE-FINANCE-001-USR-01,workflow_events.csv#EV-CASE-DEMO-0503-1
EV-CASE-DEMO-0503-2,CSE-FINANCE-001,CASE-DEMO-0503,close,2026-08-27T03:58:37.202439Z,2,CSE-FINANCE-001-USR-01,workflow_events.csv#EV-CASE-DEMO-0503-2
EV-CASE-DEMO-0504-0,CSE-TELECOM-001,CASE-DEMO-0504,acknowledge,2026-06-04T10:06:00Z,0,CSE-TELECOM-001-USR-01,workflow_events.csv#EV-CASE-DEMO-0504-0
EV-CASE-DEMO-0504-1,CSE-TELECOM-001,CASE-DEMO-0504,investigate,2026-06-04T20:34:49.361949Z,1,CSE-TELECOM-001-USR-01,workflow_events.csv#EV-CASE-DEMO-0504-1
EV-CASE-DEMO-0504-2,CSE-TELECOM-001,CASE-DEMO-0504,close,2026-06-05T07:13:38.723899Z,2,CSE-TELECOM-001-USR-01,workflow_events.csv#EV-CASE-DEMO-0504-2
EV-CASE-DEMO-0505-0,CSE-POWER-001,CASE-DEMO-0505,acknowledge,2026-06-21T02:40:00Z,0,CSE-POWER-001-USR-01,workflow_events.csv#EV-CASE-DEMO-0505-0
EV-CASE-DEMO-0505-1,CSE-POWER-001,CASE-DEMO-0505,investigate,2026-06-21T06:48:00.846393Z,1,CSE-POWER-001-USR-01,workflow_events.csv#EV-CASE-DEMO-0505-1
EV-CASE-DEMO-0505-2,CSE-POWER-001,CASE-DEMO-0505,close,2026-06-21T11:06:01.692787Z,2,CSE-POWER-001-USR-01,workflow_events.csv#EV-CASE-DEMO-0505-2
EV-CASE-DEMO-0506-0,CSE-FINANCE-002,CASE-DEMO-0506,acknowledge,2026-07-30T20:03:00Z,0,CSE-FINANCE-002-USR-01,workflow_events.csv#EV-CASE-DEMO-0506-0
EV-CASE-DEMO-0506-1,CSE-FINANCE-002,CASE-DEMO-0506,investigate,2026-07-31T00:13:55.131439Z,1,CSE-FINANCE-002-USR-01,workflow_events.csv#EV-CASE-DEMO-0506-1
EV-CASE-DEMO-0506-2,CSE-FINANCE-002,CASE-DEMO-0506,close,2026-07-31T04:34:50.262878Z,2,CSE-FINANCE-002-USR-01,workflow_events.csv#EV-CASE-DEMO-0506-2
EV-CASE-DEMO-0507-0,CSE-TELECOM-002,CASE-DEMO-0507,acknowledge,2026-06-13T23:07:00Z,0,CSE-TELECOM-002-USR-01,workflow_events.csv#EV-CASE-DEMO-0507-0
EV-CASE-DEMO-0507-1,CSE-TELECOM-002,CASE-DEMO-0507,investigate,2026-06-14T05:30:04.104634Z,1,CSE-TELECOM-002-USR-01,workflow_events.csv#EV-CASE-DEMO-0507-1
EV-CASE-DEMO-0507-2,CSE-TELECOM-002,CASE-DEMO-0507,close,2026-06-14T12:03:08.209268Z,2,CSE-TELECOM-002-USR-01,workflow_events.csv#EV-CASE-DEMO-0507-2
EV-CASE-DEMO-0508-0,CSE-POWER-002,CASE-DEMO-0508,acknowledge,2026-08-18T22:00:00Z,0,CSE-POWER-002-USR-01,workflow_events.csv#EV-CASE-DEMO-0508-0
EV-CASE-DEMO-0508-1,CSE-POWER-002,CASE-DEMO-0508,investigate,2026-08-19T05:52:07.434920Z,1,CSE-POWER-002-USR-01,workflow_events.csv#EV-CASE-DEMO-0508-1
EV-CASE-DEMO-0508-2,CSE-POWER-002,CASE-DEMO-0508,close,2026-08-19T13:54:14.869840Z,2,CSE-POWER-002-USR-01,workflow_events.csv#EV-CASE-DEMO-0508-2
EV-CASE-DEMO-0509-0,CSE-FINANCE-001,CASE-DEMO-0509,acknowledge,2026-07-03T18:22:00Z,0,CSE-FINANCE-001-USR-01,workflow_events.csv#EV-CASE-DEMO-0509-0
EV-CASE-DEMO-0509-1,CSE-FINANCE-001,CASE-DEMO-0509,investigate,2026-07-03T23:35:03.943186Z,1,CSE-FINANCE-001-USR-01,workflow_events.csv#EV-CASE-DEMO-0509-1
EV-CASE-DEMO-0509-2,CSE-FINANCE-001,CASE-DEMO-0509,close,2026-07-04T04:58:07.886373Z,2,CSE-FINANCE-001-USR-01,workflow_events.csv#EV-CASE-DEMO-0509-2
EV-CASE-DEMO-0510-0,CSE-TELECOM-001,CASE-DEMO-0510,acknowledge,2026-08-16T16:21:00Z,0,CSE-TELECOM-001-USR-01,workflow_events.csv#EV-CASE-DEMO-0510-0
EV-CASE-DEMO-0510-1,CSE-TELECOM-001,CASE-DEMO-0510,investigate,2026-08-17T06:50:10.254045Z,1,CSE-TELECOM-001-USR-01,workflow_events.csv#EV-CASE-DEMO-0510-1
EV-CASE-DEMO-0510-2,CSE-TELECOM-001,CASE-DEMO-0510,close,2026-08-17T21:29:20.508091Z,2,CSE-TELECOM-001-USR-01,workflow_events.csv#EV-CASE-DEMO-0510-2
EV-CASE-DEMO-0511-0,CSE-POWER-001,CASE-DEMO-0511,acknowledge,2026-06-12T08:17:00Z,0,CSE-POWER-001-USR-01,workflow_events.csv#EV-CASE-DEMO-0511-0
EV-CASE-DEMO-0511-1,CSE-POWER-001,CASE-DEMO-0511,investigate,2026-06-12T17:25:23.532944Z,1,CSE-POWER-001-USR-01,workflow_events.csv#EV-CASE-DEMO-0511-1
EV-CASE-DEMO-0511-2,CSE-POWER-001,CASE-DEMO-0511,close,2026-06-13T02:43:47.065889Z,2,CSE-POWER-001-USR-01,workflow_events.csv#EV-CASE-DEMO-0511-2
EV-CASE-DEMO-0512-0,CSE-FINANCE-002,CASE-DEMO-0512,acknowledge,2026-06-16T15:37:00Z,0,CSE-FINANCE-002-USR-01,workflow_events.csv#EV-CASE-DEMO-0512-0
EV-CASE-DEMO-0512-1,CSE-FINANCE-002,CASE-DEMO-0512,investigate,2026-06-16T20:54:11.498783Z,1,CSE-FINANCE-002-USR-01,workflow_events.csv#EV-CASE-DEMO-0512-1
EV-CASE-DEMO-0512-2,CSE-FINANCE-002,CASE-DEMO-0512,close,2026-06-17T02:21:22.997565Z,2,CSE-FINANCE-002-USR-01,workflow_events.csv#EV-CASE-DEMO-0512-2
EV-CASE-DEMO-0513-0,CSE-TELECOM-002,CASE-DEMO-0513,acknowledge,2026-06-08T21:46:00Z,0,CSE-TELECOM-002-USR-01,workflow_events.csv#EV-CASE-DEMO-0513-0
EV-CASE-DEMO-0513-1,CSE-TELECOM-002,CASE-DEMO-0513,investigate,2026-06-09T01:21:49.198819Z,1,CSE-TELECOM-002-USR-01,workflow_events.csv#EV-CASE-DEMO-0513-1
EV-CASE-DEMO-0513-2,CSE-TELECOM-002,CASE-DEMO-0513,close,2026-06-09T05:07:38.397638Z,2,CSE-TELECOM-002-USR-01,workflow_events.csv#EV-CASE-DEMO-0513-2
EV-CASE-DEMO-0514-0,CSE-POWER-002,CASE-DEMO-0514,acknowledge,2026-08-16T10:58:00Z,0,CSE-POWER-002-USR-01,workflow_events.csv#EV-CASE-DEMO-0514-0
EV-CASE-DEMO-0514-1,CSE-POWER-002,CASE-DEMO-0514,investigate,2026-08-16T14:48:42.530989Z,1,CSE-POWER-002-USR-01,workflow_events.csv#EV-CASE-DEMO-0514-1
EV-CASE-DEMO-0514-2,CSE-POWER-002,CASE-DEMO-0514,close,2026-08-16T18:49:25.061979Z,2,CSE-POWER-002-USR-01,workflow_events.csv#EV-CASE-DEMO-0514-2
EV-CASE-DEMO-0515-0,CSE-FINANCE-001,CASE-DEMO-0515,acknowledge,2026-07-01T08:16:00Z,0,CSE-FINANCE-001-USR-01,workflow_events.csv#EV-CASE-DEMO-0515-0
EV-CASE-DEMO-0515-1,CSE-FINANCE-001,CASE-DEMO-0515,investigate,2026-07-01T17:31:33.040682Z,1,CSE-FINANCE-001-USR-01,workflow_events.csv#EV-CASE-DEMO-0515-1
EV-CASE-DEMO-0515-2,CSE-FINANCE-001,CASE-DEMO-0515,close,2026-07-02T02:57:06.081364Z,2,CSE-FINANCE-001-USR-01,workflow_events.csv#EV-CASE-DEMO-0515-2
EV-CASE-DEMO-0516-0,CSE-TELECOM-001,CASE-DEMO-0516,acknowledge,2026-07-21T00:44:00Z,0,CSE-TELECOM-001-USR-01,workflow_events.csv#EV-CASE-DEMO-0516-0
EV-CASE-DEMO-0516-1,CSE-TELECOM-001,CASE-DEMO-0516,investigate,2026-07-21T02:59:30.068714Z,1,CSE-TELECOM-001-USR-01,workflow_events.csv#EV-CASE-DEMO-0516-1
EV-CASE-DEMO-0516-2,CSE-TELECOM-001,CASE-DEMO-0516,close,2026-07-21T05:25:00.137427Z,2,CSE-TELECOM-001-USR-01,workflow_events.csv#EV-CASE-DEMO-0516-2
EV-CASE-DEMO-0517-0,CSE-POWER-001,CASE-DEMO-0517,acknowledge,2026-07-24T06:23:00Z,0,CSE-POWER-001-USR-01,workflow_events.csv#EV-CASE-DEMO-0517-0
EV-CASE-DEMO-0517-1,CSE-POWER-001,CASE-DEMO-0517,investigate,2026-07-24T10:04:06.462038Z,1,CSE-POWER-001-USR-01,workflow_events.csv#EV-CASE-DEMO-0517-1
EV-CASE-DEMO-0517-2,CSE-POWER-001,CASE-DEMO-0517,close,2026-07-24T13:55:12.924076Z,2,CSE-POWER-001-USR-01,workflow_events.csv#EV-CASE-DEMO-0517-2
EV-CASE-DEMO-0518-0,CSE-FINANCE-002,CASE-DEMO-0518,acknowledge,2026-07-21T00:41:00Z,0,CSE-FINANCE-002-USR-01,workflow_events.csv#EV-CASE-DEMO-0518-0
EV-CASE-DEMO-0518-1,CSE-FINANCE-002,CASE-DEMO-0518,investigate,2026-07-21T03:41:22.954004Z,1,CSE-FINANCE-002-USR-01,workflow_events.csv#EV-CASE-DEMO-0518-1
EV-CASE-DEMO-0518-2,CSE-FINANCE-002,CASE-DEMO-0518,close,2026-07-21T06:51:45.908009Z,2,CSE-FINANCE-002-USR-01,workflow_events.csv#EV-CASE-DEMO-0518-2
EV-CASE-DEMO-0519-0,CSE-TELECOM-002,CASE-DEMO-0519,acknowledge,2026-07-21T11:13:00Z,0,CSE-TELECOM-002-USR-01,workflow_events.csv#EV-CASE-DEMO-0519-0
EV-CASE-DEMO-0519-1,CSE-TELECOM-002,CASE-DEMO-0519,investigate,2026-07-21T23:40:00.062499Z,1,CSE-TELECOM-002-USR-01,workflow_events.csv#EV-CASE-DEMO-0519-1
EV-CASE-DEMO-0519-2,CSE-TELECOM-002,CASE-DEMO-0519,close,2026-07-22T12:17:00.124999Z,2,CSE-TELECOM-002-USR-01,workflow_events.csv#EV-CASE-DEMO-0519-2
EV-CASE-DEMO-0520-0,CSE-POWER-002,CASE-DEMO-0520,acknowledge,2026-08-08T02:24:00Z,0,CSE-POWER-002-USR-01,workflow_events.csv#EV-CASE-DEMO-0520-0
EV-CASE-DEMO-0520-1,CSE-POWER-002,CASE-DEMO-0520,investigate,2026-08-08T15:20:48.345072Z,1,CSE-POWER-002-USR-01,workflow_events.csv#EV-CASE-DEMO-0520-1
EV-CASE-DEMO-0520-2,CSE-POWER-002,CASE-DEMO-0520,close,2026-08-09T04:27:36.690143Z,2,CSE-POWER-002-USR-01,workflow_events.csv#EV-CASE-DEMO-0520-2
EV-CASE-DEMO-0521-0,CSE-FINANCE-001,CASE-DEMO-0521,acknowledge,2026-06-18T14:45:00Z,0,CSE-FINANCE-001-USR-01,workflow_events.csv#EV-CASE-DEMO-0521-0
EV-CASE-DEMO-0521-1,CSE-FINANCE-001,CASE-DEMO-0521,investigate,2026-06-19T02:13:40.982781Z,1,CSE-FINANCE-001-USR-01,workflow_events.csv#EV-CASE-DEMO-0521-1
EV-CASE-DEMO-0521-2,CSE-FINANCE-001,CASE-DEMO-0521,close,2026-06-19T13:52:21.965563Z,2,CSE-FINANCE-001-USR-01,workflow_events.csv#EV-CASE-DEMO-0521-2
EV-CASE-DEMO-0522-0,CSE-TELECOM-001,CASE-DEMO-0522,acknowledge,2026-06-22T04:25:00Z,0,CSE-TELECOM-001-USR-01,workflow_events.csv#EV-CASE-DEMO-0522-0
EV-CASE-DEMO-0522-1,CSE-TELECOM-001,CASE-DEMO-0522,investigate,2026-06-22T11:13:16.918247Z,1,CSE-TELECOM-001-USR-01,workflow_events.csv#EV-CASE-DEMO-0522-1
EV-CASE-DEMO-0522-2,CSE-TELECOM-001,CASE-DEMO-0522,close,2026-06-22T18:11:33.836494Z,2,CSE-TELECOM-001-USR-01,workflow_events.csv#EV-CASE-DEMO-0522-2
EV-CASE-DEMO-0523-0,CSE-POWER-001,CASE-DEMO-0523,acknowledge,2026-08-12T17:56:00Z,0,CSE-POWER-001-USR-01,workflow_events.csv#EV-CASE-DEMO-0523-0
EV-CASE-DEMO-0523-1,CSE-POWER-001,CASE-DEMO-0523,investigate,2026-08-13T04:18:59.323997Z,1,CSE-POWER-001-USR-01,workflow_events.csv#EV-CASE-DEMO-0523-1
EV-CASE-DEMO-0523-2,CSE-POWER-001,CASE-DEMO-0523,close,2026-08-13T14:51:58.647995Z,2,CSE-POWER-001-USR-01,workflow_events.csv#EV-CASE-DEMO-0523-2
EV-CASE-DEMO-0524-0,CSE-FINANCE-002,CASE-DEMO-0524,acknowledge,2026-07-20T09:17:00Z,0,CSE-FINANCE-002-USR-01,workflow_events.csv#EV-CASE-DEMO-0524-0
EV-CASE-DEMO-0524-1,CSE-FINANCE-002,CASE-DEMO-0524,investigate,2026-07-20T14:15:02.962726Z,1,CSE-FINANCE-002-USR-01,workflow_events.csv#EV-CASE-DEMO-0524-1
EV-CASE-DEMO-0524-2,CSE-FINANCE-002,CASE-DEMO-0524,close,2026-07-20T19:23:05.925451Z,2,CSE-FINANCE-002-USR-01,workflow_events.csv#EV-CASE-DEMO-0524-2
EV-CASE-DEMO-0525-0,CSE-TELECOM-002,CASE-DEMO-0525,acknowledge,2026-07-04T04:11:00Z,0,CSE-TELECOM-002-USR-01,workflow_events.csv#EV-CASE-DEMO-0525-0
EV-CASE-DEMO-0525-1,CSE-TELECOM-002,CASE-DEMO-0525,investigate,2026-07-04T07:20:45.297456Z,1,CSE-TELECOM-002-USR-01,workflow_events.csv#EV-CASE-DEMO-0525-1
EV-CASE-DEMO-0525-2,CSE-TELECOM-002,CASE-DEMO-0525,close,2026-07-04T10:40:30.594912Z,2,CSE-TELECOM-002-USR-01,workflow_events.csv#EV-CASE-DEMO-0525-2
EV-CASE-DEMO-0526-0,CSE-POWER-002,CASE-DEMO-0526,acknowledge,2026-08-25T13:14:00Z,0,CSE-POWER-002-USR-01,workflow_events.csv#EV-CASE-DEMO-0526-0
EV-CASE-DEMO-0526-1,CSE-POWER-002,CASE-DEMO-0526,investigate,2026-08-25T15:45:24.914441Z,1,CSE-POWER-002-USR-01,workflow_events.csv#EV-CASE-DEMO-0526-1
EV-CASE-DEMO-0526-2,CSE-POWER-002,CASE-DEMO-0526,close,2026-08-25T18:26:49.828881Z,2,CSE-POWER-002-USR-01,workflow_events.csv#EV-CASE-DEMO-0526-2
EV-CASE-DEMO-0527-0,CSE-FINANCE-001,CASE-DEMO-0527,acknowledge,2026-06-30T20:43:00Z,0,CSE-FINANCE-001-USR-01,workflow_events.csv#EV-CASE-DEMO-0527-0
EV-CASE-DEMO-0527-1,CSE-FINANCE-001,CASE-DEMO-0527,investigate,2026-07-01T09:50:50.620743Z,1,CSE-FINANCE-001-USR-01,workflow_events.csv#EV-CASE-DEMO-0527-1
EV-CASE-DEMO-0527-2,CSE-FINANCE-001,CASE-DEMO-0527,close,2026-07-01T23:08:41.241486Z,2,CSE-FINANCE-001-USR-01,workflow_events.csv#EV-CASE-DEMO-0527-2
EV-CASE-DEMO-0528-0,CSE-TELECOM-001,CASE-DEMO-0528,acknowledge,2026-08-06T02:19:00Z,0,CSE-TELECOM-001-USR-01,workflow_events.csv#EV-CASE-DEMO-0528-0
EV-CASE-DEMO-0528-1,CSE-TELECOM-001,CASE-DEMO-0528,investigate,2026-08-06T13:29:15.929319Z,1,CSE-TELECOM-001-USR-01,workflow_events.csv#EV-CASE-DEMO-0528-1
EV-CASE-DEMO-0528-2,CSE-TELECOM-001,CASE-DEMO-0528,close,2026-08-07T00:49:31.858637Z,2,CSE-TELECOM-001-USR-01,workflow_events.csv#EV-CASE-DEMO-0528-2
EV-CASE-DEMO-0529-0,CSE-POWER-001,CASE-DEMO-0529,acknowledge,2026-06-27T14:01:00Z,0,CSE-POWER-001-USR-01,workflow_events.csv#EV-CASE-DEMO-0529-0
EV-CASE-DEMO-0529-1,CSE-POWER-001,CASE-DEMO-0529,investigate,2026-06-28T04:20:04.407210Z,1,CSE-POWER-001-USR-01,workflow_events.csv#EV-CASE-DEMO-0529-1
EV-CASE-DEMO-0529-2,CSE-POWER-001,CASE-DEMO-0529,close,2026-06-28T18:49:08.814420Z,2,CSE-POWER-001-USR-01,workflow_events.csv#EV-CASE-DEMO-0529-2
EV-CASE-DEMO-0530-0,CSE-FINANCE-002,CASE-DEMO-0530,acknowledge,2026-07-16T19:56:00Z,0,CSE-FINANCE-002-USR-01,workflow_events.csv#EV-CASE-DEMO-0530-0
EV-CASE-DEMO-0530-1,CSE-FINANCE-002,CASE-DEMO-0530,investigate,2026-07-17T06:09:25.670109Z,1,CSE-FINANCE-002-USR-01,workflow_events.csv#EV-CASE-DEMO-0530-1
EV-CASE-DEMO-0530-2,CSE-FINANCE-002,CASE-DEMO-0530,close,2026-07-17T16:32:51.340218Z,2,CSE-FINANCE-002-USR-01,workflow_events.csv#EV-CASE-DEMO-0530-2
EV-CASE-DEMO-0531-0,CSE-TELECOM-002,CASE-DEMO-0531,acknowledge,2026-08-03T08:31:00Z,0,CSE-TELECOM-002-USR-01,workflow_events.csv#EV-CASE-DEMO-0531-0
EV-CASE-DEMO-0531-1,CSE-TELECOM-002,CASE-DEMO-0531,investigate,2026-08-03T12:37:55.692897Z,1,CSE-TELECOM-002-USR-01,workflow_events.csv#EV-CASE-DEMO-0531-1
EV-CASE-DEMO-0531-2,CSE-TELECOM-002,CASE-DEMO-0531,close,2026-08-03T16:54:51.385794Z,2,CSE-TELECOM-002-USR-01,workflow_events.csv#EV-CASE-DEMO-0531-2
EV-CASE-DEMO-0532-0,CSE-POWER-002,CASE-DEMO-0532,acknowledge,2026-07-19T13:57:00Z,0,CSE-POWER-002-USR-01,workflow_events.csv#EV-CASE-DEMO-0532-0
EV-CASE-DEMO-0532-1,CSE-POWER-002,CASE-DEMO-0532,investigate,2026-07-19T21:43:35.403267Z,1,CSE-POWER-002-USR-01,workflow_events.csv#EV-CASE-DEMO-0532-1
EV-CASE-DEMO-0532-2,CSE-POWER-002,CASE-DEMO-0532,close,2026-07-20T05:40:10.806535Z,2,CSE-POWER-002-USR-01,workflow_events.csv#EV-CASE-DEMO-0532-2
EV-CASE-DEMO-0533-0,CSE-FINANCE-001,CASE-DEMO-0533,acknowledge,2026-06-18T09:25:00Z,0,CSE-FINANCE-001-USR-01,workflow_events.csv#EV-CASE-DEMO-0533-0
EV-CASE-DEMO-0533-1,CSE-FINANCE-001,CASE-DEMO-0533,investigate,2026-06-18T14:02:45.206764Z,1,CSE-FINANCE-001-USR-01,workflow_events.csv#EV-CASE-DEMO-0533-1
EV-CASE-DEMO-0533-2,CSE-FINANCE-001,CASE-DEMO-0533,close,2026-06-18T18:50:30.413528Z,2,CSE-FINANCE-001-USR-01,workflow_events.csv#EV-CASE-DEMO-0533-2
EV-CASE-DEMO-0534-0,CSE-TELECOM-001,CASE-DEMO-0534,acknowledge,2026-08-11T13:41:00Z,0,CSE-TELECOM-001-USR-01,workflow_events.csv#EV-CASE-DEMO-0534-0
EV-CASE-DEMO-0534-1,CSE-TELECOM-001,CASE-DEMO-0534,investigate,2026-08-11T21:16:27.640868Z,1,CSE-TELECOM-001-USR-01,workflow_events.csv#EV-CASE-DEMO-0534-1
EV-CASE-DEMO-0534-2,CSE-TELECOM-001,CASE-DEMO-0534,close,2026-08-12T05:01:55.281735Z,2,CSE-TELECOM-001-USR-01,workflow_events.csv#EV-CASE-DEMO-0534-2
EV-CASE-DEMO-0535-0,CSE-POWER-001,CASE-DEMO-0535,acknowledge,2026-06-13T01:49:00Z,0,CSE-POWER-001-USR-01,workflow_events.csv#EV-CASE-DEMO-0535-0
EV-CASE-DEMO-0535-1,CSE-POWER-001,CASE-DEMO-0535,investigate,2026-06-13T12:58:24.695767Z,1,CSE-POWER-001-USR-01,workflow_events.csv#EV-CASE-DEMO-0535-1
EV-CASE-DEMO-0535-2,CSE-POWER-001,CASE-DEMO-0535,close,2026-06-14T00:17:49.391534Z,2,CSE-POWER-001-USR-01,workflow_events.csv#EV-CASE-DEMO-0535-2
EV-CASE-DEMO-0536-0,CSE-FINANCE-002,CASE-DEMO-0536,acknowledge,2026-08-05T19:24:00Z,0,CSE-FINANCE-002-USR-01,workflow_events.csv#EV-CASE-DEMO-0536-0
EV-CASE-DEMO-0536-1,CSE-FINANCE-002,CASE-DEMO-0536,investigate,2026-08-06T00:03:28.232570Z,1,CSE-FINANCE-002-USR-01,workflow_events.csv#EV-CASE-DEMO-0536-1
EV-CASE-DEMO-0536-2,CSE-FINANCE-002,CASE-DEMO-0536,close,2026-08-06T04:52:56.465140Z,2,CSE-FINANCE-002-USR-01,workflow_events.csv#EV-CASE-DEMO-0536-2
EV-CASE-DEMO-0537-0,CSE-TELECOM-002,CASE-DEMO-0537,acknowledge,2026-07-03T14:19:00Z,0,CSE-TELECOM-002-USR-01,workflow_events.csv#EV-CASE-DEMO-0537-0
EV-CASE-DEMO-0537-1,CSE-TELECOM-002,CASE-DEMO-0537,investigate,2026-07-03T23:29:17.890491Z,1,CSE-TELECOM-002-USR-01,workflow_events.csv#EV-CASE-DEMO-0537-1
EV-CASE-DEMO-0537-2,CSE-TELECOM-002,CASE-DEMO-0537,close,2026-07-04T08:49:35.780982Z,2,CSE-TELECOM-002-USR-01,workflow_events.csv#EV-CASE-DEMO-0537-2
EV-CASE-DEMO-0538-0,CSE-POWER-002,CASE-DEMO-0538,acknowledge,2026-06-18T20:52:00Z,0,CSE-POWER-002-USR-01,workflow_events.csv#EV-CASE-DEMO-0538-0
EV-CASE-DEMO-0538-1,CSE-POWER-002,CASE-DEMO-0538,investigate,2026-06-19T06:16:23.547302Z,1,CSE-POWER-002-USR-01,workflow_events.csv#EV-CASE-DEMO-0538-1
EV-CASE-DEMO-0538-2,CSE-POWER-002,CASE-DEMO-0538,close,2026-06-19T15:50:47.094603Z,2,CSE-POWER-002-USR-01,workflow_events.csv#EV-CASE-DEMO-0538-2
EV-CASE-DEMO-0539-0,CSE-FINANCE-001,CASE-DEMO-0539,acknowledge,2026-07-30T05:02:00Z,0,CSE-FINANCE-001-USR-01,workflow_events.csv#EV-CASE-DEMO-0539-0
EV-CASE-DEMO-0539-1,CSE-FINANCE-001,CASE-DEMO-0539,investigate,2026-07-30T09:17:11.747086Z,1,CSE-FINANCE-001-USR-01,workflow_events.csv#EV-CASE-DEMO-0539-1
EV-CASE-DEMO-0539-2,CSE-FINANCE-001,CASE-DEMO-0539,close,2026-07-30T13:42:23.494172Z,2,CSE-FINANCE-001-USR-01,workflow_events.csv#EV-CASE-DEMO-0539-2
EV-CASE-DEMO-0540-0,CSE-TELECOM-001,CASE-DEMO-0540,acknowledge,2026-06-28T23:21:00Z,0,CSE-TELECOM-001-USR-01,workflow_events.csv#EV-CASE-DEMO-0540-0
EV-CASE-DEMO-0540-1,CSE-TELECOM-001,CASE-DEMO-0540,investigate,2026-06-29T12:04:31.895541Z,1,CSE-TELECOM-001-USR-01,workflow_events.csv#EV-CASE-DEMO-0540-1
EV-CASE-DEMO-0540-2,CSE-TELECOM-001,CASE-DEMO-0540,close,2026-06-30T00:58:03.791083Z,2,CSE-TELECOM-001-USR-01,workflow_events.csv#EV-CASE-DEMO-0540-2
EV-CASE-DEMO-0541-0,CSE-POWER-001,CASE-DEMO-0541,acknowledge,2026-08-09T13:06:00Z,0,CSE-POWER-001-USR-01,workflow_events.csv#EV-CASE-DEMO-0541-0
EV-CASE-DEMO-0541-1,CSE-POWER-001,CASE-DEMO-0541,investigate,2026-08-09T15:18:49.675056Z,1,CSE-POWER-001-USR-01,workflow_events.csv#EV-CASE-DEMO-0541-1
EV-CASE-DEMO-0541-2,CSE-POWER-001,CASE-DEMO-0541,close,2026-08-09T17:41:39.350111Z,2,CSE-POWER-001-USR-01,workflow_events.csv#EV-CASE-DEMO-0541-2
EV-CASE-DEMO-0542-0,CSE-FINANCE-002,CASE-DEMO-0542,acknowledge,2026-07-26T15:08:00Z,0,CSE-FINANCE-002-USR-01,workflow_events.csv#EV-CASE-DEMO-0542-0
EV-CASE-DEMO-0542-1,CSE-FINANCE-002,CASE-DEMO-0542,investigate,2026-07-26T19:19:47.737271Z,1,CSE-FINANCE-002-USR-01,workflow_events.csv#EV-CASE-DEMO-0542-1
EV-CASE-DEMO-0542-2,CSE-FINANCE-002,CASE-DEMO-0542,close,2026-07-26T23:41:35.474541Z,2,CSE-FINANCE-002-USR-01,workflow_events.csv#EV-CASE-DEMO-0542-2
EV-CASE-DEMO-0543-0,CSE-TELECOM-002,CASE-DEMO-0543,acknowledge,2026-07-30T07:35:00Z,0,CSE-TELECOM-002-USR-01,workflow_events.csv#EV-CASE-DEMO-0543-0
EV-CASE-DEMO-0543-1,CSE-TELECOM-002,CASE-DEMO-0543,investigate,2026-07-30T11:26:02.969188Z,1,CSE-TELECOM-002-USR-01,workflow_events.csv#EV-CASE-DEMO-0543-1
EV-CASE-DEMO-0543-2,CSE-TELECOM-002,CASE-DEMO-0543,close,2026-07-30T15:27:05.938377Z,2,CSE-TELECOM-002-USR-01,workflow_events.csv#EV-CASE-DEMO-0543-2
EV-CASE-DEMO-0544-0,CSE-POWER-002,CASE-DEMO-0544,acknowledge,2026-06-17T08:09:00Z,0,CSE-POWER-002-USR-01,workflow_events.csv#EV-CASE-DEMO-0544-0
EV-CASE-DEMO-0544-1,CSE-POWER-002,CASE-DEMO-0544,investigate,2026-06-17T22:24:03.023092Z,1,CSE-POWER-002-USR-01,workflow_events.csv#EV-CASE-DEMO-0544-1
EV-CASE-DEMO-0544-2,CSE-POWER-002,CASE-DEMO-0544,close,2026-06-18T12:49:06.046184Z,2,CSE-POWER-002-USR-01,workflow_events.csv#EV-CASE-DEMO-0544-2
EV-CASE-DEMO-0545-0,CSE-FINANCE-001,CASE-DEMO-0545,acknowledge,2026-06-23T13:23:00Z,0,CSE-FINANCE-001-USR-01,workflow_events.csv#EV-CASE-DEMO-0545-0
EV-CASE-DEMO-0545-1,CSE-FINANCE-001,CASE-DEMO-0545,investigate,2026-06-24T03:02:31.223661Z,1,CSE-FINANCE-001-USR-01,workflow_events.csv#EV-CASE-DEMO-0545-1
EV-CASE-DEMO-0545-2,CSE-FINANCE-001,CASE-DEMO-0545,close,2026-06-24T16:52:02.447322Z,2,CSE-FINANCE-001-USR-01,workflow_events.csv#EV-CASE-DEMO-0545-2
EV-CASE-DEMO-0546-0,CSE-TELECOM-001,CASE-DEMO-0546,acknowledge,2026-08-10T14:42:00Z,0,CSE-TELECOM-001-USR-01,workflow_events.csv#EV-CASE-DEMO-0546-0
EV-CASE-DEMO-0546-1,CSE-TELECOM-001,CASE-DEMO-0546,investigate,2026-08-10T19:18:59.809627Z,1,CSE-TELECOM-001-USR-01,workflow_events.csv#EV-CASE-DEMO-0546-1
EV-CASE-DEMO-0546-2,CSE-TELECOM-001,CASE-DEMO-0546,close,2026-08-11T00:05:59.619253Z,2,CSE-TELECOM-001-USR-01,workflow_events.csv#EV-CASE-DEMO-0546-2
EV-CASE-DEMO-0547-0,CSE-POWER-001,CASE-DEMO-0547,acknowledge,2026-06-23T17:02:00Z,0,CSE-POWER-001-USR-01,workflow_events.csv#EV-CASE-DEMO-0547-0
EV-CASE-DEMO-0547-1,CSE-POWER-001,CASE-DEMO-0547,investigate,2026-06-24T00:13:18.804905Z,1,CSE-POWER-001-USR-01,workflow_events.csv#EV-CASE-DEMO-0547-1
EV-CASE-DEMO-0547-2,CSE-POWER-001,CASE-DEMO-0547,close,2026-06-24T07:34:37.609809Z,2,CSE-POWER-001-USR-01,workflow_events.csv#EV-CASE-DEMO-0547-2
EV-CASE-DEMO-0548-0,CSE-FINANCE-002,CASE-DEMO-0548,acknowledge,2026-08-13T14:34:00Z,0,CSE-FINANCE-002-USR-01,workflow_events.csv#EV-CASE-DEMO-0548-0
EV-CASE-DEMO-0548-1,CSE-FINANCE-002,CASE-DEMO-0548,investigate,2026-08-13T18:37:31.812680Z,1,CSE-FINANCE-002-USR-01,workflow_events.csv#EV-CASE-DEMO-0548-1
EV-CASE-DEMO-0548-2,CSE-FINANCE-002,CASE-DEMO-0548,close,2026-08-13T22:51:03.625361Z,2,CSE-FINANCE-002-USR-01,workflow_events.csv#EV-CASE-DEMO-0548-2
EV-CASE-DEMO-0549-0,CSE-TELECOM-002,CASE-DEMO-0549,acknowledge,2026-08-08T17:59:00Z,0,CSE-TELECOM-002-USR-01,workflow_events.csv#EV-CASE-DEMO-0549-0
EV-CASE-DEMO-0549-1,CSE-TELECOM-002,CASE-DEMO-0549,investigate,2026-08-08T21:07:37.910292Z,1,CSE-TELECOM-002-USR-01,workflow_events.csv#EV-CASE-DEMO-0549-1
EV-CASE-DEMO-0549-2,CSE-TELECOM-002,CASE-DEMO-0549,close,2026-08-09T00:26:15.820584Z,2,CSE-TELECOM-002-USR-01,workflow_events.csv#EV-CASE-DEMO-0549-2
EV-CASE-DEMO-0550-0,CSE-POWER-002,CASE-DEMO-0550,acknowledge,2026-08-31T09:02:00Z,0,CSE-POWER-002-USR-01,workflow_events.csv#EV-CASE-DEMO-0550-0
EV-CASE-DEMO-0550-1,CSE-POWER-002,CASE-DEMO-0550,investigate,2026-08-31T16:25:08.282500Z,1,CSE-POWER-002-USR-01,workflow_events.csv#EV-CASE-DEMO-0550-1
EV-CASE-DEMO-0550-2,CSE-POWER-002,CASE-DEMO-0550,close,2026-08-31T23:58:16.565001Z,2,CSE-POWER-002-USR-01,workflow_events.csv#EV-CASE-DEMO-0550-2
EV-CASE-DEMO-0551-0,CSE-FINANCE-001,CASE-DEMO-0551,acknowledge,2026-08-09T19:48:00Z,0,CSE-FINANCE-001-USR-01,workflow_events.csv#EV-CASE-DEMO-0551-0
EV-CASE-DEMO-0551-1,CSE-FINANCE-001,CASE-DEMO-0551,investigate,2026-08-10T01:53:01.480192Z,1,CSE-FINANCE-001-USR-01,workflow_events.csv#EV-CASE-DEMO-0551-1
EV-CASE-DEMO-0551-2,CSE-FINANCE-001,CASE-DEMO-0551,close,2026-08-10T08:08:02.960383Z,2,CSE-FINANCE-001-USR-01,workflow_events.csv#EV-CASE-DEMO-0551-2
EV-CASE-DEMO-0552-0,CSE-TELECOM-001,CASE-DEMO-0552,acknowledge,2026-08-15T22:44:00Z,0,CSE-TELECOM-001-USR-01,workflow_events.csv#EV-CASE-DEMO-0552-0
EV-CASE-DEMO-0552-1,CSE-TELECOM-001,CASE-DEMO-0552,investigate,2026-08-16T11:40:00.997160Z,1,CSE-TELECOM-001-USR-01,workflow_events.csv#EV-CASE-DEMO-0552-1
EV-CASE-DEMO-0552-2,CSE-TELECOM-001,CASE-DEMO-0552,close,2026-08-17T00:46:01.994319Z,2,CSE-TELECOM-001-USR-01,workflow_events.csv#EV-CASE-DEMO-0552-2
EV-CASE-DEMO-0553-0,CSE-POWER-001,CASE-DEMO-0553,acknowledge,2026-08-02T11:35:00Z,0,CSE-POWER-001-USR-01,workflow_events.csv#EV-CASE-DEMO-0553-0
EV-CASE-DEMO-0553-1,CSE-POWER-001,CASE-DEMO-0553,investigate,2026-08-02T14:23:46.982474Z,1,CSE-POWER-001-USR-01,workflow_events.csv#EV-CASE-DEMO-0553-1
EV-CASE-DEMO-0553-2,CSE-POWER-001,CASE-DEMO-0553,close,2026-08-02T17:22:33.964948Z,2,CSE-POWER-001-USR-01,workflow_events.csv#EV-CASE-DEMO-0553-2
EV-CASE-DEMO-0554-0,CSE-FINANCE-002,CASE-DEMO-0554,acknowledge,2026-08-29T16:25:00Z,0,CSE-FINANCE-002-USR-01,workflow_events.csv#EV-CASE-DEMO-0554-0
EV-CASE-DEMO-0554-1,CSE-FINANCE-002,CASE-DEMO-0554,investigate,2026-08-29T22:11:29.692043Z,1,CSE-FINANCE-002-USR-01,workflow_events.csv#EV-CASE-DEMO-0554-1
EV-CASE-DEMO-0554-2,CSE-FINANCE-002,CASE-DEMO-0554,close,2026-08-30T04:07:59.384086Z,2,CSE-FINANCE-002-USR-01,workflow_events.csv#EV-CASE-DEMO-0554-2
EV-CASE-DEMO-0555-0,CSE-TELECOM-002,CASE-DEMO-0555,acknowledge,2026-08-17T14:08:00Z,0,CSE-TELECOM-002-USR-01,workflow_events.csv#EV-CASE-DEMO-0555-0
EV-CASE-DEMO-0555-1,CSE-TELECOM-002,CASE-DEMO-0555,investigate,2026-08-17T23:09:26.783404Z,1,CSE-TELECOM-002-USR-01,workflow_events.csv#EV-CASE-DEMO-0555-1
EV-CASE-DEMO-0555-2,CSE-TELECOM-002,CASE-DEMO-0555,close,2026-08-18T08:20:53.566809Z,2,CSE-TELECOM-002-USR-01,workflow_events.csv#EV-CASE-DEMO-0555-2
EV-CASE-DEMO-0556-0,CSE-POWER-002,CASE-DEMO-0556,acknowledge,2026-06-18T21:25:00Z,0,CSE-POWER-002-USR-01,workflow_events.csv#EV-CASE-DEMO-0556-0
EV-CASE-DEMO-0556-1,CSE-POWER-002,CASE-DEMO-0556,investigate,2026-06-19T01:07:13.254327Z,1,CSE-POWER-002-USR-01,workflow_events.csv#EV-CASE-DEMO-0556-1
EV-CASE-DEMO-0556-2,CSE-POWER-002,CASE-DEMO-0556,close,2026-06-19T04:59:26.508655Z,2,CSE-POWER-002-USR-01,workflow_events.csv#EV-CASE-DEMO-0556-2
EV-CASE-DEMO-0557-0,CSE-FINANCE-001,CASE-DEMO-0557,acknowledge,2026-06-29T14:19:00Z,0,CSE-FINANCE-001-USR-01,workflow_events.csv#EV-CASE-DEMO-0557-0
EV-CASE-DEMO-0557-1,CSE-FINANCE-001,CASE-DEMO-0557,investigate,2026-06-30T03:48:25.867008Z,1,CSE-FINANCE-001-USR-01,workflow_events.csv#EV-CASE-DEMO-0557-1
EV-CASE-DEMO-0557-2,CSE-FINANCE-001,CASE-DEMO-0557,close,2026-06-30T17:27:51.734016Z,2,CSE-FINANCE-001-USR-01,workflow_events.csv#EV-CASE-DEMO-0557-2
EV-CASE-DEMO-0558-0,CSE-TELECOM-001,CASE-DEMO-0558,acknowledge,2026-07-05T00:37:00Z,0,CSE-TELECOM-001-USR-01,workflow_events.csv#EV-CASE-DEMO-0558-0
EV-CASE-DEMO-0558-1,CSE-TELECOM-001,CASE-DEMO-0558,investigate,2026-07-05T06:40:34.797605Z,1,CSE-TELECOM-001-USR-01,workflow_events.csv#EV-CASE-DEMO-0558-1
EV-CASE-DEMO-0558-2,CSE-TELECOM-001,CASE-DEMO-0558,close,2026-07-05T12:54:09.595211Z,2,CSE-TELECOM-001-USR-01,workflow_events.csv#EV-CASE-DEMO-0558-2
EV-CASE-DEMO-0559-0,CSE-POWER-001,CASE-DEMO-0559,acknowledge,2026-08-17T14:32:00Z,0,CSE-POWER-001-USR-01,workflow_events.csv#EV-CASE-DEMO-0559-0
EV-CASE-DEMO-0559-1,CSE-POWER-001,CASE-DEMO-0559,investigate,2026-08-17T21:05:40.799468Z,1,CSE-POWER-001-USR-01,workflow_events.csv#EV-CASE-DEMO-0559-1
EV-CASE-DEMO-0559-2,CSE-POWER-001,CASE-DEMO-0559,close,2026-08-18T03:49:21.598935Z,2,CSE-POWER-001-USR-01,workflow_events.csv#EV-CASE-DEMO-0559-2
EV-CASE-DEMO-0560-0,CSE-FINANCE-002,CASE-DEMO-0560,acknowledge,2026-06-17T08:56:00Z,0,CSE-FINANCE-002-USR-01,workflow_events.csv#EV-CASE-DEMO-0560-0
EV-CASE-DEMO-0560-1,CSE-FINANCE-002,CASE-DEMO-0560,investigate,2026-06-17T23:18:02.290363Z,1,CSE-FINANCE-002-USR-01,workflow_events.csv#EV-CASE-DEMO-0560-1
EV-CASE-DEMO-0560-2,CSE-FINANCE-002,CASE-DEMO-0560,close,2026-06-18T13:50:04.580725Z,2,CSE-FINANCE-002-USR-01,workflow_events.csv#EV-CASE-DEMO-0560-2
EV-CASE-DEMO-0561-0,CSE-TELECOM-002,CASE-DEMO-0561,acknowledge,2026-08-15T17:08:00Z,0,CSE-TELECOM-002-USR-01,workflow_events.csv#EV-CASE-DEMO-0561-0
EV-CASE-DEMO-0561-1,CSE-TELECOM-002,CASE-DEMO-0561,investigate,2026-08-16T05:13:41.659145Z,1,CSE-TELECOM-002-USR-01,workflow_events.csv#EV-CASE-DEMO-0561-1
EV-CASE-DEMO-0561-2,CSE-TELECOM-002,CASE-DEMO-0561,close,2026-08-16T17:29:23.318291Z,2,CSE-TELECOM-002-USR-01,workflow_events.csv#EV-CASE-DEMO-0561-2
EV-CASE-DEMO-0562-0,CSE-POWER-002,CASE-DEMO-0562,acknowledge,2026-08-31T08:47:00Z,0,CSE-POWER-002-USR-01,workflow_events.csv#EV-CASE-DEMO-0562-0
EV-CASE-DEMO-0562-1,CSE-POWER-002,CASE-DEMO-0562,investigate,2026-08-31T21:44:26.712246Z,1,CSE-POWER-002-USR-01,workflow_events.csv#EV-CASE-DEMO-0562-1
EV-CASE-DEMO-0562-2,CSE-POWER-002,CASE-DEMO-0562,close,2026-09-01T10:51:53.424491Z,2,CSE-POWER-002-USR-01,workflow_events.csv#EV-CASE-DEMO-0562-2
EV-CASE-DEMO-0563-0,CSE-FINANCE-001,CASE-DEMO-0563,acknowledge,2026-07-02T13:45:00Z,0,CSE-FINANCE-001-USR-01,workflow_events.csv#EV-CASE-DEMO-0563-0
EV-CASE-DEMO-0563-1,CSE-FINANCE-001,CASE-DEMO-0563,investigate,2026-07-02T22:36:19.654410Z,1,CSE-FINANCE-001-USR-01,workflow_events.csv#EV-CASE-DEMO-0563-1
EV-CASE-DEMO-0563-2,CSE-FINANCE-001,CASE-DEMO-0563,close,2026-07-03T07:37:39.308820Z,2,CSE-FINANCE-001-USR-01,workflow_events.csv#EV-CASE-DEMO-0563-2
EV-CASE-DEMO-0564-0,CSE-TELECOM-001,CASE-DEMO-0564,acknowledge,2026-06-30T11:16:00Z,0,CSE-TELECOM-001-USR-01,workflow_events.csv#EV-CASE-DEMO-0564-0
EV-CASE-DEMO-0564-1,CSE-TELECOM-001,CASE-DEMO-0564,investigate,2026-06-30T17:15:45.533315Z,1,CSE-TELECOM-001-USR-01,workflow_events.csv#EV-CASE-DEMO-0564-1
EV-CASE-DEMO-0564-2,CSE-TELECOM-001,CASE-DEMO-0564,close,2026-06-30T23:25:31.066630Z,2,CSE-TELECOM-001-USR-01,workflow_events.csv#EV-CASE-DEMO-0564-2
EV-CASE-DEMO-0565-0,CSE-POWER-001,CASE-DEMO-0565,acknowledge,2026-08-10T23:50:00Z,0,CSE-POWER-001-USR-01,workflow_events.csv#EV-CASE-DEMO-0565-0
EV-CASE-DEMO-0565-1,CSE-POWER-001,CASE-DEMO-0565,investigate,2026-08-11T13:52:57.778790Z,1,CSE-POWER-001-USR-01,workflow_events.csv#EV-CASE-DEMO-0565-1
EV-CASE-DEMO-0565-2,CSE-POWER-001,CASE-DEMO-0565,close,2026-08-12T04:05:55.557579Z,2,CSE-POWER-001-USR-01,workflow_events.csv#EV-CASE-DEMO-0565-2
EV-CASE-DEMO-0566-0,CSE-FINANCE-002,CASE-DEMO-0566,acknowledge,2026-07-08T00:37:00Z,0,CSE-FINANCE-002-USR-01,workflow_events.csv#EV-CASE-DEMO-0566-0
EV-CASE-DEMO-0566-1,CSE-FINANCE-002,CASE-DEMO-0566,investigate,2026-07-08T05:55:05.222736Z,1,CSE-FINANCE-002-USR-01,workflow_events.csv#EV-CASE-DEMO-0566-1
EV-CASE-DEMO-0566-2,CSE-FINANCE-002,CASE-DEMO-0566,close,2026-07-08T11:23:10.445471Z,2,CSE-FINANCE-002-USR-01,workflow_events.csv#EV-CASE-DEMO-0566-2
EV-CASE-DEMO-0567-0,CSE-TELECOM-002,CASE-DEMO-0567,acknowledge,2026-06-28T04:28:00Z,0,CSE-TELECOM-002-USR-01,workflow_events.csv#EV-CASE-DEMO-0567-0
EV-CASE-DEMO-0567-1,CSE-TELECOM-002,CASE-DEMO-0567,investigate,2026-06-28T07:53:16.926501Z,1,CSE-TELECOM-002-USR-01,workflow_events.csv#EV-CASE-DEMO-0567-1
EV-CASE-DEMO-0567-2,CSE-TELECOM-002,CASE-DEMO-0567,close,2026-06-28T11:28:33.853002Z,2,CSE-TELECOM-002-USR-01,workflow_events.csv#EV-CASE-DEMO-0567-2
EV-CASE-DEMO-0568-0,CSE-POWER-002,CASE-DEMO-0568,acknowledge,2026-07-21T00:20:00Z,0,CSE-POWER-002-USR-01,workflow_events.csv#EV-CASE-DEMO-0568-0
EV-CASE-DEMO-0568-1,CSE-POWER-002,CASE-DEMO-0568,investigate,2026-07-21T11:35:19.987742Z,1,CSE-POWER-002-USR-01,workflow_events.csv#EV-CASE-DEMO-0568-1
EV-CASE-DEMO-0568-2,CSE-POWER-002,CASE-DEMO-0568,close,2026-07-21T23:00:39.975485Z,2,CSE-POWER-002-USR-01,workflow_events.csv#EV-CASE-DEMO-0568-2
EV-CASE-DEMO-0569-0,CSE-FINANCE-001,CASE-DEMO-0569,acknowledge,2026-08-17T18:31:00Z,0,CSE-FINANCE-001-USR-01,workflow_events.csv#EV-CASE-DEMO-0569-0
EV-CASE-DEMO-0569-1,CSE-FINANCE-001,CASE-DEMO-0569,investigate,2026-08-18T02:22:09.684450Z,1,CSE-FINANCE-001-USR-01,workflow_events.csv#EV-CASE-DEMO-0569-1
EV-CASE-DEMO-0569-2,CSE-FINANCE-001,CASE-DEMO-0569,close,2026-08-18T10:23:19.368899Z,2,CSE-FINANCE-001-USR-01,workflow_events.csv#EV-CASE-DEMO-0569-2
EV-CASE-DEMO-0570-0,CSE-TELECOM-001,CASE-DEMO-0570,acknowledge,2026-08-01T03:05:00Z,0,CSE-TELECOM-001-USR-01,workflow_events.csv#EV-CASE-DEMO-0570-0
EV-CASE-DEMO-0570-1,CSE-TELECOM-001,CASE-DEMO-0570,investigate,2026-08-01T14:35:03.288446Z,1,CSE-TELECOM-001-USR-01,workflow_events.csv#EV-CASE-DEMO-0570-1
EV-CASE-DEMO-0570-2,CSE-TELECOM-001,CASE-DEMO-0570,close,2026-08-02T02:15:06.576891Z,2,CSE-TELECOM-001-USR-01,workflow_events.csv#EV-CASE-DEMO-0570-2
EV-CASE-DEMO-0571-0,CSE-POWER-001,CASE-DEMO-0571,acknowledge,2026-06-19T08:08:00Z,0,CSE-POWER-001-USR-01,workflow_events.csv#EV-CASE-DEMO-0571-0
EV-CASE-DEMO-0571-1,CSE-POWER-001,CASE-DEMO-0571,investigate,2026-06-19T16:22:37.163525Z,1,CSE-POWER-001-USR-01,workflow_events.csv#EV-CASE-DEMO-0571-1
EV-CASE-DEMO-0571-2,CSE-POWER-001,CASE-DEMO-0571,close,2026-06-20T00:47:14.327050Z,2,CSE-POWER-001-USR-01,workflow_events.csv#EV-CASE-DEMO-0571-2
EV-CASE-DEMO-0572-0,CSE-FINANCE-002,CASE-DEMO-0572,acknowledge,2026-07-27T16:04:00Z,0,CSE-FINANCE-002-USR-01,workflow_events.csv#EV-CASE-DEMO-0572-0
EV-CASE-DEMO-0572-1,CSE-FINANCE-002,CASE-DEMO-0572,investigate,2026-07-27T20:00:01.087038Z,1,CSE-FINANCE-002-USR-01,workflow_events.csv#EV-CASE-DEMO-0572-1
EV-CASE-DEMO-0572-2,CSE-FINANCE-002,CASE-DEMO-0572,close,2026-07-28T00:06:02.174076Z,2,CSE-FINANCE-002-USR-01,workflow_events.csv#EV-CASE-DEMO-0572-2
EV-CASE-DEMO-0573-0,CSE-TELECOM-002,CASE-DEMO-0573,acknowledge,2026-06-07T00:59:00Z,0,CSE-TELECOM-002-USR-01,workflow_events.csv#EV-CASE-DEMO-0573-0
EV-CASE-DEMO-0573-1,CSE-TELECOM-002,CASE-DEMO-0573,investigate,2026-06-07T07:55:36.228301Z,1,CSE-TELECOM-002-USR-01,workflow_events.csv#EV-CASE-DEMO-0573-1
EV-CASE-DEMO-0573-2,CSE-TELECOM-002,CASE-DEMO-0573,close,2026-06-07T15:02:12.456603Z,2,CSE-TELECOM-002-USR-01,workflow_events.csv#EV-CASE-DEMO-0573-2
EV-CASE-DEMO-0574-0,CSE-POWER-002,CASE-DEMO-0574,acknowledge,2026-07-18T10:34:00Z,0,CSE-POWER-002-USR-01,workflow_events.csv#EV-CASE-DEMO-0574-0
EV-CASE-DEMO-0574-1,CSE-POWER-002,CASE-DEMO-0574,investigate,2026-07-18T15:36:45.932203Z,1,CSE-POWER-002-USR-01,workflow_events.csv#EV-CASE-DEMO-0574-1
EV-CASE-DEMO-0574-2,CSE-POWER-002,CASE-DEMO-0574,close,2026-07-18T20:49:31.864406Z,2,CSE-POWER-002-USR-01,workflow_events.csv#EV-CASE-DEMO-0574-2
EV-CASE-DEMO-0575-0,CSE-FINANCE-001,CASE-DEMO-0575,acknowledge,2026-06-25T09:42:00Z,0,CSE-FINANCE-001-USR-01,workflow_events.csv#EV-CASE-DEMO-0575-0
EV-CASE-DEMO-0575-1,CSE-FINANCE-001,CASE-DEMO-0575,investigate,2026-06-25T11:47:15.422579Z,1,CSE-FINANCE-001-USR-01,workflow_events.csv#EV-CASE-DEMO-0575-1
EV-CASE-DEMO-0575-2,CSE-FINANCE-001,CASE-DEMO-0575,close,2026-06-25T14:02:30.845158Z,2,CSE-FINANCE-001-USR-01,workflow_events.csv#EV-CASE-DEMO-0575-2
EV-CASE-DEMO-0576-0,CSE-TELECOM-001,CASE-DEMO-0576,acknowledge,2026-08-08T08:43:00Z,0,CSE-TELECOM-001-USR-01,workflow_events.csv#EV-CASE-DEMO-0576-0
EV-CASE-DEMO-0576-1,CSE-TELECOM-001,CASE-DEMO-0576,investigate,2026-08-08T14:52:26.811116Z,1,CSE-TELECOM-001-USR-01,workflow_events.csv#EV-CASE-DEMO-0576-1
EV-CASE-DEMO-0576-2,CSE-TELECOM-001,CASE-DEMO-0576,close,2026-08-08T21:11:53.622232Z,2,CSE-TELECOM-001-USR-01,workflow_events.csv#EV-CASE-DEMO-0576-2
EV-CASE-DEMO-0577-0,CSE-POWER-001,CASE-DEMO-0577,acknowledge,2026-06-08T20:40:00Z,0,CSE-POWER-001-USR-01,workflow_events.csv#EV-CASE-DEMO-0577-0
EV-CASE-DEMO-0577-1,CSE-POWER-001,CASE-DEMO-0577,investigate,2026-06-09T09:45:02.272510Z,1,CSE-POWER-001-USR-01,workflow_events.csv#EV-CASE-DEMO-0577-1
EV-CASE-DEMO-0577-2,CSE-POWER-001,CASE-DEMO-0577,close,2026-06-09T23:00:04.545019Z,2,CSE-POWER-001-USR-01,workflow_events.csv#EV-CASE-DEMO-0577-2
EV-CASE-DEMO-0578-0,CSE-FINANCE-002,CASE-DEMO-0578,acknowledge,2026-07-23T09:03:00Z,0,CSE-FINANCE-002-USR-01,workflow_events.csv#EV-CASE-DEMO-0578-0
EV-CASE-DEMO-0578-1,CSE-FINANCE-002,CASE-DEMO-0578,investigate,2026-07-23T18:23:32.097768Z,1,CSE-FINANCE-002-USR-01,workflow_events.csv#EV-CASE-DEMO-0578-1
EV-CASE-DEMO-0578-2,CSE-FINANCE-002,CASE-DEMO-0578,close,2026-07-24T03:54:04.195537Z,2,CSE-FINANCE-002-USR-01,workflow_events.csv#EV-CASE-DEMO-0578-2
EV-CASE-DEMO-0579-0,CSE-TELECOM-002,CASE-DEMO-0579,acknowledge,2026-08-24T02:35:00Z,0,CSE-TELECOM-002-USR-01,workflow_events.csv#EV-CASE-DEMO-0579-0
EV-CASE-DEMO-0579-1,CSE-TELECOM-002,CASE-DEMO-0579,investigate,2026-08-24T16:48:24.022857Z,1,CSE-TELECOM-002-USR-01,workflow_events.csv#EV-CASE-DEMO-0579-1
EV-CASE-DEMO-0579-2,CSE-TELECOM-002,CASE-DEMO-0579,close,2026-08-25T07:11:48.045713Z,2,CSE-TELECOM-002-USR-01,workflow_events.csv#EV-CASE-DEMO-0579-2
EV-CASE-DEMO-0580-0,CSE-POWER-002,CASE-DEMO-0580,acknowledge,2026-06-19T11:56:00Z,0,CSE-POWER-002-USR-01,workflow_events.csv#EV-CASE-DEMO-0580-0
EV-CASE-DEMO-0580-1,CSE-POWER-002,CASE-DEMO-0580,investigate,2026-06-19T20:14:31.893590Z,1,CSE-POWER-002-USR-01,workflow_events.csv#EV-CASE-DEMO-0580-1
EV-CASE-DEMO-0580-2,CSE-POWER-002,CASE-DEMO-0580,close,2026-06-20T04:43:03.787180Z,2,CSE-POWER-002-USR-01,workflow_events.csv#EV-CASE-DEMO-0580-2
EV-CASE-DEMO-0581-0,CSE-FINANCE-001,CASE-DEMO-0581,acknowledge,2026-08-28T11:31:00Z,0,CSE-FINANCE-001-USR-01,workflow_events.csv#EV-CASE-DEMO-0581-0
EV-CASE-DEMO-0581-1,CSE-FINANCE-001,CASE-DEMO-0581,investigate,2026-08-28T22:39:04.973675Z,1,CSE-FINANCE-001-USR-01,workflow_events.csv#EV-CASE-DEMO-0581-1
EV-CASE-DEMO-0581-2,CSE-FINANCE-001,CASE-DEMO-0581,close,2026-08-29T09:57:09.947349Z,2,CSE-FINANCE-001-USR-01,workflow_events.csv#EV-CASE-DEMO-0581-2
EV-CASE-DEMO-0582-0,CSE-TELECOM-001,CASE-DEMO-0582,acknowledge,2026-07-03T17:54:00Z,0,CSE-TELECOM-001-USR-01,workflow_events.csv#EV-CASE-DEMO-0582-0
EV-CASE-DEMO-0582-1,CSE-TELECOM-001,CASE-DEMO-0582,investigate,2026-07-03T21:14:51.212821Z,1,CSE-TELECOM-001-USR-01,workflow_events.csv#EV-CASE-DEMO-0582-1
EV-CASE-DEMO-0582-2,CSE-TELECOM-001,CASE-DEMO-0582,close,2026-07-04T00:45:42.425642Z,2,CSE-TELECOM-001-USR-01,workflow_events.csv#EV-CASE-DEMO-0582-2
EV-CASE-DEMO-0583-0,CSE-POWER-001,CASE-DEMO-0583,acknowledge,2026-07-18T07:03:00Z,0,CSE-POWER-001-USR-01,workflow_events.csv#EV-CASE-DEMO-0583-0
EV-CASE-DEMO-0583-1,CSE-POWER-001,CASE-DEMO-0583,investigate,2026-07-18T20:29:45.125109Z,1,CSE-POWER-001-USR-01,workflow_events.csv#EV-CASE-DEMO-0583-1
EV-CASE-DEMO-0583-2,CSE-POWER-001,CASE-DEMO-0583,close,2026-07-19T10:06:30.250218Z,2,CSE-POWER-001-USR-01,workflow_events.csv#EV-CASE-DEMO-0583-2
EV-CASE-DEMO-0584-0,CSE-FINANCE-002,CASE-DEMO-0584,acknowledge,2026-06-09T19:22:00Z,0,CSE-FINANCE-002-USR-01,workflow_events.csv#EV-CASE-DEMO-0584-0
EV-CASE-DEMO-0584-1,CSE-FINANCE-002,CASE-DEMO-0584,investigate,2026-06-10T05:02:48.827364Z,1,CSE-FINANCE-002-USR-01,workflow_events.csv#EV-CASE-DEMO-0584-1
EV-CASE-DEMO-0584-2,CSE-FINANCE-002,CASE-DEMO-0584,close,2026-06-10T14:53:37.654727Z,2,CSE-FINANCE-002-USR-01,workflow_events.csv#EV-CASE-DEMO-0584-2
EV-CASE-DEMO-0585-0,CSE-TELECOM-002,CASE-DEMO-0585,acknowledge,2026-07-14T12:16:00Z,0,CSE-TELECOM-002-USR-01,workflow_events.csv#EV-CASE-DEMO-0585-0
EV-CASE-DEMO-0585-1,CSE-TELECOM-002,CASE-DEMO-0585,investigate,2026-07-15T01:07:23.773171Z,1,CSE-TELECOM-002-USR-01,workflow_events.csv#EV-CASE-DEMO-0585-1
EV-CASE-DEMO-0585-2,CSE-TELECOM-002,CASE-DEMO-0585,close,2026-07-15T14:08:47.546342Z,2,CSE-TELECOM-002-USR-01,workflow_events.csv#EV-CASE-DEMO-0585-2
EV-CASE-DEMO-0586-0,CSE-POWER-002,CASE-DEMO-0586,acknowledge,2026-07-04T22:34:00Z,0,CSE-POWER-002-USR-01,workflow_events.csv#EV-CASE-DEMO-0586-0
EV-CASE-DEMO-0586-1,CSE-POWER-002,CASE-DEMO-0586,investigate,2026-07-05T07:58:10.038976Z,1,CSE-POWER-002-USR-01,workflow_events.csv#EV-CASE-DEMO-0586-1
EV-CASE-DEMO-0586-2,CSE-POWER-002,CASE-DEMO-0586,close,2026-07-05T17:32:20.077953Z,2,CSE-POWER-002-USR-01,workflow_events.csv#EV-CASE-DEMO-0586-2
EV-CASE-DEMO-0587-0,CSE-FINANCE-001,CASE-DEMO-0587,acknowledge,2026-07-12T19:14:00Z,0,CSE-FINANCE-001-USR-01,workflow_events.csv#EV-CASE-DEMO-0587-0
EV-CASE-DEMO-0587-1,CSE-FINANCE-001,CASE-DEMO-0587,investigate,2026-07-12T21:06:05.802213Z,1,CSE-FINANCE-001-USR-01,workflow_events.csv#EV-CASE-DEMO-0587-1
EV-CASE-DEMO-0587-2,CSE-FINANCE-001,CASE-DEMO-0587,close,2026-07-12T23:08:11.604425Z,2,CSE-FINANCE-001-USR-01,workflow_events.csv#EV-CASE-DEMO-0587-2
EV-CASE-DEMO-0588-0,CSE-TELECOM-001,CASE-DEMO-0588,acknowledge,2026-06-30T19:48:00Z,0,CSE-TELECOM-001-USR-01,workflow_events.csv#EV-CASE-DEMO-0588-0
EV-CASE-DEMO-0588-1,CSE-TELECOM-001,CASE-DEMO-0588,investigate,2026-07-01T05:03:24.822206Z,1,CSE-TELECOM-001-USR-01,workflow_events.csv#EV-CASE-DEMO-0588-1
EV-CASE-DEMO-0588-2,CSE-TELECOM-001,CASE-DEMO-0588,close,2026-07-01T14:28:49.644413Z,2,CSE-TELECOM-001-USR-01,workflow_events.csv#EV-CASE-DEMO-0588-2
EV-CASE-DEMO-0589-0,CSE-POWER-001,CASE-DEMO-0589,acknowledge,2026-08-22T00:59:00Z,0,CSE-POWER-001-USR-01,workflow_events.csv#EV-CASE-DEMO-0589-0
EV-CASE-DEMO-0589-1,CSE-POWER-001,CASE-DEMO-0589,investigate,2026-08-22T08:32:18.631594Z,1,CSE-POWER-001-USR-01,workflow_events.csv#EV-CASE-DEMO-0589-1
EV-CASE-DEMO-0589-2,CSE-POWER-001,CASE-DEMO-0589,close,2026-08-22T16:15:37.263188Z,2,CSE-POWER-001-USR-01,workflow_events.csv#EV-CASE-DEMO-0589-2
EV-CASE-DEMO-0590-0,CSE-FINANCE-002,CASE-DEMO-0590,acknowledge,2026-08-19T03:02:00Z,0,CSE-FINANCE-002-USR-01,workflow_events.csv#EV-CASE-DEMO-0590-0
EV-CASE-DEMO-0590-1,CSE-FINANCE-002,CASE-DEMO-0590,investigate,2026-08-19T06:58:25.791959Z,1,CSE-FINANCE-002-USR-01,workflow_events.csv#EV-CASE-DEMO-0590-1
EV-CASE-DEMO-0590-2,CSE-FINANCE-002,CASE-DEMO-0590,close,2026-08-19T11:04:51.583918Z,2,CSE-FINANCE-002-USR-01,workflow_events.csv#EV-CASE-DEMO-0590-2
EV-CASE-DEMO-0591-0,CSE-TELECOM-002,CASE-DEMO-0591,acknowledge,2026-08-04T21:04:00Z,0,CSE-TELECOM-002-USR-01,workflow_events.csv#EV-CASE-DEMO-0591-0
EV-CASE-DEMO-0591-1,CSE-TELECOM-002,CASE-DEMO-0591,investigate,2026-08-05T03:12:15.935213Z,1,CSE-TELECOM-002-USR-01,workflow_events.csv#EV-CASE-DEMO-0591-1
EV-CASE-DEMO-0591-2,CSE-TELECOM-002,CASE-DEMO-0591,close,2026-08-05T09:30:31.870426Z,2,CSE-TELECOM-002-USR-01,workflow_events.csv#EV-CASE-DEMO-0591-2
EV-CASE-DEMO-0592-0,CSE-POWER-002,CASE-DEMO-0592,acknowledge,2026-07-11T07:40:00Z,0,CSE-POWER-002-USR-01,workflow_events.csv#EV-CASE-DEMO-0592-0
EV-CASE-DEMO-0592-1,CSE-POWER-002,CASE-DEMO-0592,investigate,2026-07-11T18:10:02.520509Z,1,CSE-POWER-002-USR-01,workflow_events.csv#EV-CASE-DEMO-0592-1
EV-CASE-DEMO-0592-2,CSE-POWER-002,CASE-DEMO-0592,close,2026-07-12T04:50:05.041018Z,2,CSE-POWER-002-USR-01,workflow_events.csv#EV-CASE-DEMO-0592-2
EV-CASE-DEMO-0593-0,CSE-FINANCE-001,CASE-DEMO-0593,acknowledge,2026-08-16T22:14:00Z,0,CSE-FINANCE-001-USR-01,workflow_events.csv#EV-CASE-DEMO-0593-0
EV-CASE-DEMO-0593-1,CSE-FINANCE-001,CASE-DEMO-0593,investigate,2026-08-17T07:48:47.922766Z,1,CSE-FINANCE-001-USR-01,workflow_events.csv#EV-CASE-DEMO-0593-1
EV-CASE-DEMO-0593-2,CSE-FINANCE-001,CASE-DEMO-0593,close,2026-08-17T17:33:35.845533Z,2,CSE-FINANCE-001-USR-01,workflow_events.csv#EV-CASE-DEMO-0593-2
EV-CASE-DEMO-0594-0,CSE-TELECOM-001,CASE-DEMO-0594,acknowledge,2026-08-24T19:58:00Z,0,CSE-TELECOM-001-USR-01,workflow_events.csv#EV-CASE-DEMO-0594-0
EV-CASE-DEMO-0594-1,CSE-TELECOM-001,CASE-DEMO-0594,investigate,2026-08-25T07:40:36.095557Z,1,CSE-TELECOM-001-USR-01,workflow_events.csv#EV-CASE-DEMO-0594-1
EV-CASE-DEMO-0594-2,CSE-TELECOM-001,CASE-DEMO-0594,close,2026-08-25T19:33:12.191115Z,2,CSE-TELECOM-001-USR-01,workflow_events.csv#EV-CASE-DEMO-0594-2
EV-CASE-DEMO-0595-0,CSE-POWER-001,CASE-DEMO-0595,acknowledge,2026-08-21T06:21:00Z,0,CSE-POWER-001-USR-01,workflow_events.csv#EV-CASE-DEMO-0595-0
EV-CASE-DEMO-0595-1,CSE-POWER-001,CASE-DEMO-0595,investigate,2026-08-21T20:01:19.050948Z,1,CSE-POWER-001-USR-01,workflow_events.csv#EV-CASE-DEMO-0595-1
EV-CASE-DEMO-0595-2,CSE-POWER-001,CASE-DEMO-0595,close,2026-08-22T09:51:38.101895Z,2,CSE-POWER-001-USR-01,workflow_events.csv#EV-CASE-DEMO-0595-2
EV-CASE-DEMO-0596-0,CSE-FINANCE-002,CASE-DEMO-0596,acknowledge,2026-07-26T00:51:00Z,0,CSE-FINANCE-002-USR-01,workflow_events.csv#EV-CASE-DEMO-0596-0
EV-CASE-DEMO-0596-1,CSE-FINANCE-002,CASE-DEMO-0596,investigate,2026-07-26T12:01:38.184163Z,1,CSE-FINANCE-002-USR-01,workflow_events.csv#EV-CASE-DEMO-0596-1
EV-CASE-DEMO-0596-2,CSE-FINANCE-002,CASE-DEMO-0596,close,2026-07-26T23:22:16.368327Z,2,CSE-FINANCE-002-USR-01,workflow_events.csv#EV-CASE-DEMO-0596-2
EV-CASE-DEMO-0597-0,CSE-TELECOM-002,CASE-DEMO-0597,acknowledge,2026-08-26T03:19:00Z,0,CSE-TELECOM-002-USR-01,workflow_events.csv#EV-CASE-DEMO-0597-0
EV-CASE-DEMO-0597-1,CSE-TELECOM-002,CASE-DEMO-0597,investigate,2026-08-26T07:56:06.300700Z,1,CSE-TELECOM-002-USR-01,workflow_events.csv#EV-CASE-DEMO-0597-1
EV-CASE-DEMO-0597-2,CSE-TELECOM-002,CASE-DEMO-0597,close,2026-08-26T12:43:12.601399Z,2,CSE-TELECOM-002-USR-01,workflow_events.csv#EV-CASE-DEMO-0597-2
EV-CASE-DEMO-0598-0,CSE-POWER-002,CASE-DEMO-0598,acknowledge,2026-07-25T20:14:00Z,0,CSE-POWER-002-USR-01,workflow_events.csv#EV-CASE-DEMO-0598-0
EV-CASE-DEMO-0598-1,CSE-POWER-002,CASE-DEMO-0598,investigate,2026-07-26T07:16:10.592849Z,1,CSE-POWER-002-USR-01,workflow_events.csv#EV-CASE-DEMO-0598-1
EV-CASE-DEMO-0598-2,CSE-POWER-002,CASE-DEMO-0598,close,2026-07-26T18:28:21.185698Z,2,CSE-POWER-002-USR-01,workflow_events.csv#EV-CASE-DEMO-0598-2
EV-CASE-DEMO-0599-0,CSE-FINANCE-001,CASE-DEMO-0599,acknowledge,2026-08-11T04:25:00Z,0,CSE-FINANCE-001-USR-01,workflow_events.csv#EV-CASE-DEMO-0599-0
EV-CASE-DEMO-0599-1,CSE-FINANCE-001,CASE-DEMO-0599,investigate,2026-08-11T16:52:39.011397Z,1,CSE-FINANCE-001-USR-01,workflow_events.csv#EV-CASE-DEMO-0599-1
EV-CASE-DEMO-0599-2,CSE-FINANCE-001,CASE-DEMO-0599,close,2026-08-12T05:30:18.022795Z,2,CSE-FINANCE-001-USR-01,workflow_events.csv#EV-CASE-DEMO-0599-2
EV-CASE-DEMO-0600-0,CSE-TELECOM-001,CASE-DEMO-0600,acknowledge,2026-06-10T04:03:00Z,0,CSE-TELECOM-001-USR-01,workflow_events.csv#EV-CASE-DEMO-0600-0
EV-CASE-DEMO-0600-1,CSE-TELECOM-001,CASE-DEMO-0600,investigate,2026-06-10T07:40:51.287169Z,1,CSE-TELECOM-001-USR-01,workflow_events.csv#EV-CASE-DEMO-0600-1
EV-CASE-DEMO-0600-2,CSE-TELECOM-001,CASE-DEMO-0600,close,2026-06-10T11:28:42.574339Z,2,CSE-TELECOM-001-USR-01,workflow_events.csv#EV-CASE-DEMO-0600-2
